blkgrp,cbsa,blkgrps,population,households,land_acres,ht_ami,ht_80ami,ht_nmi,h_ami,h_80ami,h_nmi,t_ami,t_80ami,t_nmi,co2_per_hh_local,co2_per_acre_local,autos_per_hh_ami,autos_per_hh_80ami,autos_per_hh_nmi,vmt_per_hh_ami,vmt_per_hh_80ami,vmt_per_hh_nmi,pct_transit_commuters_ami,pct_transit_commuters_80ami,pct_transit_commuters_nmi,t_cost_ami,t_cost_80ami,t_cost_nmi,auto_ownership_cost_ami,auto_ownership_cost_80ami,auto_ownership_cost_nmi,vmt_cost_ami,vmt_cost_80ami,vmt_cost_nmi,transit_cost_ami,transit_cost_80ami,transit_cost_nmi,transit_trips_ami,transit_trips_80ami,transit_trips_nmi,compact_ndx,emp_ovrll_ndx,gross_hh_density,hh_gravity,frac_sfd,emp_gravity,emp_ndx,block_size,h_cost,median_smoc,median_gross_rent,pct_owner_occupied_hu,pct_renter_occupied_hu
"""490011001001""",,1.00,638.00,149.00,327243.14,55,69,58,28,35,30,28,34,29,11.10,0.01,2.58,3,2,32486,32289,31527,0,0,0,22235,21869,21435,15823,15495,15213,6406,6367,6217,6,6,5,6,6,5,0.0,0.7,0.00,193,100,533,43,1121,1850,1850,,100,0
"""490011001002""",,1.00,1456.00,513.00,7584.30,47,58,49,23,29,25,24,29,24,8.98,0.61,2.26,2,2,26753,26556,25794,0,0,0,19114,18748,18314,13832,13504,13221,5276,5237,5087,7,8,6,7,7,6,1.5,1.1,0.07,1184,92,1249,43,95,1563,1790,946,73,27
"""490011001003""",,1.00,1640.00,691.00,702.76,40,49,41,17,21,18,23,28,23,8.24,8.10,2.15,2,2,25509,25312,24551,0,0,0,18181,17815,17381,13143,12815,12532,5030,4991,4841,8,9,7,8,8,7,3.9,1.3,0.98,1194,94,1292,43,9,1150,1179,1033,80,20
"""490011002001""",,1.00,957.00,246.00,1316477.37,49,60,51,19,24,20,30,37,31,12.89,0.00,2.72,3,3,36507,36310,35548,0,0,0,23824,23458,23024,16623,16295,16012,7199,7160,7010,3,3,2,2,3,2,0.3,0.1,0.00,257,98,226,51,1950,1264,1301,,97,3
"""490011002002""",,1.00,837.00,242.00,724.74,42,52,43,17,22,19,24,30,25,10.54,3.52,2.22,2,2,29614,29417,28656,0,0,0,19451,19084,18651,13605,13277,12994,5840,5801,5651,6,6,6,6,6,5,3.3,0.4,0.33,268,95,174,43,14,1168,1200,912,89,11
"""490011002003""",,1.00,1574.00,449.00,322.62,43,54,45,15,19,16,28,34,29,13.13,18.28,2.47,2,2,36809,36612,35851,0,0,0,22400,22033,21600,15141,14813,14530,7259,7220,7070,0,0,0,0,0,0,5.3,0.0,1.39,465,92,740,73,3,1030,1086,906,69,31
"""490439641043""","""Heber, UT""",1.00,1549.00,351.00,1906.41,34,42,49,17,21,25,18,22,24,10.28,1.89,2.33,2,2,26832,26635,25102,0,0,0,20287,19904,17849,14985,14641,12892,5293,5254,4950,8,8,7,8,8,6,1.8,1.2,0.18,1129,80,1575,43,106,1592,1663,1438,69,31
"""490439642012""","""Heber, UT""",1.00,1160.00,329.00,2480.39,35,43,50,16,20,25,18,23,25,10.35,1.37,2.43,2,2,28117,27920,26387,0,0,0,21149,20767,18683,15595,15251,13474,5547,5508,5203,7,7,6,7,7,6,2.0,0.5,0.13,1112,83,2111,46,75,1560,1710,900,81,19
"""490439641042""","""Heber, UT""",1.00,556.00,164.00,25990.38,40,49,57,20,24,30,20,25,27,10.23,0.06,2.65,3,2,29873,29676,28143,0,0,0,22925,22542,20392,17032,16688,14843,5893,5854,5550,0,0,0,19,19,16,0.0,0.6,0.01,1124,100,1681,45,578,1871,1930,,97,3
"""490439642011""","""Heber, UT""",1.00,1051.00,354.00,19219.01,40,49,57,20,25,31,19,24,26,10.01,0.18,2.55,2,2,29978,29781,28249,0,0,0,22301,21918,19798,16380,16036,14221,5914,5875,5571,7,7,6,6,7,5,0.1,0.4,0.02,928,97,1109,46,447,1928,2160,1036,79,21
"""490439642013""","""Heber, UT""",1.00,2472.00,659.00,23441.23,41,50,59,22,27,33,19,23,26,10.43,0.29,2.53,2,2,28490,28293,26760,0,0,0,21887,21505,19390,16259,15915,14106,5620,5581,5277,8,8,6,7,8,6,0.2,0.8,0.03,1618,94,2275,45,355,2063,2179,1408,85,15
"""490439642021""","""Heber, UT""",1.00,1234.00,333.00,25168.10,36,45,52,17,21,26,19,23,26,10.14,0.13,2.51,2,2,28785,28588,27055,0,0,0,21776,21393,19286,16090,15745,13945,5679,5640,5335,8,8,6,7,8,6,0.5,0.8,0.01,979,75,1281,44,524,1641,1740,1142,83,17
"""490439642022""","""Heber, UT""",1.00,2053.00,545.00,29166.02,40,50,58,20,25,31,20,25,27,11.35,0.21,2.65,3,2,31173,30976,29443,0,0,0,23166,22783,20634,17010,16666,14822,6150,6111,5806,6,7,5,6,6,5,0.1,0.2,0.02,1315,96,1615,50,503,1918,1878,2318,91,9
"""490439642031""","""Heber, UT""",1.00,224.00,102.00,591817.16,33,41,48,13,16,20,20,25,28,10.02,0.00,2.65,3,2,31554,31357,29824,0,0,0,23249,22867,20716,17016,16672,14828,6225,6186,5881,9,9,7,8,8,7,0.1,0.7,0.00,213,96,477,43,2740,1250,1656,,75,25
"""490439643031""","""Heber, UT""",1.00,1338.00,444.00,6298.82,45,56,65,26,33,40,19,23,25,9.17,0.65,2.50,2,2,26788,26591,25058,0,0,0,21363,20980,18875,16078,15734,13934,5285,5246,4941,0,0,0,26,26,21,0.4,1.9,0.07,2682,90,4051,43,350,2502,2743,,91,9
"""490439643032""","""Heber, UT""",1.00,1376.00,370.00,1917.31,56,70,83,39,48,59,18,22,24,8.87,1.71,2.39,2,2,25414,25217,23684,0,0,0,20388,20005,17933,15374,15030,13263,5014,4975,4670,0,0,0,28,29,23,2.1,2.5,0.19,2740,78,4311,42,91,3695,3714,3501,91,9
"""490439643041""","""Heber, UT""",1.00,1557.00,470.00,1890.20,48,60,71,30,38,46,18,22,24,9.12,2.27,2.43,2,2,25791,25594,24061,0,0,0,20684,20301,18219,15596,15252,13474,5088,5049,4745,0,0,0,28,28,23,1.2,2.2,0.25,3416,94,4945,43,118,2899,2821,3501,89,11
"""490439643042""","""Heber, UT""",1.00,1851.00,691.00,893.51,50,62,73,33,41,50,17,21,22,7.87,6.08,2.27,2,2,24130,23933,22400,0,0,0,19324,18941,16907,14563,14219,12490,4760,4721,4417,0,0,0,33,33,27,3.5,2.5,0.77,3680,68,5131,43,39,3152,3334,2391,81,19
"""490439643043""","""Heber, UT""",1.00,1583.00,465.00,2677.71,47,59,69,30,37,46,17,21,23,9.70,1.68,2.35,2,2,24516,24319,22786,0,0,0,19953,19570,17510,15116,14772,13017,4836,4798,4493,0,0,0,31,32,26,1.2,3.7,0.17,3603,78,6229,41,243,2855,3163,1810,77,23
"""490439643044""","""Heber, UT""",1.00,1015.00,342.00,146.18,45,56,66,30,37,46,16,19,21,8.26,19.32,2.09,2,2,22766,22569,21036,1,1,1,17941,17558,15576,13449,13105,11428,4491,4452,4148,0,0,0,40,40,33,7.2,2.7,2.34,3451,33,5025,42,10,2855,2689,3501,80,20
"""490439643051""","""Heber, UT""",1.00,702.00,271.00,2838.77,35,43,50,19,24,30,15,19,20,7.56,0.72,2.07,2,2,22623,22426,20893,1,1,1,17742,17359,15386,13279,12935,11265,4463,4424,4120,0,0,0,45,47,38,4.3,4.0,0.10,3554,13,6593,41,203,1853,2094,1628,48,52
"""490439643052""","""Heber, UT""",1.00,1092.00,425.00,762.74,45,55,65,28,35,43,16,20,22,7.32,4.08,2.22,2,2,23070,22873,21340,0,1,0,18837,18454,16433,14286,13942,12225,4551,4512,4208,0,0,0,37,39,31,5.1,3.9,0.56,3628,43,7381,41,36,2694,2604,3450,89,11
"""490439643053""","""Heber, UT""",1.00,210.00,111.00,5559.71,51,63,75,35,43,53,16,20,22,6.44,0.13,2.18,2,2,23486,23289,21756,0,0,0,18639,18256,16248,14005,13661,11958,4633,4594,4290,0,0,0,37,38,31,4.5,4.2,0.02,2444,12,5294,40,179,3312,3953,1583,73,27
"""490439643061""","""Heber, UT""",1.00,1821.00,628.00,11305.18,51,64,75,33,41,50,19,23,25,9.52,0.53,2.51,2,2,27584,27387,25854,0,0,0,21535,21152,19047,16093,15749,13948,5442,5403,5098,0,0,0,24,25,20,1.2,1.0,0.06,2127,92,3094,45,122,3123,3169,2538,93,7
"""490439643062""","""Heber, UT""",1.00,1086.00,467.00,7120.10,46,57,66,28,35,43,17,21,23,7.78,0.51,2.34,2,2,25052,24855,23322,0,0,0,19997,19614,17558,15055,14711,12958,4942,4903,4599,0,0,0,29,30,25,2.3,2.8,0.07,2408,63,4050,42,134,2693,2887,1892,81,19
"""490439643071""","""Heber, UT""",1.00,950.00,368.00,342.29,48,59,70,31,39,47,17,20,22,7.34,7.89,2.27,2,2,23421,23224,21691,0,0,0,19213,18830,16795,14593,14249,12518,4620,4582,4277,0,0,0,33,34,28,4.9,3.3,1.08,3667,74,7210,42,12,2959,2978,2694,93,7
"""490439643072""","""Heber, UT""",1.00,2725.00,704.00,1236.15,48,60,70,30,38,46,18,22,24,9.11,5.19,2.38,2,2,25410,25213,23681,0,0,0,20322,19939,17870,15309,14965,13200,5013,4974,4670,0,0,0,28,29,23,1.7,2.9,0.57,2887,99,4888,42,54,2905,2834,3501,89,11
"""490439643073""","""Heber, UT""",1.00,1621.00,585.00,1739.58,55,69,81,39,48,59,16,20,22,7.80,2.62,2.22,2,2,23549,23352,21819,0,0,0,18880,18497,16479,14234,13890,12176,4646,4607,4303,0,0,0,37,38,31,4.3,3.1,0.34,3525,45,6749,42,56,3711,4001,2734,77,23
"""490439643081""","""Heber, UT""",1.00,790.00,200.00,3632.07,57,71,84,40,49,60,17,21,23,8.53,0.47,2.40,2,2,23729,23532,21999,1,1,1,20098,19715,17642,15417,15073,13304,4681,4642,4338,0,0,0,65,67,54,1.7,6.5,0.06,3131,78,5883,40,130,3781,4001,,95,6
"""490439643082""","""Heber, UT""",1.00,533.00,286.00,1020.31,44,55,64,27,34,42,17,20,22,,,2.28,2,2,22600,22403,20870,2,2,2,19091,18708,16672,14633,14289,12556,4458,4420,4116,0,0,0,138,141,114,2.2,6.6,0.28,3366,66,8248,40,128,2617,3158,490,80,20
"""490439643083""","""Heber, UT""",1.00,1972.00,662.00,685.23,53,66,78,37,46,57,16,20,22,7.57,7.31,2.24,2,2,21870,21673,20140,2,2,2,18681,18298,16274,14366,14022,12302,4314,4276,3972,0,0,0,133,136,109,3.2,7.1,0.97,3614,77,8592,39,34,3543,3551,3501,84,16
"""490439644011""","""Heber, UT""",1.00,919.00,456.00,3792.94,52,65,76,35,44,54,17,20,22,6.12,0.74,2.24,2,2,23108,22911,21378,1,1,1,18975,18592,16566,14417,14073,12350,4559,4520,4216,0,0,0,97,99,80,2.3,5.2,0.12,2696,56,5842,41,165,3390,4001,2250,65,35
"""490439644012""","""Heber, UT""",1.00,776.00,347.00,3964.28,46,57,68,30,38,46,16,20,21,7.11,0.62,2.17,2,2,22526,22329,20796,1,1,1,18407,18024,16019,13963,13619,11918,4444,4405,4101,0,0,0,71,74,59,3.7,3.0,0.09,2494,37,9021,42,104,2896,3964,1461,57,43
"""490439644021""","""Heber, UT""",1.00,170.00,93.00,2203.77,,,,,,,17,21,23,,,2.30,2,2,23622,23425,21892,1,1,1,19443,19060,17017,14783,14439,12700,4660,4621,4317,0,0,0,77,78,63,5.7,2.5,0.04,2063,22,9483,43,51,,,,100,0
"""490439644022""","""Heber, UT""",1.00,929.00,259.00,897.79,44,55,65,29,37,45,15,18,20,7.44,2.15,2.06,2,2,21036,20839,19306,1,1,1,17358,16975,15005,13208,12864,11198,4150,4111,3807,0,0,0,106,109,88,5.8,4.4,0.29,3086,27,8978,40,41,2797,3516,1791,58,42
"""490439644023""","""Heber, UT""",1.00,533.00,175.00,2782.77,43,53,63,26,32,40,17,21,23,8.57,0.54,2.33,2,2,24008,23811,22278,1,1,1,19687,19304,17252,14951,14607,12859,4736,4697,4393,0,0,0,54,54,44,3.3,2.9,0.06,2080,50,4510,41,90,2488,2738,,91,9
"""490439644024""","""Heber, UT""",1.00,2412.00,596.00,226.52,37,46,54,23,28,35,15,18,19,8.96,23.57,2.00,2,2,20333,20136,18603,3,3,3,16883,16500,14546,12871,12527,10877,4011,3972,3669,0,0,0,207,212,171,6.7,6.4,2.63,3622,36,9096,40,13,2164,2384,1815,61,39
"""490439641011""","""Heber, UT""",1.00,1356.00,379.00,194321.93,36,44,51,16,21,25,19,24,26,10.97,0.02,2.54,2,2,30223,30026,28493,0,0,0,22307,21925,19806,16338,15994,14182,5962,5923,5619,7,7,6,6,6,5,0.1,0.2,0.00,763,71,1165,48,1580,1574,1885,1095,61,39
"""490439641012""","""Heber, UT""",1.00,880.00,299.00,28779.20,32,39,45,13,16,20,19,23,26,9.52,0.10,2.52,2,2,28218,28021,26488,0,0,0,21787,21404,19292,16212,15868,14062,5567,5528,5223,8,8,6,7,8,6,0.1,1.4,0.01,1245,92,1596,43,496,1235,1330,764,83,17
"""490439641031""","""Heber, UT""",1.00,1493.00,555.00,20782.05,39,48,56,20,25,30,19,23,26,8.65,0.23,2.55,3,2,27804,27607,26074,0,0,0,21886,21503,19384,16401,16057,14242,5485,5446,5142,0,0,0,24,24,20,0.6,1.5,0.03,1715,98,3834,44,184,1900,1971,,96,4
"""490439641032""","""Heber, UT""",1.00,35.00,20.00,6292.84,,,,,,,19,24,26,,,2.56,3,2,28492,28295,26762,0,0,0,22045,21663,19540,16416,16072,14256,5621,5582,5277,8,9,7,8,8,7,1.0,1.2,0.00,936,50,1557,43,899,,,,100,0
"""490439641041""","""Heber, UT""",1.00,500.00,150.00,163870.57,,,,,,,20,25,28,11.09,0.01,2.66,3,2,31943,31746,30214,0,0,0,23380,22997,20844,17073,16728,14882,6302,6263,5958,6,6,5,5,5,4,0.0,0.2,0.00,564,100,839,48,1862,,,,69,31
"""490451306001""","""Salt Lake City, UT""",1.00,394.00,186.00,894580.54,35,42,39,13,17,16,22,26,24,9.28,0.00,2.18,2,2,28005,27808,26722,0,0,0,19531,18507,17730,13999,13016,12455,5525,5484,5269,7,7,6,6,7,5,2.4,0.4,0.00,193,18,494,45,3651,996,,1035,4,96
"""490451307071""","""Salt Lake City, UT""",1.00,875.00,350.00,442533.80,51,62,58,26,32,31,25,29,27,9.70,0.01,2.56,3,2,29947,29750,28664,0,0,0,22332,21194,20419,16420,15324,14763,5908,5867,5652,4,4,3,9,9,8,0.1,0.6,0.00,855,91,828,45,1046,1951,2086,1060,87,13
"""490459800001""","""Salt Lake City, UT""",1.00,0.00,0.00,80438.04,,,,,,,,,,,,,,,,,,,,,,,,,,,,,,,,,,,,,,0.00,,,,,,,,,,
"""490451306002""","""Salt Lake City, UT""",1.00,1499.00,493.00,2768167.49,36,43,41,14,17,16,22,26,24,9.46,0.00,2.28,2,2,27476,27279,26193,0,0,0,20075,19020,18244,14646,13633,13072,5420,5379,5165,8,8,6,8,8,6,2.0,0.8,0.00,501,32,553,43,4220,1020,1898,578,33,67
"""490451307011""","""Salt Lake City, UT""",1.00,840.00,244.00,16084.82,59,72,68,35,44,42,23,28,25,9.32,0.14,2.46,2,2,26179,25982,24895,0,0,0,20969,19861,19084,15794,14727,14167,5164,5123,4909,10,10,8,9,10,8,0.2,1.5,0.02,2760,85,4092,44,596,2659,2923,,91,9
"""490451307012""","""Salt Lake City, UT""",1.00,938.00,283.00,20669.23,44,54,51,20,25,24,24,29,26,10.15,0.14,2.53,2,2,27641,27444,26358,0,0,0,21721,20591,19815,16264,15175,14614,5453,5412,5198,4,4,3,9,10,8,0.0,1.4,0.01,3054,100,3374,44,738,1531,1587,,96,4
"""490451307013""","""Salt Lake City, UT""",1.00,2579.00,682.00,8306.91,47,57,54,24,31,29,23,27,25,9.64,0.79,2.39,2,2,26122,25925,24839,0,0,0,20496,19410,18633,15335,14289,13728,5153,5112,4898,8,9,7,8,8,6,0.9,0.6,0.08,2916,85,3793,46,219,1838,2158,,85,15
"""490451307041""","""Salt Lake City, UT""",1.00,3327.00,737.00,422.58,50,61,58,28,35,34,22,26,24,10.30,17.96,2.30,2,2,25824,25627,24541,0,0,0,19906,18845,18067,14800,13780,13219,5094,5054,4839,11,12,9,10,11,8,3.2,0.9,1.74,4593,100,3607,45,12,2106,2132,,99,1
"""490451307042""","""Salt Lake City, UT""",1.00,3291.00,1006.00,444.37,44,53,50,22,27,26,22,26,24,9.27,20.98,2.28,2,2,25044,24847,23761,1,1,1,19619,18565,17786,14660,13646,13085,4941,4900,4686,19,19,15,18,18,14,2.9,0.9,2.26,4678,92,3721,45,22,1649,1721,,96,4
"""490451307051""","""Salt Lake City, UT""",1.00,1328.00,382.00,200.04,42,51,48,21,27,26,21,25,23,9.07,17.33,2.17,2,2,24718,24521,23434,0,0,0,18800,17780,17003,13912,12933,12373,4876,4835,4621,12,12,10,11,11,9,3.2,1.1,1.91,4511,100,3846,45,13,1613,1503,1840,67,33
"""490451307052""","""Salt Lake City, UT""",1.00,1920.00,403.00,3665.20,51,62,59,28,35,34,23,27,25,10.32,1.13,2.42,2,2,27015,26818,25732,0,0,0,20857,19762,18985,15518,14464,13903,5329,5288,5074,10,10,8,9,9,7,0.7,1.1,0.11,3442,92,3283,45,204,2099,2274,,92,8
"""490451307053""","""Salt Lake City, UT""",1.00,2961.00,833.00,342.08,46,56,53,25,31,29,21,25,23,9.38,22.83,2.25,2,2,24679,24482,23396,1,1,0,19312,18268,17490,14430,13426,12866,4869,4828,4614,14,14,11,13,13,10,3.0,1.2,2.44,4661,100,3844,45,16,1844,2079,,89,11
"""490451307061""","""Salt Lake City, UT""",1.00,2166.00,570.00,321.90,42,51,48,21,27,25,20,24,22,8.41,14.89,2.19,2,2,22075,21878,20791,1,1,1,18432,17406,16627,14059,13073,12512,4355,4314,4100,18,19,15,17,18,14,4.4,3.3,1.77,6239,92,6576,42,8,1595,1690,,94,6
"""490451307062""","""Salt Lake City, UT""",1.00,2829.00,877.00,6189.86,45,55,52,22,28,27,23,27,25,9.84,1.39,2.41,2,2,26847,26650,25564,0,0,0,20790,19697,18920,15484,14432,13871,5296,5255,5041,10,10,8,9,9,7,1.2,1.7,0.14,2597,93,2691,43,124,1682,1682,,100,0
"""490451307063""","""Salt Lake City, UT""",1.00,987.00,272.00,6230.30,49,60,56,27,33,32,22,26,24,8.71,0.38,2.38,2,2,24891,24694,23608,0,0,0,20191,19108,18330,15269,14226,13666,4910,4870,4655,11,12,9,11,11,9,0.6,3.0,0.04,2871,90,5007,42,260,1996,2262,,88,12
"""490451307072""","""Salt Lake City, UT""",1.00,3376.00,932.00,45060.93,52,64,60,28,35,33,24,29,27,10.30,0.21,2.53,2,2,28688,28491,27404,0,0,0,21894,20765,19989,16230,15143,14582,5659,5618,5404,4,4,3,10,11,8,0.2,0.6,0.02,2667,92,2135,46,474,2097,2120,692,98,2
"""490451307081""","""Salt Lake City, UT""",1.00,2655.00,657.00,1934.78,49,60,57,27,33,32,23,27,25,10.31,3.50,2.39,2,2,27094,26897,25811,0,0,0,20694,19608,18831,15340,14294,13734,5345,5304,5090,9,9,7,9,9,7,1.7,1.2,0.34,2453,100,2114,44,52,1994,1994,,100,0
"""490451307082""","""Salt Lake City, UT""",1.00,1093.00,230.00,101011.53,47,58,54,23,29,28,25,29,27,11.25,0.03,2.55,2,2,29272,29075,27989,0,0,0,22159,21024,20247,16377,15283,14722,5775,5734,5519,7,7,6,6,7,5,0.0,0.8,0.00,1007,100,2444,45,1295,1725,2122,,81,19
"""490451307083""","""Salt Lake City, UT""",1.00,3198.00,1027.00,34097.87,43,53,50,21,26,25,22,26,24,9.01,0.27,2.34,2,2,25768,25571,24484,0,0,0,20089,19019,18242,14996,13966,13406,5083,5042,4828,10,10,8,9,9,7,1.4,1.4,0.03,1974,60,2517,43,359,1584,1664,1169,84,16
"""490451308001""","""Salt Lake City, UT""",1.00,1272.00,316.00,1299.33,44,54,50,23,28,27,21,25,23,,,2.21,2,2,25838,25641,24555,0,0,0,19270,18239,17461,14163,13172,12611,5097,5056,4842,10,10,8,9,9,7,2.8,0.9,0.24,1964,57,2261,45,108,1704,2107,884,67,33
"""490451308002""","""Salt Lake City, UT""",1.00,2801.00,809.00,2753.49,41,50,47,19,24,23,22,26,24,9.12,2.68,2.26,2,2,26202,26005,24919,0,0,0,19708,18659,17883,14530,13522,12961,5169,5128,4914,9,9,7,9,9,7,2.4,0.9,0.29,2103,81,2045,45,59,1450,1578,1051,76,24
"""490451308003""","""Salt Lake City, UT""",1.00,860.00,271.00,1142.06,44,54,51,22,28,27,22,26,24,9.27,2.20,2.28,2,2,26179,25982,24896,0,0,0,19793,18740,17963,14618,13606,13045,5165,5124,4909,10,10,8,9,10,8,2.5,1.0,0.24,2517,75,2169,44,71,1673,2042,,82,18
"""490451308004""","""Salt Lake City, UT""",1.00,1888.00,495.00,1285.27,40,49,46,19,23,22,22,26,24,8.66,3.34,2.26,2,2,26272,26075,24989,0,0,0,19683,18636,17859,14491,13485,12924,5183,5142,4928,9,9,7,8,9,7,2.3,0.9,0.39,1855,80,2032,45,71,1392,1546,955,74,26
"""490451309001""","""Salt Lake City, UT""",1.00,1703.00,564.00,384.59,37,45,42,17,21,20,20,23,22,7.14,10.47,2.11,2,2,22010,21813,20727,1,1,1,17942,16939,16159,13577,12614,12053,4342,4301,4087,23,23,19,21,22,17,4.5,2.5,1.47,6543,69,5875,43,20,1272,1342,1042,77,23
"""490451309002""","""Salt Lake City, UT""",1.00,807.00,301.00,155.43,32,39,37,16,20,19,16,19,18,5.96,11.55,1.72,2,2,18844,18647,17560,1,1,1,14830,13945,13161,11073,10227,9666,3717,3677,3463,39,41,32,37,38,30,8.2,2.8,1.94,8587,12,7556,43,7,1200,1196,1201,26,74
"""490451309003""","""Salt Lake City, UT""",1.00,3233.00,1044.00,469.34,39,48,45,21,26,25,19,22,20,7.38,16.42,2.01,2,2,20708,20511,19424,1,1,1,17003,16032,15251,12890,11958,11398,4085,4045,3830,28,29,23,27,27,22,6.1,3.3,2.22,7051,51,6905,42,13,1549,1721,1133,71,29
"""490451310011""","""Salt Lake City, UT""",1.00,1393.00,424.00,113.56,42,51,48,21,26,25,21,25,23,8.46,31.57,2.21,2,2,23106,22909,21823,1,1,1,18743,17712,16934,14171,13179,12619,4558,4518,4303,14,15,12,13,14,11,3.9,2.8,3.73,6979,100,6113,42,8,1588,1662,,96,4
"""490451310012""","""Salt Lake City, UT""",1.00,1656.00,522.00,635.31,41,49,46,21,26,25,20,23,21,7.71,6.33,2.11,2,2,21677,21480,20393,1,1,1,17875,16872,16092,13576,12613,12052,4276,4236,4021,22,23,18,21,22,17,4.1,3.2,0.82,7199,68,6656,42,28,1559,1587,1472,76,24
"""490451310031""","""Salt Lake City, UT""",1.00,3124.00,1308.00,345.08,33,39,37,14,17,16,19,22,21,6.43,24.35,2.03,2,2,20826,20629,19543,1,1,1,17165,16188,15407,13028,12090,11529,4108,4068,3854,29,30,24,27,28,22,5.4,2.7,3.79,8814,83,6918,43,6,1025,1012,1052,66,34
"""490451310032""","""Salt Lake City, UT""",1.00,1225.00,319.00,210.92,41,50,47,21,26,25,20,23,21,9.27,14.01,2.09,2,2,22252,22055,20968,1,1,1,17826,16830,16052,13421,12465,11905,4390,4349,4135,15,15,12,14,15,12,5.1,2.3,1.51,7639,78,5908,43,9,1594,1576,1641,72,28
"""490451310041""","""Salt Lake City, UT""",1.00,2609.00,745.00,236.07,40,48,45,19,23,22,21,25,23,8.47,26.73,2.23,2,2,23169,22972,21885,1,1,1,18886,17849,17070,14301,13304,12743,4571,4530,4316,15,15,12,14,14,11,4.0,2.6,3.16,7848,97,6209,43,9,1401,1414,,99,1
"""490451310051""","""Salt Lake City, UT""",1.00,2331.00,634.00,358.81,35,42,40,16,20,19,19,22,20,7.26,12.84,2.03,2,2,20718,20521,19435,1,1,1,17146,16169,15388,13031,12093,11533,4087,4047,3832,28,29,23,26,27,21,5.1,3.0,1.77,8885,71,7407,43,12,1195,1249,1101,64,36
"""490451311011""","""Salt Lake City, UT""",1.00,2989.00,858.00,556.54,40,49,46,19,24,23,21,24,23,8.92,13.76,2.17,2,2,24021,23824,22738,0,0,0,18712,17690,16913,13961,12979,12419,4739,4698,4484,13,13,10,12,12,10,4.5,1.4,1.54,5177,80,3850,44,12,1449,1510,1146,83,17
"""490451311012""","""Salt Lake City, UT""",1.00,1740.00,573.00,695.11,43,52,49,21,27,26,21,25,23,8.57,7.06,2.27,2,2,24093,23896,22810,0,0,0,19319,18269,17492,14553,13544,12983,4753,4712,4498,13,13,11,12,12,10,3.4,1.9,0.82,6459,81,4928,44,26,1616,1662,,97,3
"""490451311021""","""Salt Lake City, UT""",1.00,2280.00,885.00,409.12,38,46,43,18,22,22,20,23,21,7.15,15.47,2.11,2,2,21923,21726,20640,1,1,1,17920,16918,16137,13568,12605,12044,4325,4284,4070,27,28,22,26,26,21,4.3,2.2,2.16,8313,81,6410,44,14,1348,1805,,75,25
"""490451311022""","""Salt Lake City, UT""",1.00,2379.00,636.00,284.62,38,46,44,18,22,21,21,24,22,9.18,20.51,2.19,2,2,22998,22801,21715,1,1,1,18597,17572,16792,14038,13053,12492,4537,4496,4282,22,23,18,21,21,17,3.8,2.0,2.23,6386,88,4890,43,14,1330,1516,,88,12
"""490451312001""","""Salt Lake City, UT""",1.00,1492.00,508.00,249.85,44,53,50,23,29,27,21,25,23,8.30,16.88,2.21,2,2,23505,23308,22221,1,1,0,18871,17837,17060,14220,13227,12666,4637,4596,4382,14,14,11,13,13,11,4.5,1.9,2.03,6596,77,5070,44,14,1718,1781,,96,4
"""490451312002""","""Salt Lake City, UT""",1.00,1206.00,454.00,135.47,35,43,40,16,20,19,19,23,21,6.65,22.30,2.07,2,2,21456,21259,20173,1,1,1,17538,16549,15769,13280,12331,11770,4233,4192,3978,25,26,21,24,24,19,4.8,2.4,3.35,7982,92,6217,43,6,1200,1333,900,69,31
"""490451312003""","""Salt Lake City, UT""",1.00,788.00,294.00,419.07,40,48,45,19,23,22,21,25,23,7.52,5.27,2.26,2,2,23211,23014,21928,1,1,1,19080,18035,17256,14482,13477,12916,4579,4538,4324,19,20,16,18,18,15,3.5,2.2,0.70,6508,97,5230,43,12,1409,1469,,96,4
"""490479682012""","""Vernal, UT""",1.00,2073.00,623.00,4151.42,55,68,49,27,34,25,28,34,24,8.93,1.34,2.25,2,2,25542,25345,24705,0,0,0,18815,18448,18259,13769,13441,13380,5037,4998,4872,9,9,8,8,9,7,1.2,3.6,0.15,1363,85,1640,39,166,1556,1671,,93,7
"""490479684032""","""Vernal, UT""",1.00,1963.00,661.00,338.29,40,49,35,17,22,16,22,27,19,6.64,12.97,1.82,2,2,19946,19749,19108,1,1,1,15111,14745,14555,11165,10837,10775,3933,3894,3768,13,14,12,13,13,11,6.2,3.6,1.95,3295,59,4758,41,8,988,1439,755,34,66
"""490479682021""","""Vernal, UT""",1.00,1784.00,539.00,1967.46,50,61,44,21,26,19,29,35,25,9.72,2.66,2.29,2,2,27219,27022,26381,0,0,0,19412,19046,18857,14037,13709,13648,5368,5329,5202,8,8,7,7,8,7,1.2,1.7,0.27,1164,95,906,41,109,1196,1219,,98,2
"""490479402011""","""Vernal, UT""",1.00,412.00,139.00,1674166.66,,,,,,,32,39,28,10.61,0.00,2.51,2,2,32564,32367,31726,0,0,0,21787,21420,21232,15360,15032,14971,6421,6383,6256,5,5,4,5,5,4,2.5,0.2,0.00,150,82,293,47,3796,,,,68,32
"""490479402012""","""Vernal, UT""",1.00,998.00,305.00,25717.04,41,50,36,14,17,12,27,33,24,8.50,0.10,2.15,2,2,25735,25538,24897,0,0,0,18269,17903,17714,13186,12858,12797,5075,5036,4910,8,8,7,7,8,7,1.1,4.4,0.01,422,56,775,37,547,781,1119,,70,30
"""490479402013""","""Vernal, UT""",1.00,763.00,308.00,20261.11,43,53,38,14,17,13,29,36,26,8.90,0.14,2.28,2,2,29335,29138,28498,0,0,0,19729,19363,19174,13938,13610,13549,5785,5746,5620,6,7,6,6,6,5,1.3,0.4,0.02,479,53,357,44,533,790,829,630,80,20
"""490479402014""","""Vernal, UT""",1.00,1248.00,384.00,111427.47,65,80,58,31,39,28,33,41,29,11.76,0.04,2.55,2,2,35016,34819,34178,0,0,0,22540,22173,21985,15630,15302,15241,6905,6866,6740,4,4,4,4,4,4,0.1,0.0,0.00,424,88,173,54,807,1777,1929,869,86,14
"""490479402015""","""Vernal, UT""",1.00,1983.00,573.00,14480.46,54,67,48,25,31,22,29,36,25,9.81,0.39,2.32,2,2,27809,27612,26971,0,0,0,19685,19318,19129,14194,13866,13804,5484,5445,5319,7,7,6,7,7,6,0.5,1.1,0.04,940,78,1038,43,426,1407,1482,919,87,13
"""490479682011""","""Vernal, UT""",1.00,1147.00,366.00,8780.86,51,64,46,23,29,21,28,35,25,9.66,0.40,2.25,2,2,28315,28118,27478,0,0,0,19365,18999,18810,13775,13447,13386,5584,5545,5419,7,7,6,6,7,5,1.1,0.4,0.04,698,74,703,45,283,1298,1625,628,67,33
"""490479682013""","""Vernal, UT""",1.00,1830.00,628.00,571347.08,60,74,53,23,29,21,37,45,33,13.55,0.01,2.82,3,3,39276,39079,38438,0,0,0,24995,24628,24440,17247,16919,16858,7745,7706,7580,3,3,2,3,3,2,0.0,0.0,0.00,675,94,558,66,1623,1314,1396,,94,6
"""490479682022""","""Vernal, UT""",1.00,2228.00,599.00,60424.49,52,65,47,22,28,20,30,37,27,10.20,0.10,2.38,2,2,29959,29762,29121,0,0,0,20484,20117,19929,14569,14241,14180,5908,5869,5743,7,7,6,7,7,6,0.0,0.4,0.01,747,81,310,44,1373,1259,1558,,81,19
"""490479683011""","""Vernal, UT""",1.00,2715.00,672.00,61088.35,61,76,55,30,37,27,32,39,28,11.58,0.13,2.47,2,2,32051,31854,31213,0,0,0,21423,21056,20867,15096,14768,14706,6320,6281,6155,7,7,6,6,7,6,0.0,0.4,0.01,770,91,252,44,898,1677,1677,,100,0
"""490479683012""","""Vernal, UT""",1.00,1740.00,501.00,487.53,46,57,41,22,27,19,24,30,21,7.88,8.10,2.00,2,2,21650,21453,20812,0,0,0,16507,16141,15951,12227,11899,11838,4269,4230,4104,11,11,10,10,11,9,4.3,3.4,1.03,3127,85,4291,41,11,1219,1527,718,62,38
"""490479683013""","""Vernal, UT""",1.00,1970.00,746.00,1105.45,47,58,42,22,28,20,24,30,21,7.77,5.24,1.98,2,2,22673,22476,21836,0,0,0,16632,16266,16076,12150,11822,11761,4471,4432,4306,11,11,10,10,11,9,4.7,2.5,0.67,2332,48,2745,42,38,1263,1570,734,63,37
"""490479683021""","""Vernal, UT""",1.00,1667.00,496.00,300575.32,63,78,57,30,37,27,34,42,30,12.37,0.02,2.63,3,3,34688,34491,33850,0,0,0,22947,22580,22392,16102,15774,15712,6840,6802,6675,5,5,4,5,5,4,0.0,0.1,0.00,552,98,414,50,2073,1674,1712,,98,2
"""490479683022""","""Vernal, UT""",1.00,1428.00,545.00,2012.23,51,63,45,23,29,21,27,34,24,8.43,2.28,2.21,2,2,26049,25852,25211,0,0,0,18664,18297,18108,13518,13190,13129,5137,5098,4972,9,9,8,8,8,7,1.7,1.2,0.27,1658,76,1441,43,134,1325,1363,1161,81,19
"""490479683023""","""Vernal, UT""",1.00,1427.00,453.00,1632.46,59,73,53,30,38,27,29,35,25,9.70,2.69,2.31,2,2,27927,27730,27090,0,0,0,19666,19300,19111,14152,13824,13762,5507,5468,5342,7,8,6,7,7,6,1.4,0.6,0.28,1307,90,932,44,102,1702,1776,,96,4
"""490479684011""","""Vernal, UT""",1.00,1955.00,704.00,1112.66,43,53,38,19,24,17,24,29,21,7.48,4.73,1.97,2,2,21894,21697,21057,0,0,0,16368,16002,15812,12039,11711,11650,4317,4279,4152,11,12,10,11,11,9,5.4,3.5,0.63,2461,36,4199,41,37,1070,1184,800,70,30
"""490479684012""","""Vernal, UT""",1.00,1548.00,408.00,550.16,40,50,36,17,22,16,23,28,20,6.81,5.05,1.89,2,2,20767,20570,19930,0,0,0,15679,15312,15123,11572,11244,11182,4095,4056,3930,12,12,10,11,11,10,5.8,3.3,0.74,3026,54,4550,41,14,981,1261,747,46,54
"""490479684013""","""Vernal, UT""",1.00,442.00,215.00,194.56,39,48,35,16,19,14,23,29,21,6.29,6.96,1.94,2,2,20841,20644,20003,0,0,0,15971,15605,15415,11850,11522,11461,4110,4071,3945,12,12,10,11,11,10,5.5,3.6,1.11,3290,75,5020,41,7,882,1026,704,55,45
"""490479684031""","""Vernal, UT""",1.00,1748.00,641.00,4299.22,52,64,46,25,31,22,27,33,23,8.41,1.25,2.16,2,2,25047,24850,24209,0,0,0,18154,17787,17598,13206,12878,12817,4939,4900,4774,8,9,7,8,8,7,1.6,2.0,0.15,1385,80,1847,42,139,1405,1448,1320,67,33
"""490479684041""","""Vernal, UT""",1.00,1175.00,531.00,330.91,34,42,30,13,16,12,21,25,18,6.03,9.68,1.67,2,2,19679,19482,18841,1,1,1,14114,13748,13558,10217,9889,9828,3881,3842,3715,16,17,14,15,16,13,7.3,3.4,1.60,3101,8,5057,41,25,735,,862,15,85
"""490479684042""","""Vernal, UT""",1.00,1707.00,510.00,2271.57,50,62,44,24,30,22,26,31,22,8.38,1.88,2.10,2,2,23197,23000,22360,0,0,0,17454,17087,16898,12870,12542,12481,4574,4536,4409,9,10,8,9,9,8,2.7,2.9,0.22,2293,71,3243,41,69,1371,1505,1067,69,31
"""490039602003""","""Ogden-Clearfield, UT""",1.00,1988.00,573.00,1487.48,40,48,46,19,23,23,21,25,23,8.68,3.34,2.26,2,2,24807,24610,23173,0,0,0,19393,18347,17280,14489,13483,12702,4894,4853,4570,11,11,8,10,10,8,2.8,2.3,0.39,2944,82,2729,42,41,1411,1527,962,79,21
"""490039602005""","""Ogden-Clearfield, UT""",1.00,842.00,245.00,2657.07,44,54,51,21,26,25,23,28,25,9.68,0.89,2.42,2,2,29087,28890,27454,0,0,0,21289,20193,19127,15545,14490,13709,5738,5697,5414,6,6,5,6,6,4,1.3,0.4,0.09,1082,98,1179,46,83,1590,1714,1040,82,18
"""490039603023""","""Ogden-Clearfield, UT""",1.00,968.00,431.00,1290.36,28,34,32,8,10,10,20,24,22,7.68,2.56,2.10,2,2,24373,24176,22739,0,0,0,18314,17314,16247,13495,12536,11755,4808,4767,4484,10,11,8,10,10,8,3.6,1.4,0.33,2052,47,2848,44,86,628,,1096,43,57
"""490039602006""","""Ogden-Clearfield, UT""",1.00,786.00,339.00,950.98,33,40,37,13,16,16,20,24,22,7.35,2.62,2.11,2,2,24770,24573,23137,0,0,0,18476,17472,16405,13579,12616,11835,4887,4846,4562,10,10,8,10,10,8,4.4,1.3,0.36,1819,51,1884,43,41,976,1157,767,54,46
"""490039602002""","""Ogden-Clearfield, UT""",1.00,1062.00,235.00,8533.73,42,51,48,18,23,22,24,28,26,11.13,0.31,2.47,2,2,29081,28884,27448,0,0,0,21629,20516,19450,15885,14814,14033,5737,5696,5413,7,7,5,6,6,5,0.9,0.5,0.03,1086,83,1068,45,251,1373,1536,,89,11
"""490039603024""","""Ogden-Clearfield, UT""",1.00,1620.00,522.00,182.13,38,46,43,18,23,22,20,23,21,7.85,22.50,2.09,2,2,22981,22784,21347,0,1,0,17974,16977,15910,13427,12470,11689,4534,4493,4210,14,14,11,13,13,10,5.0,2.7,2.87,3456,70,3391,42,13,1386,1594,971,67,33
"""490039601001""","""Ogden-Clearfield, UT""",1.00,1174.00,319.00,252165.01,47,57,53,21,26,25,26,31,28,11.46,0.01,2.66,3,2,32474,32277,30840,0,0,0,23482,22314,21248,17070,15943,15162,6406,6365,6082,6,7,5,6,6,5,0.0,0.5,0.00,456,89,554,44,2212,1576,1603,635,97,3
"""490039601002""","""Ogden-Clearfield, UT""",1.00,2031.00,539.00,160068.65,48,58,55,23,29,28,25,30,27,10.99,0.04,2.60,3,2,31070,30873,29437,0,0,0,22835,21684,20618,16700,15590,14809,6129,6088,5805,6,6,5,6,6,4,0.0,0.5,0.00,766,93,1002,46,1020,1737,1790,1232,91,9
"""490039601003""","""Ogden-Clearfield, UT""",1.00,882.00,216.00,2931392.89,46,56,53,20,25,24,27,32,29,11.84,0.00,2.70,3,3,34764,34567,33130,0,0,0,24188,23008,21942,17327,16188,15407,6858,6817,6533,3,3,3,3,3,2,3.4,0.1,0.00,217,76,289,51,3797,1504,1433,1723,75,25
"""490039602001""","""Ogden-Clearfield, UT""",1.00,2279.00,617.00,15139.74,40,49,46,16,20,20,24,29,26,10.51,0.43,2.50,2,2,30154,29957,28521,0,0,0,22001,20882,19816,16047,14968,14187,5949,5907,5624,6,6,4,5,6,4,0.8,0.3,0.04,1092,95,853,47,174,1224,1247,1009,90,10
"""490039602004""","""Ogden-Clearfield, UT""",1.00,1205.00,366.00,35341.60,48,59,56,24,29,28,25,29,27,10.78,0.11,2.58,3,2,30255,30058,28621,0,0,0,22551,21407,20341,16577,15473,14692,5968,5927,5644,6,6,4,5,6,4,0.1,0.4,0.01,1115,98,1462,46,465,1785,1841,983,93,7
"""490039603011""","""Ogden-Clearfield, UT""",1.00,1388.00,361.00,5630.15,48,59,56,25,31,30,24,28,26,10.72,0.69,2.48,2,2,28761,28564,27127,0,0,0,21600,20486,19420,15920,14846,14065,5674,5633,5349,7,7,5,6,6,5,1.6,0.6,0.06,1378,93,1416,45,75,1878,1904,,99,1
"""490039603012""","""Ogden-Clearfield, UT""",1.00,951.00,364.00,314.91,34,42,39,14,18,17,20,24,22,7.88,9.11,2.13,2,2,23516,23319,21882,0,0,0,18361,17351,16284,13709,12740,11959,4639,4598,4315,12,13,10,12,12,9,4.8,2.5,1.16,2901,74,2847,42,13,1080,1245,679,71,29
"""490039603013""","""Ogden-Clearfield, UT""",1.00,906.00,424.00,138.60,33,40,37,14,18,17,19,22,20,6.63,20.27,1.97,2,2,21744,21547,20111,1,1,1,16970,16009,14941,12665,11744,10963,4290,4249,3966,15,16,12,14,15,11,6.1,3.0,3.06,3637,74,3397,41,5,1070,1140,1017,43,57
"""490039603014""","""Ogden-Clearfield, UT""",1.00,1111.00,339.00,341.47,37,45,42,16,20,19,21,25,23,8.14,8.08,2.27,2,2,24250,24053,22616,0,0,0,19381,18330,17262,14585,13574,12793,4784,4743,4460,12,12,9,11,11,9,3.4,3.1,0.99,3504,100,3298,41,12,1206,1294,,93,7
"""490039603021""","""Ogden-Clearfield, UT""",1.00,2181.00,713.00,409.23,34,42,39,15,19,18,20,23,21,7.37,12.84,2.06,2,2,22842,22645,21208,1,1,1,17776,16787,15719,13254,12306,11525,4506,4466,4182,16,16,12,15,15,11,6.7,2.9,1.74,3613,29,3686,41,19,1124,1133,1082,82,18
"""490039603022""","""Ogden-Clearfield, UT""",1.00,1253.00,376.00,550.47,44,53,50,22,28,27,21,25,23,8.59,5.87,2.25,2,2,24537,24340,22903,0,0,0,19303,18258,17191,14451,13447,12666,4840,4800,4516,11,11,8,10,10,8,3.1,2.4,0.68,2982,93,3123,42,20,1699,1793,1279,82,18
"""490039604001""","""Ogden-Clearfield, UT""",1.00,1776.00,549.00,128745.07,49,59,56,23,29,28,25,30,28,10.74,0.05,2.62,3,2,30755,30558,29121,0,0,0,22919,21762,20696,16847,15730,14949,6067,6026,5743,5,5,4,5,5,4,0.0,0.5,0.00,852,94,2651,47,1091,1772,1848,997,91,9
"""490039604002""","""Ogden-Clearfield, UT""",1.00,2102.00,662.00,15046.72,45,55,52,21,26,26,24,29,26,10.47,0.46,2.51,2,2,30117,29920,28484,0,0,0,22059,20936,19870,16112,15030,14249,5941,5900,5617,5,5,4,5,5,4,0.9,0.3,0.04,1317,98,1130,48,136,1597,1599,1580,91,9
"""490039604003""","""Ogden-Clearfield, UT""",1.00,1394.00,444.00,18826.40,40,48,45,16,20,20,24,28,26,9.77,0.23,2.47,2,2,28667,28470,27033,0,0,0,21496,20386,19320,15835,14766,13985,5655,5614,5331,6,6,5,6,6,4,0.6,0.6,0.02,1135,97,2296,46,188,1228,1313,892,80,20
"""490039605001""","""Ogden-Clearfield, UT""",1.00,1735.00,464.00,3508.31,47,57,54,23,29,28,23,28,25,10.02,1.32,2.45,2,2,27364,27167,25730,0,0,0,21155,20049,18982,15746,14681,13900,5398,5357,5074,10,10,8,10,10,7,1.3,0.4,0.13,1651,97,2202,45,92,1777,1840,,97,3
"""490039605002""","""Ogden-Clearfield, UT""",1.00,1323.00,359.00,36270.24,44,54,51,18,23,22,26,31,28,11.06,0.11,2.69,3,3,31974,31777,30340,0,0,0,23607,22428,21363,17296,16159,15378,6308,6266,5983,3,3,2,3,3,2,0.1,0.1,0.01,1094,100,2562,54,448,1394,1451,,96,4
"""490039605003""","""Ogden-Clearfield, UT""",1.00,1238.00,543.00,159.60,31,37,34,12,15,15,18,22,19,6.25,21.25,1.94,2,2,21104,20907,19470,1,1,1,16661,15710,14637,12464,11553,10772,4163,4123,3839,33,34,26,31,32,24,7.1,0.6,3.40,4875,44,5897,45,7,928,1209,746,39,61
"""490039605004""","""Ogden-Clearfield, UT""",1.00,1146.00,473.00,177.00,32,38,36,13,16,15,19,23,21,6.51,17.40,2.06,2,2,21447,21250,19813,1,1,1,17480,16493,15422,13219,12273,11492,4231,4190,3907,30,30,23,28,28,22,6.0,0.9,2.67,5602,62,6465,44,9,948,1098,711,61,39
"""490039606011""","""Ogden-Clearfield, UT""",1.00,1136.00,436.00,124.17,33,40,38,14,18,17,19,23,20,7.10,24.92,2.02,2,2,22062,21865,20428,1,1,1,17365,16390,15319,12987,12051,11270,4352,4312,4028,26,27,20,24,25,19,6.6,0.4,3.51,4680,57,5443,46,7,1092,1375,803,50,50
"""490039606012""","""Ogden-Clearfield, UT""",1.00,1215.00,446.00,138.78,37,45,42,15,19,19,22,26,24,8.18,26.30,2.32,2,2,25405,25208,23771,0,0,0,19916,18850,17784,14897,13872,13091,5012,4971,4688,7,8,6,7,7,5,4.4,0.6,3.21,4817,100,5493,48,6,1172,1230,,95,5
"""490039606013""","""Ogden-Clearfield, UT""",1.00,733.00,306.00,129.05,33,40,37,13,17,16,20,23,21,7.29,17.28,2.11,2,2,22755,22558,21122,1,1,1,18076,17073,16003,13565,12602,11821,4489,4448,4165,22,23,17,21,22,16,5.6,0.3,2.37,5410,75,6384,47,7,1009,1164,793,58,42
"""490039606014""","""Ogden-Clearfield, UT""",1.00,728.00,256.00,148.02,35,43,40,15,19,18,20,24,22,7.48,12.94,2.15,2,2,22620,22423,20986,1,1,1,18273,17260,16190,13789,12815,12034,4462,4422,4138,22,23,17,21,22,16,5.7,0.4,1.73,5900,72,6867,47,8,1146,1195,1031,70,30
"""490039606021""","""Ogden-Clearfield, UT""",1.00,768.00,300.00,6997.76,42,51,48,18,23,22,23,28,25,8.59,0.37,2.49,2,2,26707,26510,25073,0,0,0,21266,20149,19083,15989,14913,14132,5269,5228,4944,9,9,7,9,9,7,0.5,0.4,0.04,2941,91,3318,45,280,1401,1389,1583,94,6
"""490039606022""","""Ogden-Clearfield, UT""",1.00,1023.00,350.00,594.08,43,53,50,21,26,25,23,27,24,8.72,5.14,2.40,2,2,26149,25952,24515,0,0,0,20564,19475,18409,15399,14350,13569,5159,5118,4834,7,7,5,6,7,5,2.3,0.6,0.59,4691,99,5486,47,35,1566,1708,,92,8
"""490039606023""","""Ogden-Clearfield, UT""",1.00,954.00,295.00,104.08,38,46,43,17,22,21,20,24,22,7.39,20.93,2.14,2,2,23145,22948,21511,1,1,1,18362,17349,16280,13774,12801,12020,4566,4525,4242,22,23,17,21,22,16,5.0,0.4,2.83,4323,82,4769,46,8,1315,1372,1198,67,33
"""490039607011""","""Ogden-Clearfield, UT""",1.00,794.00,273.00,204.03,37,45,42,17,22,21,20,23,21,7.33,9.80,2.14,2,2,21949,21752,20315,1,1,1,18105,17094,16023,13750,12779,11998,4330,4289,4006,25,26,20,24,24,18,4.5,1.1,1.34,5644,88,6580,43,9,1314,1563,817,67,33
"""490039607012""","""Ogden-Clearfield, UT""",1.00,3074.00,847.00,573.26,36,43,40,16,21,20,19,23,21,7.50,11.09,2.05,2,2,21688,21491,20054,1,1,1,17487,16502,15431,13179,12235,11454,4279,4238,3955,29,30,23,27,28,21,5.5,1.1,1.48,4572,54,5801,43,18,1246,1409,1034,56,44
"""490039607013""","""Ogden-Clearfield, UT""",1.00,1438.00,532.00,198.27,34,41,39,15,19,18,19,23,20,6.93,18.60,2.05,2,2,21378,21181,19744,1,1,1,17405,16422,15349,13153,12210,11429,4217,4177,3893,35,36,27,33,34,26,5.8,1.2,2.68,4949,61,5884,43,11,1138,1356,807,60,40
"""490039607021""","""Ogden-Clearfield, UT""",1.00,1700.00,660.00,559.64,33,40,37,14,18,17,19,22,20,6.82,8.04,1.98,2,2,22071,21874,20438,1,1,1,17100,16136,15066,12724,11800,11019,4354,4314,4030,22,22,17,20,21,16,6.5,0.4,1.18,4950,36,5817,47,19,1066,1396,908,32,68
"""490039607022""","""Ogden-Clearfield, UT""",1.00,1085.00,398.00,216.71,34,41,38,15,18,18,19,23,21,7.19,13.20,2.05,2,2,22057,21860,20423,1,1,1,17561,16576,15507,13188,12243,11462,4351,4311,4027,22,23,18,21,22,17,5.9,0.4,1.84,5588,65,6661,47,9,1111,1372,892,46,54
"""490039608011""","""Ogden-Clearfield, UT""",1.00,1324.00,336.00,22571.18,53,64,61,28,35,34,25,29,27,10.50,0.16,2.59,3,2,29747,29550,28113,0,0,0,22475,21330,20264,16601,15496,14715,5868,5827,5544,6,6,5,6,6,4,0.1,0.5,0.01,1493,100,1625,46,418,2112,2144,1167,97,3
"""490039608012""","""Ogden-Clearfield, UT""",1.00,1595.00,562.00,15260.94,44,53,50,20,26,25,23,28,26,9.03,0.33,2.47,2,2,27617,27421,25984,0,0,0,21343,20231,19163,15883,14811,14030,5448,5407,5124,12,12,9,33,33,25,0.3,0.4,0.04,2120,91,2081,45,363,1552,1551,1556,87,13
"""490039608013""","""Ogden-Clearfield, UT""",1.00,1895.00,580.00,7120.88,46,57,53,23,29,28,23,28,25,9.69,0.79,2.45,2,2,27829,27632,26196,0,0,0,21210,20106,19039,15710,14646,13865,5490,5449,5166,10,10,8,27,28,21,1.3,0.2,0.08,1938,91,2036,47,117,1754,1803,1375,89,11
"""490039608021""","""Ogden-Clearfield, UT""",1.00,2092.00,594.00,1560.41,42,51,48,21,26,25,22,26,23,8.47,3.22,2.32,2,2,24458,24261,22824,1,1,1,19772,18706,17636,14925,13899,13118,4825,4784,4501,22,22,17,20,21,16,2.8,1.0,0.38,3576,82,4301,44,40,1563,1682,,93,7
"""490039608022""","""Ogden-Clearfield, UT""",1.00,1887.00,438.00,558.02,47,57,54,25,31,30,22,26,24,9.85,7.73,2.33,2,2,25501,25304,23867,1,1,1,20001,18933,17864,14953,13925,13144,5031,4990,4707,18,18,14,16,17,13,2.6,0.6,0.78,3073,98,3571,45,23,1887,1953,1296,90,10
"""490039608023""","""Ogden-Clearfield, UT""",1.00,1509.00,475.00,791.79,44,54,50,21,27,26,23,27,25,9.51,5.71,2.39,2,2,26701,26504,25068,1,1,1,20650,19563,18494,15367,14320,13539,5268,5227,4943,16,16,13,15,15,12,2.3,0.4,0.60,2397,98,2432,45,30,1616,1651,,98,2
"""490050003011""","""Logan, UT-ID""",1.00,1175.00,334.00,17063.32,53,66,49,25,31,24,29,35,26,10.07,0.20,2.43,2,2,28597,28400,26947,0,0,0,20491,20124,19277,14851,14523,13963,5639,5600,5314,0,0,0,2,2,1,0.6,0.7,0.02,1082,93,1615,45,231,1487,1509,1391,81,19
"""490050003012""","""Logan, UT-ID""",1.00,1251.00,339.00,23341.81,51,63,47,21,27,20,29,36,27,10.65,0.15,2.49,2,2,30117,29920,28467,0,0,0,21156,20789,19942,15217,14889,14328,5939,5900,5614,0,0,0,2,2,1,0.5,0.4,0.01,898,95,881,46,227,1272,1346,628,90,10
"""490050003021""","""Logan, UT-ID""",1.00,2463.00,871.00,1297.02,44,55,41,21,26,20,24,29,21,6.96,4.68,2.08,2,2,21409,21212,19758,1,1,1,16978,16611,15764,12756,12428,11867,4222,4183,3896,0,0,0,6,7,5,3.9,2.1,0.67,5594,66,11384,43,37,1243,1573,823,56,44
"""490050003022""","""Logan, UT-ID""",1.00,848.00,228.00,621.36,49,61,45,24,29,23,26,32,23,8.66,3.18,2.25,2,2,23740,23543,22089,1,1,1,18481,18114,17267,13799,13471,12911,4681,4643,4356,0,0,0,5,5,4,3.0,1.9,0.37,3613,82,6447,43,35,1409,1631,,86,14
"""490050008004""","""Logan, UT-ID""",1.00,1274.00,474.00,89.61,29,36,26,10,13,10,19,23,16,4.87,25.78,1.68,2,2,16247,16050,14597,4,4,3,13493,13126,12279,10289,9961,9400,3204,3165,2878,0,0,0,27,28,20,8.4,4.8,5.29,13008,17,23246,41,7,605,,773,22,78
"""490050009002""","""Logan, UT-ID""",1.00,758.00,248.00,115.93,45,56,42,23,29,22,22,27,19,6.31,13.51,1.99,2,2,18520,18323,16870,2,2,1,15827,15460,14612,12174,11846,11286,3652,3613,3327,0,0,0,12,13,9,5.5,4.7,2.14,11897,79,22050,41,11,1390,1645,1070,56,44
"""490050009003""","""Logan, UT-ID""",1.00,670.00,253.00,136.23,37,45,33,16,20,15,21,25,18,5.26,9.76,1.85,2,2,17330,17133,15680,2,3,2,14737,14370,13523,11320,10992,10431,3417,3379,3092,0,0,0,19,19,14,6.9,4.5,1.86,12422,55,23429,41,10,964,988,954,28,72
"""490050010011""","""Logan, UT-ID""",1.00,1813.00,556.00,305.41,44,55,41,21,26,20,23,28,21,7.14,12.99,2.07,2,2,20265,20068,18615,1,1,1,16644,16277,15430,12648,12320,11759,3996,3957,3671,0,0,0,9,10,7,4.7,2.9,1.82,8575,82,17664,43,13,1251,1273,1215,61,39
"""490050010012""","""Logan, UT-ID""",1.00,1245.00,381.00,112.43,46,56,42,23,28,21,23,28,20,7.39,25.05,2.06,2,2,20107,19910,18456,1,1,1,16600,16234,15386,12635,12307,11747,3965,3926,3639,0,0,0,10,10,7,4.5,3.2,3.39,9106,93,18102,43,10,1346,1419,1225,62,38
"""490050010021""","""Logan, UT-ID""",1.00,606.00,290.00,99.43,31,38,28,11,14,10,20,24,17,5.03,14.68,1.77,2,2,17148,16951,15497,3,3,3,14243,13876,13029,10861,10533,9973,3381,3343,3056,0,0,0,22,23,16,7.8,4.2,2.92,12542,27,23101,42,11,650,,920,29,71
"""490050010022""","""Logan, UT-ID""",1.00,1145.00,320.00,140.50,37,45,33,17,21,16,20,24,17,5.99,13.64,1.76,2,2,17082,16885,15432,3,3,2,14118,13751,12904,10749,10421,9861,3369,3330,3043,0,0,0,19,20,14,7.9,3.9,2.28,11521,28,22817,42,9,1007,1100,984,20,80
"""490050010023""","""Logan, UT-ID""",1.00,2410.00,824.00,467.23,37,45,33,16,20,15,21,25,18,6.19,10.92,1.84,2,2,18791,18594,17140,2,2,2,14980,14613,13766,11274,10946,10386,3705,3667,3380,0,0,0,15,16,11,7.4,3.2,1.76,8998,21,17416,43,17,940,1101,825,42,58
"""490050010024""","""Logan, UT-ID""",1.00,1196.00,426.00,293.79,41,51,37,19,23,18,22,27,20,6.62,9.60,1.99,2,2,19080,18883,17430,2,2,1,15935,15569,14721,12173,11845,11284,3763,3724,3437,0,0,0,11,12,8,5.2,3.6,1.45,10013,69,20351,42,18,1119,1082,1152,46,54
"""490050011011""","""Logan, UT-ID""",1.00,2265.00,849.00,630.84,48,59,44,25,32,24,23,28,20,6.31,8.50,2.02,2,2,19427,19230,17776,2,2,1,16195,15829,14981,12365,12037,11476,3831,3792,3505,0,0,0,12,13,9,5.8,3.9,1.35,9615,61,17326,42,15,1514,1610,1324,66,34
"""490050011012""","""Logan, UT-ID""",1.00,1689.00,491.00,597.52,66,82,61,40,50,38,26,32,24,8.12,6.67,2.32,2,2,23994,23797,22344,0,0,0,18909,18542,17694,14177,13849,13288,4732,4693,4406,0,0,0,3,3,2,2.2,3.5,0.82,5561,97,7772,42,43,2374,2374,,100,0
"""490050011013""","""Logan, UT-ID""",1.00,2150.00,757.00,589.59,44,54,40,21,27,20,22,27,20,6.89,8.84,1.98,2,2,19846,19649,18195,2,2,1,16029,15662,14815,12115,11787,11227,3913,3875,3588,0,0,0,12,12,8,6.3,3.3,1.28,8032,43,13985,42,18,1275,1331,1183,62,38
"""490050011021""","""Logan, UT-ID""",1.00,1576.00,466.00,546.05,61,76,57,36,45,34,25,31,22,7.63,6.51,2.24,2,2,21664,21467,20014,1,1,1,17978,17611,16764,13706,13378,12817,4272,4233,3947,0,0,0,8,8,6,2.6,4.0,0.85,8106,98,9821,41,32,2150,2143,2229,92,8
"""490050011022""","""Logan, UT-ID""",1.00,2223.00,789.00,339.18,49,60,45,27,34,26,22,26,19,6.20,14.43,1.95,2,2,18390,18193,16739,2,2,2,15552,15185,14338,11926,11598,11037,3626,3588,3301,0,0,0,14,14,10,6.6,4.4,2.33,10860,57,19544,41,10,1622,1709,1498,59,41
"""490050011023""","""Logan, UT-ID""",1.00,1266.00,446.00,628.42,55,68,51,30,37,29,25,31,22,7.19,5.10,2.24,2,2,22024,21827,20373,1,1,1,18064,17697,16850,13721,13393,12832,4343,4304,4018,0,0,0,5,5,4,3.1,4.9,0.71,7675,93,12076,40,24,1793,1873,,96,4
"""490050012011""","""Logan, UT-ID""",1.00,2118.00,613.00,879.83,53,66,49,27,34,26,26,32,23,7.96,5.54,2.27,2,2,23161,22964,21511,1,1,1,18465,18098,17251,13898,13570,13009,4567,4528,4242,0,0,0,6,6,4,2.8,2.4,0.70,5606,96,7893,42,25,1630,1676,850,94,6
"""490050012012""","""Logan, UT-ID""",1.00,2249.00,587.00,676.54,57,71,53,31,38,29,26,32,23,8.73,7.57,2.28,2,2,24560,24363,22910,0,0,0,18824,18457,17610,13981,13653,13092,4843,4804,4518,0,0,0,3,3,2,2.8,2.6,0.87,4319,97,5140,42,22,1836,1914,,96,4
"""490050012013""","""Logan, UT-ID""",1.00,1425.00,513.00,2551.71,59,73,55,32,40,30,27,33,24,8.39,1.69,2.36,2,2,25996,25799,24345,0,0,0,19561,19194,18347,14435,14107,13546,5126,5087,4801,0,0,0,3,3,2,1.9,1.0,0.20,2697,95,3009,44,54,1905,1948,1125,95,5
"""490050012021""","""Logan, UT-ID""",1.00,2088.00,585.00,3499.16,52,65,48,25,31,24,27,34,24,8.96,1.50,2.38,2,2,25678,25481,24028,1,1,1,19618,19251,18404,14554,14226,13666,5064,5025,4738,0,0,0,5,5,3,1.4,1.2,0.17,3389,98,4573,44,80,1488,1496,1346,95,5
"""490050012022""","""Logan, UT-ID""",1.00,1561.00,431.00,1148.68,53,65,49,28,35,27,25,31,22,8.19,3.07,2.21,2,2,22482,22285,20832,1,1,1,17992,17625,16778,13558,13230,12670,4433,4395,4108,0,0,0,7,7,5,3.9,2.0,0.38,5733,74,9879,43,26,1660,1675,1563,87,13
"""490050012023""","""Logan, UT-ID""",1.00,3511.00,851.00,1100.31,53,66,49,27,34,26,26,32,23,9.02,6.98,2.28,2,2,24226,24029,22576,1,1,1,18714,18347,17500,13937,13609,13048,4777,4738,4452,0,0,0,6,6,4,2.2,1.5,0.77,4408,97,6499,44,38,1626,1630,1601,87,13
"""490050013001""","""Logan, UT-ID""",1.00,2495.00,716.00,19174.60,56,69,52,27,34,26,29,35,26,10.33,0.39,2.45,2,2,28519,28322,26869,0,0,0,20638,20271,19424,15014,14686,14126,5624,5585,5298,0,0,0,2,2,2,0.6,1.0,0.04,1478,91,1778,44,252,1634,1697,722,94,6
"""490050013002""","""Logan, UT-ID""",1.00,2395.00,710.00,16555.02,53,66,49,25,32,24,28,35,25,9.75,0.42,2.41,2,2,27615,27418,25964,0,0,0,20186,19819,18972,14741,14413,13852,5446,5407,5120,0,0,0,2,2,2,0.8,1.1,0.04,2017,93,2295,44,184,1508,1606,878,86,14
"""490050013003""","""Logan, UT-ID""",1.00,2450.00,654.00,12900.81,56,70,52,27,34,26,29,36,26,10.45,0.53,2.46,2,2,29199,29002,27549,0,0,0,20833,20467,19617,15068,14740,14179,5758,5719,5433,7,8,5,7,7,5,0.4,0.6,0.05,1498,95,1289,45,248,1636,1696,850,93,7
"""490050014011""","""Logan, UT-ID""",1.00,1787.00,555.00,1725.09,49,60,45,22,28,21,26,32,23,9.03,2.90,2.24,2,2,25593,25396,23942,1,1,1,18767,18400,17553,13720,13392,12832,5047,5008,4721,0,0,0,4,5,3,2.9,0.7,0.32,2058,78,2137,44,40,1344,1525,629,80,20
"""490050014012""","""Logan, UT-ID""",1.00,1922.00,681.00,788.61,54,67,50,28,35,26,27,33,24,8.29,7.16,2.29,2,2,25853,25656,24202,1,1,1,19165,18798,17945,14047,13719,13158,5098,5059,4773,20,20,14,19,19,13,2.6,0.8,0.86,2710,98,2474,44,25,1656,1658,1638,92,8
"""490050014013""","""Logan, UT-ID""",1.00,1096.00,329.00,1300.61,54,66,50,26,33,25,27,34,25,9.37,2.37,2.37,2,2,26105,25908,24455,1,1,1,19674,19308,18460,14527,14198,13638,5148,5109,4822,0,0,0,5,5,3,2.1,1.0,0.25,2889,97,3053,44,42,1568,1568,,100,0
"""490050014021""","""Logan, UT-ID""",1.00,1559.00,398.00,1750.72,50,62,46,23,29,22,27,33,24,9.50,2.16,2.32,2,2,25477,25280,23827,1,1,0,19255,18888,18041,14231,13903,13343,5024,4985,4699,0,0,0,4,4,3,2.3,1.1,0.23,2549,93,4107,44,38,1398,1537,,91,9
"""490050014022""","""Logan, UT-ID""",1.00,2023.00,473.00,1403.26,50,62,46,24,30,23,26,31,23,9.20,3.10,2.20,2,2,24910,24713,23260,1,1,1,18380,18014,17162,13451,13123,12562,4912,4873,4587,17,18,13,16,17,12,2.7,1.5,0.34,2357,76,2825,44,56,1445,1651,1014,68,32
"""490050014023""","""Logan, UT-ID""",1.00,1491.00,437.00,305.77,52,64,48,26,33,25,26,31,23,8.51,12.17,2.20,2,2,24759,24562,23109,1,1,1,18396,18030,17175,13490,13162,12601,4882,4844,4557,24,25,17,23,23,16,3.9,1.5,1.43,2918,86,2849,44,13,1557,1609,1266,85,15
"""490050015001""","""Logan, UT-ID""",1.00,1291.00,362.00,28464.28,69,86,65,40,50,38,29,36,26,10.25,0.13,2.51,2,2,28930,28733,27279,0,0,0,21055,20688,19839,15342,15014,14454,5705,5666,5379,8,8,6,7,7,5,0.0,0.8,0.01,1246,100,1349,45,547,2394,2507,1398,90,10
"""490050015002""","""Logan, UT-ID""",1.00,880.00,269.00,2918.35,59,73,55,31,38,29,28,35,26,9.82,0.91,2.41,2,2,28764,28567,27114,0,0,0,20417,20051,19201,14738,14410,13849,5672,5633,5347,7,7,5,7,7,5,1.8,0.6,0.09,1059,97,1171,45,54,1836,1882,1000,95,5
"""490059801001""","""Logan, UT-ID""",1.00,104.00,33.00,454223.02,68,85,64,38,47,36,31,38,28,10.78,0.00,2.64,3,2,30210,30013,28559,0,0,0,22088,21721,20874,16131,15803,15242,5957,5918,5632,0,0,0,2,2,2,4.4,1.0,0.00,444,83,829,43,1461,2250,2250,,100,0
"""490050005012""","""Logan, UT-ID""",1.00,1045.00,493.00,121.64,41,50,37,20,26,20,20,25,18,4.34,17.61,1.82,2,2,17226,17029,15575,3,3,3,14523,14156,13309,11126,10798,10238,3397,3358,3071,0,0,0,23,23,16,7.6,4.3,4.05,12935,38,23893,42,9,1224,1858,850,37,63
"""490050006021""","""Logan, UT-ID""",1.00,716.00,124.00,97.00,30,37,27,8,10,8,22,27,19,,,1.97,2,2,18149,17952,16499,2,2,2,15642,15275,14428,12063,11735,11174,3579,3540,3254,0,0,0,14,14,10,5.7,5.4,1.28,11992,81,19902,40,10,478,,955,50,50
"""490050001011""","""Logan, UT-ID""",1.00,1767.00,538.00,8868.64,55,68,50,27,33,25,28,34,25,9.73,0.59,2.39,2,2,27580,27383,25929,0,0,0,20061,19695,18844,14611,14283,13722,5439,5400,5113,11,12,8,11,11,8,0.8,0.9,0.06,1202,95,1792,44,156,1590,1716,925,84,16
"""490050001012""","""Logan, UT-ID""",1.00,1881.00,573.00,18812.59,51,64,47,23,29,22,28,35,25,9.76,0.30,2.41,2,2,28503,28306,26852,0,0,0,20359,19992,19142,14730,14402,13842,5621,5582,5295,8,8,6,7,8,5,0.7,0.5,0.03,1027,83,1360,46,308,1372,1510,855,79,21
"""490050001013""","""Logan, UT-ID""",1.00,1689.00,479.00,10634.94,54,67,50,25,32,24,29,36,26,10.24,0.46,2.44,2,2,29865,29668,28214,0,0,0,20834,20467,19618,14938,14610,14049,5889,5850,5564,7,7,5,7,7,5,1.3,0.2,0.05,827,86,850,48,144,1514,1615,767,88,12
"""490050001021""","""Logan, UT-ID""",1.00,896.00,302.00,24614.27,51,63,47,20,24,19,31,38,28,11.19,0.14,2.56,3,2,33530,33333,31880,0,0,0,22280,21914,21066,15666,15338,14777,6612,6573,6287,2,3,2,2,2,2,0.4,0.1,0.01,622,97,613,55,262,1168,1337,629,76,24
"""490050001022""","""Logan, UT-ID""",1.00,659.00,269.00,28773.74,50,61,46,19,24,18,31,38,28,10.32,0.10,2.56,3,2,32062,31865,30412,0,0,0,21989,21623,20774,15661,15333,14772,6323,6284,5997,6,6,4,6,6,4,0.1,0.3,0.01,541,99,398,46,405,1128,1145,,99,1
"""490050002011""","""Logan, UT-ID""",1.00,2265.00,586.00,6098.30,49,61,45,21,26,20,28,35,25,10.18,0.98,2.41,2,2,27625,27428,25974,0,0,0,20226,19859,19008,14766,14438,13878,5448,5409,5122,12,12,9,11,12,8,1.0,0.8,0.10,1610,100,1563,44,107,1260,1357,,93,7
"""490050002012""","""Logan, UT-ID""",1.00,2107.00,607.00,3940.57,48,59,44,22,28,21,26,31,23,8.11,1.25,2.20,2,2,24741,24544,23091,0,0,0,18373,18006,17159,13494,13166,12605,4879,4840,4553,0,0,0,4,4,3,2.9,0.9,0.15,2261,66,3376,45,72,1333,1488,1060,64,36
"""490050002021""","""Logan, UT-ID""",1.00,832.00,365.00,225.40,35,43,32,12,15,11,23,29,21,6.89,11.16,1.99,2,2,22866,22669,21216,1,1,1,16739,16373,15517,12201,11873,11312,4509,4470,4184,29,30,21,27,28,19,5.8,2.0,1.62,2554,53,2669,44,14,701,1430,,49,51
"""490050002022""","""Logan, UT-ID""",1.00,4543.00,1279.00,2326.65,51,64,47,26,32,25,26,31,23,8.44,4.64,2.22,2,2,24222,24025,22572,1,1,1,18339,17972,17125,13563,13235,12674,4777,4738,4451,0,0,0,5,5,4,3.0,1.5,0.55,3767,74,3541,44,47,1547,1652,1125,80,20
"""490050002023""","""Logan, UT-ID""",1.00,2400.00,594.00,2790.17,50,62,46,22,28,21,27,34,25,9.75,2.08,2.35,2,2,27148,26951,25497,0,0,0,19726,19359,18508,14359,14031,13471,5353,5315,5028,13,14,10,12,13,9,2.1,0.5,0.21,2080,83,1795,46,72,1331,1327,1359,88,12
"""490050002024""","""Logan, UT-ID""",1.00,2031.00,604.00,2748.43,54,67,50,26,33,25,28,35,25,9.14,2.01,2.42,2,2,27434,27237,25784,0,0,0,20230,19863,19013,14810,14482,13921,5410,5371,5084,10,10,7,9,10,7,1.4,1.1,0.22,2240,100,1839,45,72,1562,1562,,100,0
"""490050003023""","""Logan, UT-ID""",1.00,2952.00,747.00,21032.20,55,68,51,27,34,26,28,34,25,8.59,0.30,2.40,2,2,25465,25268,23814,0,0,0,19735,19368,18521,14714,14386,13825,5022,4983,4696,0,0,0,3,3,2,0.6,1.3,0.04,2739,91,7284,45,273,1634,1777,951,83,17
"""490050004011""","""Logan, UT-ID""",1.00,1057.00,301.00,732.50,45,56,41,21,26,20,24,30,22,7.56,3.11,2.19,2,2,20590,20393,18940,1,1,1,17485,17118,16271,13425,13097,12536,4060,4021,3735,0,0,0,10,10,7,3.2,5.4,0.41,8209,89,14867,40,32,1243,1467,,85,15
"""490050004012""","""Logan, UT-ID""",1.00,2042.00,833.00,395.94,48,60,44,29,36,27,20,24,17,5.18,10.90,1.72,2,2,17654,17457,16004,2,2,2,14007,13640,12793,10525,10197,9637,3481,3443,3156,0,0,0,16,17,12,8.0,5.0,2.10,8713,4,16745,41,19,1715,1955,1623,28,72
"""490050004021""","""Logan, UT-ID""",1.00,2964.00,806.00,3477.33,65,81,61,38,48,36,27,33,24,9.03,2.09,2.36,2,2,25492,25295,23842,0,0,0,19493,19126,18279,14466,14138,13577,5027,4988,4702,0,0,0,3,3,2,1.8,2.2,0.23,3751,88,3985,43,87,2281,2310,,99,1
"""490050004022""","""Logan, UT-ID""",1.00,1382.00,424.00,332.40,58,71,53,33,41,32,24,30,22,7.12,9.08,2.18,2,2,21145,20948,19495,1,1,1,17539,17172,16325,13369,13041,12481,4170,4131,3844,0,0,0,10,10,7,3.1,5.0,1.28,7347,96,10674,40,22,1978,2071,1406,86,14
"""490050004031""","""Logan, UT-ID""",1.00,1979.00,523.00,726.20,56,69,51,30,38,29,26,31,23,8.35,6.01,2.26,2,2,22869,22672,21218,1,1,1,18331,17964,17117,13821,13493,12932,4510,4471,4184,0,0,0,7,7,5,2.7,3.2,0.72,5278,97,7677,42,28,1795,1838,1381,91,9
"""490050004032""","""Logan, UT-ID""",1.00,1460.00,452.00,4071.61,49,61,45,23,29,22,26,32,23,8.35,0.93,2.26,2,2,23357,23160,21707,1,1,1,18457,18091,17243,13851,13523,12963,4606,4567,4281,0,0,0,5,5,4,2.4,2.6,0.11,3547,72,6606,43,99,1394,1317,1728,81,19
"""490050004033""","""Logan, UT-ID""",1.00,1502.00,504.00,609.97,49,61,45,24,30,23,25,31,22,7.65,6.32,2.18,2,2,23283,23086,21632,1,1,1,17960,17593,16746,13369,13041,12480,4591,4552,4266,0,0,0,6,7,5,3.5,1.9,0.83,4024,85,4827,43,20,1445,1554,1048,78,22
"""490050004034""","""Logan, UT-ID""",1.00,1524.00,463.00,461.72,56,69,52,31,38,29,25,31,22,8.28,8.30,2.20,2,2,23499,23302,21849,1,1,1,18118,17751,16904,13484,13156,12596,4634,4595,4308,0,0,0,6,6,4,3.2,2.3,1.00,4755,87,4884,43,24,1831,2009,1049,81,19
"""490050005011""","""Logan, UT-ID""",1.00,1225.00,350.00,121.61,31,38,28,12,15,11,19,23,16,5.35,15.39,1.70,2,2,16203,16006,14552,3,3,3,13589,13222,12375,10394,10066,9505,3195,3156,2870,0,0,0,24,25,17,8.2,5.1,2.88,13077,17,25713,41,10,717,,884,19,81
"""490050005013""","""Logan, UT-ID""",1.00,1799.00,756.00,300.21,39,48,35,18,23,17,20,25,18,5.74,14.45,1.82,2,2,17743,17546,16092,2,2,2,14625,14258,13411,11126,10798,10238,3499,3460,3173,0,0,0,15,15,11,7.4,3.9,2.52,10333,31,21635,42,14,1095,1540,890,31,69
"""490050005014""","""Logan, UT-ID""",1.00,1211.00,485.00,129.88,41,51,38,20,25,19,21,26,19,5.90,22.04,1.90,2,2,17910,17713,16260,2,2,2,15159,14792,13944,11627,11299,10738,3532,3493,3206,0,0,0,15,16,11,7.6,4.6,3.73,11567,37,23423,41,10,1187,1382,878,61,39
"""490050005021""","""Logan, UT-ID""",1.00,4943.00,1657.00,729.29,41,50,37,21,27,20,20,24,17,6.05,13.75,1.72,2,2,17578,17381,15928,2,2,2,13998,13631,12784,10532,10204,9643,3466,3428,3141,0,0,0,16,16,11,8.1,4.3,2.27,8999,5,18293,41,16,1272,1503,1189,26,74
"""490050005022""","""Logan, UT-ID""",1.00,2212.00,772.00,528.73,40,49,36,20,25,19,20,24,18,5.80,8.47,1.79,2,2,17541,17344,15890,2,2,2,14400,14033,13186,10941,10613,10052,3459,3420,3134,0,0,0,15,16,11,7.7,4.4,1.46,10864,19,21171,41,20,1174,1406,1077,29,71
"""490050006011""","""Logan, UT-ID""",1.00,884.00,137.00,19.98,35,43,32,17,21,16,18,21,15,,,1.56,2,1,15627,15430,13977,4,4,3,12644,12277,11430,9562,9234,8674,3082,3043,2756,0,0,0,28,29,20,8.5,5.5,6.86,12330,0,20441,40,10,1024,,1024,0,100
"""490050006012""","""Logan, UT-ID""",1.00,658.00,139.00,21.86,29,36,26,11,14,11,18,22,15,6.44,40.95,1.59,2,1,15673,15476,14022,4,4,3,12825,12458,11611,9735,9407,8846,3091,3052,2765,0,0,0,28,28,20,8.4,5.5,6.36,12502,6,20734,40,11,684,,684,0,100
"""490050006013""","""Logan, UT-ID""",1.00,731.00,310.00,128.51,28,34,25,7,9,7,21,25,18,5.97,14.40,1.88,2,2,17276,17079,15625,3,3,2,14914,14547,13700,11507,11179,10618,3407,3368,3081,0,0,0,20,21,15,7.3,5.4,2.41,13525,42,25593,40,13,418,,870,52,48
"""490050006014""","""Logan, UT-ID""",1.00,1220.00,445.00,83.12,32,40,29,13,16,12,20,24,17,5.05,27.05,1.77,2,2,16527,16330,14876,3,3,3,14079,13712,12865,10820,10492,9931,3259,3220,2934,0,0,0,22,22,16,7.8,5.5,5.35,13124,33,23276,40,10,750,,1113,33,67
"""490050006022""","""Logan, UT-ID""",1.00,1596.00,626.00,172.94,39,48,36,20,24,19,19,24,17,4.75,17.18,1.74,2,2,16538,16341,14888,3,3,3,13932,13565,12718,10671,10343,9782,3261,3222,2936,0,0,0,21,22,15,8.0,5.1,3.62,12940,26,23719,41,11,1170,1375,1099,26,74
"""490050006023""","""Logan, UT-ID""",1.00,1201.00,348.00,78.15,45,55,41,23,29,22,22,26,19,6.50,28.95,1.95,2,2,17861,17664,16210,2,2,2,15458,15091,14244,11936,11608,11047,3522,3483,3197,0,0,0,17,17,12,6.4,5.5,4.45,12303,78,20649,40,6,1373,1443,1274,58,42
"""490050007011""","""Logan, UT-ID""",1.00,1994.00,660.00,713.38,58,72,54,33,41,31,25,31,22,7.35,6.80,2.23,2,2,21938,21741,20288,1,1,1,17967,17600,16753,13640,13312,12752,4326,4287,4001,0,0,0,8,8,6,3.0,4.4,0.93,6568,100,7779,41,20,1968,2011,1496,92,8
"""490050007012""","""Logan, UT-ID""",1.00,1947.00,513.00,295.69,46,56,42,22,28,21,23,28,21,6.44,11.17,2.08,2,2,19734,19537,18084,2,2,2,16641,16274,15427,12749,12421,11861,3892,3853,3566,0,0,0,14,14,10,5.0,4.9,1.73,8862,90,11404,40,7,1342,1289,1540,79,21
"""490050007013""","""Logan, UT-ID""",1.00,872.00,351.00,244.84,41,51,38,20,26,20,21,25,18,,,1.87,2,2,17765,17568,16115,2,2,2,14939,14572,13725,11436,11108,10548,3503,3464,3178,0,0,0,18,18,13,6.4,5.0,1.43,11689,41,17257,40,24,1222,2114,677,38,62
"""490050007021""","""Logan, UT-ID""",1.00,1950.00,162.00,372.05,35,43,31,15,19,15,19,23,17,6.46,2.81,1.71,2,2,16936,16739,15286,3,3,3,13829,13462,12615,10490,10162,9601,3340,3301,3014,0,0,0,23,23,16,7.1,5.2,0.44,11332,11,15988,40,47,917,,917,0,100
"""490050007022""","""Logan, UT-ID""",1.00,1261.00,470.00,30.50,30,37,27,12,15,12,18,22,15,4.90,75.56,1.57,2,1,16208,16011,14557,3,4,3,12802,12435,11588,9606,9278,8717,3196,3157,2871,0,0,0,26,27,19,8.2,5.8,15.41,10640,1,14832,40,15,723,,723,0,100
"""490050008001""","""Logan, UT-ID""",1.00,1882.00,722.00,79.28,31,38,28,13,17,13,18,22,15,5.52,50.26,1.59,2,1,15532,15335,13882,4,4,4,12771,12404,11557,9708,9380,8819,3063,3024,2737,0,0,0,30,31,22,8.5,5.5,9.11,13013,6,22125,40,8,797,,850,6,94
"""490050008002""","""Logan, UT-ID""",1.00,1124.00,429.00,101.13,40,49,36,20,25,19,19,23,17,6.19,26.26,1.73,2,2,16305,16108,14655,4,4,3,13834,13467,12620,10619,10291,9730,3215,3176,2890,0,0,0,28,28,20,7.8,5.3,4.24,13491,29,24105,40,11,1216,1346,1178,22,78
"""490050008003""","""Logan, UT-ID""",1.00,1164.00,492.00,166.90,29,35,26,10,12,9,19,23,17,4.90,14.46,1.71,2,2,16283,16086,14632,4,4,3,13678,13311,12464,10467,10139,9578,3211,3172,2885,0,0,0,27,28,20,8.0,4.6,2.95,13547,26,24287,41,9,578,,660,12,88
"""490050009001""","""Logan, UT-ID""",1.00,2262.00,746.00,171.00,40,50,37,20,25,19,20,25,18,6.12,26.69,1.82,2,2,17147,16950,15497,2,3,2,14535,14168,13321,11153,10825,10265,3381,3343,3056,0,0,0,19,19,14,7.3,5.0,4.36,12359,42,21262,40,11,1205,1625,941,39,61
"""490050004013""","""Logan, UT-ID""",1.00,2131.00,743.00,260.90,39,48,36,21,26,20,18,22,16,5.54,15.78,1.62,2,1,16291,16094,14641,3,3,3,13106,12739,11892,9894,9566,9005,3213,3174,2887,0,0,0,22,23,16,8.4,4.9,2.85,11320,1,20464,41,12,1251,1250,1251,5,95
"""490490006042""","""Provo-Orem, UT""",1.00,1571.00,423.00,553.71,57,70,66,35,44,42,23,27,24,8.71,6.65,2.44,2,2,24732,24535,22402,0,0,0,20537,19435,17792,15654,14594,13371,4879,4838,4418,4,4,3,10,11,7,2.8,1.8,0.76,10192,97,16305,46,28,2656,2681,,99,1
"""490490007031""","""Provo-Orem, UT""",1.00,1914.00,622.00,124.02,33,40,37,16,20,20,17,20,17,6.30,31.58,1.84,2,2,18137,17940,15808,3,3,3,15423,14502,12853,11826,10945,9723,3578,3538,3117,19,19,13,50,51,35,8.1,3.5,5.02,19670,22,29335,44,10,1227,1468,1139,27,73
"""490490007032""","""Provo-Orem, UT""",1.00,2027.00,574.00,164.54,39,48,44,18,23,22,21,25,22,8.12,28.34,2.32,2,2,22307,22110,19978,1,1,1,19280,18215,16570,14871,13847,12625,4401,4360,3940,8,8,5,20,21,14,4.7,2.9,3.49,18833,100,28153,45,8,1390,1417,,98,2
"""490490007033""","""Provo-Orem, UT""",1.00,1592.00,654.00,164.08,38,47,43,20,25,25,18,21,19,5.82,23.18,1.97,2,2,19763,19566,17434,2,2,2,16590,15629,13982,12677,11756,10534,3899,3858,3438,15,15,10,39,40,27,7.6,2.4,3.99,16731,34,26993,46,10,1539,1593,1497,43,57
"""490490007061""","""Provo-Orem, UT""",1.00,760.00,325.00,53.47,34,41,38,17,21,21,17,20,17,5.98,36.38,1.83,2,2,19153,18956,16824,2,2,2,15532,14615,12967,11738,10861,9639,3778,3738,3318,15,16,11,41,42,29,8.4,2.8,6.08,15454,0,30706,45,13,1289,1168,1353,35,65
"""490490007062""","""Provo-Orem, UT""",1.00,1465.00,367.00,104.66,42,52,48,21,27,26,21,25,22,7.81,27.37,2.31,2,2,21711,21514,19382,1,1,1,19120,18058,16412,14827,13805,12583,4283,4243,3822,10,10,7,27,27,19,4.9,3.0,3.51,16003,96,30797,45,8,1627,1673,,97,3
"""490490007063""","""Provo-Orem, UT""",1.00,2431.00,912.00,181.08,39,47,43,21,26,26,17,20,18,6.04,30.41,1.89,2,2,18849,18652,16520,2,2,2,15879,14942,13295,12145,11248,10026,3718,3678,3258,15,16,11,41,42,29,8.2,3.0,5.04,17525,22,30681,45,8,1606,1563,1633,38,62
"""490490007064""","""Provo-Orem, UT""",1.00,2234.00,594.00,200.66,45,55,51,25,32,31,20,23,20,7.13,21.11,2.18,2,2,20376,20179,18046,2,2,2,18007,16985,15338,13975,12993,11771,4020,3979,3559,12,12,9,32,33,23,5.6,3.6,2.96,19421,80,29947,44,12,1934,1967,1829,76,24
"""490490007071""","""Provo-Orem, UT""",1.00,724.00,231.00,80.53,45,54,50,25,31,31,19,23,20,5.74,16.47,2.12,2,2,20348,20151,18019,2,2,2,17662,16656,15008,13633,12667,11445,4014,3974,3553,14,14,10,37,38,26,6.9,3.2,2.87,15500,51,28471,45,10,1911,1414,3501,76,24
"""490490007072""","""Provo-Orem, UT""",1.00,2057.00,516.00,151.35,41,49,46,20,25,25,20,24,21,7.20,24.56,2.24,2,2,20881,20684,18552,2,2,2,18519,17477,15830,14386,13385,12163,4119,4079,3658,13,13,9,34,35,24,5.7,3.6,3.41,17472,81,28809,44,8,1549,1683,,92,8
"""490490007073""","""Provo-Orem, UT""",1.00,518.00,148.00,57.62,46,55,52,24,30,30,21,25,22,7.21,18.51,2.33,2,2,21803,21606,19474,1,1,1,19298,18228,16582,14987,13958,12735,4301,4261,3840,10,10,7,26,26,18,4.4,3.3,2.57,16735,100,30161,44,10,1854,1854,,100,0
"""490490007074""","""Provo-Orem, UT""",1.00,957.00,212.00,89.18,49,60,56,29,36,35,20,24,21,8.12,19.30,2.21,2,2,21308,21111,18979,2,2,1,18421,17388,15741,14206,13213,11991,4204,4163,3743,11,11,8,29,30,20,4.6,3.1,2.38,14707,100,28806,45,7,2186,1823,3086,71,29
"""490490007081""","""Provo-Orem, UT""",1.00,1774.00,441.00,174.38,49,60,56,28,35,34,21,25,22,8.53,21.57,2.31,2,2,22230,22033,19901,1,1,1,19207,18145,16499,14812,13791,12568,4385,4345,3924,10,10,7,25,26,18,3.9,2.7,2.53,15327,97,23895,45,13,2112,2158,1700,90,10
"""490490007082""","""Provo-Orem, UT""",1.00,1342.00,331.00,144.19,46,57,53,26,32,31,21,25,22,7.88,18.08,2.28,2,2,21819,21622,19490,2,2,2,18965,17911,16264,14649,13635,12413,4304,4264,3843,11,12,8,30,31,21,4.1,3.1,2.30,15202,95,26435,45,12,1953,2007,1600,87,13
"""490490007091""","""Provo-Orem, UT""",1.00,1362.00,436.00,171.93,39,47,44,19,24,23,20,24,21,6.69,16.96,2.22,2,2,20824,20627,18495,2,2,2,18346,17312,15665,14225,13231,12009,4108,4068,3647,13,13,9,34,35,24,5.6,3.3,2.54,18345,75,27756,44,12,1430,1440,1375,85,15
"""490490007092""","""Provo-Orem, UT""",1.00,396.00,120.00,113.48,52,63,59,30,37,36,22,26,23,6.32,6.68,2.40,2,2,23108,22911,20779,1,1,1,19974,18884,17238,15406,14357,13135,4559,4518,4098,9,9,6,24,24,17,3.5,2.2,1.06,14975,100,23497,46,16,2250,2250,,100,0
"""490490007093""","""Provo-Orem, UT""",1.00,1269.00,371.00,212.96,50,61,57,29,37,36,20,24,21,7.20,12.54,2.23,2,2,21342,21145,19012,1,2,1,18538,17499,15853,14317,13319,12097,4210,4170,3749,10,10,7,27,28,19,4.9,2.8,1.74,17044,85,25474,45,13,2227,2448,1448,78,22
"""490490007101""","""Provo-Orem, UT""",1.00,1399.00,384.00,127.59,48,58,54,26,33,32,21,25,22,7.68,23.10,2.32,2,2,22568,22371,20239,1,1,1,19388,18321,16676,14928,13901,12679,4452,4412,3991,8,9,6,23,23,16,4.3,2.3,3.01,14045,100,21383,46,8,2010,2115,,95,5
"""490490007102""","""Provo-Orem, UT""",1.00,1249.00,328.00,165.51,50,61,57,28,35,34,21,25,22,8.07,16.00,2.34,2,2,22953,22756,20624,1,1,1,19588,18515,16869,15051,14018,12796,4528,4487,4067,9,10,6,25,25,17,4.0,2.1,1.98,13159,97,20452,46,11,2148,2287,,94,6
"""490490007111""","""Provo-Orem, UT""",1.00,1051.00,262.00,121.17,41,50,46,19,24,23,22,25,23,7.55,16.33,2.35,2,2,23160,22963,20831,1,1,1,19675,18600,16955,15097,14063,12840,4569,4528,4108,9,10,7,25,25,17,4.5,1.4,2.16,14460,92,28606,48,11,1466,1594,,92,8
"""490490007112""","""Provo-Orem, UT""",1.00,1110.00,257.00,1113.74,53,64,60,30,37,36,23,27,24,8.35,1.93,2.45,2,2,24617,24420,22287,1,1,1,20583,19479,17834,15722,14658,13436,4856,4815,4395,5,5,4,14,14,10,2.5,1.2,0.23,9853,93,21228,48,45,2279,2441,1095,88,12
"""490490008011""","""Provo-Orem, UT""",1.00,2290.00,683.00,187.94,42,51,47,22,28,27,19,23,20,6.71,24.38,2.12,2,2,20110,19913,17780,2,2,2,17605,16599,14953,13626,12660,11438,3967,3927,3506,12,12,8,32,33,22,7.2,2.9,3.63,19047,60,31441,45,8,1703,1725,1640,74,26
"""490490008012""","""Provo-Orem, UT""",1.00,1396.00,480.00,95.54,34,41,37,17,21,20,17,20,17,5.98,30.05,1.86,2,2,18257,18060,15927,3,3,3,15590,14663,13014,11970,11082,9860,3602,3561,3141,19,19,13,50,51,35,8.5,3.8,5.02,21045,14,31186,44,7,1259,1314,1206,49,51
"""490490008013""","""Provo-Orem, UT""",1.00,1897.00,545.00,169.55,38,46,42,19,23,22,19,23,20,6.61,21.23,2.13,2,2,19841,19644,17512,2,2,1,17585,16578,14931,13660,12693,11470,3914,3874,3453,11,11,8,29,30,21,6.8,3.4,3.21,20436,69,31839,44,7,1407,1519,1087,74,26
"""490490008031""","""Provo-Orem, UT""",1.00,2799.00,817.00,184.02,41,50,46,23,28,27,18,22,19,6.71,29.78,2.03,2,2,19460,19263,17131,2,2,2,16864,15887,14240,13010,12073,10851,3839,3799,3378,14,15,10,38,40,27,7.9,2.9,4.44,19365,40,31168,45,7,1711,1786,1580,64,36
"""490490008041""","""Provo-Orem, UT""",1.00,1087.00,354.00,161.17,41,50,46,22,27,26,19,23,20,6.51,14.29,2.15,2,2,20064,19867,17735,2,2,2,17770,16756,15110,13800,12826,11604,3958,3918,3497,12,12,8,31,32,22,6.5,3.4,2.20,20890,71,33244,45,10,1644,1617,1712,72,28
"""490490008042""","""Provo-Orem, UT""",1.00,1784.00,781.00,149.55,33,40,36,16,20,19,17,20,17,5.18,27.05,1.84,2,2,17972,17775,15643,3,3,3,15353,14433,12784,11788,10908,9686,3545,3505,3085,20,20,14,52,54,37,8.7,3.9,5.22,21601,9,31946,44,6,1213,1275,1155,48,52
"""490490009011""","""Provo-Orem, UT""",1.00,1209.00,574.00,115.16,32,39,36,15,19,19,17,20,17,5.39,26.86,1.87,2,2,18009,17812,15680,3,3,2,15602,14671,13022,12030,11139,9917,3553,3513,3092,19,19,13,49,51,35,7.9,3.7,4.98,20870,33,30972,44,8,1159,1333,1086,30,70
"""490490009012""","""Provo-Orem, UT""",1.00,2734.00,887.00,182.14,33,40,37,15,19,19,18,21,18,5.72,27.87,1.93,2,2,18416,18219,16086,3,3,2,16014,15067,13419,12363,11457,10234,3633,3593,3172,17,18,12,47,48,33,7.8,3.8,4.87,21077,33,31931,44,11,1168,1378,1007,43,57
"""490490009013""","""Provo-Orem, UT""",1.00,1382.00,432.00,119.32,34,42,38,16,20,19,19,22,19,6.00,21.71,2.02,2,2,19885,19688,17556,2,2,1,16924,15947,14301,12990,12054,10832,3923,3882,3462,10,11,7,28,29,20,7.4,3.0,3.62,19539,51,30249,45,7,1208,1429,937,55,45
"""490490009031""","""Provo-Orem, UT""",1.00,1133.00,301.00,123.63,43,52,48,22,28,27,21,25,22,7.47,18.18,2.29,2,2,22093,21896,19764,1,2,1,19072,18016,16369,14703,13687,12465,4358,4318,3897,10,11,7,27,28,19,5.1,2.0,2.43,17142,91,31063,47,9,1672,1666,1714,87,13
"""490490009032""","""Provo-Orem, UT""",1.00,891.00,239.00,168.19,49,60,56,28,35,34,22,26,23,7.89,11.21,2.35,2,2,23171,22974,20842,1,1,1,19687,18611,16966,15108,14073,12851,4571,4530,4110,8,8,5,20,21,14,3.9,1.5,1.42,13596,100,28840,48,11,2119,2109,2192,87,13
"""490490009033""","""Provo-Orem, UT""",1.00,1415.00,425.00,122.00,42,52,48,21,27,26,21,25,22,7.68,26.74,2.32,2,2,22205,22008,19875,2,2,1,19313,18247,16600,14922,13896,12673,4380,4340,3919,11,11,7,28,29,20,5.0,2.1,3.48,17691,91,33085,47,9,1618,1694,,96,4
"""490490009041""","""Provo-Orem, UT""",1.00,1712.00,537.00,167.37,41,50,46,21,26,25,20,24,21,6.86,22.00,2.21,2,2,20746,20549,18417,2,2,2,18291,17259,15612,14185,13194,11971,4093,4052,3632,12,13,9,33,34,23,6.1,3.0,3.21,19198,74,33273,46,9,1586,1704,991,83,17
"""490070006001""","""Price, UT""",1.00,1441.00,567.00,468940.30,49,60,37,18,22,13,31,38,25,8.04,0.01,2.08,2,2,24001,23804,24929,1,1,1,16806,16457,18473,12060,11749,13544,4734,4696,4916,12,12,13,11,11,12,0.0,7.6,0.00,583,97,479,33,2563,794,782,820,68,32
"""490490009042""","""Provo-Orem, UT""",1.00,1635.00,416.00,182.89,46,56,53,25,31,30,21,25,22,7.76,17.65,2.35,2,2,22272,22075,19942,1,2,1,19489,18415,16769,15085,14051,12829,4394,4353,3933,10,10,7,27,28,19,4.2,2.5,2.27,16403,95,33876,46,13,1900,1976,,96,4
"""490490010011""","""Provo-Orem, UT""",1.00,1489.00,449.00,129.68,40,48,45,20,25,24,20,23,20,6.54,22.63,2.18,2,2,20037,19840,17708,2,2,2,17960,16937,15290,13993,13011,11788,3953,3912,3492,14,15,10,37,39,26,5.9,4.0,3.46,20811,75,33316,44,13,1527,1667,976,80,20
"""490490010012""","""Provo-Orem, UT""",1.00,1139.00,358.00,163.11,39,47,44,18,23,22,21,25,22,7.13,15.65,2.31,2,2,21228,21031,18899,2,2,2,19047,17984,16337,14847,13825,12602,4188,4147,3727,12,12,8,31,32,22,4.8,3.8,2.19,19343,100,34314,44,9,1379,1431,,96,4
"""490490010013""","""Provo-Orem, UT""",1.00,988.00,305.00,126.03,43,53,49,23,29,28,20,24,21,7.39,17.89,2.23,2,2,21018,20821,18689,2,2,2,18468,17430,15784,14311,13313,12091,4146,4106,3685,11,12,8,30,31,21,5.5,2.9,2.42,16917,85,36341,46,8,1746,2200,,79,21
"""490490010021""","""Provo-Orem, UT""",1.00,851.00,229.00,135.38,42,51,47,22,28,27,20,23,20,7.17,12.12,2.17,2,2,19866,19669,17537,2,2,2,17835,16816,15169,13904,12925,11703,3919,3879,3458,12,12,8,31,32,21,4.8,4.5,1.69,17880,88,36288,43,14,1675,1664,1694,64,36
"""490490010022""","""Provo-Orem, UT""",1.00,534.00,230.00,76.39,30,36,33,13,17,16,17,19,17,5.32,16.02,1.80,2,2,17851,17654,15521,3,3,3,15107,14199,12549,11565,10696,9474,3521,3481,3061,21,21,14,55,56,38,7.7,4.2,3.01,20254,6,34331,44,38,1010,,1117,10,90
"""490490010023""","""Provo-Orem, UT""",1.00,1745.00,584.00,160.89,45,55,51,25,31,30,20,24,21,6.80,24.69,2.25,2,2,20541,20344,18212,2,2,2,18521,17476,15830,14457,13452,12230,4052,4012,3591,12,13,9,32,33,23,5.1,4.1,3.63,19496,98,34898,44,8,1893,1877,2025,89,11
"""490490011031""","""Provo-Orem, UT""",1.00,1373.00,393.00,198.02,41,49,46,21,26,26,19,23,20,6.59,13.09,2.16,2,2,19682,19485,17353,2,2,2,17774,16756,15109,13877,12900,11677,3883,3842,3422,14,14,10,36,37,26,6.1,4.3,1.98,19820,81,33312,43,9,1603,1789,1117,72,28
"""490490011032""","""Provo-Orem, UT""",1.00,1018.00,290.00,136.56,41,50,46,23,29,28,18,21,18,6.19,13.15,1.92,2,2,18403,18206,16074,4,4,3,15979,15035,13384,12323,11418,10196,3630,3590,3170,26,27,18,68,71,48,7.3,3.9,2.12,19182,38,30959,44,17,1779,2426,1428,35,65
"""490490011051""","""Provo-Orem, UT""",1.00,2017.00,437.00,162.54,49,60,56,29,36,35,21,24,21,8.05,21.66,2.28,2,2,20985,20788,18656,2,2,2,18796,17742,16096,14644,13631,12409,4140,4099,3679,11,12,8,30,31,21,5.2,3.8,2.69,19609,94,32267,44,11,2179,2250,960,95,5
"""490490011052""","""Provo-Orem, UT""",1.00,2167.00,522.00,183.78,37,45,41,18,22,22,19,22,19,7.03,19.96,2.05,2,2,19892,19695,17562,3,3,3,17082,16099,14450,13138,12195,10973,3924,3884,3463,20,20,14,53,54,37,6.7,2.5,2.84,17601,61,30190,46,11,1367,1449,1267,55,45
"""490490011061""","""Provo-Orem, UT""",1.00,761.00,223.00,160.41,40,49,45,20,25,24,20,24,21,7.10,9.87,2.20,2,2,20669,20472,18340,2,2,1,18240,17209,15563,14151,13161,11939,4078,4037,3617,11,11,8,29,30,20,4.4,3.6,1.39,20307,74,33779,44,40,1519,1486,1594,69,31
"""490490011062""","""Provo-Orem, UT""",1.00,2266.00,652.00,182.75,37,45,41,17,22,21,19,23,20,6.76,24.13,2.14,2,2,20252,20055,17923,2,2,2,17764,16753,15105,13756,12784,11562,3995,3955,3534,14,14,9,36,37,25,7.3,2.8,3.57,18742,54,31498,46,8,1312,1635,,80,20
"""490490011071""","""Provo-Orem, UT""",1.00,1451.00,382.00,166.49,41,50,47,21,27,26,20,24,21,7.39,16.96,2.24,2,2,20348,20151,18019,1,2,1,18385,17345,15699,14361,13361,12138,4014,3974,3553,10,10,7,27,28,19,5.4,4.1,2.29,20564,81,34210,44,15,1613,1845,,87,13
"""490490011072""","""Provo-Orem, UT""",1.00,2621.00,801.00,200.32,41,50,46,23,29,28,18,21,18,6.10,24.39,1.95,2,2,18406,18209,16077,2,2,2,16187,15233,13585,12540,11625,10402,3631,3591,3170,17,17,12,44,46,31,7.6,4.1,4.00,21351,38,33228,44,12,1775,2035,1558,46,54
"""490490011081""","""Provo-Orem, UT""",1.00,1887.00,772.00,90.15,33,40,36,17,21,20,16,19,16,5.39,46.16,1.72,2,1,17184,16987,14855,3,3,3,14485,13599,11949,11072,10226,9004,3390,3350,2929,22,23,16,59,61,42,8.7,4.2,8.56,20541,0,34559,43,9,1279,1255,1284,19,81
"""490490011082""","""Provo-Orem, UT""",1.00,2171.00,918.00,179.30,29,36,32,13,17,16,16,19,16,4.78,24.48,1.75,2,1,16842,16645,14513,3,3,3,14564,13672,12022,11219,10366,9144,3323,3282,2862,23,23,16,60,62,43,8.5,4.4,5.12,20341,12,34259,43,9,1021,1488,976,9,91
"""490490012011""","""Provo-Orem, UT""",1.00,1958.00,625.00,212.45,37,44,41,18,23,22,18,21,18,6.43,18.90,1.99,2,2,18676,18479,16347,2,2,2,16504,15537,13889,12804,11877,10654,3684,3644,3224,16,17,11,43,44,30,7.3,4.2,2.94,18439,42,29719,43,15,1404,1877,979,47,53
"""490490012012""","""Provo-Orem, UT""",1.00,3705.00,1317.00,396.41,39,47,43,21,26,25,18,21,18,5.92,19.67,1.94,2,2,18694,18497,16364,3,3,3,16143,15194,13544,12434,11524,10302,3688,3647,3227,21,22,15,56,58,40,7.5,3.8,3.32,16857,39,26634,44,12,1588,1630,1555,44,56
"""490490012021""","""Provo-Orem, UT""",1.00,2028.00,778.00,152.23,33,40,37,17,21,20,17,20,17,5.34,27.31,1.83,2,2,17177,16980,14847,3,3,3,15150,14233,12584,11741,10864,9641,3389,3348,2928,21,21,15,56,57,39,8.4,4.6,5.11,20218,24,33446,43,7,1255,1381,1209,27,73
"""490490012022""","""Provo-Orem, UT""",1.00,1561.00,467.00,163.26,43,53,49,24,30,29,19,23,20,6.70,19.17,2.14,2,2,19485,19288,17156,2,2,2,17585,16574,14928,13729,12758,11536,3844,3804,3383,12,12,8,32,33,23,6.1,4.5,2.86,19208,73,29944,43,14,1811,1944,1508,70,30
"""490490012023""","""Provo-Orem, UT""",1.00,1618.00,522.00,103.08,34,42,38,17,22,21,17,20,17,5.82,29.49,1.88,2,2,17257,17060,14928,2,3,2,15504,14571,12922,12082,11189,9967,3404,3364,2944,17,18,12,46,47,32,8.1,4.8,5.06,20204,39,34363,43,6,1327,1563,1224,30,70
"""490490013002""","""Provo-Orem, UT""",1.00,763.00,258.00,81.27,42,51,48,23,29,28,19,22,20,5.82,18.47,2.11,2,2,19100,18903,16771,2,2,2,17359,16356,14708,13577,12613,11391,3768,3728,3307,14,15,10,38,40,27,6.7,4.5,3.17,20046,75,34687,43,7,1767,2097,990,70,30
"""490490013003""","""Provo-Orem, UT""",1.00,1668.00,645.00,202.07,31,38,34,15,19,18,16,19,16,4.98,15.88,1.80,2,2,16878,16681,14549,3,3,3,14899,13991,12342,11549,10680,9458,3330,3289,2869,21,21,15,55,57,39,8.4,4.8,3.19,20018,18,35984,43,10,1127,1440,1074,14,86
"""490490013005""","""Provo-Orem, UT""",1.00,1156.00,328.00,217.93,47,58,54,27,33,32,21,25,22,6.81,10.24,2.33,2,2,20672,20475,18343,2,2,1,19059,17990,16344,14970,13941,12719,4078,4038,3617,11,11,8,29,30,21,4.5,4.9,1.51,18869,99,36435,43,13,2019,2019,,100,0
"""490070003003""","""Price, UT""",1.00,1138.00,605.00,755.81,42,51,32,19,24,14,22,27,18,4.85,3.88,1.49,1,2,16936,16739,17864,1,1,1,12007,11657,13490,8649,8338,9949,3341,3302,3523,17,17,19,16,16,18,5.8,7.4,0.80,2015,32,2866,35,33,861,1250,804,13,87
"""490070001001""","""Price, UT""",1.00,1504.00,496.00,783.36,58,72,44,29,37,21,29,35,23,7.75,4.91,1.95,2,2,21082,20885,22010,1,1,1,15498,15149,17125,11329,11018,12774,4159,4120,4340,10,11,12,10,10,11,2.2,6.1,0.63,2096,93,2745,37,46,1309,1338,964,92,8
"""490070001002""","""Price, UT""",1.00,1913.00,683.00,17412.43,57,71,43,26,33,19,31,38,25,9.01,0.35,2.02,2,2,25356,25159,26285,0,0,0,16768,16418,18417,11760,11449,13228,5002,4963,5183,6,6,6,5,6,6,1.0,0.9,0.04,920,74,683,43,311,1172,1354,769,69,31
"""490070002001""","""Price, UT""",1.00,1414.00,585.00,827.00,50,61,38,23,28,16,27,33,21,6.71,4.74,1.81,2,2,20177,19980,21106,0,1,0,14512,14163,16096,10523,10211,11923,3980,3941,4162,9,10,11,9,9,10,3.8,4.6,0.71,2242,85,3161,39,15,1018,1150,745,67,33
"""490070002002""","""Price, UT""",1.00,1250.00,465.00,2731.14,58,71,44,28,35,20,30,37,24,8.47,1.44,1.99,2,2,23059,22862,23987,0,0,0,16124,15774,17763,11567,11256,13024,4549,4510,4730,8,8,9,7,8,8,1.8,3.2,0.17,1563,89,1428,39,78,1245,1469,,85,15
"""490070002003""","""Price, UT""",1.00,1545.00,575.00,2372.57,55,68,42,27,33,19,29,35,23,8.41,2.04,1.87,2,2,23312,23115,24241,0,0,0,15451,15101,17052,10845,10534,12263,4599,4560,4780,7,8,8,7,7,8,2.5,1.6,0.24,1170,68,736,41,88,1194,1498,764,59,41
"""490070003001""","""Price, UT""",1.00,896.00,359.00,334.35,49,60,37,24,30,17,25,30,20,5.43,5.83,1.67,2,2,18528,18331,19456,1,1,1,13393,13043,14934,9725,9414,11083,3655,3616,3837,12,13,14,12,12,13,5.5,5.7,1.07,2762,56,3763,38,16,1067,1145,978,53,47
"""490070003002""","""Price, UT""",1.00,637.00,231.00,557.58,44,54,34,17,22,12,27,33,21,6.61,2.74,1.83,2,2,19056,18859,19985,1,1,1,14417,14068,16008,10647,10336,12054,3759,3720,3941,11,12,13,11,11,12,4.7,6.8,0.41,2399,77,3528,36,12,772,768,798,86,14
"""490070003004""","""Price, UT""",1.00,1221.00,529.00,174.17,42,51,32,17,21,12,25,30,20,6.24,18.96,1.66,2,2,18298,18101,19226,1,1,1,13264,12915,14801,9642,9331,10995,3609,3571,3791,13,13,14,12,13,13,5.8,5.6,3.04,2743,69,3866,38,7,766,847,668,55,45
"""490490014011""","""Provo-Orem, UT""",1.00,1157.00,285.00,350.22,63,78,73,42,53,51,21,25,22,7.57,6.16,2.32,2,2,21672,21475,19342,1,1,1,19187,18122,16476,14903,13878,12655,4275,4235,3814,9,9,6,24,25,17,4.3,3.2,0.81,14942,87,34616,45,17,3217,3326,2250,90,10
"""490490014012""","""Provo-Orem, UT""",1.00,267.00,49.00,291.25,29,35,32,10,13,13,19,22,20,6.44,1.08,2.05,2,2,20998,20801,18669,2,2,1,17303,16319,14673,13149,12206,10984,4142,4102,3682,11,11,8,29,30,20,7.7,2.0,0.17,12443,10,29133,47,19,786,,1750,55,45
"""490490014013""","""Provo-Orem, UT""",1.00,1773.00,515.00,536.00,38,47,43,21,26,25,18,21,18,6.20,5.96,1.98,2,2,18257,18060,15927,2,2,2,16307,15345,13698,12692,11770,10547,3602,3561,3141,14,14,10,37,38,26,7.5,5.0,0.96,17641,26,37855,42,21,1563,2222,936,49,51
"""490490014032""","""Provo-Orem, UT""",1.00,145.00,59.00,22.11,22,27,24,7,8,8,15,18,15,5.98,15.96,1.69,2,1,15976,15779,13647,3,3,3,14038,13162,11512,10864,10027,8805,3152,3112,2691,22,23,16,60,61,42,8.8,5.5,2.67,21587,0,37871,42,11,516,,516,0,100
"""490490014033""","""Provo-Orem, UT""",1.00,1150.00,348.00,85.27,34,42,38,17,21,21,17,20,17,5.49,22.40,1.91,2,2,17001,16804,14672,2,3,2,15618,14677,13029,12247,11346,10124,3354,3314,2893,17,17,12,45,47,32,7.8,5.5,4.08,22231,40,37246,42,14,1302,1612,1160,31,69
"""490490014041""","""Provo-Orem, UT""",1.00,1411.00,399.00,107.96,39,48,44,21,27,26,18,21,18,5.93,21.91,1.96,2,2,17848,17651,15519,2,3,2,16103,15147,13499,12565,11649,10427,3521,3481,3060,17,18,12,46,47,32,7.5,5.1,3.70,20220,38,38022,43,15,1627,2142,1225,44,56
"""490490014042""","""Provo-Orem, UT""",1.00,2083.00,472.00,66.12,35,42,39,19,24,23,15,18,15,6.43,45.92,1.68,2,1,15880,15683,13551,4,4,4,13966,13093,11442,10807,9973,8751,3133,3093,2672,26,27,18,70,72,49,8.8,5.4,7.14,20698,3,38931,42,7,1461,,1519,4,96
"""490490014043""","""Provo-Orem, UT""",1.00,853.00,421.00,43.38,33,40,36,17,21,21,16,18,16,4.05,39.35,1.72,2,1,16406,16209,14077,3,3,3,14291,13407,11757,11032,10187,8965,3237,3196,2776,23,24,16,61,63,43,8.8,5.3,9.71,20745,2,36083,42,7,1295,1386,1269,22,78
"""490490015011""","""Provo-Orem, UT""",1.00,1203.00,360.00,287.87,50,60,57,28,35,34,21,25,22,7.62,9.53,2.34,2,2,22096,21899,19766,1,1,1,19421,18348,16703,15054,14021,12799,4359,4318,3898,8,9,6,22,23,16,3.6,3.4,1.25,12508,96,30008,45,17,2149,2330,,92,8
"""490490015012""","""Provo-Orem, UT""",1.00,1232.00,339.00,223.10,50,61,57,28,35,34,22,25,23,7.76,11.79,2.36,2,2,22810,22613,20481,1,1,0,19647,18570,16926,15144,14107,12885,4500,4459,4039,4,4,2,9,10,7,3.5,3.6,1.52,10671,96,24730,43,17,2153,2253,,96,4
"""490490015013""","""Provo-Orem, UT""",1.00,1251.00,476.00,2407.85,50,61,57,29,37,35,21,25,22,7.20,1.42,2.26,2,2,23285,23088,20955,1,1,1,19118,18070,16426,14519,13512,12289,4593,4553,4132,6,6,4,15,16,11,4.3,1.3,0.20,7669,43,20962,48,75,2219,2727,1354,63,37
"""490490015031""","""Provo-Orem, UT""",1.00,1792.00,547.00,295.47,44,53,49,24,30,29,19,23,20,6.22,11.52,2.15,2,2,19421,19224,17092,1,1,1,17637,16623,14977,13796,12822,11600,3831,3791,3370,10,10,7,27,28,19,5.9,5.2,1.85,14789,75,32067,42,9,1840,2000,1419,72,28
"""490490024001""","""Provo-Orem, UT""",1.00,1099.00,478.00,98.28,30,37,33,15,19,18,15,18,15,4.38,21.32,1.66,2,1,15429,15232,13100,5,5,5,13763,12896,11241,10682,9854,8631,3044,3004,2583,37,38,26,99,101,69,9.0,5.7,4.86,22505,9,31073,41,5,1149,1475,1111,10,90
"""490490015032""","""Provo-Orem, UT""",1.00,2138.00,639.00,930.39,49,60,56,28,35,34,21,25,22,7.16,4.92,2.32,2,2,22432,22235,20102,1,1,0,19353,18286,16642,14925,13898,12676,4425,4385,3964,4,4,2,9,10,7,2.8,4.4,0.69,10403,95,20257,42,34,2115,2179,1807,83,17
"""490490015041""","""Provo-Orem, UT""",1.00,2039.00,496.00,160.59,37,45,41,19,24,23,18,21,18,6.44,19.89,1.97,2,2,17563,17366,15234,2,2,2,16137,15177,13530,12659,11738,10516,3465,3425,3004,14,14,10,37,38,26,7.2,5.2,3.09,19222,59,34274,42,10,1467,2423,937,36,64
"""490070005001""","""Price, UT""",1.00,1684.00,616.00,271803.84,64,79,48,30,38,21,34,42,27,9.01,0.02,2.22,2,2,26994,26797,27923,0,0,0,18222,17872,19933,12892,12580,14420,5325,5286,5506,5,6,6,5,5,6,0.0,1.0,0.00,722,89,1280,43,992,1345,1395,1099,83,17
"""490070005002""","""Price, UT""",1.00,1439.00,561.00,470.56,53,66,40,24,30,17,29,36,23,8.76,10.45,1.87,2,2,24898,24701,25826,0,0,0,15809,15460,17412,10889,10578,12310,4911,4873,5093,9,9,10,8,9,9,3.7,0.6,1.19,846,93,452,44,11,1065,1111,920,76,24
"""490070005003""","""Price, UT""",1.00,874.00,436.00,3455.22,48,59,36,18,23,13,30,36,23,8.00,1.01,1.90,2,2,24683,24486,25612,0,0,0,15906,15556,17516,11028,10717,12456,4869,4830,5051,8,8,9,8,8,9,2.6,0.8,0.13,816,67,507,43,84,822,921,634,66,34
"""490490015042""","""Provo-Orem, UT""",1.00,858.00,259.00,156.86,47,58,54,27,34,33,20,24,21,6.47,10.69,2.23,2,2,19707,19510,17378,1,1,1,18222,17184,15538,14325,13326,12104,3888,3847,3427,10,10,7,26,27,18,6.6,4.9,1.65,17013,59,33167,42,14,2079,2171,,96,4
"""490490015043""","""Provo-Orem, UT""",1.00,267.00,93.00,82.23,46,56,52,26,32,31,21,24,21,6.69,7.57,2.28,2,2,21000,20803,18671,1,1,1,18817,17762,16118,14670,13656,12434,4143,4102,3682,4,4,3,10,11,7,5.3,4.7,1.13,15304,100,29329,42,6,1939,2121,,91,9
"""490070006002""","""Price, UT""",1.00,1040.00,553.00,123834.66,55,67,41,21,26,15,34,42,27,9.25,0.04,2.17,2,2,28461,28264,29390,0,0,0,18242,17893,19938,12623,12312,14137,5614,5575,5796,5,5,6,5,5,5,0.0,0.3,0.00,687,96,187,44,1346,926,1061,643,68,32
"""490490027022""","""Provo-Orem, UT""",1.00,1850.00,480.00,205.05,41,50,46,23,29,28,17,21,18,6.44,15.07,1.91,2,2,18587,18390,16258,1,1,1,15931,14989,13343,12255,11353,10131,3667,3626,3206,9,9,6,24,25,17,8.0,4.0,2.34,10710,22,19422,42,9,1777,2068,1599,38,62
"""490070006003""","""Price, UT""",1.00,2342.00,737.00,52223.60,64,79,48,32,40,23,32,39,25,9.47,0.13,2.09,2,2,26048,25851,26976,0,0,0,17268,16918,18937,12125,11813,13612,5138,5099,5320,5,6,6,5,5,6,0.8,0.7,0.01,972,63,820,44,645,1431,1551,1050,76,24
"""490490015044""","""Provo-Orem, UT""",1.00,781.00,235.00,273.19,51,62,58,30,38,36,21,25,22,7.31,6.29,2.33,2,2,21896,21699,19567,1,1,0,19258,18191,16547,14935,13908,12686,4320,4279,3859,4,4,3,10,10,7,3.8,4.4,0.86,12514,97,23636,42,16,2280,2516,,91,9
"""490490016011""","""Provo-Orem, UT""",1.00,1930.00,428.00,66.55,28,34,31,13,16,16,15,18,15,4.77,30.71,1.66,2,1,15735,15538,13406,3,3,3,13804,12937,11287,10677,9850,8627,3104,3064,2644,22,23,16,60,62,42,8.9,5.3,6.43,19853,1,37006,42,7,972,,972,0,100
"""490490016012""","""Provo-Orem, UT""",1.00,2102.00,329.00,46.39,28,34,31,13,16,16,15,18,15,5.35,37.97,1.68,2,1,15679,15482,13349,3,3,3,13920,13047,11398,10807,9973,8751,3093,3053,2632,21,21,15,55,57,39,8.9,5.5,7.09,22643,2,36732,42,8,991,,1062,7,93
"""490490016022""","""Provo-Orem, UT""",1.00,759.00,134.00,216.65,28,34,31,12,16,15,16,19,16,8.10,5.01,1.75,2,1,16216,16019,13887,3,3,3,14437,13545,11895,11218,10365,9142,3199,3159,2738,20,21,14,54,56,38,8.5,5.6,0.62,22123,0,34592,41,24,944,,944,0,100
"""490490024002""","""Provo-Orem, UT""",1.00,1264.00,601.00,146.74,29,36,32,15,18,18,15,17,15,4.08,16.70,1.64,2,1,15479,15282,13150,6,6,5,13606,12747,11091,10513,9693,8471,3054,3014,2593,39,40,28,104,107,74,9.0,5.5,4.10,20975,4,27551,41,5,1104,,1140,3,97
"""490490025001""","""Provo-Orem, UT""",1.00,1320.00,502.00,59.23,34,42,38,18,22,22,17,19,17,4.87,41.24,1.84,2,2,16500,16303,14171,4,4,4,15069,14150,12498,11786,10906,9684,3255,3215,2794,28,29,20,75,77,52,8.2,5.4,8.48,20608,46,26911,41,5,1358,2273,945,31,69
"""490490017012""","""Provo-Orem, UT""",1.00,1783.00,568.00,1474.12,56,68,64,35,44,42,21,25,22,7.02,2.70,2.28,2,2,21942,21745,19613,1,1,1,18961,17908,16264,14628,13616,12393,4329,4288,3868,4,4,3,10,10,7,3.6,4.2,0.39,11048,61,15506,42,82,2652,3111,956,79,21
"""490490017013""","""Provo-Orem, UT""",1.00,573.00,131.00,64.32,25,30,27,8,10,10,17,20,17,,,1.89,2,2,17146,16949,14817,2,2,2,15559,14622,12974,12161,11264,10042,3383,3342,2922,15,16,11,41,42,29,8.1,5.2,2.04,18836,31,27183,41,11,608,,885,31,69
"""490490017021""","""Provo-Orem, UT""",1.00,1053.00,310.00,66.32,27,32,29,11,14,13,16,19,16,6.10,28.50,1.78,2,2,16002,15805,13673,2,2,2,14614,13711,12063,11442,10578,9356,3157,3117,2696,15,16,11,41,42,28,8.4,5.2,4.67,18858,33,25219,41,6,823,,850,3,97
"""490490017022""","""Provo-Orem, UT""",1.00,1331.00,330.00,176.00,46,57,53,29,36,35,17,20,18,6.70,12.56,1.90,2,2,18154,17957,15825,1,1,1,15775,14837,13191,12185,11287,10065,3581,3541,3121,9,9,6,23,24,17,8.1,5.1,1.87,15918,28,19359,41,10,2212,3500,1514,35,65
"""490490017023""","""Provo-Orem, UT""",1.00,2281.00,461.00,75.16,33,39,36,16,20,19,17,20,17,6.52,39.98,1.88,2,2,16692,16495,14362,2,2,2,15370,14438,12790,12062,11169,9947,3293,3253,2832,16,16,11,42,43,29,7.9,5.4,6.13,18834,51,25336,41,6,1192,1723,1022,24,76
"""490490018011""","""Provo-Orem, UT""",1.00,1568.00,495.00,31.43,28,34,31,13,17,16,15,18,15,5.46,86.02,1.66,2,1,15147,14950,12818,4,4,4,13654,12789,11137,10638,9812,8590,2988,2948,2528,27,28,19,73,75,51,8.9,5.6,15.75,22805,8,34601,41,5,1012,,1012,0,100
"""490490018012""","""Provo-Orem, UT""",1.00,949.00,344.00,31.34,25,30,27,10,13,12,15,18,15,4.17,45.75,1.68,2,1,15253,15056,12924,4,4,3,13794,12923,11272,10759,9928,8705,3009,2969,2549,26,26,18,68,70,48,8.9,5.6,10.98,21780,11,32738,41,4,761,,781,3,97
"""490490018013""","""Provo-Orem, UT""",1.00,2232.00,628.00,36.35,26,31,28,11,14,13,15,18,15,5.31,91.79,1.67,2,1,15164,14967,12835,4,4,3,13770,12899,11248,10753,9921,8699,2991,2951,2531,26,27,18,69,71,48,8.9,5.6,17.28,20636,16,29827,41,4,836,,836,0,100
"""490490018014""","""Provo-Orem, UT""",1.00,2283.00,548.00,24.18,31,37,34,15,19,19,15,18,15,5.82,131.86,1.69,2,1,14994,14797,12664,4,4,4,13816,12942,11290,10831,9996,8774,2958,2918,2497,27,28,19,73,75,51,8.9,5.5,22.66,23222,22,34972,42,3,1169,,1193,2,98
"""490490018021""","""Provo-Orem, UT""",1.00,1500.00,417.00,32.58,30,37,34,16,19,19,15,17,15,5.57,71.29,1.64,2,1,15041,14844,12712,4,4,4,13537,12676,11024,10541,9720,8497,2967,2927,2507,29,29,20,76,78,53,9.0,5.7,12.80,22650,6,32126,41,4,1184,,1184,0,100
"""490490018022""","""Provo-Orem, UT""",1.00,1608.00,605.00,31.79,27,32,29,12,15,14,15,17,15,5.15,97.96,1.65,2,1,15129,14932,12799,4,4,4,13626,12762,11111,10614,9790,8567,2985,2944,2524,27,28,19,72,75,51,8.9,5.7,19.03,22304,7,32060,41,5,906,,918,1,99
"""490490018023""","""Provo-Orem, UT""",1.00,3377.00,615.00,48.59,28,34,31,13,16,15,15,18,15,5.67,71.82,1.72,2,1,15331,15134,13001,3,3,3,14093,13209,11559,11047,10202,8979,3024,2984,2564,23,23,16,60,62,42,8.9,5.6,12.66,21442,23,30274,41,3,968,,1086,11,89
"""490490018024""","""Provo-Orem, UT""",1.00,1733.00,357.00,31.15,31,37,34,15,19,18,16,18,16,6.28,71.95,1.73,2,1,15582,15385,13253,3,3,3,14197,13310,11661,11103,10256,9033,3074,3034,2613,20,21,14,54,55,38,8.6,5.4,11.46,20277,25,28086,41,6,1152,,1152,0,100
"""490490018031""","""Provo-Orem, UT""",1.00,933.00,417.00,43.09,29,35,32,14,17,17,15,18,15,4.60,44.54,1.71,2,1,15550,15353,13221,4,4,3,14083,13201,11550,10990,10148,8926,3068,3028,2607,25,25,17,66,68,46,8.8,5.7,9.68,21855,14,29941,41,5,1040,1898,952,9,91
"""490490018032""","""Provo-Orem, UT""",1.00,970.00,342.00,76.77,31,37,34,14,18,17,17,20,17,5.08,22.64,1.86,2,2,16449,16252,14120,2,2,2,15177,14251,12604,11919,11033,9810,3245,3205,2784,13,14,9,36,37,25,8.3,5.3,4.46,20361,41,27452,41,6,1088,1604,928,24,76
"""490490019001""","""Provo-Orem, UT""",1.00,1100.00,257.00,128.94,28,34,31,13,16,15,15,18,15,4.91,9.79,1.71,2,1,15838,15641,13509,3,3,3,14096,13216,11566,10950,10109,8887,3125,3084,2664,22,22,15,57,59,40,8.8,5.5,1.99,23352,2,37225,42,11,968,,983,2,98
"""490490019002""","""Provo-Orem, UT""",1.00,1190.00,567.00,80.37,27,32,29,12,15,14,15,18,15,4.51,31.82,1.68,2,1,15577,15380,13248,4,4,3,13895,13022,11371,10797,9964,8741,3073,3033,2613,25,26,18,66,68,47,8.9,5.4,7.05,23458,5,34815,42,8,883,,883,0,100
"""490490019003""","""Provo-Orem, UT""",1.00,1494.00,630.00,48.60,29,35,32,14,17,17,15,18,15,4.75,61.56,1.71,2,1,15620,15423,13290,3,4,3,14055,13175,11524,10950,10109,8887,3081,3041,2621,24,25,17,63,65,45,8.9,5.3,12.96,22942,12,32308,42,5,1056,1601,994,10,90
"""490490020011""","""Provo-Orem, UT""",1.00,1244.00,495.00,103.26,31,37,34,14,18,17,16,19,16,4.96,23.80,1.81,2,2,16425,16228,14096,3,3,2,14910,13997,12349,11653,10779,9557,3240,3200,2780,18,18,12,47,48,33,8.6,5.2,4.79,21572,27,30427,42,6,1087,1609,927,23,77
"""490490020012""","""Provo-Orem, UT""",1.00,1212.00,449.00,59.56,33,39,36,16,21,20,16,19,16,4.94,37.25,1.79,2,2,16234,16037,13905,3,3,3,14713,13808,12159,11492,10626,9404,3203,3162,2742,19,19,13,50,52,35,8.6,5.2,7.54,22517,25,33464,42,7,1247,2030,1069,18,82
"""490490020013""","""Provo-Orem, UT""",1.00,1088.00,303.00,59.17,32,38,35,16,20,20,15,18,15,5.10,26.12,1.70,2,1,15885,15688,13556,3,3,3,14085,13206,11557,10930,10091,8869,3134,3094,2673,21,22,15,56,58,40,8.8,5.4,5.12,22838,5,35097,42,8,1227,,1295,5,95
"""490490109002""","""Provo-Orem, UT""",1.00,661.00,197.00,270937.97,57,70,66,32,40,39,25,30,27,10.06,0.01,2.67,3,2,30273,30076,27944,0,0,0,23099,21928,20285,17124,15995,14773,5972,5931,5510,2,2,2,6,6,4,0.0,0.7,0.00,990,86,1201,44,1481,2421,2476,2063,87,13
"""490490102133""","""Provo-Orem, UT""",1.00,609.00,148.00,208.01,60,74,70,38,47,46,23,27,24,9.23,6.57,2.46,2,2,25179,24982,22849,1,1,1,20748,19641,17996,15776,14709,13487,4967,4926,4506,5,5,3,13,13,9,2.1,1.7,0.71,11308,96,14793,46,52,2854,2854,,100,0
"""490490005112""","""Provo-Orem, UT""",1.00,756.00,384.00,161.00,30,36,33,13,16,16,17,20,17,4.32,10.31,1.84,2,2,18956,18759,16627,2,2,2,15588,14667,13018,11831,10949,9727,3740,3699,3279,18,18,13,50,51,35,8.3,2.2,2.39,14253,17,25200,46,6,972,,1177,17,83
"""490490025002""","""Provo-Orem, UT""",1.00,1318.00,494.00,66.38,33,40,37,16,20,20,17,20,17,5.13,38.15,1.90,2,2,16740,16543,14411,2,2,2,15505,14567,12920,12190,11291,10069,3302,3262,2842,13,14,9,35,36,25,8.1,5.2,7.44,19605,55,26028,41,4,1237,1522,1088,34,66
"""490490016023""","""Provo-Orem, UT""",1.00,1734.00,27.00,88.49,,,,,,,16,19,16,,,1.82,2,2,16374,16177,14045,3,3,2,14908,13995,12346,11660,10786,9564,3230,3190,2770,18,18,13,47,49,33,8.3,5.3,0.31,20082,19,31312,42,15,,,,0,100
"""490490020021""","""Provo-Orem, UT""",1.00,882.00,292.00,70.38,35,42,39,17,21,20,18,21,18,6.52,27.06,1.99,2,2,18670,18473,16341,1,1,1,16474,15508,13862,12781,11855,10633,3683,3643,3222,10,10,7,25,26,18,6.9,4.9,4.15,20684,48,30371,42,23,1274,1097,1402,42,58
"""490490022112""","""Provo-Orem, UT""",1.00,232.00,68.00,239.72,,,,,,,19,23,20,,,2.09,2,2,20316,20119,17986,2,2,2,17455,16459,14812,13435,12478,11256,4008,3967,3547,13,13,9,34,35,24,3.1,3.0,0.28,14657,100,24142,44,30,,,,16,84
"""490490020022""","""Provo-Orem, UT""",1.00,1945.00,649.00,207.70,34,41,38,17,21,20,17,20,18,5.76,18.00,1.91,2,2,17737,17540,15408,1,1,1,15796,14853,13207,12288,11385,10162,3499,3459,3038,9,9,6,23,24,16,8.2,4.3,3.12,18725,25,26094,42,10,1259,1234,1282,47,53
"""490490025003""","""Provo-Orem, UT""",1.00,761.00,301.00,63.57,31,38,35,15,19,18,16,19,16,5.11,24.20,1.78,2,2,16418,16221,14089,4,5,4,14728,13824,12172,11458,10594,9372,3239,3199,2778,31,32,22,83,85,58,8.6,5.3,4.74,19503,27,25741,42,5,1151,1655,969,27,73
"""490490021011""","""Provo-Orem, UT""",1.00,2372.00,670.00,246.42,41,49,46,22,27,26,19,22,19,6.74,18.34,2.10,2,2,19113,18916,16784,2,2,2,17279,16280,14633,13497,12537,11315,3771,3730,3310,12,12,8,31,32,22,7.6,4.5,2.72,18256,48,25868,43,8,1641,1685,1458,81,19
"""490490021012""","""Provo-Orem, UT""",1.00,614.00,194.00,129.96,51,62,58,30,37,36,21,25,22,6.51,9.71,2.32,2,2,20731,20534,18402,1,1,1,18992,17927,16281,14893,13868,12646,4090,4049,3629,10,10,7,26,27,19,4.9,4.6,1.49,19212,95,28443,43,13,2258,2282,,99,1
"""490490021013""","""Provo-Orem, UT""",1.00,770.00,241.00,147.81,42,52,48,22,28,27,20,23,21,6.29,10.26,2.22,2,2,19494,19297,17165,2,2,2,18096,17062,15415,14238,13244,12021,3846,3805,3385,13,13,9,34,35,24,6.7,5.0,1.63,20190,72,33354,42,10,1709,1864,,92,8
"""490490021021""","""Provo-Orem, UT""",1.00,1154.00,252.00,128.13,45,55,51,25,31,30,20,24,21,7.22,14.20,2.25,2,2,19876,19679,17547,1,1,1,18352,17309,15663,14421,13418,12196,3921,3881,3460,10,10,7,26,27,19,5.6,5.1,1.97,20577,98,30905,42,9,1872,2115,,88,12
"""490490021022""","""Provo-Orem, UT""",1.00,1395.00,439.00,160.17,38,46,42,20,25,24,18,21,18,6.31,17.30,2.02,2,2,17841,17644,15512,2,2,2,16491,15517,13870,12959,12024,10802,3520,3479,3059,13,13,9,35,36,24,7.3,5.3,2.74,22146,62,34430,42,10,1492,1588,1396,50,50
"""490490021023""","""Provo-Orem, UT""",1.00,453.00,130.00,143.08,36,44,40,18,22,21,18,22,19,6.75,6.13,2.03,2,2,19319,19122,16989,1,1,1,16857,15879,14234,13040,12102,10879,3811,3771,3350,6,6,4,16,17,11,6.5,4.4,0.91,17639,52,24028,42,20,1346,1441,1281,41,59
"""490490022041""","""Provo-Orem, UT""",1.00,1926.00,593.00,970.50,43,53,49,23,28,28,20,24,21,7.15,4.37,2.22,2,2,22303,22106,19974,1,1,0,18655,17619,15975,14251,13256,12034,4400,4359,3939,4,4,3,10,10,7,4.2,2.5,0.61,11199,75,15298,44,29,1730,1686,1798,61,39
"""490490022042""","""Provo-Orem, UT""",1.00,964.00,256.00,163.60,42,51,47,21,26,25,21,25,22,8.40,13.14,2.34,2,2,22570,22373,20240,1,1,0,19475,18403,16759,15018,13988,12765,4452,4412,3991,4,4,3,10,10,7,4.4,3.1,1.56,13974,100,18545,44,10,1559,1636,,95,5
"""490490022043""","""Provo-Orem, UT""",1.00,710.00,222.00,309.37,46,56,53,27,34,33,19,23,20,6.39,4.59,2.14,2,2,20187,19990,17857,1,1,1,17746,16734,15089,13756,12784,11562,3982,3942,3521,8,8,6,22,22,15,4.8,3.6,0.72,15880,81,21478,43,19,2038,2008,2068,50,50
"""490490022051""","""Provo-Orem, UT""",1.00,2302.00,666.00,737.99,44,53,50,23,28,28,21,25,22,7.30,6.58,2.28,2,2,22811,22614,20482,1,1,1,19146,18092,16448,14641,13628,12406,4500,4459,4039,5,5,3,12,12,8,5.0,1.5,0.90,7665,62,10546,45,23,1730,1861,995,85,15
"""490490022052""","""Provo-Orem, UT""",1.00,1898.00,540.00,210.09,40,49,45,20,26,25,20,23,21,6.79,17.46,2.17,2,2,21277,21080,18948,1,1,1,18163,17142,15497,13960,12978,11756,4197,4157,3737,6,6,4,16,17,12,6.3,3.0,2.57,13562,68,17433,44,10,1554,1549,1570,76,24
"""490490022061""","""Provo-Orem, UT""",1.00,908.00,293.00,120.98,41,49,46,21,27,26,19,23,20,6.74,16.34,2.11,2,2,19621,19425,17292,1,1,1,17451,16447,14803,13574,12611,11389,3871,3830,3410,6,6,4,16,16,11,6.8,3.4,2.42,15337,54,20511,43,13,1633,1820,1183,71,29
"""490490022062""","""Provo-Orem, UT""",1.00,1474.00,487.00,142.24,44,54,50,24,29,29,21,24,21,7.01,24.01,2.26,2,2,21226,21029,18896,1,1,1,18715,17667,16022,14522,13514,12292,4187,4147,3726,6,6,4,15,15,11,5.1,2.8,3.42,13353,94,17393,43,8,1791,1892,1075,88,12
"""490490022063""","""Provo-Orem, UT""",1.00,775.00,239.00,149.25,41,50,46,20,25,24,21,25,22,7.68,12.29,2.32,2,2,22354,22157,20025,1,1,1,19300,18235,16591,14886,13861,12639,4410,4369,3949,5,5,3,13,13,9,3.7,2.2,1.60,11022,97,14521,44,17,1501,1733,,87,13
"""490490022081""","""Provo-Orem, UT""",1.00,3517.00,1021.00,698.91,45,55,51,26,32,31,19,23,20,7.73,11.30,2.06,2,2,21880,21683,19551,2,2,2,17531,16545,14898,13202,12256,11034,4316,4276,3855,12,12,8,32,33,23,6.8,1.1,1.46,9893,28,17785,48,27,1962,1989,1929,55,45
"""490490025004""","""Provo-Orem, UT""",1.00,1125.00,442.00,66.47,28,34,30,13,16,15,15,18,15,4.67,31.05,1.67,2,1,15858,15661,13528,4,4,3,13874,13005,11354,10721,9891,8669,3128,3088,2668,25,26,18,67,69,47,8.8,5.0,6.65,18323,12,24950,41,6,958,,994,4,96
"""490490022082""","""Provo-Orem, UT""",1.00,2620.00,731.00,307.35,53,64,60,31,39,38,21,25,22,7.95,18.91,2.31,2,2,23301,23104,20971,2,2,1,19451,18388,16742,14844,13821,12599,4597,4556,4135,11,11,8,29,30,20,4.7,1.1,2.38,12189,94,19469,48,10,2377,2394,2223,90,10
"""490490022093""","""Provo-Orem, UT""",1.00,4606.00,1875.00,373.42,39,47,43,22,28,27,16,19,17,6.31,31.66,1.75,2,1,19163,18966,16834,3,3,3,15009,14117,12467,11208,10356,9133,3780,3740,3320,20,21,14,54,56,38,8.5,1.5,5.02,15204,0,24473,47,11,1676,1732,1670,10,90
"""490490022101""","""Provo-Orem, UT""",1.00,1657.00,525.00,140.97,40,49,46,24,30,29,16,19,17,5.91,22.03,1.76,2,2,18722,18525,16393,4,5,4,15018,14122,12469,11294,10438,9215,3693,3653,3233,31,31,21,81,83,57,7.8,2.4,3.72,14513,4,25193,46,28,1820,,1820,0,100
"""490490022102""","""Provo-Orem, UT""",1.00,638.00,176.00,140.76,46,56,52,26,33,32,20,23,20,7.53,9.41,2.14,2,2,21092,20895,18762,2,2,2,17913,16902,15254,13736,12765,11542,4161,4120,3700,16,17,12,44,45,31,5.3,1.9,1.25,15473,82,27426,47,13,2005,2161,1809,56,44
"""490490022111""","""Provo-Orem, UT""",1.00,1477.00,465.00,69.30,34,41,38,18,23,22,16,18,16,5.94,39.86,1.69,2,1,17824,17627,15494,3,3,3,14364,13490,11840,10827,9992,8770,3516,3476,3055,21,22,15,57,59,40,8.8,2.3,6.71,14269,0,24526,45,4,1381,1755,1329,12,88
"""490490022121""","""Provo-Orem, UT""",1.00,125.00,56.00,1106.73,,,,,,,20,23,20,6.09,0.31,2.12,2,2,21802,21605,19473,2,2,2,17953,16946,15300,13640,12674,11451,4301,4260,3840,12,12,8,31,32,22,3.4,1.9,0.05,10461,32,17908,46,277,,,,32,68
"""490490022122""","""Provo-Orem, UT""",1.00,2488.00,744.00,351.80,44,53,49,24,29,29,20,24,21,7.73,16.35,2.17,2,2,21784,21587,19455,2,2,2,18228,17208,15561,13917,12938,11716,4297,4257,3836,13,14,9,35,36,25,7.1,1.5,2.11,12296,39,20702,47,15,1788,1762,1976,88,12
"""490490022123""","""Provo-Orem, UT""",1.00,2436.00,579.00,885.77,52,64,60,29,37,36,23,27,24,8.82,5.77,2.48,2,2,24571,24374,22242,1,1,1,20783,19669,18024,15930,14856,13634,4847,4807,4386,6,6,4,17,17,12,2.5,1.2,0.65,12028,100,18826,48,44,2234,2250,,99,1
"""490490027021""","""Provo-Orem, UT""",1.00,1811.00,565.00,111.67,41,50,47,23,29,28,18,21,19,6.49,32.86,1.98,2,2,19413,19216,17084,1,1,1,16536,15573,13929,12700,11778,10556,3830,3789,3369,6,6,4,15,16,11,7.6,4.4,5.06,10973,36,18033,42,9,1768,1736,1804,53,47
"""490490022131""","""Provo-Orem, UT""",1.00,3312.00,933.00,2416.33,45,54,50,23,29,28,22,26,23,8.18,3.16,2.38,2,2,22829,22632,20500,1,1,1,19767,18684,17040,15259,14216,12994,4504,4463,4042,5,5,3,13,13,9,2.3,3.1,0.39,8913,97,17496,44,49,1738,1752,1663,84,16
"""490490022132""","""Provo-Orem, UT""",1.00,60.00,18.00,757.22,,,,,,,22,26,23,,,2.39,2,2,24053,23856,21724,1,1,1,20120,19032,17387,15370,14322,13100,4745,4704,4284,5,5,3,13,13,9,0.6,1.8,0.02,8033,100,11162,45,252,,,,50,50
"""490490023001""","""Provo-Orem, UT""",1.00,1059.00,358.00,121.22,32,39,36,16,19,19,17,20,17,6.06,17.90,1.83,2,2,17403,17206,15073,2,2,2,15175,14258,12612,11731,10854,9631,3433,3393,2972,11,12,8,30,31,21,8.3,4.0,2.95,17320,21,24760,42,10,1180,1418,1099,25,75
"""490490023002""","""Provo-Orem, UT""",1.00,957.00,355.00,80.96,32,39,36,16,20,19,17,19,17,5.08,22.26,1.84,2,2,16496,16299,14167,4,5,4,15071,14152,12499,11786,10907,9684,3254,3214,2794,31,31,22,81,84,57,8.0,5.3,4.39,20029,55,26631,42,5,1207,1844,1064,18,82
"""490490023003""","""Provo-Orem, UT""",1.00,1698.00,514.00,123.91,34,42,38,17,22,21,17,20,17,6.10,25.32,1.89,2,2,17162,16965,14832,3,3,3,15545,14609,12960,12140,11243,10021,3386,3345,2925,20,21,14,54,55,38,7.9,4.9,4.15,19022,55,26256,42,5,1313,1531,1198,35,65
"""490499803002""","""Provo-Orem, UT""",1.00,1826.00,816.00,74.97,28,34,31,13,16,15,15,18,15,4.31,46.87,1.68,2,1,16531,16334,14202,4,4,3,14057,13185,11534,10770,9938,8715,3261,3221,2801,26,27,18,69,71,49,8.7,4.2,10.88,16086,9,22946,42,6,953,,1023,7,93
"""490490014034""","""Provo-Orem, UT""",1.00,1149.00,189.00,66.07,,,,,,,15,18,15,,,1.69,2,1,15965,15768,13636,3,4,3,14030,13155,11504,10857,10021,8798,3150,3109,2689,24,25,17,64,66,45,8.7,5.6,2.86,21031,0,38274,42,11,,,,0,100
"""490490016013""","""Provo-Orem, UT""",1.00,1105.00,190.00,36.65,22,27,24,7,9,9,15,18,15,6.96,36.09,1.66,2,1,15517,15320,13188,3,3,3,13751,12885,11235,10668,9840,8618,3061,3021,2601,23,23,16,61,62,43,8.9,5.5,5.18,22436,0,36113,42,7,542,,542,0,100
"""490490017011""","""Provo-Orem, UT""",1.00,1590.00,519.00,152.13,47,58,54,28,35,34,19,23,20,6.32,21.55,2.15,2,2,19706,19509,17377,1,1,1,17696,16682,15036,13799,12825,11603,3888,3847,3427,9,9,6,24,25,17,6.4,4.9,3.41,17558,84,26418,42,7,2125,2510,1111,72,28
"""490490101073""","""Provo-Orem, UT""",1.00,959.00,264.00,18632.63,54,65,61,29,36,35,25,29,26,9.61,0.14,2.62,3,2,29095,28898,26766,0,0,0,22598,21440,19796,16853,15736,14514,5740,5699,5278,5,5,4,13,13,9,0.4,0.7,0.01,2731,100,2950,46,233,2183,2260,,97,3
"""490490102091""","""Provo-Orem, UT""",1.00,1362.00,479.00,285.91,58,71,66,38,47,46,20,23,21,,,2.13,2,2,22585,22388,20256,1,1,1,18140,17131,15487,13680,12712,11489,4455,4415,3994,5,5,3,13,14,9,5.6,2.4,1.68,8301,63,10415,44,11,2863,2417,3501,59,41
"""490490102263""","""Provo-Orem, UT""",1.00,1093.00,291.00,169.29,42,51,47,20,25,25,22,26,23,8.80,15.12,2.37,2,2,23206,23009,20876,1,1,1,19782,18702,17057,15196,14157,12935,4578,4537,4117,8,8,5,21,22,15,3.5,2.3,1.72,13120,97,18603,46,17,1544,1610,,96,4
"""490490107002""","""Provo-Orem, UT""",1.00,1369.00,429.00,269.11,42,51,47,20,25,25,22,25,23,7.99,12.74,2.33,2,2,23646,23449,21317,1,1,1,19639,18570,16925,14969,13940,12718,4665,4624,4204,5,5,4,14,15,10,4.3,1.5,1.59,13988,85,22333,47,16,1542,1565,1333,90,10
"""490499804001""","""Provo-Orem, UT""",1.00,496.00,83.00,836.83,,,,,,,21,24,22,,,2.30,2,2,20914,20717,18584,1,1,1,18889,17830,16185,14757,13739,12516,4126,4085,3665,6,6,4,15,15,11,3.2,4.7,0.10,12821,76,15878,41,70,,,,76,24
"""490490011033""","""Provo-Orem, UT""",1.00,0.00,0.00,180.57,,,,,,,,,,,,,,,,,,,,,,,,,,,,,,,,,,,,,,0.00,,,,,,,,,,
"""490499801001""","""Provo-Orem, UT""",1.00,0.00,0.00,19577.73,,,,,,,,,,,,,,,,,,,,,,,,,,,,,,,,,,,,,,0.00,,,,,,,,,,
"""490490016021""","""Provo-Orem, UT""",1.00,1168.00,5.00,82.62,,,,,,,16,19,16,,,1.81,2,2,16247,16050,13918,3,3,3,14859,13947,12298,11635,10762,9540,3205,3165,2745,19,19,13,50,51,35,8.5,5.4,0.06,21202,9,34568,42,17,,,,0,100
"""490499806001""","""Provo-Orem, UT""",1.00,0.00,0.00,1266.33,,,,,,,,,,,,,,,,,,,,,,,,,,,,,,,,,,,,,,0.00,,,,,,,,,,
"""490490022091""","""Provo-Orem, UT""",1.00,0.00,0.00,931.65,,,,,,,,,,,,,,,,,,,,,,,,,,,,,,,,,,,,,,0.00,,,,,,,,,,
"""490490013004""","""Provo-Orem, UT""",1.00,58.00,31.00,19.02,,,,,,,16,18,16,,,1.71,2,1,16637,16440,14307,3,3,3,14265,13385,11735,10961,10120,8898,3282,3242,2821,22,23,16,59,61,42,8.6,4.7,1.63,19371,0,36129,43,10,,,,0,100
"""490490001021""","""Provo-Orem, UT""",1.00,900.00,262.00,265.65,42,52,48,21,26,26,21,25,22,8.37,8.25,2.29,2,2,23461,23264,21132,1,1,1,19338,18282,16633,14692,13677,12454,4628,4588,4167,17,18,12,42,43,29,3.7,0.8,0.99,12551,92,27522,49,15,1608,1641,1538,68,32
"""490490001022""","""Provo-Orem, UT""",1.00,675.00,247.00,267.32,42,51,48,22,28,27,20,24,21,7.58,7.00,2.17,2,2,22640,22443,20311,1,1,1,18409,17389,15740,13922,12943,11720,4466,4426,4005,21,21,14,50,51,35,6.1,0.6,0.92,13402,56,21741,50,12,1678,1943,1331,57,43
"""490490001023""","""Provo-Orem, UT""",1.00,1289.00,372.00,275.84,40,49,45,20,25,24,20,24,21,7.57,10.21,2.20,2,2,22391,22194,20062,1,1,1,18536,17508,15859,14097,13110,11887,4417,4377,3956,22,22,15,52,54,37,5.7,0.9,1.35,13598,69,21226,48,10,1500,1784,958,66,34
"""490490001024""","""Provo-Orem, UT""",1.00,1595.00,558.00,218.46,39,48,44,19,24,23,20,24,21,7.11,18.15,2.18,2,2,22271,22074,19941,1,1,1,18437,17412,15763,14023,13038,11816,4393,4353,3932,21,21,14,50,51,35,5.9,0.9,2.55,13202,72,20518,48,7,1455,1652,1055,67,33
"""490490001031""","""Provo-Orem, UT""",1.00,669.00,238.00,203.46,34,41,37,12,15,15,21,25,22,6.93,8.11,2.31,2,2,23382,23185,21052,1,1,1,19465,18402,16755,14839,13817,12595,4613,4572,4151,13,13,9,32,32,22,4.2,1.0,1.17,12966,100,19916,48,7,939,1158,,81,19
"""490490001032""","""Provo-Orem, UT""",1.00,1230.00,423.00,466.94,44,53,50,24,30,29,20,23,20,6.82,6.18,2.14,2,2,21835,21638,19506,2,2,2,18067,17056,15403,13728,12757,11535,4307,4267,3846,31,32,22,76,78,53,5.4,1.5,0.91,13005,66,23526,47,14,1822,1714,1986,60,40
"""490490001033""","""Provo-Orem, UT""",1.00,852.00,362.00,176.81,26,31,28,6,8,8,20,23,20,6.72,13.76,2.12,2,2,22279,22082,19950,1,1,1,18025,17019,15373,13620,12654,11432,4395,4355,3934,10,11,7,25,26,17,6.4,1.2,2.05,12485,67,19845,47,6,485,,1020,52,48
"""490490001034""","""Provo-Orem, UT""",1.00,1933.00,476.00,243.64,42,51,48,21,26,25,21,25,22,9.18,17.94,2.28,2,2,24119,23922,21790,1,1,1,19417,18363,16717,14650,13636,12414,4758,4717,4297,9,9,6,21,22,15,3.6,1.0,1.95,12671,95,17674,48,14,1582,1646,1433,70,30
"""490490001041""","""Provo-Orem, UT""",1.00,805.00,240.00,165.07,44,53,49,23,28,27,21,25,22,8.21,11.94,2.27,2,2,22988,22791,20658,1,1,1,19110,18061,16411,14555,13546,12324,4535,4494,4074,20,21,14,48,50,34,4.8,0.9,1.45,13731,80,21384,48,11,1721,1917,1078,77,23
"""490490001042""","""Provo-Orem, UT""",1.00,1646.00,349.00,323.68,52,63,59,30,37,36,22,26,23,9.28,10.01,2.42,2,2,24368,24171,22039,1,1,1,20361,19265,17618,15539,14484,13262,4807,4766,4346,14,14,10,34,35,24,3.3,0.8,1.08,13729,99,20769,48,15,2249,2282,,99,1
"""490490001043""","""Provo-Orem, UT""",1.00,847.00,250.00,143.39,46,56,52,25,31,30,21,25,22,8.31,14.49,2.28,2,2,23518,23321,21189,1,1,1,19307,18253,16604,14648,13635,12412,4640,4599,4178,19,20,14,47,49,33,4.3,0.7,1.74,13463,80,23094,49,16,1884,2067,1364,74,26
"""490490001051""","""Provo-Orem, UT""",1.00,2289.00,788.00,289.40,43,52,48,22,28,27,20,24,21,7.12,19.38,2.21,2,2,22523,22326,20194,1,1,1,18663,17631,15981,14200,13208,11985,4443,4403,3982,20,21,14,49,50,34,4.9,1.0,2.72,13623,74,22761,48,14,1677,1734,1554,68,32
"""490490001052""","""Provo-Orem, UT""",1.00,702.00,234.00,151.30,46,56,53,24,30,30,22,26,23,8.04,12.43,2.36,2,2,24478,24281,22148,1,1,1,20016,18937,17292,15179,14140,12918,4829,4788,4368,9,9,6,21,22,15,3.5,1.2,1.55,13398,91,19703,48,17,1848,1867,1672,90,10
"""490490001053""","""Provo-Orem, UT""",1.00,733.00,228.00,167.07,46,56,52,24,29,29,23,27,24,8.42,11.49,2.43,2,2,25063,24866,22734,1,1,0,20564,19465,17819,15611,14552,13330,4944,4903,4483,9,9,6,21,21,15,2.9,1.2,1.36,12947,98,18699,47,21,1786,1786,,100,0
"""490490002031""","""Provo-Orem, UT""",1.00,1053.00,513.00,167.45,38,46,43,19,24,23,19,22,19,5.51,16.88,2.03,2,2,20684,20487,18354,1,1,1,17158,16178,14532,13067,12127,10905,4080,4040,3619,11,11,8,30,31,21,7.3,1.1,3.06,14330,44,26471,48,8,1460,1809,1150,47,53
"""490490002032""","""Provo-Orem, UT""",1.00,2448.00,601.00,238.27,41,49,46,21,26,25,20,24,21,7.65,19.29,2.18,2,2,21611,21414,19281,1,1,1,18259,17236,15590,13987,13005,11782,4263,4223,3802,8,8,6,22,23,16,6.2,1.3,2.52,14737,69,24971,47,9,1563,1700,1237,70,30
"""490490002033""","""Provo-Orem, UT""",1.00,1381.00,523.00,183.07,38,46,43,19,24,23,19,22,19,6.27,17.90,2.04,2,2,20882,20685,18552,2,2,2,17265,16282,14635,13132,12190,10968,4119,4079,3658,13,13,9,36,37,25,8.2,1.3,2.86,15173,17,28064,47,8,1468,1429,1579,74,26
"""490490002051""","""Provo-Orem, UT""",1.00,2197.00,575.00,251.85,49,60,56,27,34,33,22,26,23,8.52,19.45,2.34,2,2,24063,23866,21734,1,1,1,19747,18677,17033,14996,13966,12744,4747,4706,4286,4,4,3,12,13,9,4.0,1.5,2.28,13274,100,19097,47,8,2075,2090,1939,90,10
"""490490002052""","""Provo-Orem, UT""",1.00,1480.00,310.00,207.05,49,60,56,27,34,33,22,26,23,9.46,14.16,2.35,2,2,24320,24123,21991,1,1,1,19905,18829,17185,15103,14068,12846,4798,4757,4337,4,4,3,12,12,8,3.6,1.3,1.50,13405,98,19794,47,12,2074,2064,2147,88,12
"""490490002053""","""Provo-Orem, UT""",1.00,823.00,189.00,159.60,52,63,59,30,37,36,22,26,23,8.57,10.15,2.39,2,2,24712,24515,22383,1,1,0,20219,19132,17488,15339,14294,13071,4875,4834,4414,4,4,3,11,12,8,3.1,1.2,1.18,13445,98,20410,48,18,2261,2484,,91,9
"""490490002061""","""Provo-Orem, UT""",1.00,1908.00,450.00,260.54,48,58,54,26,32,31,22,26,23,8.11,14.00,2.37,2,2,23378,23181,21049,1,1,1,19844,18763,17118,15226,14186,12963,4612,4571,4151,6,6,4,16,17,12,4.1,1.2,1.73,13777,90,23011,47,12,1961,1974,,99,1
"""490490002062""","""Provo-Orem, UT""",1.00,1570.00,430.00,234.27,46,56,52,24,30,30,21,25,22,8.42,15.46,2.30,2,2,23654,23457,21325,1,1,1,19463,18402,16758,14792,13772,12550,4666,4626,4205,4,4,3,12,13,9,3.9,1.6,1.84,13795,97,21712,47,11,1850,1848,1861,82,18
"""490490002071""","""Provo-Orem, UT""",1.00,1773.00,436.00,221.29,52,63,59,31,38,37,21,25,22,7.61,15.00,2.28,2,2,22806,22609,20476,1,1,1,19167,18112,16467,14659,13645,12422,4499,4458,4038,9,9,6,24,25,17,4.9,1.1,1.97,13605,85,23640,47,9,2329,2438,1729,85,15
"""490490002072""","""Provo-Orem, UT""",1.00,1073.00,357.00,480.69,43,52,48,23,28,28,20,23,21,7.26,5.39,2.14,2,2,21862,21665,19533,2,2,2,18077,17066,15417,13747,12776,11554,4313,4272,3852,17,18,12,48,49,34,6.2,1.4,0.74,12845,44,23784,47,18,1727,1857,1384,73,27
"""490490002081""","""Provo-Orem, UT""",1.00,2200.00,553.00,168.82,44,54,50,24,29,29,21,25,22,8.02,26.27,2.27,2,2,22426,22229,20097,1,1,1,19018,17967,16322,14585,13574,12352,4424,4384,3963,9,10,7,26,27,19,5.6,1.3,3.28,13273,75,24055,47,8,1792,1838,1338,91,9
"""490490002082""","""Provo-Orem, UT""",1.00,1272.00,360.00,194.59,42,51,47,21,26,25,21,25,22,8.37,15.49,2.26,2,2,22976,22779,20647,1,1,1,19047,18000,16355,14509,13502,12280,4533,4492,4071,5,5,4,14,15,10,4.8,1.7,1.85,14088,81,24973,47,11,1588,1574,1640,79,21
"""490099601001""",,1.00,638.00,235.00,446070.74,53,64,45,20,25,17,33,39,28,10.67,0.01,2.30,2,2,31117,30920,32039,0,0,0,20188,19120,21066,14049,13017,14745,6136,6099,6318,3,3,3,3,3,3,1.1,0.1,0.00,257,54,336,50,1177,1038,1238,,84,16
"""490490002083""","""Provo-Orem, UT""",1.00,1111.00,369.00,159.87,42,51,47,22,28,27,20,23,20,6.91,15.95,2.12,2,2,21321,21124,18992,1,1,1,17857,16850,15204,13641,12674,11452,4206,4166,3745,10,10,7,27,28,19,5.7,1.4,2.31,13857,69,25744,47,11,1687,2054,1272,53,47
"""490490004001""","""Provo-Orem, UT""",1.00,1561.00,580.00,297.43,35,43,39,15,19,19,20,24,21,6.62,12.91,2.18,2,2,21885,21688,19555,2,2,2,18305,17283,15635,13972,12990,11768,4317,4277,3856,16,17,11,45,46,32,6.3,1.3,1.95,12907,63,24811,47,9,1167,1199,1038,80,20
"""490490004002""","""Provo-Orem, UT""",1.00,1809.00,710.00,402.96,41,50,47,23,29,28,18,22,19,6.38,11.24,1.99,2,2,20510,20313,18181,1,1,1,16843,15876,14230,12787,11860,10638,4046,4006,3585,10,10,7,28,29,19,7.6,1.0,1.76,13319,30,30667,48,13,1737,1724,1743,32,68
"""490490004003""","""Provo-Orem, UT""",1.00,2808.00,823.00,246.13,43,52,48,22,28,27,20,24,21,7.55,25.25,2.21,2,2,22069,21872,19740,1,1,1,18527,17496,15850,14165,13174,11952,4354,4313,3893,8,9,6,24,24,16,5.9,0.9,3.34,13459,68,27574,48,11,1686,1873,1201,72,28
"""490490005041""","""Provo-Orem, UT""",1.00,1258.00,350.00,214.78,41,50,46,19,24,24,22,26,23,7.97,12.99,2.34,2,2,23592,23395,21263,1,1,1,19683,18611,16967,15024,13993,12770,4654,4613,4193,5,5,3,14,14,10,3.8,1.9,1.63,12956,94,18569,46,14,1477,1626,,91,9
"""490490005042""","""Provo-Orem, UT""",1.00,1401.00,442.00,152.65,39,48,44,19,24,23,20,24,21,7.35,21.27,2.18,2,2,21567,21370,19238,1,1,1,18281,17257,15611,14015,13031,11809,4255,4214,3794,11,12,8,31,32,22,5.3,2.2,2.90,13755,89,21245,46,7,1451,1516,1323,66,34
"""490490005043""","""Provo-Orem, UT""",1.00,1584.00,561.00,233.33,39,47,44,18,23,22,21,25,22,7.08,17.03,2.26,2,2,22787,22590,20458,1,1,1,19033,17984,16340,14533,13525,12303,4495,4455,4034,4,5,3,13,13,9,5.1,2.1,2.40,12488,89,19656,45,7,1378,1391,1310,84,16
"""490490005051""","""Provo-Orem, UT""",1.00,1225.00,348.00,127.63,47,57,53,25,31,30,22,26,23,7.86,21.43,2.35,2,2,23841,23644,21512,1,1,1,19783,18709,17064,15075,14042,12819,4703,4663,4242,4,4,3,12,12,8,4.2,1.9,2.73,11192,97,16037,46,9,1899,1973,,96,4
"""490490005052""","""Provo-Orem, UT""",1.00,1100.00,334.00,200.55,44,53,50,22,27,27,22,26,23,,,2.38,2,2,24046,23849,21717,1,1,0,20039,18955,17311,15292,14248,13026,4744,4703,4282,4,4,3,11,11,8,3.5,2.2,1.67,10538,100,17435,45,13,1662,1698,,98,2
"""490490005053""","""Provo-Orem, UT""",1.00,953.00,238.00,640.40,50,61,57,28,35,34,23,27,24,9.52,3.54,2.44,2,2,24951,24754,22621,0,0,0,20573,19472,17828,15647,14587,13365,4922,4881,4461,3,4,2,10,10,7,2.2,2.1,0.37,8609,100,14247,45,40,2113,2276,,93,7
"""490490005061""","""Provo-Orem, UT""",1.00,1750.00,604.00,195.65,39,47,44,19,24,24,19,23,20,6.80,20.98,2.10,2,2,20779,20582,18449,2,2,2,17616,16616,14969,13503,12543,11321,4099,4059,3638,13,14,9,37,39,26,6.6,2.3,3.09,13773,52,26208,46,12,1482,1726,1076,62,38
"""490490005062""","""Provo-Orem, UT""",1.00,2134.00,611.00,305.60,44,53,49,22,28,27,21,25,22,7.97,15.94,2.34,2,2,23207,23010,20877,1,1,1,19588,18518,16873,15006,13976,12753,4578,4537,4117,4,4,3,12,13,9,4.4,2.3,2.00,12686,90,22396,45,11,1679,1757,,96,4
"""490490005071""","""Provo-Orem, UT""",1.00,947.00,335.00,692.79,44,54,50,23,29,28,21,25,22,7.59,3.67,2.31,2,2,23744,23547,21415,1,1,0,19534,18470,16826,14846,13823,12601,4684,4643,4223,4,4,3,11,11,8,3.0,2.2,0.48,9248,81,15889,45,38,1744,1737,1765,75,25
"""490490005072""","""Provo-Orem, UT""",1.00,1328.00,331.00,114.50,50,61,57,28,36,35,21,25,22,8.44,24.40,2.30,2,2,23168,22971,20839,1,1,1,19347,18287,16643,14772,13753,12531,4570,4530,4109,4,4,3,12,13,9,4.3,2.4,2.89,11582,98,20261,45,8,2164,2146,2306,89,11
"""490490005081""","""Provo-Orem, UT""",1.00,2602.00,709.00,149.74,39,47,43,20,26,25,18,21,19,7.55,35.72,1.96,2,2,20081,19884,17751,2,2,2,16594,15635,13988,12619,11700,10478,3961,3921,3501,14,14,10,38,39,27,7.6,1.3,4.73,15431,36,26852,48,9,1553,1942,1349,34,66
"""490490005082""","""Provo-Orem, UT""",1.00,1310.00,361.00,201.18,41,50,47,21,26,25,21,24,21,7.81,14.01,2.25,2,2,21899,21702,19570,1,1,1,18781,17737,16091,14451,13447,12224,4320,4280,3859,10,11,7,29,30,20,5.6,1.8,1.79,15168,76,24349,47,11,1585,1920,,83,17
"""490490005083""","""Provo-Orem, UT""",1.00,1550.00,516.00,260.33,39,48,44,20,25,25,19,22,19,6.62,13.11,2.05,2,2,20407,20210,18077,2,2,2,17215,16230,14583,13176,12231,11009,4026,3985,3565,13,13,9,36,37,25,6.5,2.2,1.98,14585,58,22252,46,12,1541,1630,1479,41,59
"""490490005101""","""Provo-Orem, UT""",1.00,2875.00,1021.00,280.92,37,44,41,19,24,23,17,20,18,6.23,22.64,1.86,2,2,19920,19723,17591,2,2,2,15858,14933,13286,11915,11030,9808,3930,3889,3469,13,13,9,36,37,25,8.5,1.3,3.63,14228,0,29242,48,10,1456,1408,1479,32,68
"""490490005102""","""Provo-Orem, UT""",1.00,852.00,353.00,123.70,40,49,45,22,28,27,18,21,18,6.48,18.48,1.92,2,2,20865,20668,18536,1,1,1,16459,15514,13869,12338,11432,10210,4116,4076,3655,6,6,4,16,16,11,8.5,1.3,2.85,13452,8,30937,48,8,1691,1617,1740,40,60
"""490490005103""","""Provo-Orem, UT""",1.00,703.00,348.00,84.87,35,43,39,18,23,22,17,20,17,5.71,23.40,1.82,2,2,19475,19278,17145,2,2,2,15558,14643,12995,11701,10826,9604,3842,3801,3381,15,15,10,41,43,29,8.5,1.3,4.10,14716,3,29474,48,8,1374,,1726,20,80
"""490490005111""","""Provo-Orem, UT""",1.00,2074.00,804.00,213.51,37,44,41,19,24,24,17,20,17,6.42,24.16,1.82,2,2,19359,19162,17030,2,2,2,15524,14609,12962,11691,10816,9594,3819,3779,3358,14,14,10,39,40,28,8.5,2.2,3.77,14068,0,27525,46,11,1481,1542,1460,25,75
"""490490005113""","""Provo-Orem, UT""",1.00,1368.00,522.00,95.34,37,44,41,19,23,23,18,21,18,6.02,32.98,1.91,2,2,19980,19783,17650,2,2,2,16192,15252,13604,12235,11335,10113,3941,3901,3481,15,16,11,42,44,30,8.7,1.8,5.47,14610,2,26741,47,6,1425,1527,1285,58,42
"""490490005114""","""Provo-Orem, UT""",1.00,233.00,179.00,55.85,,,,,,,19,22,19,,,1.99,2,2,20661,20464,18331,2,2,2,16893,15926,14279,12803,11876,10653,4076,4035,3615,15,15,10,41,42,29,8.5,2.0,3.21,14734,0,25378,46,9,,,,79,21
"""490490006011""","""Provo-Orem, UT""",1.00,2198.00,623.00,1453.46,48,59,55,27,34,33,21,25,22,7.36,3.16,2.33,2,2,22592,22395,20262,1,1,1,19402,18335,16690,14938,13911,12689,4457,4416,3996,8,8,5,21,22,15,3.8,2.1,0.43,11703,78,30253,47,32,2054,2159,1612,81,19
"""490490006012""","""Provo-Orem, UT""",1.00,1813.00,636.00,666.41,43,52,48,23,28,28,20,24,21,6.67,6.36,2.20,2,2,21363,21166,19033,1,1,1,18326,17298,15651,14101,13113,11891,4214,4174,3753,10,11,7,29,30,21,4.9,2.6,0.95,13200,65,31319,46,24,1724,1938,1313,66,34
"""490490006031""","""Provo-Orem, UT""",1.00,1825.00,517.00,368.07,51,62,58,30,37,36,21,25,22,7.65,10.74,2.29,2,2,22127,21930,19797,1,1,1,19084,18027,16381,14709,13692,12470,4365,4324,3904,10,11,7,29,30,20,4.4,2.6,1.40,12880,78,25411,45,18,2265,2361,1575,88,12
"""490490006032""","""Provo-Orem, UT""",1.00,1871.00,376.00,345.46,47,58,54,27,33,32,21,24,22,8.13,8.85,2.24,2,2,22733,22536,20403,1,1,1,18906,17863,16218,14416,13414,12192,4485,4444,4023,5,5,3,14,14,10,3.6,2.5,1.09,12503,75,21625,45,35,2021,2452,1031,70,30
"""490490006033""","""Provo-Orem, UT""",1.00,942.00,241.00,320.70,46,56,52,26,32,31,20,24,21,7.62,5.73,2.23,2,2,21876,21679,19547,1,1,1,18671,17632,15985,14345,13345,12123,4316,4275,3855,11,11,8,31,32,22,3.1,2.9,0.75,13321,91,25926,45,29,1940,2205,1547,60,40
"""490490006041""","""Provo-Orem, UT""",1.00,1351.00,363.00,624.87,50,61,57,28,35,34,22,26,23,8.59,4.99,2.34,2,2,24025,23828,21696,1,1,0,19786,18713,17069,15042,14010,12788,4740,4699,4278,4,4,3,11,11,8,2.8,2.0,0.58,9710,84,16111,45,45,2145,2404,1134,80,20
"""490490027023""","""Provo-Orem, UT""",1.00,1610.00,431.00,333.21,40,48,45,19,24,24,20,24,21,7.50,9.70,2.20,2,2,21655,21458,19326,1,1,1,18407,17377,15732,14127,13138,11916,4272,4232,3811,7,8,5,19,20,14,3.8,2.9,1.29,7844,74,14773,44,33,1479,1710,1139,60,40
"""490490027031""","""Provo-Orem, UT""",1.00,635.00,208.00,82.95,40,49,45,20,25,25,20,24,21,6.80,17.05,2.20,2,2,20579,20382,18249,1,1,1,18188,17159,15514,14124,13135,11912,4060,4019,3599,5,5,3,13,13,9,5.5,4.8,2.51,13496,89,18509,41,8,1536,1579,1381,78,22
"""490490027032""","""Provo-Orem, UT""",1.00,2030.00,596.00,164.08,38,46,42,20,24,24,18,22,19,6.09,22.12,2.04,2,2,18360,18163,16031,1,1,1,16741,15759,14113,13109,12167,10945,3622,3582,3161,10,10,7,27,28,19,6.9,5.0,3.63,16429,72,21919,41,7,1484,1640,1313,52,48
"""490490029011""","""Provo-Orem, UT""",1.00,2063.00,478.00,1379.88,45,55,52,24,31,30,21,25,22,8.41,2.91,2.25,2,2,23898,23701,21569,0,0,0,19188,18142,16498,14470,13465,12243,4714,4674,4253,3,3,2,8,9,6,4.0,0.9,0.35,7608,70,14177,48,32,1855,1960,1739,52,48
"""490490029012""","""Provo-Orem, UT""",1.00,1890.00,541.00,484.96,42,51,48,22,27,27,20,24,21,7.80,8.70,2.15,2,2,23327,23130,20998,1,1,0,18443,17427,15783,13836,12861,11638,4602,4561,4141,5,5,4,14,15,10,6.4,1.2,1.12,6728,41,11167,47,19,1666,1668,1663,61,39
"""490490029013""","""Provo-Orem, UT""",1.00,1778.00,445.00,625.18,46,56,52,25,31,30,21,25,22,8.29,5.90,2.31,2,2,23390,23193,21061,1,1,1,19451,18390,16739,14811,13790,12568,4614,4574,4153,26,27,18,24,25,17,3.7,1.6,0.71,9088,90,11037,46,18,1873,1783,2184,78,22
"""490490029014""","""Provo-Orem, UT""",1.00,1556.00,370.00,389.32,42,51,47,19,24,23,22,26,23,8.88,8.44,2.40,2,2,25050,24853,22721,0,0,0,20380,19290,17643,15425,14376,13153,4942,4901,4481,13,13,9,12,13,8,2.9,1.4,0.95,7604,100,11212,46,22,1471,1629,,90,10
"""490490029015""","""Provo-Orem, UT""",1.00,1235.00,474.00,254.29,38,46,42,18,23,22,20,23,20,7.20,13.41,2.09,2,2,23159,22962,20830,1,1,1,18007,17011,15362,13420,12464,11242,4569,4528,4108,19,19,13,17,18,12,7.9,0.9,1.86,8805,9,14448,48,14,1370,1196,1856,74,26
"""490490029021""","""Provo-Orem, UT""",1.00,693.00,252.00,94.36,35,42,38,16,20,19,19,22,19,6.45,17.22,2.02,2,2,21164,20967,18835,2,2,1,17188,16214,14556,12966,12031,10809,4175,4135,3714,47,49,33,44,46,31,7.4,1.2,2.67,9693,43,13611,47,6,1196,1263,1152,39,61
"""490490029022""","""Provo-Orem, UT""",1.00,1943.00,489.00,243.58,44,53,49,23,29,28,20,24,21,7.75,15.56,2.21,2,2,22705,22508,20375,1,1,1,18678,17645,16000,14190,13198,11976,4479,4438,4018,9,9,6,23,23,16,6.3,1.0,2.01,8968,57,14011,48,11,1752,1943,1194,74,26
"""490490029023""","""Provo-Orem, UT""",1.00,1054.00,402.00,148.90,34,42,38,15,18,18,20,23,21,6.88,18.58,2.14,2,2,21947,21750,19618,1,1,1,18112,17101,15446,13744,12773,11551,4330,4289,3869,38,39,27,36,37,25,6.2,1.3,2.70,9810,72,11897,46,6,1110,1170,1025,59,41
"""490490030011""","""Provo-Orem, UT""",1.00,729.00,311.00,95.18,35,42,38,16,20,19,19,22,19,6.20,20.24,2.00,2,2,20957,20760,18628,2,2,2,17006,16039,14379,12818,11890,10668,4134,4094,3673,53,55,37,50,51,35,7.5,1.4,3.27,9691,43,11845,47,6,1205,1586,981,37,63
"""490490030012""","""Provo-Orem, UT""",1.00,2172.00,699.00,279.57,42,52,48,22,27,26,21,24,21,7.55,18.87,2.22,2,2,22759,22562,20429,1,1,1,18738,17704,16058,14240,13246,12023,4490,4449,4029,9,9,6,23,24,16,6.3,1.2,2.50,8121,58,11471,47,10,1658,1762,1263,79,21
"""490490030013""","""Provo-Orem, UT""",1.00,1750.00,458.00,234.12,47,57,53,25,31,30,22,26,23,8.83,17.27,2.34,2,2,24080,23883,21750,1,1,1,19760,18689,17044,15003,13973,12751,4750,4710,4289,6,7,4,17,17,12,3.3,1.2,1.96,7798,100,10098,47,15,1910,1958,1694,82,18
"""490490030021""","""Provo-Orem, UT""",1.00,1459.00,420.00,1115.80,45,55,51,22,28,27,23,27,24,8.66,3.26,2.43,2,2,25996,25799,23667,0,0,0,20762,19662,18018,15631,14571,13349,5128,5087,4667,3,3,2,7,8,5,1.9,1.1,0.38,6726,100,7044,46,53,1687,1677,1741,84,16
"""490490030022""","""Provo-Orem, UT""",1.00,721.00,239.00,125.21,40,48,45,19,24,23,21,25,22,7.43,14.18,2.24,2,2,22919,22722,20590,1,1,1,18917,17877,16222,14356,13357,12134,4521,4481,4060,39,40,27,36,37,25,5.2,1.3,1.91,9552,73,10611,47,13,1441,1391,1583,74,26
"""490490031031""","""Provo-Orem, UT""",1.00,1529.00,408.00,282.48,46,57,53,24,30,29,22,26,23,8.60,12.42,2.38,2,2,25046,24849,22717,0,0,0,20227,19144,17497,15272,14229,13007,4941,4900,4480,14,15,10,13,14,9,3.2,1.2,1.44,8762,100,8404,46,16,1846,1898,1366,90,10
"""490490031032""","""Provo-Orem, UT""",1.00,1515.00,482.00,165.73,46,56,52,24,30,30,21,25,22,7.72,22.46,2.28,2,2,24056,23859,21727,1,1,0,19397,18344,16696,14635,13622,12400,4746,4705,4284,16,17,11,15,16,11,5.2,1.1,2.91,8798,84,8456,46,7,1847,1944,1315,85,15
"""490490031041""","""Provo-Orem, UT""",1.00,941.00,251.00,168.89,51,62,58,28,36,35,22,26,23,8.76,13.01,2.38,2,2,25169,24972,22840,0,0,0,20254,19171,17524,15275,14232,13010,4965,4924,4504,14,15,10,13,14,9,3.5,1.1,1.49,8322,100,7810,46,11,2166,2353,,92,8
"""490490031042""","""Provo-Orem, UT""",1.00,1578.00,420.00,1142.89,57,70,66,34,42,41,23,28,25,9.17,3.37,2.50,2,2,26881,26684,24551,0,0,0,21355,20236,18589,16040,14962,13739,5303,5262,4841,12,12,8,11,11,8,2.2,0.9,0.37,5155,100,5244,46,36,2568,2568,,100,0
"""490490031043""","""Provo-Orem, UT""",1.00,1463.00,338.00,281.51,55,68,64,32,41,39,23,27,24,9.30,11.17,2.43,2,2,26485,26288,24156,0,0,0,20863,19763,18117,15626,14567,13344,5225,5184,4763,12,13,9,12,12,8,3.0,0.8,1.20,5568,100,5398,47,16,2468,2551,,97,3
"""490490031051""","""Provo-Orem, UT""",1.00,1816.00,445.00,142.74,39,48,44,20,25,24,20,23,20,8.63,26.91,2.08,2,2,22484,22287,20155,1,1,1,17854,16860,15206,13386,12431,11209,4436,4395,3974,33,34,23,31,32,22,6.4,1.3,3.12,9341,50,9319,46,12,1512,1688,1328,51,49
"""490490031052""","""Provo-Orem, UT""",1.00,883.00,340.00,168.50,39,47,44,19,24,23,20,23,21,6.71,13.54,2.15,2,2,21971,21774,19642,1,1,1,18153,17141,15484,13776,12804,11581,4334,4294,3873,42,43,29,39,41,28,6.6,1.3,2.02,10071,65,11223,47,5,1450,1690,1016,64,36
"""490490031053""","""Provo-Orem, UT""",1.00,1207.00,520.00,138.91,33,40,37,14,18,17,19,22,20,6.31,23.62,2.03,2,2,21366,21169,19037,1,1,1,17309,16331,14674,13050,12111,10889,4215,4174,3754,44,45,31,41,43,29,6.6,1.2,3.74,10004,47,10521,46,13,1086,1263,967,40,60
"""490490031061""","""Provo-Orem, UT""",1.00,1036.00,270.00,263.49,42,51,47,22,27,26,20,24,21,7.88,8.07,2.21,2,2,22785,22588,20456,1,1,1,18689,17659,16006,14163,13172,11950,4495,4454,4034,32,33,22,30,31,21,5.0,1.2,1.02,9517,67,9693,46,16,1641,1861,1214,66,34
"""490490031062""","""Provo-Orem, UT""",1.00,1679.00,477.00,164.12,37,45,41,17,21,21,20,23,20,7.48,21.75,2.11,2,2,22588,22391,20259,1,1,1,18021,17019,15368,13537,12576,11353,4456,4415,3995,27,28,19,26,26,18,6.9,1.3,2.91,9578,46,9586,46,9,1298,1360,1186,64,36
"""490490032011""","""Provo-Orem, UT""",1.00,1047.00,395.00,257.73,38,46,42,18,23,22,20,23,20,6.66,10.20,2.12,2,2,21094,20897,18765,1,1,1,17789,16784,15137,13616,12650,11428,4161,4121,3700,12,13,9,34,35,24,5.9,3.5,1.53,8440,67,12315,43,8,1383,1497,1199,62,38
"""490490032012""","""Provo-Orem, UT""",1.00,1484.00,495.00,126.51,34,41,38,16,20,20,18,21,18,6.50,25.43,1.91,2,2,19563,19366,17234,2,2,2,16117,15176,13527,12236,11335,10113,3859,3819,3399,21,22,15,60,62,42,7.6,3.5,3.91,9482,34,12042,43,6,1242,1375,1176,33,67
"""490490032031""","""Provo-Orem, UT""",1.00,879.00,328.00,431.53,41,50,46,21,26,25,21,24,21,7.04,5.35,2.23,2,2,22048,21851,19719,1,1,1,18705,17665,16019,14343,13343,12121,4350,4309,3888,13,13,9,36,37,25,4.3,3.8,0.76,9162,77,9387,42,17,1567,1780,736,80,20
"""490490032032""","""Provo-Orem, UT""",1.00,1176.00,337.00,129.88,47,58,54,26,32,31,22,25,23,8.35,21.65,2.33,2,2,23716,23519,21387,1,1,1,19665,18595,16951,14981,13952,12729,4679,4638,4217,6,6,4,16,17,11,4.1,3.0,2.59,9693,100,8561,43,8,1962,1962,,100,0
"""490490032033""","""Provo-Orem, UT""",1.00,1585.00,382.00,229.10,53,65,61,31,39,38,22,26,23,9.32,15.54,2.35,2,2,24428,24231,22099,1,1,1,19894,18820,17175,15069,14036,12814,4819,4778,4358,5,6,4,15,15,11,3.7,2.3,1.67,8924,100,7094,43,10,2374,2458,,97,3
"""490490032041""","""Provo-Orem, UT""",1.00,1780.00,562.00,170.55,38,46,42,18,23,22,19,22,20,6.93,22.84,2.08,2,2,20417,20220,18087,2,2,2,17388,16396,14747,13343,12391,11169,4028,3987,3567,17,18,12,48,49,33,6.7,3.9,3.30,9750,63,12137,42,5,1402,1591,1023,67,33
"""490490032042""","""Provo-Orem, UT""",1.00,1097.00,357.00,135.54,38,46,43,19,24,23,19,22,20,6.98,18.38,2.08,2,2,20448,20251,18118,2,2,2,17396,16403,14755,13345,12393,11171,4034,3993,3573,17,17,12,47,48,33,6.3,4.0,2.63,9819,70,11420,42,5,1460,1596,1238,62,38
"""490490032051""","""Provo-Orem, UT""",1.00,759.00,175.00,66.48,42,50,47,21,26,26,20,24,21,8.54,22.47,2.19,2,2,22912,22715,20583,1,1,1,18615,17587,15942,14089,13101,11879,4520,4479,4059,6,6,4,17,18,12,4.7,2.6,2.63,10058,97,8414,43,6,1603,1497,1868,71,29
"""490490032052""","""Provo-Orem, UT""",1.00,1942.00,603.00,175.85,39,47,44,19,24,23,20,23,21,7.30,25.05,2.16,2,2,21506,21309,19177,2,2,1,18151,17133,15485,13893,12914,11692,4243,4202,3782,16,16,11,44,45,31,5.7,3.4,3.43,10124,73,10111,43,8,1435,1413,1516,78,22
"""490490032053""","""Provo-Orem, UT""",1.00,596.00,157.00,66.55,47,58,54,26,33,32,21,25,22,8.26,19.50,2.24,2,2,23759,23562,21430,1,1,1,19080,18038,16394,14387,13386,12164,4687,4646,4226,6,6,4,16,17,11,4.5,1.9,2.36,9730,96,7459,44,7,2013,2590,,78,22
"""490490032054""","""Provo-Orem, UT""",1.00,1170.00,277.00,111.46,39,47,43,18,22,22,21,25,22,9.31,23.14,2.26,2,2,23333,23136,21004,1,1,1,19114,18067,16421,14503,13496,12274,4603,4562,4142,8,9,6,24,24,16,3.8,2.8,2.49,10335,100,9276,43,9,1355,1654,,82,18
"""490490033011""","""Provo-Orem, UT""",1.00,2608.00,566.00,262.05,44,53,50,23,28,28,21,25,22,8.63,18.63,2.27,2,2,23443,23246,21114,1,1,0,19180,18130,16486,14550,13541,12319,4625,4584,4164,5,5,4,14,15,10,4.1,3.1,2.16,6125,94,8152,42,9,1728,1662,2037,82,18
"""490490033012""","""Provo-Orem, UT""",1.00,1382.00,580.00,279.85,40,49,45,21,26,25,20,23,20,6.69,13.87,2.12,2,2,21329,21132,18999,1,1,1,17856,16850,15203,13635,12668,11446,4208,4167,3747,14,15,10,40,41,28,4.8,3.8,2.07,7980,77,9220,42,12,1575,1595,1548,58,42
"""490490033021""","""Provo-Orem, UT""",1.00,1386.00,400.00,171.17,41,50,46,21,26,25,20,24,21,7.87,18.39,2.20,2,2,22364,22167,20035,1,1,1,18563,17533,15888,14146,13156,11934,4412,4371,3951,6,6,4,16,16,11,5.1,3.3,2.34,7833,87,11558,43,6,1561,1594,1462,75,25
"""490490033022""","""Provo-Orem, UT""",1.00,1801.00,606.00,313.52,37,45,41,17,22,21,20,23,20,6.88,13.30,2.13,2,2,21199,21002,18870,1,1,1,17904,16894,15247,13710,12740,11518,4182,4142,3721,12,13,9,34,35,24,5.0,3.8,1.93,8013,78,11212,42,10,1327,1458,1125,61,39
"""490490034011""","""Provo-Orem, UT""",1.00,1595.00,475.00,1908.72,43,52,48,20,25,24,23,27,24,8.93,2.22,2.44,2,2,25729,25532,23400,1,1,1,20763,19661,18015,15679,14617,13395,5076,5035,4614,8,8,6,23,24,16,2.5,1.7,0.25,4149,83,4733,44,52,1527,1573,,97,3
"""490490034012""","""Provo-Orem, UT""",1.00,1865.00,441.00,182.70,43,52,48,22,28,27,21,24,21,8.98,21.69,2.20,2,2,23417,23220,21088,1,1,1,18768,17738,16091,14136,13146,11924,4620,4579,4158,13,13,9,36,37,25,5.2,2.3,2.41,5062,80,5003,44,7,1690,1813,1361,73,27
"""490490034013""","""Provo-Orem, UT""",1.00,940.00,363.00,153.72,38,46,42,18,23,22,20,23,20,7.12,16.82,2.11,2,2,22363,22166,20034,2,2,1,17953,16952,15304,13526,12565,11343,4412,4371,3951,16,16,11,44,45,31,7.0,2.4,2.36,5702,53,5307,44,5,1382,1520,1052,71,29
"""490490034031""","""Provo-Orem, UT""",1.00,1569.00,448.00,183.01,40,48,45,19,24,23,21,25,22,8.34,20.40,2.25,2,2,23653,23456,21324,1,1,1,19109,18065,16418,14430,13427,12204,4666,4625,4205,13,13,9,36,36,25,4.9,2.2,2.45,5825,87,5611,44,7,1443,1502,1182,81,19
"""490490034032""","""Provo-Orem, UT""",1.00,1575.00,467.00,310.02,39,47,44,18,23,22,21,25,22,8.24,12.41,2.22,2,2,23577,23380,21248,1,1,1,18943,17906,16259,14279,13282,12060,4651,4610,4190,13,14,9,37,38,26,5.2,1.9,1.51,5922,72,5599,44,10,1392,1488,1080,76,24
"""490490034033""","""Provo-Orem, UT""",1.00,1406.00,453.00,149.10,38,46,43,17,21,21,21,25,22,8.38,25.47,2.24,2,2,24100,23903,21770,1,1,1,19152,18111,16463,14384,13383,12161,4754,4714,4293,13,14,9,37,38,26,5.7,1.7,3.04,5416,65,4981,45,9,1292,1287,1318,85,15
"""490490034034""","""Provo-Orem, UT""",1.00,469.00,163.00,178.72,22,26,23,2,2,2,20,24,21,6.42,5.86,2.13,2,2,23055,22858,20726,1,1,1,18237,17229,15581,13675,12707,11485,4548,4507,4087,14,14,10,39,40,27,6.4,1.6,0.91,5359,58,5264,45,7,144,,344,58,42
"""490490034041""","""Provo-Orem, UT""",1.00,990.00,338.00,466.59,41,50,47,21,26,25,21,24,22,7.19,5.21,2.22,2,2,23522,23325,21192,1,1,1,18886,17852,16205,14235,13241,12019,4640,4600,4179,11,11,7,29,30,21,4.4,2.3,0.72,5639,68,5026,44,20,1577,1775,1125,70,30
"""490490034042""","""Provo-Orem, UT""",1.00,1306.00,371.00,161.48,42,51,48,22,27,26,21,24,21,8.24,18.93,2.21,2,2,23300,23103,20971,1,1,1,18796,17764,16117,14187,13195,11973,4597,4556,4135,12,13,9,34,36,24,4.7,2.7,2.30,5493,77,5235,43,12,1637,1853,991,75,25
"""490490034051""","""Provo-Orem, UT""",1.00,1082.00,348.00,279.10,41,50,46,20,25,24,21,25,22,7.71,9.61,2.30,2,2,23917,23720,21588,1,1,1,19528,18467,16820,14796,13776,12554,4718,4678,4257,13,13,9,36,37,26,4.7,2.3,1.25,6088,93,5430,44,6,1491,1553,855,91,9
"""490490034052""","""Provo-Orem, UT""",1.00,2083.00,459.00,185.94,48,59,55,27,34,33,21,25,22,8.30,20.50,2.23,2,2,23530,23333,21201,1,1,1,18976,17937,16290,14321,13323,12100,4642,4601,4181,13,14,9,37,38,26,5.3,2.3,2.47,6392,75,5421,44,8,2078,2232,1378,82,18
"""490490034053""","""Provo-Orem, UT""",1.00,1396.00,339.00,183.78,42,51,47,20,25,24,22,26,23,8.48,15.65,2.34,2,2,24800,24603,22471,1,1,1,19946,18873,17227,15041,14009,12787,4892,4852,4431,12,12,8,34,35,24,3.5,2.0,1.84,6000,95,5291,45,13,1499,1650,,91,9
"""490490101071""","""Provo-Orem, UT""",1.00,2245.00,514.00,1463.71,53,64,60,30,37,36,23,27,24,9.67,3.39,2.46,2,2,26741,26544,24411,0,0,0,21077,19969,18324,15795,14728,13505,5275,5234,4814,7,7,5,17,17,12,2.6,0.6,0.35,7898,86,7213,48,46,2250,2414,,93,7
"""490490101072""","""Provo-Orem, UT""",1.00,1299.00,372.00,672.89,53,64,60,30,37,36,23,27,24,8.89,4.91,2.44,2,2,27151,26954,24821,0,0,0,21037,19935,18290,15675,14613,13391,5356,5315,4895,6,6,4,15,15,10,2.6,0.6,0.55,4792,100,4826,47,23,2245,2500,,90,10
"""490490101074""","""Provo-Orem, UT""",1.00,639.00,148.00,137682.57,46,56,52,20,24,24,26,31,28,12.02,0.01,2.78,3,3,31841,31644,29512,0,0,0,24109,22906,21262,17824,16662,15439,6281,6240,5820,4,4,3,10,10,7,0.0,0.2,0.00,1369,100,1934,49,796,1486,1527,,97,3
"""490490101101""","""Provo-Orem, UT""",1.00,1129.00,245.00,293.09,47,57,53,24,29,29,23,28,25,8.86,7.41,2.50,2,2,26198,26001,23869,0,0,0,21228,20108,18463,16052,14973,13751,5168,5127,4707,7,7,5,17,18,12,2.3,0.7,0.84,11954,100,21280,50,37,1786,1786,,100,0
"""490490101102""","""Provo-Orem, UT""",1.00,2147.00,506.00,512.96,55,67,63,33,41,40,22,26,23,9.01,8.89,2.33,2,2,24661,24464,22332,1,1,0,19825,18757,17111,14952,13924,12702,4865,4824,4404,8,9,6,20,21,14,4.4,0.7,0.99,12094,77,17040,49,17,2521,2655,1917,82,18
"""490490101103""","""Provo-Orem, UT""",1.00,1899.00,418.00,582.54,60,73,69,37,46,45,23,27,24,8.66,6.22,2.47,2,2,25812,25615,23483,0,0,0,20937,19827,18182,15837,14768,13546,5092,5051,4631,7,8,5,18,19,13,2.9,0.8,0.72,11234,100,15945,48,22,2806,2806,,100,0
"""490490101141""","""Provo-Orem, UT""",1.00,3482.00,828.00,2373.81,49,59,55,26,32,31,23,27,24,9.73,3.39,2.43,2,2,27125,26928,24795,0,0,0,20987,19887,18242,15629,14570,13348,5351,5310,4890,6,7,4,15,16,11,1.8,0.8,0.35,5155,95,4029,46,61,1954,1999,1726,84,16
"""490490101142""","""Provo-Orem, UT""",1.00,3098.00,723.00,1051.34,43,52,49,20,25,24,23,27,24,9.58,6.59,2.43,2,2,27140,26944,24811,0,0,0,20979,19879,18234,15618,14559,13337,5354,5313,4893,7,7,5,16,17,11,2.7,0.7,0.69,4807,79,3606,46,50,1519,1606,,95,5
"""490490101143""","""Provo-Orem, UT""",1.00,1160.00,296.00,622.05,44,54,50,21,26,26,23,28,25,9.76,4.64,2.47,2,2,27539,27342,25209,0,0,0,21269,20159,18514,15830,14761,13539,5433,5392,4971,6,6,4,15,15,10,2.5,0.7,0.48,4262,97,3398,46,28,1600,1662,,96,4
"""490490101151""","""Provo-Orem, UT""",1.00,2141.00,620.00,154.29,43,53,49,22,27,27,21,25,22,9.07,36.44,2.25,2,2,25854,25657,23525,0,0,0,19568,18523,16878,14460,13456,12233,5100,5059,4639,7,8,5,18,19,13,5.0,0.7,4.02,3733,70,3038,46,13,1662,1694,1556,77,23
"""490490101152""","""Provo-Orem, UT""",1.00,649.00,167.00,3763.40,45,55,51,21,26,25,25,29,26,10.72,0.48,2.60,3,2,28979,28782,26649,0,0,0,22435,21284,19640,16713,15603,14381,5717,5676,5255,5,5,4,13,13,9,0.6,0.7,0.04,2539,97,2631,46,188,1583,1583,,100,0
"""490490101153""","""Provo-Orem, UT""",1.00,1211.00,358.00,14418.18,44,54,50,20,25,24,25,29,26,10.34,0.26,2.62,3,2,29140,28943,26811,0,0,0,22553,21397,19753,16799,15684,14462,5749,5708,5287,5,5,4,13,13,9,0.2,0.8,0.02,2486,100,2591,45,307,1502,1563,,96,4
"""490490101161""","""Provo-Orem, UT""",1.00,2224.00,496.00,326.50,52,63,59,29,36,35,22,27,24,9.17,13.93,2.39,2,2,26030,25833,23701,0,0,0,20488,19401,17756,15345,14299,13077,5135,5094,4674,7,7,5,17,18,12,3.7,0.9,1.52,5809,97,5242,46,10,2216,2319,,96,4
"""490490101162""","""Provo-Orem, UT""",1.00,4748.00,1203.00,3369.31,54,66,62,31,39,38,23,27,24,9.20,3.29,2.43,2,2,26986,26789,24657,0,0,0,20963,19863,18218,15633,14573,13351,5324,5283,4862,6,7,4,15,16,11,1.9,0.8,0.36,4760,95,4080,46,53,2386,2330,2697,85,15
"""490490101171""","""Provo-Orem, UT""",1.00,793.00,205.00,235.45,56,68,64,33,41,40,23,27,24,8.95,7.79,2.45,2,2,26433,26236,24104,0,0,0,20925,19821,18176,15703,14640,13418,5215,5174,4753,7,7,5,17,17,12,2.9,1.0,0.87,6678,100,5663,46,18,2474,2474,,100,0
"""490490101172""","""Provo-Orem, UT""",1.00,3098.00,684.00,3978.38,52,63,59,28,35,34,24,28,25,9.58,1.65,2.52,2,2,27674,27477,25345,0,0,0,21671,20544,18899,16205,15119,13897,5459,5418,4998,6,6,4,15,15,11,1.3,0.8,0.17,5201,100,4355,46,83,2126,2227,,95,5
"""490490101173""","""Provo-Orem, UT""",1.00,577.00,140.00,463.63,55,67,63,33,41,40,22,26,23,9.48,2.86,2.30,2,2,26017,25820,23688,0,0,0,19895,18836,17191,14755,13737,12514,5133,5092,4671,7,7,5,17,18,12,1.2,0.8,0.30,6068,100,5009,46,93,2490,2231,2653,39,61
"""490490101181""","""Provo-Orem, UT""",1.00,771.00,225.00,86.00,48,58,54,25,32,31,22,27,24,9.51,24.88,2.39,2,2,25827,25630,23498,0,0,0,20471,19383,17737,15368,14321,13098,5095,5054,4634,8,8,5,19,19,13,3.8,1.0,2.62,6966,100,6291,46,9,1934,1934,,100,0
"""490490101182""","""Provo-Orem, UT""",1.00,3976.00,1063.00,312.76,47,57,53,26,32,32,21,25,22,8.08,27.45,2.23,2,2,24190,23993,21861,1,1,1,19088,18050,16404,14306,13309,12086,4772,4731,4311,9,10,7,23,24,16,7.1,1.1,3.40,7114,49,7020,46,6,1974,1962,2149,94,6
"""490490101183""","""Provo-Orem, UT""",1.00,1373.00,341.00,370.85,55,67,63,32,40,39,23,27,24,9.02,8.29,2.40,2,2,26307,26110,23978,0,0,0,20607,19517,17872,15410,14361,13138,5190,5149,4728,7,7,5,17,17,12,2.5,1.0,0.92,6141,96,5741,46,31,2452,2825,,87,13
"""490490101191""","""Provo-Orem, UT""",1.00,1879.00,376.00,177.16,42,51,47,20,25,24,22,26,23,9.50,20.16,2.36,2,2,25519,25322,23190,1,1,1,20223,19144,17498,15179,14140,12918,5034,4993,4573,10,10,7,24,25,17,3.6,0.6,2.12,7425,100,5645,47,10,1500,1644,,91,9
"""490490101192""","""Provo-Orem, UT""",1.00,548.00,78.00,780.78,55,67,63,31,39,37,24,29,26,13.92,1.39,2.56,3,2,27979,27782,25649,0,0,0,21954,20816,19171,16428,15331,14109,5519,5478,5058,6,7,4,15,16,11,1.3,0.7,0.10,6039,100,4666,47,87,2342,2342,,100,0
"""490490101193""","""Provo-Orem, UT""",1.00,690.00,183.00,86.23,39,48,44,19,24,23,21,24,21,7.93,16.84,2.20,2,2,23832,23635,21502,1,1,1,18831,17802,16155,14116,13127,11905,4701,4661,4240,14,15,10,35,36,24,7.7,0.6,2.12,8312,37,6274,47,5,1431,1531,,93,7
"""490490101201""","""Provo-Orem, UT""",1.00,3197.00,864.00,286.15,42,51,48,20,25,24,22,26,23,8.58,25.92,2.36,2,2,25159,24962,22830,1,1,1,20122,19045,17399,15148,14111,12889,4963,4923,4502,11,11,8,27,27,19,3.8,0.6,3.02,8772,98,6408,47,10,1526,1616,,94,6
"""490490101202""","""Provo-Orem, UT""",1.00,5875.00,1322.00,649.38,50,60,57,28,35,34,22,25,23,8.85,18.02,2.31,2,2,24404,24207,22075,1,1,0,19659,18596,16950,14836,13814,12592,4814,4774,4353,8,8,6,20,21,14,4.7,0.8,2.04,8447,83,6525,46,10,2128,2131,2097,90,10
"""490490101203""","""Provo-Orem, UT""",1.00,2006.00,387.00,1291.09,56,69,65,34,42,41,23,27,24,9.44,2.83,2.42,2,2,25900,25703,23571,0,0,0,20640,19545,17900,15524,14470,13247,5109,5069,4648,7,7,5,17,17,11,2.4,0.7,0.30,6583,91,4995,46,43,2563,2657,1879,88,12
"""490490101211""","""Provo-Orem, UT""",1.00,5421.00,1174.00,1558.63,49,60,56,27,34,33,21,25,22,8.35,6.29,2.31,2,2,24215,24018,21885,1,1,0,19597,18536,16890,14812,13791,12568,4777,4736,4316,9,9,6,21,22,15,3.5,0.9,0.75,9264,76,8138,46,32,2083,2184,1699,79,21
"""490490101212""","""Provo-Orem, UT""",1.00,5190.00,1273.00,454.48,46,56,52,25,31,30,21,25,22,8.65,24.24,2.28,2,2,24489,24292,22160,1,1,1,19475,18421,16776,14635,13622,12400,4831,4790,4370,9,9,6,22,23,15,5.4,0.5,2.80,9309,68,7457,48,12,1878,1867,1941,86,14
"""490490101221""","""Provo-Orem, UT""",1.00,5263.00,986.00,2386.78,52,63,59,28,35,34,24,28,25,9.90,4.09,2.51,2,2,27861,27664,25532,0,0,0,21636,20513,18868,16134,15051,13828,5496,5455,5035,6,7,4,15,16,11,2.0,0.6,0.41,5205,100,4425,47,42,2131,2131,,100,0
"""490490101222""","""Provo-Orem, UT""",1.00,3259.00,808.00,680.09,45,55,51,24,30,29,21,25,22,8.76,10.41,2.25,2,2,24720,24523,22390,1,1,0,19355,18310,16664,14470,13465,12243,4877,4836,4415,8,9,6,21,21,14,5.5,0.5,1.19,8270,50,6636,48,23,1809,1922,1398,78,22
"""490490101231""","""Provo-Orem, UT""",1.00,4771.00,1014.00,509.15,46,56,52,26,32,31,20,24,21,8.20,16.34,2.20,2,2,22481,22284,20151,1,1,1,18553,17525,15878,14106,13118,11896,4435,4394,3974,12,13,9,30,30,21,5.9,1.4,1.99,10253,58,11720,45,15,1959,1952,1987,79,21
"""490490101232""","""Provo-Orem, UT""",1.00,2477.00,638.00,171.44,43,52,48,23,29,28,20,23,20,8.37,31.15,2.12,2,2,22006,21809,19677,1,1,1,17962,16957,15309,13606,12641,11419,4341,4301,3880,14,15,10,35,36,24,7.0,1.2,3.72,9846,52,11574,46,7,1746,1875,1428,71,29
"""490490101233""","""Provo-Orem, UT""",1.00,1709.00,343.00,1226.83,49,60,56,26,33,32,23,27,24,8.97,2.51,2.46,2,2,25239,25042,22910,0,0,0,20793,19685,18040,15807,14739,13517,4979,4938,4518,7,7,5,17,17,12,1.6,1.2,0.28,8605,100,9994,46,72,2012,2170,,93,7
"""490490101241""","""Provo-Orem, UT""",1.00,1043.00,326.00,110.23,41,50,46,21,26,26,20,23,21,7.29,21.57,2.15,2,2,21906,21709,19576,1,1,1,18117,17104,15456,13781,12808,11586,4321,4281,3860,14,15,10,35,36,25,7.7,1.3,2.96,10747,41,12739,46,5,1607,1806,,89,11
"""490490101242""","""Provo-Orem, UT""",1.00,2525.00,992.00,1186.06,44,54,50,24,30,29,20,23,21,7.14,5.98,2.12,2,2,22618,22421,20288,1,1,1,18114,17107,15461,13643,12676,11454,4462,4421,4001,9,9,6,23,23,16,6.9,1.0,0.84,10582,24,14950,47,26,1837,1867,1772,69,31
"""490490101251""","""Provo-Orem, UT""",1.00,2599.00,796.00,594.70,41,50,47,22,28,27,19,22,19,7.17,9.60,2.02,2,2,21537,21340,19207,1,1,1,17209,16235,14588,12948,12014,10792,4249,4208,3788,13,13,9,31,32,22,6.9,1.6,1.34,9752,25,11286,45,24,1705,1695,1715,48,52
"""490490101252""","""Provo-Orem, UT""",1.00,1169.00,239.00,2318.07,48,59,55,25,32,31,23,27,24,9.32,0.96,2.45,2,2,25700,25503,23371,0,0,0,20834,19728,18083,15757,14692,13469,5070,5029,4609,7,7,5,17,18,12,1.6,1.6,0.10,8445,100,9291,45,70,1920,2217,,87,13
"""490490101261""","""Provo-Orem, UT""",1.00,1569.00,379.00,1039.07,52,63,59,29,36,35,23,27,24,9.85,3.59,2.47,2,2,25840,25643,23510,0,0,0,20972,19861,18216,15868,14797,13575,5098,5057,4636,7,7,5,18,18,13,2.3,1.3,0.36,9532,100,10855,46,35,2171,2194,,99,1
"""490490101262""","""Provo-Orem, UT""",1.00,1432.00,302.00,201.93,52,63,59,30,37,36,22,26,23,8.22,12.29,2.37,2,2,24683,24486,22354,0,1,0,20075,18995,17350,15198,14158,12936,4869,4829,4408,8,8,6,19,20,14,3.4,1.7,1.50,9760,100,11723,46,13,2251,2231,2500,93,7
"""490490101271""","""Provo-Orem, UT""",1.00,2377.00,517.00,667.51,50,61,57,27,34,33,22,26,23,9.35,7.24,2.39,2,2,25228,25031,22899,0,1,0,20329,19243,17597,15345,14299,13076,4977,4936,4516,8,8,6,19,20,14,3.2,1.0,0.77,10452,93,11924,47,20,2083,2306,,90,10
"""490490101272""","""Provo-Orem, UT""",1.00,3783.00,1073.00,339.39,46,56,52,25,31,30,21,25,22,8.50,26.88,2.24,2,2,23797,23600,21468,1,1,1,19113,18071,16425,14409,13407,12184,4695,4654,4233,10,10,7,24,25,17,6.2,0.9,3.16,11515,62,14420,48,8,1869,1830,2091,85,15
"""490490101273""","""Provo-Orem, UT""",1.00,838.00,271.00,401.15,47,58,54,25,31,30,23,27,24,8.90,6.01,2.42,2,2,25877,25680,23548,0,0,0,20672,19575,17930,15560,14504,13282,5105,5064,4644,7,7,5,17,18,12,2.7,0.9,0.68,8437,100,10107,47,24,1871,2070,,90,10
"""490490101281""","""Provo-Orem, UT""",1.00,3311.00,919.00,533.28,42,51,47,22,27,26,20,24,21,7.82,13.48,2.19,2,2,22741,22544,20411,1,1,1,18564,17537,15889,14062,13076,11853,4486,4446,4025,16,16,11,39,40,27,5.8,0.8,1.72,10468,57,23381,48,17,1639,1697,1464,75,25
"""490490101282""","""Provo-Orem, UT""",1.00,846.00,238.00,179.67,46,56,53,24,30,29,23,27,24,7.75,10.27,2.44,2,2,24473,24276,22143,1,1,1,20523,19421,17772,15677,14615,13393,4828,4787,4367,18,19,13,44,46,31,3.2,0.9,1.32,11950,90,31043,49,26,1809,1809,,100,0
"""490490101291""","""Provo-Orem, UT""",1.00,399.00,143.00,151.35,35,42,38,13,17,16,21,25,22,8.07,7.63,2.28,2,2,24250,24053,21921,1,1,1,19450,18396,16749,14654,13640,12418,4784,4743,4323,12,13,9,30,31,21,2.9,0.9,0.94,11504,100,27964,49,22,1015,1837,,55,45
"""490490101292""","""Provo-Orem, UT""",1.00,1348.00,284.00,149.82,51,62,58,28,35,34,23,27,24,8.98,17.03,2.45,2,2,25409,25212,23080,0,0,0,20723,19620,17975,15703,14640,13418,5013,4972,4551,7,8,5,18,19,13,3.2,0.9,1.90,11256,100,24441,49,17,2122,2122,,100,0
"""490490101293""","""Provo-Orem, UT""",1.00,3420.00,915.00,1167.57,50,61,57,29,36,35,21,25,22,8.09,6.34,2.26,2,2,23133,22936,20803,1,1,1,19123,18074,16424,14537,13528,12306,4563,4523,4102,22,23,16,54,56,38,4.4,1.2,0.78,10168,74,26368,48,21,2194,2240,2019,79,21
"""490490101301""","""Provo-Orem, UT""",1.00,1587.00,416.00,213.57,44,54,50,22,28,27,22,26,23,9.36,18.24,2.38,2,2,25119,24922,22790,0,1,0,20239,19156,17511,15276,14233,13011,4955,4915,4494,8,8,6,19,20,14,3.3,1.0,1.95,10393,100,12962,47,13,1685,1845,,91,9
"""490490101302""","""Provo-Orem, UT""",1.00,1043.00,237.00,164.17,46,56,52,24,29,29,22,26,23,8.66,12.50,2.36,2,2,24923,24726,22594,0,0,0,20108,19029,17384,15184,14145,12923,4917,4876,4455,8,8,5,19,19,13,3.4,1.1,1.44,10016,100,13708,47,13,1790,2059,,87,13
"""490490101303""","""Provo-Orem, UT""",1.00,1501.00,335.00,241.50,47,57,53,25,31,30,22,26,23,8.86,12.29,2.40,2,2,24845,24648,22516,1,1,0,20310,19221,17576,15401,14352,13130,4901,4861,4440,8,8,6,20,21,14,3.7,1.1,1.39,11789,96,16085,48,12,1873,1931,,97,3
"""490490101311""","""Provo-Orem, UT""",1.00,232.00,65.00,2335.43,56,69,65,33,41,40,23,27,24,8.20,0.23,2.50,2,2,25197,25000,22868,0,0,0,21046,19926,18281,16070,14990,13767,4971,4930,4509,6,6,4,15,15,10,2.3,1.1,0.03,9357,100,25010,48,45,2518,2923,,86,14
"""490490101312""","""Provo-Orem, UT""",1.00,3727.00,1190.00,2444.90,47,58,54,27,34,33,20,24,21,8.15,3.97,2.19,2,2,22804,22607,20475,1,1,1,18586,17559,15910,14069,13083,11861,4499,4458,4038,18,18,12,43,44,30,4.2,1.1,0.49,9101,70,15850,47,27,2041,1961,2151,58,42
"""490490101314""","""Provo-Orem, UT""",1.00,1166.00,329.00,238.66,54,66,62,32,40,38,22,26,23,8.65,11.92,2.38,2,2,24761,24564,22432,1,1,0,20207,19122,17477,15314,14269,13047,4885,4844,4423,8,8,6,20,21,14,4.6,1.0,1.38,9643,76,13718,47,15,2403,2403,,100,0
"""490490101321""","""Provo-Orem, UT""",1.00,2054.00,454.00,12042.46,53,65,61,29,37,35,24,28,25,10.04,0.38,2.50,2,2,28067,27870,25738,0,0,0,21604,20483,18839,16061,14982,13760,5537,5496,5075,5,6,4,13,13,9,0.3,0.8,0.04,2641,100,2989,45,280,2219,2238,2171,72,28
"""490490101322""","""Provo-Orem, UT""",1.00,1423.00,350.00,685.25,45,54,51,21,27,26,23,28,25,9.47,4.84,2.46,2,2,27097,26900,24767,0,0,0,21179,20069,18424,15827,14758,13536,5345,5305,4884,6,6,4,15,15,10,2.3,0.9,0.51,4101,100,4331,46,33,1632,1726,,95,5
"""490490101323""","""Provo-Orem, UT""",1.00,1437.00,366.00,5018.07,56,68,64,32,39,38,24,28,25,9.91,0.72,2.53,2,2,28162,27965,25832,0,0,0,21821,20691,19047,16261,15172,13949,5556,5515,5094,5,5,4,13,13,9,0.8,0.9,0.07,2455,100,2971,45,143,2400,2703,,89,11
"""490490102081""","""Provo-Orem, UT""",1.00,1525.00,317.00,411.01,63,78,73,41,51,50,22,27,24,9.19,7.09,2.42,2,2,24908,24711,22579,0,0,0,20443,19348,17704,15526,14471,13249,4914,4873,4452,4,4,3,10,11,7,3.0,2.1,0.77,8267,100,11275,45,17,3115,3115,,100,0
"""490490102082""","""Provo-Orem, UT""",1.00,941.00,257.00,527.23,50,61,57,28,35,34,22,26,23,8.26,4.03,2.35,2,2,24241,24044,21912,1,1,0,19901,18825,17181,15115,14080,12858,4782,4741,4321,4,4,3,11,11,8,3.2,2.3,0.49,8985,89,11926,44,23,2153,2438,,88,12
"""490490102083""","""Provo-Orem, UT""",1.00,1222.00,325.00,383.04,54,66,62,32,40,39,22,26,23,8.32,7.06,2.40,2,2,24109,23912,21780,1,1,1,20198,19107,17462,15437,14386,13164,4756,4715,4295,5,5,3,14,14,10,2.5,1.8,0.85,9628,98,13388,45,29,2432,2509,,97,3
"""490490102092""","""Provo-Orem, UT""",1.00,1726.00,414.00,386.32,68,84,79,46,57,56,22,27,24,9.22,9.89,2.41,2,2,25205,25008,22876,0,0,0,20457,19364,17720,15481,14428,13206,4972,4932,4511,4,4,3,10,11,7,2.1,2.2,1.07,7638,100,9461,44,39,3490,3714,,94,6
"""490490102093""","""Provo-Orem, UT""",1.00,1492.00,338.00,595.97,58,71,66,36,45,43,22,26,23,8.51,4.82,2.39,2,2,24012,23815,21682,1,1,1,20064,18978,17334,15322,14277,13055,4737,4696,4276,5,5,3,14,14,10,2.5,2.2,0.57,9306,100,11493,44,27,2714,2940,,92,8
"""490490102094""","""Provo-Orem, UT""",1.00,1239.00,395.00,403.49,53,64,60,31,38,37,22,26,23,8.18,8.00,2.38,2,2,24574,24377,22244,1,1,0,20143,19059,17415,15291,14248,13025,4848,4807,4387,4,4,3,11,11,8,2.9,2.3,0.98,8618,91,10865,44,25,2325,2436,,95,5
"""490490102101""","""Provo-Orem, UT""",1.00,1317.00,336.00,259.91,52,63,59,31,38,37,21,25,22,8.23,10.64,2.28,2,2,23737,23540,21408,1,1,1,19302,18249,16605,14615,13603,12381,4683,4642,4221,4,4,3,12,12,8,4.7,1.7,1.29,9996,90,12290,46,7,2322,2464,1720,81,19
"""490490102102""","""Provo-Orem, UT""",1.00,1949.00,536.00,281.37,47,58,54,27,34,33,20,24,21,7.74,14.75,2.20,2,2,22239,22042,19909,1,1,1,18508,17479,15834,14115,13126,11904,4387,4347,3926,6,6,4,17,18,12,6.2,1.7,1.90,10951,62,13928,45,8,2040,2054,1980,82,18
"""490490102103""","""Provo-Orem, UT""",1.00,2134.00,578.00,3365.58,54,66,62,31,39,38,23,28,25,8.86,1.52,2.52,2,2,25638,25441,23309,1,1,0,21265,20138,18494,16204,15117,13895,5058,5017,4596,4,4,3,11,11,8,1.3,1.7,0.17,7926,100,10186,46,96,2356,2356,,100,0
"""490490102111""","""Provo-Orem, UT""",1.00,1119.00,292.00,1805.02,52,64,60,30,37,36,22,27,24,8.28,1.34,2.41,2,2,25225,25028,22896,0,0,0,20485,19391,17747,15506,14452,13230,4976,4935,4515,3,4,2,10,10,7,1.6,2.3,0.16,6962,97,9727,44,72,2257,2448,1375,82,18
"""490490102112""","""Provo-Orem, UT""",1.00,191.00,49.00,16157.96,68,84,79,44,55,53,25,29,26,10.76,0.03,2.66,3,2,27373,27176,25043,0,0,0,22497,21328,19684,17094,15966,14743,5400,5359,4938,3,3,2,8,9,6,0.1,2.2,0.00,4792,100,6887,44,577,3325,3325,,100,0
"""490490102113""","""Provo-Orem, UT""",1.00,1509.00,359.00,661.09,68,84,79,46,57,56,23,27,24,8.93,4.85,2.43,2,2,25413,25216,23084,0,0,0,20650,19550,17906,15633,14574,13352,5013,4973,4552,3,3,2,10,10,7,2.4,2.1,0.54,6403,100,8341,44,29,3481,3571,,97,3
"""490490102114""","""Provo-Orem, UT""",1.00,1182.00,333.00,288.41,58,71,67,36,45,44,22,26,23,8.23,9.50,2.35,2,2,24603,24406,22274,1,1,0,19935,18861,17217,15078,14044,12822,4854,4813,4392,4,4,3,11,11,8,2.7,2.3,1.15,7633,94,9724,44,29,2732,2964,1319,86,14
"""490490102121""","""Provo-Orem, UT""",1.00,2159.00,520.00,1504.56,54,65,61,32,39,38,22,26,23,8.62,2.98,2.37,2,2,24272,24075,21943,0,1,0,20044,18962,17318,15252,14210,12988,4788,4748,4327,4,4,3,10,11,7,2.0,2.1,0.35,11300,96,20265,46,65,2397,2375,2472,77,23
"""490490102122""","""Provo-Orem, UT""",1.00,2524.00,794.00,743.76,46,56,52,27,33,32,19,23,20,7.20,7.68,2.05,2,2,21563,21366,19234,1,1,1,17449,16463,14817,13185,12239,11017,4254,4213,3793,10,11,7,29,30,20,6.8,1.0,1.07,11014,39,28315,48,15,2022,2214,1848,48,52
"""490490102123""","""Provo-Orem, UT""",1.00,5411.00,1722.00,2425.74,50,61,57,30,37,36,21,24,22,7.49,5.32,2.24,2,2,22892,22695,20563,1,1,0,18875,17835,16191,14355,13355,12133,4516,4475,4055,4,4,3,11,12,8,3.9,1.0,0.71,10635,64,20494,47,42,2246,2583,1711,61,39
"""490490102131""","""Provo-Orem, UT""",1.00,1452.00,381.00,391.34,47,57,53,26,32,31,21,25,22,8.19,7.97,2.30,2,2,22829,22632,20500,1,1,1,19303,18242,16597,14792,13771,12549,4504,4463,4043,8,8,5,22,22,15,4.5,2.3,0.97,12463,83,17313,46,13,1939,2192,,88,12
"""490490102132""","""Provo-Orem, UT""",1.00,866.00,218.00,213.74,66,81,76,43,54,53,22,26,24,8.90,9.08,2.43,2,2,24413,24216,22084,1,1,1,20403,19305,17660,15580,14523,13301,4816,4775,4355,6,7,4,18,18,12,2.7,1.7,1.02,10728,100,13505,46,24,3303,3303,,100,0
"""490490102161""","""Provo-Orem, UT""",1.00,1817.00,474.00,349.74,59,73,68,37,46,45,22,26,23,8.12,11.01,2.39,2,2,24715,24518,22385,1,1,0,20245,19157,17513,15365,14318,13096,4876,4835,4414,4,4,3,11,12,8,3.4,1.4,1.36,11696,99,17798,47,13,2819,2858,1833,96,4
"""490490102162""","""Provo-Orem, UT""",1.00,719.00,265.00,89.11,47,58,54,27,34,33,20,24,21,6.95,20.66,2.20,2,2,22910,22713,20581,1,1,1,18665,17635,15990,14140,13151,11928,4520,4479,4059,5,5,4,14,14,10,6.9,1.3,2.97,12062,58,19221,47,5,2053,2120,1677,85,15
"""490490102163""","""Provo-Orem, UT""",1.00,1347.00,317.00,295.00,46,56,53,24,31,30,22,26,23,8.99,9.66,2.35,2,2,24415,24218,22086,1,1,0,19940,18864,17219,15119,14084,12861,4816,4776,4355,4,4,3,11,12,8,3.8,1.2,1.07,12573,86,19572,47,17,1861,2092,,89,11
"""490490102171""","""Provo-Orem, UT""",1.00,816.00,212.00,1243.82,60,74,69,38,47,46,22,27,24,8.54,1.46,2.44,2,2,24530,24333,22201,1,1,0,20516,19414,17770,15673,14612,13389,4839,4798,4378,4,4,3,11,11,8,2.1,1.3,0.17,10482,100,16228,46,41,2870,3153,,91,9
"""490490102172""","""Provo-Orem, UT""",1.00,3612.00,894.00,2489.24,53,65,61,30,38,37,22,27,24,8.49,3.05,2.43,2,2,24926,24729,22596,1,1,0,20497,19399,17755,15576,14519,13296,4917,4876,4456,4,4,3,11,11,8,1.9,2.4,0.36,9141,88,12830,44,80,2316,2495,,93,7
"""490490102173""","""Provo-Orem, UT""",1.00,3255.00,623.00,1490.62,66,81,77,44,55,53,23,27,24,9.15,3.82,2.43,2,2,25144,24947,22815,0,0,0,20570,19471,17827,15607,14548,13326,4960,4919,4499,4,4,3,10,10,7,2.6,1.8,0.42,8951,94,12956,45,33,3324,3486,,95,5
"""490490102191""","""Provo-Orem, UT""",1.00,2203.00,710.00,413.58,48,58,54,28,35,34,20,23,20,7.17,12.32,2.13,2,2,21875,21678,19546,1,1,1,18022,17012,15368,13700,12731,11509,4315,4275,3854,6,6,4,18,18,12,6.4,1.7,1.72,10247,49,14227,45,11,2120,2077,2224,71,29
"""490490102192""","""Provo-Orem, UT""",1.00,935.00,277.00,719.47,55,67,63,32,40,39,22,27,24,7.87,3.03,2.44,2,2,24256,24059,21927,1,1,1,20454,19352,17708,15664,14602,13380,4785,4744,4324,5,6,4,15,16,11,2.4,1.9,0.39,10909,100,13904,45,31,2456,2456,,100,0
"""490490102193""","""Provo-Orem, UT""",1.00,2009.00,527.00,460.09,54,66,62,32,40,39,22,26,23,8.75,10.02,2.35,2,2,24259,24062,21930,1,1,1,19897,18821,17177,15107,14072,12849,4786,4745,4325,4,4,3,12,12,8,3.1,1.8,1.15,11815,89,16031,46,24,2442,2744,,89,11
"""490490102201""","""Provo-Orem, UT""",1.00,2165.00,440.00,422.13,47,58,54,25,32,31,22,26,23,8.97,9.35,2.39,2,2,23949,23752,21619,1,1,1,20082,18995,17351,15352,14306,13084,4724,4684,4263,6,6,4,16,16,11,3.3,1.9,1.04,9802,100,12075,45,14,1933,1933,,100,0
"""490490102202""","""Provo-Orem, UT""",1.00,1671.00,400.00,1473.15,46,56,52,24,30,29,22,26,23,9.14,2.48,2.35,2,2,25175,24978,22846,0,0,0,20046,18971,17328,15076,14042,12820,4966,4926,4505,4,4,3,10,10,7,2.2,1.6,0.27,6143,70,7912,45,123,1834,1818,1877,73,27
"""490490102203""","""Provo-Orem, UT""",1.00,1334.00,305.00,155.66,52,63,59,30,38,37,21,25,22,8.08,15.83,2.29,2,2,24150,23953,21821,1,1,0,19502,18443,16799,14733,13716,12494,4764,4723,4303,4,4,3,11,11,8,3.8,1.9,1.96,8673,100,10485,45,9,2297,2258,2474,82,18
"""490490102204""","""Provo-Orem, UT""",1.00,1692.00,404.00,264.89,47,58,54,25,32,31,22,26,23,8.51,12.98,2.35,2,2,24522,24325,22192,1,1,0,19948,18873,17228,15107,14072,12849,4838,4797,4376,4,4,3,11,11,8,3.3,1.9,1.53,9307,94,11262,45,17,1934,2123,,91,9
"""490490102212""","""Provo-Orem, UT""",1.00,2625.00,742.00,195.16,38,46,43,20,25,24,19,22,19,7.05,26.80,1.98,2,2,21186,20989,18857,1,1,1,16925,15961,14315,12737,11812,10590,4180,4139,3719,9,9,6,26,26,18,8.0,0.9,3.80,11991,15,33271,49,9,1496,1485,1508,51,49
"""490490102221""","""Provo-Orem, UT""",1.00,4847.00,1140.00,517.64,52,63,59,30,37,36,22,26,23,8.44,18.58,2.37,2,2,24441,24244,22111,1,1,0,20021,18941,17297,15196,14156,12934,4822,4781,4360,4,4,3,11,11,8,4.0,1.1,2.20,12701,95,26426,49,10,2274,2277,2243,92,8
"""490490102222""","""Provo-Orem, UT""",1.00,1260.00,379.00,160.50,45,55,51,23,29,28,22,26,23,8.42,19.87,2.38,2,2,24017,23820,21688,1,1,1,20035,18951,17305,15289,14246,13023,4738,4697,4277,7,8,5,21,21,14,4.0,0.8,2.36,13080,100,28183,49,8,1747,1839,,95,5
"""490490102223""","""Provo-Orem, UT""",1.00,2377.00,471.00,160.32,42,52,48,21,26,25,22,26,23,9.50,27.92,2.33,2,2,24575,24378,22245,1,1,0,19837,18767,17123,14985,13956,12734,4848,4807,4387,4,4,3,11,12,8,3.8,0.8,2.94,13262,97,23064,49,11,1572,1448,2168,83,17
"""490490102231""","""Provo-Orem, UT""",1.00,690.00,166.00,244.20,54,66,62,32,39,38,22,26,23,8.35,5.68,2.40,2,2,24153,23956,21824,1,1,1,20161,19072,17428,15391,14343,13121,4765,4724,4304,5,5,3,14,14,10,2.4,1.5,0.68,10729,93,15334,46,41,2400,2604,,92,8
"""490490102232""","""Provo-Orem, UT""",1.00,884.00,198.00,207.90,57,70,66,35,44,42,23,27,24,9.03,8.60,2.43,2,2,24983,24786,22654,1,1,0,20519,19421,17777,15587,14529,13307,4929,4888,4467,4,4,3,11,11,8,3.0,1.5,0.95,11284,100,16729,46,17,2656,2656,,100,0
"""490490102233""","""Provo-Orem, UT""",1.00,539.00,119.00,203.85,67,82,77,44,55,54,22,27,24,9.14,5.33,2.44,2,2,24455,24258,22126,1,1,1,20510,19407,17763,15681,14619,13397,4824,4784,4363,5,5,3,13,14,9,2.5,1.4,0.58,10992,100,16069,46,29,3369,3369,,100,0
"""490490102241""","""Provo-Orem, UT""",1.00,1951.00,477.00,645.42,56,68,64,34,42,41,22,26,23,9.22,6.82,2.38,2,2,24785,24588,22455,1,1,0,20203,19118,17474,15310,14265,13043,4889,4849,4428,4,4,3,11,11,8,2.9,1.3,0.74,12433,96,17569,47,23,2554,2714,1402,88,12
"""490490102242""","""Provo-Orem, UT""",1.00,1349.00,294.00,318.61,61,75,70,39,48,47,22,26,23,9.16,8.45,2.41,2,2,24753,24556,22423,1,1,0,20351,19259,17615,15464,14412,13190,4883,4842,4422,4,4,3,11,12,8,3.4,1.3,0.92,13025,100,18692,47,12,2947,3029,,97,3
"""490490102251""","""Provo-Orem, UT""",1.00,1285.00,265.00,203.10,56,69,65,34,43,42,22,26,23,8.87,11.58,2.42,2,2,23969,23772,21639,1,1,1,20293,19196,17551,15558,14502,13280,4728,4688,4267,6,6,4,17,18,12,2.6,1.9,1.30,12755,100,17730,46,29,2602,2602,,100,0
"""490490102252""","""Provo-Orem, UT""",1.00,830.00,203.00,202.48,51,62,58,29,37,36,22,26,23,8.46,8.48,2.34,2,2,23792,23595,21462,1,1,1,19698,18627,16983,15000,13970,12748,4693,4653,4232,4,4,3,12,13,9,4.0,1.5,1.00,13600,88,19957,47,17,2227,2281,1875,87,13
"""490490102253""","""Provo-Orem, UT""",1.00,511.00,117.00,171.43,48,58,55,26,32,31,22,26,23,8.07,5.51,2.40,2,2,23931,23734,21602,1,1,0,20153,19063,17419,15428,14378,13156,4721,4680,4260,4,4,3,11,12,8,4.6,1.4,0.68,14778,100,23360,47,8,1964,1964,,100,0
"""490490102254""","""Provo-Orem, UT""",1.00,957.00,226.00,170.70,46,56,53,25,31,31,21,25,22,8.36,11.07,2.29,2,2,23310,23113,20981,1,1,1,19314,18257,16612,14711,13694,12472,4599,4558,4137,4,4,3,12,12,8,4.0,1.6,1.32,14127,87,20922,47,19,1912,2128,1170,77,23
"""490490102261""","""Provo-Orem, UT""",1.00,1656.00,385.00,298.47,51,62,58,29,36,35,22,26,23,8.90,11.48,2.35,2,2,23649,23452,21320,1,1,1,19766,18691,17046,15093,14059,12837,4665,4625,4204,7,7,5,20,21,14,3.4,1.9,1.29,11178,100,14389,46,14,2205,2191,2318,89,11
"""490490102262""","""Provo-Orem, UT""",1.00,1416.00,373.00,196.53,52,63,59,30,38,36,22,25,23,7.52,14.27,2.34,2,2,23393,23196,21064,1,1,1,19656,18584,16939,15034,14002,12780,4615,4574,4154,8,8,6,22,23,15,3.4,2.1,1.90,11830,90,15910,46,22,2282,2526,,90,10
"""490490103031""","""Provo-Orem, UT""",1.00,2089.00,591.00,1603.60,53,64,60,30,37,36,23,27,24,9.45,3.48,2.44,2,2,26899,26702,24570,0,0,0,21001,19898,18251,15683,14621,13398,5306,5266,4845,12,12,8,11,11,8,2.4,0.8,0.37,4293,92,4371,46,38,2259,2519,,90,10
"""490490103032""","""Provo-Orem, UT""",1.00,900.00,301.00,491.24,50,61,57,28,35,34,22,26,23,8.14,4.99,2.36,2,2,25907,25710,23577,0,0,0,20307,19228,17581,15183,14144,12922,5111,5070,4649,13,14,9,13,13,9,2.4,0.7,0.61,7193,87,6729,47,49,2126,2896,,73,27
"""490490103033""","""Provo-Orem, UT""",1.00,2097.00,530.00,325.67,52,64,60,30,37,36,22,26,23,8.92,14.51,2.38,2,2,25343,25146,23014,0,0,0,20319,19234,17587,15305,14261,13039,5000,4959,4538,14,15,10,13,14,9,3.5,1.0,1.63,8114,98,7648,47,13,2275,2456,,93,7
"""490490103051""","""Provo-Orem, UT""",1.00,2416.00,644.00,1792.57,56,68,64,33,41,40,23,27,24,9.04,3.25,2.41,2,2,26526,26329,24197,0,0,0,20690,19598,17953,15452,14401,13179,5233,5192,4772,4,4,3,11,12,8,2.3,0.8,0.36,5652,89,4884,46,50,2496,2781,1200,82,18
"""490490103052""","""Provo-Orem, UT""",1.00,2014.00,529.00,6617.84,53,65,61,29,36,35,24,29,26,10.08,0.81,2.58,3,2,29024,28827,26694,0,0,0,22300,21155,19512,16571,15468,14245,5726,5685,5264,3,3,2,9,9,6,0.6,0.5,0.08,3030,93,2960,47,236,2202,2339,,94,6
"""490490103061""","""Provo-Orem, UT""",1.00,1375.00,449.00,133.13,39,47,44,19,23,23,20,24,21,6.75,22.76,2.20,2,2,21910,21713,19581,2,2,2,18482,17452,15804,14143,13153,11931,4322,4282,3861,16,17,12,46,47,32,6.2,3.0,3.37,9415,59,11735,44,10,1420,1598,,89,11
"""490490103062""","""Provo-Orem, UT""",1.00,1055.00,320.00,1546.63,41,49,46,19,24,23,22,26,23,7.84,1.62,2.35,2,2,23611,23414,21282,1,1,1,19745,18671,17025,15077,14043,12821,4658,4617,4197,11,11,8,30,31,21,3.8,2.3,0.21,7669,56,10882,45,57,1433,1570,,91,9
"""490490103071""","""Provo-Orem, UT""",1.00,2182.00,523.00,959.53,54,66,62,31,39,38,23,27,24,9.29,5.06,2.45,2,2,26014,25817,23684,0,0,0,20865,19761,18114,15720,14656,13434,5132,5091,4670,14,14,10,13,13,9,2.8,1.1,0.55,8488,100,6360,46,22,2373,2373,,100,0
"""490490103072""","""Provo-Orem, UT""",1.00,1312.00,395.00,217.09,42,51,47,22,27,27,20,23,21,8.48,15.44,2.08,2,2,23753,23556,21423,1,1,1,18076,17081,15436,13384,12429,11207,4686,4645,4225,7,7,5,18,19,13,7.1,1.2,1.82,7943,22,5628,45,18,1667,1592,1827,68,32
"""490490103073""","""Provo-Orem, UT""",1.00,2314.00,602.00,261.81,46,57,53,26,33,32,20,24,21,8.25,18.97,2.17,2,2,22879,22682,20550,1,1,1,18488,17466,15820,13965,12984,11761,4513,4473,4052,9,9,6,25,26,18,5.7,2.2,2.30,9959,66,8425,44,10,1980,2177,1386,75,25
"""490490103081""","""Provo-Orem, UT""",1.00,1376.00,326.00,596.57,43,52,48,21,26,25,22,26,23,9.30,5.08,2.39,2,2,24564,24367,22235,1,1,1,20251,19163,17512,15379,14332,13109,4846,4805,4385,26,27,18,24,25,17,2.9,1.5,0.55,7751,91,9340,46,28,1576,1730,,91,9
"""490490103082""","""Provo-Orem, UT""",1.00,894.00,295.00,290.10,40,49,45,20,24,24,21,24,22,7.03,7.15,2.19,2,2,24131,23934,21802,1,1,0,18854,17827,16179,14078,13092,11869,4760,4720,4299,16,16,11,15,15,10,5.7,0.9,1.02,6940,59,6982,47,13,1483,2365,,63,37
"""490490103083""","""Provo-Orem, UT""",1.00,2657.00,582.00,566.62,50,61,57,27,34,33,23,27,24,8.91,9.16,2.45,2,2,25318,25121,22989,1,1,1,20725,19622,17973,15712,14649,13426,4995,4954,4533,19,19,13,17,18,12,2.7,1.0,1.03,7613,100,8095,47,23,2077,2077,,100,0
"""490490104041""","""Provo-Orem, UT""",1.00,1700.00,431.00,119.58,45,55,51,24,29,29,22,25,23,9.08,32.74,2.30,2,2,24540,24343,22211,1,1,1,19647,18586,16941,14800,13780,12557,4841,4800,4380,6,6,4,16,17,11,5.4,1.5,3.60,8062,83,5771,45,6,1793,1831,,98,2
"""490490104042""","""Provo-Orem, UT""",1.00,1635.00,407.00,130.20,45,55,52,24,30,29,22,26,23,8.38,26.19,2.31,2,2,24464,24267,22135,1,1,1,19690,18626,16982,14858,13835,12613,4826,4785,4365,6,6,4,16,17,11,4.6,1.7,3.13,8986,89,6528,44,8,1815,1894,,96,4
"""490490104043""","""Provo-Orem, UT""",1.00,880.00,216.00,69.89,45,55,51,24,30,29,22,25,23,8.40,25.97,2.31,2,2,24159,23962,21830,1,1,1,19619,18556,16911,14847,13824,12602,4766,4725,4305,6,6,4,16,17,11,4.4,2.1,3.09,9430,100,7196,44,6,1798,1885,,95,5
"""490490104044""","""Provo-Orem, UT""",1.00,874.00,203.00,201.00,49,60,56,28,35,34,22,25,23,8.83,8.92,2.30,2,2,24630,24433,22301,1,1,1,19656,18596,16951,14792,13772,12550,4859,4818,4398,5,6,4,15,16,11,4.0,1.7,1.01,8073,72,6049,44,25,2123,2371,504,87,13
"""490490104051""","""Provo-Orem, UT""",1.00,2498.00,548.00,136.04,44,54,50,22,28,27,22,26,23,9.18,36.99,2.34,2,2,25304,25107,22975,1,1,0,20039,18966,17322,15042,14010,12787,4992,4951,4531,5,5,4,15,15,10,3.9,1.3,4.03,7850,99,5544,45,9,1710,1729,1339,95,5
"""490490104052""","""Provo-Orem, UT""",1.00,1376.00,323.00,146.11,44,54,50,23,28,27,22,26,23,9.16,20.25,2.31,2,2,25343,25146,23014,1,1,0,19836,18773,17129,14831,13809,12587,5000,4959,4538,5,5,4,14,15,10,5.2,0.9,2.21,6363,73,4573,46,10,1712,1669,2221,92,8
"""490490104053""","""Provo-Orem, UT""",1.00,581.00,146.00,120.97,43,52,48,20,25,24,22,27,24,9.30,11.23,2.39,2,2,25986,25789,23656,0,0,0,20497,19409,17764,15366,14318,13096,5126,5085,4665,5,5,3,13,13,9,3.4,1.1,1.21,6872,100,4854,45,12,1530,1596,,96,4
"""490490104061""","""Provo-Orem, UT""",1.00,2735.00,724.00,3964.90,52,64,60,29,36,35,23,27,24,9.26,1.69,2.44,2,2,26261,26064,23931,1,1,1,20869,19766,18121,15682,14620,13398,5181,5140,4719,6,7,4,18,18,13,2.6,0.8,0.18,4192,79,5269,47,54,2219,2267,1805,90,10
"""490490104062""","""Provo-Orem, UT""",1.00,753.00,211.00,3672.45,48,58,54,25,31,30,23,27,25,8.41,0.48,2.49,2,2,26257,26060,23928,1,1,1,21177,20060,18415,15990,14914,13691,5180,5139,4719,7,7,5,19,20,13,2.2,1.2,0.06,4488,76,4307,45,90,1867,1903,,98,2
"""490490104071""","""Provo-Orem, UT""",1.00,1145.00,351.00,1509.89,46,56,52,24,30,29,22,26,23,8.33,1.94,2.35,2,2,24972,24775,22643,1,1,1,20053,18977,17331,15117,14082,12860,4926,4886,4465,9,9,6,25,25,17,2.3,2.3,0.23,4687,95,4693,43,36,1810,1932,1362,79,21
"""490490104072""","""Provo-Orem, UT""",1.00,1919.00,437.00,368.11,44,54,50,22,28,27,22,26,23,9.26,10.99,2.34,2,2,25216,25019,22887,1,1,1,20030,18957,17311,15045,14013,12791,4974,4934,4513,10,11,7,29,30,20,3.8,1.5,1.19,4534,89,4596,45,13,1694,1768,1021,90,10
"""490490104081""","""Provo-Orem, UT""",1.00,1381.00,440.00,449.18,48,59,55,26,32,31,22,27,24,8.65,8.47,2.39,2,2,25876,25679,23546,1,1,1,20447,19361,17715,15334,14288,13066,5105,5064,4643,9,9,6,24,25,17,3.7,1.0,0.98,4378,94,4303,46,11,1956,2059,,95,5
"""490490104082""","""Provo-Orem, UT""",1.00,1366.00,311.00,753.89,53,65,61,30,37,36,23,28,25,10.00,4.12,2.48,2,2,27679,27482,25349,0,0,0,21401,20287,18643,15937,14864,13641,5460,5419,4999,4,4,3,10,10,7,2.3,0.7,0.41,3895,100,3775,46,29,2264,2324,,97,3
"""490490104083""","""Provo-Orem, UT""",1.00,1551.00,435.00,357.86,52,63,59,29,36,35,23,27,24,9.16,11.13,2.43,2,2,26698,26501,24368,0,0,0,20853,19755,18111,15582,14525,13303,5267,5226,4805,4,4,3,12,12,8,3.0,1.3,1.22,4453,100,4197,45,16,2209,2209,,100,0
"""490490104091""","""Provo-Orem, UT""",1.00,2123.00,545.00,2139.17,51,63,59,28,35,34,24,28,25,10.02,2.55,2.50,2,2,28301,28104,25972,0,0,0,21659,20537,18893,16072,14992,13769,5583,5542,5122,4,4,3,11,11,7,2.0,0.5,0.25,2421,92,2075,47,58,2102,2103,2083,94,6
"""490490104092""","""Provo-Orem, UT""",1.00,1748.00,447.00,8990.57,48,58,54,23,28,27,25,30,27,10.85,0.54,2.61,3,2,30230,30033,27901,0,0,0,22751,21596,19953,16785,15671,14449,5964,5923,5502,3,3,2,8,8,5,0.5,0.3,0.05,1444,100,1211,47,195,1718,1765,,97,3
"""490490104101""","""Provo-Orem, UT""",1.00,361.00,91.00,1908.48,42,51,47,19,24,23,23,27,24,,,2.43,2,2,27653,27456,25324,0,0,0,21040,19942,18298,15581,14524,13301,5455,5414,4994,4,4,3,10,10,7,2.1,0.6,0.05,2828,76,2498,46,95,1434,1581,971,76,24
"""490490104102""","""Provo-Orem, UT""",1.00,1144.00,336.00,564.45,46,56,52,23,28,28,23,27,24,8.98,5.34,2.45,2,2,26642,26445,24313,1,1,0,20966,19862,18217,15705,14642,13419,5256,5215,4794,5,5,4,15,15,10,2.8,1.0,0.60,4725,100,4968,46,19,1730,1761,,98,2
"""490490104103""","""Provo-Orem, UT""",1.00,133.00,34.00,705.50,46,56,52,22,27,27,24,29,26,10.87,0.52,2.57,3,2,28457,28260,26127,0,0,0,22090,20950,19306,16472,15373,14151,5614,5573,5152,3,3,2,9,10,6,1.7,0.7,0.05,3063,100,2905,46,59,1668,1668,,100,0
"""490490104104""","""Provo-Orem, UT""",1.00,2384.00,593.00,401.92,46,56,52,23,29,28,23,27,24,9.65,14.24,2.40,2,2,26399,26202,24069,0,0,0,20598,19509,17865,15386,14338,13116,5208,5167,4746,4,4,3,12,12,8,3.2,1.0,1.48,4995,99,4178,45,14,1772,1777,1680,95,5
"""490490104111""","""Provo-Orem, UT""",1.00,1427.00,417.00,46411.28,58,70,66,32,40,39,25,30,27,10.66,0.10,2.67,3,2,30993,30796,28664,0,0,0,23247,22076,20432,17130,16000,14778,6114,6073,5652,3,3,2,8,8,6,0.1,0.6,0.01,1175,93,1137,45,611,2432,2444,,100,0
"""490490104112""","""Provo-Orem, UT""",1.00,2683.00,644.00,17459.16,56,68,64,31,39,38,25,29,26,10.34,0.38,2.59,3,2,29450,29253,27121,0,0,0,22442,21294,19651,16629,15522,14300,5810,5769,5348,3,3,2,9,9,6,0.3,0.6,0.04,2360,100,2236,46,242,2378,2487,1143,92,8
"""490490104113""","""Provo-Orem, UT""",1.00,3775.00,990.00,734.19,51,62,58,28,35,34,23,27,24,9.25,12.47,2.42,2,2,26968,26771,24638,0,0,0,20844,19749,18105,15520,14466,13244,5320,5279,4859,4,4,3,11,12,8,3.1,1.2,1.35,3573,99,2964,44,14,2108,2117,,100,0
"""490490105031""","""Provo-Orem, UT""",1.00,1406.00,303.00,8034.21,51,63,59,28,35,34,24,28,25,9.80,0.37,2.51,2,2,28199,28002,25870,0,0,0,21688,20564,18920,16122,15039,13817,5563,5522,5101,3,3,2,8,9,6,0.5,0.7,0.04,2318,100,3481,46,196,2104,2457,1135,73,27
"""490490105032""","""Provo-Orem, UT""",1.00,2619.00,719.00,13854.57,42,52,48,21,27,26,21,25,22,7.65,0.40,2.24,2,2,24414,24217,22085,0,0,0,19175,18134,16490,14354,13354,12132,4816,4776,4355,5,5,3,13,13,9,4.2,1.3,0.05,4173,31,9917,46,118,1625,1724,1507,55,45
"""490490105041""","""Provo-Orem, UT""",1.00,2314.00,765.00,6564.52,43,52,48,21,26,26,22,26,23,8.58,1.00,2.30,2,2,25261,25064,22932,1,1,1,19745,18686,17041,14756,13737,12515,4983,4943,4522,6,6,4,17,18,12,3.7,1.2,0.12,3113,52,4501,46,65,1598,1666,1449,69,31
"""490490105042""","""Provo-Orem, UT""",1.00,1245.00,345.00,9067.39,49,60,56,25,32,31,24,29,25,9.80,0.37,2.55,2,2,28206,28009,25876,0,0,0,21933,20798,19154,16365,15271,14049,5564,5523,5103,3,3,2,9,9,6,1.1,0.9,0.04,2479,97,3202,45,115,1931,2000,1088,92,8
"""490490105051""","""Provo-Orem, UT""",1.00,973.00,254.00,492.45,37,45,42,16,19,19,22,26,23,8.99,4.64,2.28,2,2,26164,25967,23835,1,1,1,19821,18766,17122,14654,13640,12418,5162,5121,4700,6,6,4,16,16,11,5.2,0.4,0.52,3482,49,2591,48,27,1179,1551,,76,24
"""490490105052""","""Provo-Orem, UT""",1.00,671.00,173.00,158.01,44,54,50,21,26,26,23,28,25,9.86,10.80,2.46,2,2,27968,27771,25638,0,0,0,21311,20203,18559,15790,14723,13501,5517,5476,5056,4,4,3,11,11,7,3.4,0.4,1.09,3437,100,2570,48,11,1597,1597,,100,0
"""490490105053""","""Provo-Orem, UT""",1.00,518.00,137.00,48.01,48,58,54,25,31,30,23,27,24,9.39,26.80,2.40,2,2,26896,26699,24566,1,1,1,20724,19634,17989,15411,14362,13140,5306,5265,4844,7,7,5,18,19,13,4.6,0.4,2.85,3397,87,2441,48,8,1895,1895,,100,0
"""490490105054""","""Provo-Orem, UT""",1.00,1162.00,320.00,292.18,38,46,43,15,19,19,23,27,24,9.27,10.15,2.40,2,2,27109,26912,24779,1,1,1,20790,19698,18054,15436,14386,13164,5348,5307,4886,6,6,4,15,16,11,3.7,0.4,1.10,3262,92,2386,48,13,1166,1278,,91,9
"""490490105055""","""Provo-Orem, UT""",1.00,2160.00,521.00,368.59,46,56,52,23,28,28,23,27,24,9.91,14.01,2.42,2,2,27627,27430,25297,0,0,0,21015,19918,18274,15561,14505,13283,5450,5409,4989,4,4,3,10,11,7,4.1,0.5,1.41,3109,88,2426,47,11,1729,1729,,100,0
"""490490105061""","""Provo-Orem, UT""",1.00,1176.00,353.00,149.72,33,40,37,13,17,16,20,24,21,8.35,19.69,2.09,2,2,24815,24618,22486,1,1,1,18356,17358,15713,13453,12495,11273,4895,4855,4434,8,8,5,21,22,15,6.6,0.3,2.36,3020,49,2288,48,9,1006,1155,901,41,59
"""490490105062""","""Provo-Orem, UT""",1.00,748.00,257.00,108.99,39,47,43,17,22,21,21,25,22,8.75,20.64,2.23,2,2,25842,25645,23513,1,1,1,19450,18410,16765,14346,13346,12124,5098,5057,4637,6,7,4,18,18,12,5.8,0.3,2.36,2985,70,2249,48,7,1311,1403,1105,69,31
"""490490105063""","""Provo-Orem, UT""",1.00,565.00,132.00,1526.69,42,51,47,19,24,23,23,27,24,9.01,0.78,2.36,2,2,27493,27296,25164,0,0,0,20589,19511,17867,15162,14124,12902,5424,5383,4962,4,4,3,11,11,8,2.9,0.3,0.09,1795,66,1624,48,69,1458,1564,1260,65,35
"""490490106001""","""Provo-Orem, UT""",1.00,2099.00,470.00,97509.05,54,66,62,28,35,34,26,31,28,11.81,0.06,2.72,3,2,32942,32745,30613,0,0,0,23965,22778,21135,17464,16318,15096,6499,6457,6037,3,3,2,7,7,5,0.2,0.1,0.00,1094,93,1300,52,476,2144,2262,1214,89,11
"""490490106002""","""Provo-Orem, UT""",1.00,2627.00,652.00,9946.40,50,61,57,25,31,30,25,30,27,10.84,0.71,2.60,3,2,30928,30731,28598,0,0,0,22795,21645,20001,16691,15582,14360,6101,6060,5639,3,3,2,8,8,5,0.7,0.3,0.07,1392,98,987,47,174,1897,1954,,97,3
"""490490106003""","""Provo-Orem, UT""",1.00,1361.00,375.00,61179.49,43,52,48,18,23,22,24,29,26,10.71,0.07,2.54,2,2,30524,30327,28194,0,0,0,22331,21199,19554,16302,15211,13989,6022,5980,5560,8,8,6,7,8,5,0.3,0.4,0.01,761,84,653,45,506,1391,1527,1032,73,27
"""490490107001""","""Provo-Orem, UT""",1.00,1961.00,460.00,841.73,54,66,62,32,40,39,22,26,23,7.83,4.28,2.43,2,2,23953,23756,21624,1,1,1,20305,19208,17563,15573,14517,13294,4725,4685,4264,6,6,4,18,18,12,2.8,2.1,0.55,12979,91,17708,46,31,2418,2418,,100,0
"""490490107003""","""Provo-Orem, UT""",1.00,2082.00,611.00,241.10,42,51,47,21,26,25,21,25,22,7.71,19.53,2.27,2,2,23182,22985,20853,1,1,1,19136,18086,16442,14559,13549,12327,4573,4533,4112,4,5,3,13,13,9,4.7,1.5,2.53,14376,90,23624,47,9,1568,1582,1518,79,21
"""490490109001""","""Provo-Orem, UT""",1.00,72.00,23.00,60078.76,,,,,,,25,30,27,8.79,0.00,2.71,3,2,28261,28064,25932,0,0,0,22991,21807,20163,17413,16270,15048,5575,5534,5114,3,3,2,8,8,5,0.6,1.3,0.00,2969,79,5308,45,1054,,,,100,0
"""490490109003""","""Provo-Orem, UT""",1.00,564.00,133.00,260551.83,54,66,62,27,34,33,27,32,29,12.07,0.01,2.80,3,3,33225,33028,30896,0,0,0,24530,23319,21676,17973,16804,15581,6554,6513,6093,2,2,2,6,6,4,0.0,0.4,0.00,460,100,583,45,2686,2059,2059,,100,0
"""490499802001""","""Provo-Orem, UT""",1.00,2995.00,774.00,159.67,27,33,29,12,14,14,15,18,15,4.70,22.79,1.69,2,1,16453,16256,14124,3,3,3,14114,13239,11590,10849,10013,8791,3246,3206,2785,19,20,14,51,53,36,8.7,4.7,4.85,16534,0,27671,42,9,879,,879,0,100
"""490499803001""","""Provo-Orem, UT""",1.00,1894.00,507.00,1320.14,37,45,42,18,23,22,19,22,19,7.08,2.72,2.05,2,2,20112,19915,17783,3,3,2,17143,16159,14511,13158,12214,10992,3968,3927,3507,18,18,12,47,48,33,6.9,3.7,0.38,9765,31,20166,43,23,1401,1324,1516,60,40
"""490499805001""","""Provo-Orem, UT""",1.00,1546.00,529.00,1485.72,35,42,39,17,21,21,18,21,18,6.11,2.17,1.90,2,2,19757,19560,17427,2,2,2,16122,15183,13535,12210,11310,10088,3897,3857,3437,15,16,11,40,41,28,7.2,3.7,0.36,8952,5,19452,43,44,1299,1322,1289,30,70
"""490111251031""","""Ogden-Clearfield, UT""",1.00,2920.00,1167.00,1214.88,42,51,48,23,29,28,19,22,20,6.72,6.46,2.02,2,2,20579,20382,18945,1,1,1,17030,16055,14988,12957,12023,11242,4060,4019,3736,13,13,10,34,35,27,5.7,4.8,0.96,10790,37,11362,41,37,1762,1720,1847,67,33
"""490519604011""","""Heber, UT""",1.00,1277.00,427.00,732.16,39,48,56,21,26,32,18,22,24,8.77,5.12,2.38,2,2,25953,25756,24223,0,0,0,20383,20000,17932,15253,14909,13147,5120,5081,4777,10,11,9,10,10,8,2.3,1.1,0.58,3801,90,4205,45,43,2028,2406,,84,16
"""490111262032""","""Ogden-Clearfield, UT""",1.00,2352.00,656.00,477.98,50,62,58,30,37,36,21,24,22,8.15,11.19,2.24,2,2,22412,22215,20779,1,2,1,18861,17820,16746,14404,13402,12621,4421,4381,4097,36,37,28,93,96,73,3.2,4.0,1.37,8918,96,9690,42,16,2255,2207,2806,92,8
"""490111254143""","""Ogden-Clearfield, UT""",1.00,1417.00,413.00,118.01,34,41,38,15,18,18,19,23,20,7.99,27.95,2.09,2,2,20540,20343,18906,1,1,1,17467,16472,15405,13404,12449,11668,4052,4012,3728,11,12,9,30,31,23,5.3,3.8,3.50,14962,83,18850,43,7,1118,1534,,73,27
"""490111255012""","""Ogden-Clearfield, UT""",1.00,1685.00,514.00,500.56,45,55,52,25,31,30,20,24,22,7.88,8.10,2.20,2,2,21462,21265,19828,1,1,1,18355,17327,16257,14098,13110,12329,4234,4193,3910,23,23,18,61,63,47,3.7,2.1,1.03,14212,84,15333,43,20,1889,2044,1035,85,15
"""490111269012""","""Ogden-Clearfield, UT""",1.00,575.00,231.00,84.71,44,54,51,25,31,30,19,23,20,,,2.12,2,2,19224,19027,17590,2,2,2,17472,16468,15389,13622,12656,11875,3792,3752,3469,58,60,45,150,154,117,4.4,7.5,2.73,15266,86,22687,40,14,1894,2074,817,86,14
"""490111251021""","""Ogden-Clearfield, UT""",1.00,1473.00,496.00,7206.60,51,62,58,29,36,35,22,26,24,8.49,0.58,2.37,2,2,24452,24255,22818,1,1,1,20038,18958,17891,15202,14162,13381,4824,4783,4500,12,13,10,33,34,26,0.8,2.9,0.07,5291,88,5315,42,225,2162,2350,1226,83,17
"""490111251022""","""Ogden-Clearfield, UT""",1.00,2734.00,882.00,3429.69,52,64,60,30,38,37,22,26,24,8.09,2.08,2.36,2,2,23893,23696,22260,1,1,1,19913,18834,17766,15183,14145,13364,4714,4673,4390,16,17,13,43,44,34,1.4,3.4,0.26,8151,97,7824,43,88,2306,2329,1863,95,5
"""490111251032""","""Ogden-Clearfield, UT""",1.00,2666.00,739.00,1661.99,48,58,55,27,34,33,21,25,22,7.81,3.47,2.27,2,2,22025,21828,20391,1,1,1,18908,17859,16792,14553,13544,12763,4345,4304,4021,10,11,8,27,28,22,2.9,5.4,0.44,9958,86,12358,40,36,2039,2134,,96,4
"""490111251033""","""Ogden-Clearfield, UT""",1.00,1472.00,414.00,420.02,42,52,49,23,28,27,20,23,21,7.69,7.58,2.16,2,2,20723,20526,19090,1,1,1,17975,16958,15889,13869,12892,12111,4088,4048,3764,17,18,13,45,47,36,5.5,4.2,0.99,9939,67,10636,41,12,1720,1713,1833,94,6
"""490111251041""","""Ogden-Clearfield, UT""",1.00,2467.00,740.00,624.93,49,60,57,28,35,34,21,24,22,8.39,9.94,2.25,2,2,22263,22066,20629,1,1,1,18862,17818,16749,14449,13445,12664,4392,4351,4068,21,22,16,56,58,44,2.9,4.0,1.18,8321,96,8551,41,22,2152,2131,2420,93,7
"""490111251042""","""Ogden-Clearfield, UT""",1.00,1594.00,451.00,4344.79,51,62,59,28,35,34,23,27,25,9.01,0.93,2.45,2,2,25522,25325,23888,1,1,0,20792,19687,18620,15749,14684,13903,5035,4994,4711,9,9,7,24,25,19,1.2,1.7,0.10,4667,91,5200,44,145,2123,2123,,100,0
"""490111251043""","""Ogden-Clearfield, UT""",1.00,2318.00,741.00,311.73,47,58,55,27,33,32,21,24,22,8.04,19.10,2.24,2,2,22603,22406,20970,1,1,1,18825,17784,16718,14355,13355,12574,4459,4418,4135,10,10,8,27,28,21,3.4,4.1,2.38,9657,100,8699,41,13,2029,2142,,95,5
"""490111252011""","""Ogden-Clearfield, UT""",1.00,1241.00,431.00,203.82,35,42,40,19,24,24,15,18,16,5.58,11.81,1.65,2,1,17152,16955,15518,1,1,1,13986,13123,12054,10583,9760,8979,3384,3343,3060,19,19,15,51,52,39,8.2,5.4,2.11,13877,2,19659,41,15,1474,,1495,1,99
"""490111252012""","""Ogden-Clearfield, UT""",1.00,1834.00,539.00,215.80,37,45,42,22,27,26,15,17,15,5.36,13.40,1.61,2,1,15725,15528,14092,3,3,2,13499,12647,11572,10350,9538,8757,3102,3062,2779,46,47,36,124,127,96,8.5,4.6,2.50,15225,3,23560,40,8,1655,,1702,3,97
"""490111253011""","""Ogden-Clearfield, UT""",1.00,1640.00,533.00,144.63,35,42,40,17,21,21,18,21,19,6.50,23.96,1.95,2,2,18554,18357,16920,3,3,3,16256,15302,14225,12543,11628,10847,3660,3620,3337,53,54,41,140,143,109,7.0,4.3,3.69,15046,52,15200,40,6,1290,1414,993,71,29
"""490111253012""","""Ogden-Clearfield, UT""",1.00,1672.00,475.00,180.02,36,44,41,17,21,21,19,22,20,7.33,19.35,2.08,2,2,19828,19631,18194,2,2,2,17320,16327,15253,13367,12413,11632,3912,3871,3588,42,43,33,112,115,87,4.4,4.0,2.64,14874,89,14429,41,10,1287,1377,1027,74,26
"""490111253013""","""Ogden-Clearfield, UT""",1.00,1126.00,374.00,178.34,35,42,39,16,20,20,18,22,20,6.86,14.40,2.01,2,2,19195,18998,17562,2,2,2,16705,15735,14660,12877,11947,11166,3787,3746,3463,41,42,32,108,111,84,5.4,3.6,2.10,14806,83,13977,41,6,1227,1346,1053,59,41
"""490111253014""","""Ogden-Clearfield, UT""",1.00,952.00,281.00,177.29,36,44,41,17,22,21,19,23,20,7.15,11.33,2.10,2,2,20017,19820,18383,2,2,2,17447,16449,15377,13465,12507,11726,3949,3908,3625,33,34,26,88,90,69,4.5,3.2,1.58,15002,90,14126,41,9,1310,1238,1507,73,27
"""490111253041""","""Ogden-Clearfield, UT""",1.00,1277.00,406.00,159.60,39,48,45,19,24,23,20,24,22,7.33,18.66,2.20,2,2,20772,20575,19139,2,2,2,18273,17244,16171,14140,13150,12369,4098,4057,3774,35,36,27,93,96,73,3.9,4.0,2.54,16254,99,14289,41,9,1451,1488,,98,2
"""490111253042""","""Ogden-Clearfield, UT""",1.00,3032.00,801.00,555.19,42,51,48,22,28,27,20,23,21,7.31,10.55,2.13,2,2,20614,20417,18980,2,2,2,17752,16745,15673,13654,12687,11906,4067,4026,3743,31,32,24,82,84,64,3.9,3.3,1.44,16141,90,12723,41,13,1702,1705,1690,78,22
"""490111253043""","""Ogden-Clearfield, UT""",1.00,1027.00,318.00,113.88,41,49,46,21,26,25,20,23,21,6.96,19.45,2.18,2,2,20429,20232,18795,2,2,2,18055,17032,15960,13996,13013,12232,4030,3990,3706,29,30,23,77,79,60,4.4,4.0,2.79,16276,98,14893,41,7,1580,1631,,97,3
"""490111253051""","""Ogden-Clearfield, UT""",1.00,1950.00,552.00,158.89,42,51,48,22,28,27,20,23,21,7.70,26.76,2.13,2,2,20405,20208,18771,2,2,2,17763,16755,15681,13701,12732,11951,4025,3985,3702,37,38,28,98,100,76,4.3,3.6,3.47,16128,98,13942,41,7,1671,1651,1787,85,15
"""490111253052""","""Ogden-Clearfield, UT""",1.00,2135.00,677.00,162.50,38,46,43,19,23,23,19,22,20,7.25,30.19,2.07,2,2,19871,19674,18237,2,2,2,17258,16268,15195,13301,12351,11570,3920,3880,3596,37,38,29,99,102,77,5.4,3.0,4.17,16170,77,14073,42,8,1410,1457,1235,79,21
"""490519604013""","""Heber, UT""",1.00,690.00,271.00,2257.62,28,35,40,12,14,18,17,20,22,7.14,0.86,2.20,2,2,24840,24643,23110,0,0,0,19070,18688,16671,14158,13814,12103,4900,4861,4557,12,13,10,12,12,10,5.8,1.5,0.12,3066,11,4127,44,81,1107,1321,,84,16
"""490111253053""","""Ogden-Clearfield, UT""",1.00,849.00,280.00,321.64,44,54,51,23,29,28,21,25,22,8.01,6.98,2.26,2,2,21940,21743,20307,2,2,1,18890,17842,16771,14535,13526,12745,4328,4288,4004,28,28,22,74,76,57,2.6,2.5,0.87,15973,100,12697,42,27,1768,1889,,94,6
"""490111253054""","""Ogden-Clearfield, UT""",1.00,1526.00,482.00,321.83,41,49,46,20,25,25,20,24,22,7.55,11.30,2.22,2,2,21431,21234,19797,2,2,2,18542,17506,16434,14284,13287,12506,4228,4187,3904,30,31,24,81,83,63,3.3,2.9,1.50,16234,98,12553,42,15,1535,1623,,95,5
"""490111253061""","""Ogden-Clearfield, UT""",1.00,1899.00,663.00,271.51,43,53,50,24,30,29,20,23,21,6.84,16.70,2.14,2,2,21016,20819,19383,2,2,2,17936,16924,15852,13760,12788,12007,4146,4106,3822,30,30,23,79,81,61,4.5,2.7,2.44,14370,85,11200,42,9,1805,1844,1545,87,13
"""490111253062""","""Ogden-Clearfield, UT""",1.00,3039.00,659.00,268.81,47,58,55,27,33,32,21,24,22,9.21,22.57,2.24,2,2,22833,22636,21199,1,1,1,18876,17836,16769,14361,13361,12580,4504,4464,4180,10,11,8,28,29,22,3.7,3.3,2.45,12653,100,9510,42,9,2026,2093,,97,3
"""490111253071""","""Ogden-Clearfield, UT""",1.00,2218.00,668.00,485.51,43,53,49,22,28,27,21,25,22,8.03,11.05,2.27,2,2,22497,22300,20863,1,1,1,19021,17972,16903,14564,13554,12773,4438,4397,4114,19,20,15,52,53,41,2.9,2.0,1.38,13369,100,10173,43,18,1691,1746,,97,3
"""490111253072""","""Ogden-Clearfield, UT""",1.00,2078.00,540.00,612.61,43,52,49,21,27,26,22,26,23,9.63,8.49,2.32,2,2,24522,24325,22888,0,0,0,19754,18688,17621,14908,13883,13102,4838,4797,4513,8,8,6,22,22,17,2.0,2.3,0.88,9942,100,7340,43,41,1622,1741,,93,7
"""490111253073""","""Ogden-Clearfield, UT""",1.00,1233.00,365.00,160.81,41,50,47,21,26,25,20,24,22,7.12,16.16,2.22,2,2,21656,21459,20022,2,2,1,18587,17551,16480,14287,13291,12510,4272,4232,3948,28,29,22,74,76,58,4.2,2.3,2.27,14217,100,11053,42,6,1580,1580,,100,0
"""490111253074""","""Ogden-Clearfield, UT""",1.00,2435.00,678.00,1861.85,51,62,59,29,36,35,22,26,24,9.30,3.39,2.39,2,2,25474,25277,23840,0,0,0,20372,19285,18219,15340,14294,13513,5025,4984,4701,7,7,5,18,18,14,2.0,1.8,0.36,7095,100,5621,44,40,2169,2169,,100,0
"""490111254071""","""Ogden-Clearfield, UT""",1.00,1392.00,394.00,162.90,37,45,42,17,21,21,20,23,21,7.77,18.78,2.14,2,2,21562,21365,19929,1,1,1,18022,17011,15941,13745,12774,11993,4254,4213,3930,23,23,18,61,63,48,4.2,1.7,2.42,12859,83,9945,43,14,1304,1642,,79,21
"""490111254072""","""Ogden-Clearfield, UT""",1.00,2123.00,590.00,321.11,46,56,53,26,32,31,21,24,22,8.69,15.96,2.22,2,2,22240,22043,20606,1,1,1,18697,17661,16591,14287,13290,12509,4387,4347,4063,23,24,18,62,64,48,3.4,1.7,1.84,12438,94,11791,43,15,1947,2159,,90,10
"""490111254073""","""Ogden-Clearfield, UT""",1.00,2514.00,786.00,1516.91,47,57,54,25,31,31,22,26,24,8.82,4.57,2.35,2,2,24007,23810,22373,1,1,1,19832,18757,17690,15081,14047,13266,4736,4695,4412,14,15,11,39,39,30,1.6,1.2,0.52,10014,91,8976,44,89,1911,2024,,94,6
"""490111254074""","""Ogden-Clearfield, UT""",1.00,2130.00,678.00,481.95,40,49,46,20,24,24,21,25,22,8.52,11.99,2.24,2,2,23237,23040,21603,1,1,1,18975,17934,16866,14376,13375,12594,4584,4543,4260,15,15,12,40,41,31,2.7,1.2,1.41,9690,94,7528,44,27,1486,1458,1627,83,17
"""490111254081""","""Ogden-Clearfield, UT""",1.00,1679.00,481.00,355.29,51,62,58,29,36,35,22,26,24,9.67,13.09,2.33,2,2,24668,24471,23034,0,0,0,19841,18772,17706,14967,13939,13158,4866,4826,4542,8,8,6,21,21,16,2.3,2.2,1.35,8430,100,7386,44,30,2180,2241,,97,3
"""490111254082""","""Ogden-Clearfield, UT""",1.00,1961.00,742.00,6228.67,49,60,56,25,32,31,23,28,26,9.49,1.13,2.48,2,2,27778,27581,26144,0,0,0,21384,20272,19206,15899,14827,14046,5480,5439,5156,5,5,4,14,14,11,0.8,1.3,0.12,2548,100,2455,44,142,1921,1945,,99,1
"""490111254083""","""Ogden-Clearfield, UT""",1.00,2902.00,676.00,555.42,48,58,55,26,32,31,22,26,24,9.17,11.16,2.34,2,2,24994,24797,23360,0,0,0,19958,18887,17821,15020,13989,13208,4931,4890,4607,7,7,6,19,20,15,2.7,2.1,1.22,6437,100,5587,43,21,1950,1950,,100,0
"""490111254091""","""Ogden-Clearfield, UT""",1.00,2907.00,741.00,343.85,44,53,50,23,28,28,21,25,22,8.10,17.46,2.25,2,2,22574,22377,20941,1,1,1,18923,17878,16809,14448,13444,12663,4453,4413,4129,21,21,16,56,57,44,3.2,1.5,2.16,12050,98,11483,44,15,1726,1687,2219,93,7
"""490111254092""","""Ogden-Clearfield, UT""",1.00,2445.00,708.00,300.58,45,54,51,25,31,30,20,23,21,7.89,18.57,2.14,2,2,21415,21218,19781,1,1,1,18015,17003,15933,13767,12795,12014,4225,4184,3901,23,24,18,63,64,49,4.0,1.8,2.36,13314,78,14083,44,19,1878,1891,1832,77,23
"""490111254101""","""Ogden-Clearfield, UT""",1.00,2447.00,577.00,246.45,47,57,54,25,31,31,22,26,23,9.31,21.79,2.32,2,2,24041,23844,22408,0,0,0,19663,18597,17530,14912,13886,13105,4743,4702,4419,8,8,6,22,23,17,2.6,2.3,2.34,10979,100,10573,44,25,1911,1918,,100,0
"""490111254102""","""Ogden-Clearfield, UT""",1.00,1591.00,503.00,289.69,43,53,50,23,28,28,21,25,22,8.17,14.18,2.24,2,2,22901,22704,21268,1,1,0,18882,17842,16775,14355,13355,12574,4518,4477,4194,9,9,7,25,25,19,4.0,2.7,1.74,11577,90,10853,44,11,1723,1844,,93,7
"""490519602021""","""Heber, UT""",1.00,736.00,268.00,133.41,36,45,52,19,24,29,17,21,23,8.24,16.56,2.32,2,2,25577,25380,23847,0,0,0,19925,19542,17493,14869,14525,12782,5046,5007,4703,10,10,8,9,10,8,4.4,0.5,2.01,4601,100,6262,49,5,1814,1904,1455,80,20
"""490519602041""","""Heber, UT""",1.00,3147.00,848.00,623.40,41,51,59,23,29,36,17,21,23,8.99,12.23,2.31,2,2,25374,25177,23644,0,0,0,19872,19489,17440,14856,14512,12769,5006,4967,4663,11,11,9,10,10,8,3.4,0.7,1.36,4648,87,6467,47,19,2248,2394,1780,76,24
"""490519604021""","""Heber, UT""",1.00,4234.00,1487.00,3883.46,52,65,76,35,43,53,17,21,23,8.19,3.14,2.34,2,2,25449,25252,23719,0,0,0,20043,19660,17604,15012,14668,12917,5020,4982,4677,11,11,9,10,10,8,3.1,1.1,0.38,3632,79,4029,45,31,3321,3284,3501,83,17
"""490519602022""","""Heber, UT""",1.00,1534.00,379.00,164.68,33,40,47,15,19,24,17,21,23,10.08,23.20,2.29,2,2,25772,25575,24042,0,0,0,19815,19432,17389,14721,14377,12640,5084,5045,4741,10,10,8,9,10,8,4.2,0.4,2.30,4184,92,5483,49,9,1481,2063,,72,28
"""490519602032""","""Heber, UT""",1.00,1739.00,570.00,1316.29,44,55,64,26,32,40,18,22,24,9.02,3.91,2.39,2,2,27293,27096,25563,0,0,0,20767,20384,18311,15374,15030,13263,5384,5345,5041,9,9,7,8,8,7,1.4,0.4,0.43,3004,100,3504,48,77,2477,3705,,67,33
"""490519602033""","""Heber, UT""",1.00,1395.00,444.00,3471.69,40,49,57,21,27,33,18,22,25,9.33,1.19,2.42,2,2,27931,27734,26201,0,0,0,21043,20661,18580,15525,15181,13407,5510,5471,5167,8,8,6,7,8,6,1.8,0.3,0.13,1926,79,2200,48,120,2042,2825,,72,28
"""490519405011""","""Heber, UT""",1.00,3843.00,1548.00,593800.03,47,58,68,28,35,43,19,23,26,8.89,0.02,2.53,2,2,28088,27891,26358,0,0,0,21800,21417,19304,16259,15915,14106,5541,5502,5198,0,0,0,29,29,24,0.2,1.2,0.00,1922,68,1543,43,1078,2672,2918,1415,84,16
"""490519601001""","""Heber, UT""",1.00,2663.00,693.00,2150.26,34,43,49,17,22,27,17,21,23,9.13,2.94,2.27,2,2,24815,24618,23085,0,0,0,19463,19080,17044,14557,14213,12484,4895,4857,4552,11,11,9,10,10,8,3.8,1.0,0.32,3605,66,4842,46,33,1672,1837,1306,69,31
"""490519601002""","""Heber, UT""",1.00,2097.00,815.00,366.49,35,44,51,19,23,28,17,21,23,8.19,18.21,2.25,2,2,24793,24596,23063,0,0,0,19324,18941,16912,14422,14077,12355,4891,4852,4548,11,12,9,11,11,9,5.3,0.5,2.22,5123,74,7140,49,9,1776,1974,1248,73,27
"""490519601003""","""Heber, UT""",1.00,1276.00,335.00,560.38,40,50,58,21,27,33,19,23,25,9.91,5.92,2.48,2,2,27088,26891,25358,0,0,0,21268,20886,18787,15916,15572,13779,5344,5305,5001,9,9,7,8,9,7,2.0,0.5,0.60,4377,100,6445,48,43,2052,2182,,94,6
"""490519602011""","""Heber, UT""",1.00,1384.00,327.00,162.07,37,46,54,20,25,30,18,22,24,9.73,19.62,2.37,2,2,25899,25702,24169,0,0,0,20333,19950,17884,15214,14870,13110,5109,5070,4766,10,10,8,10,10,8,3.9,0.5,2.02,4892,97,6412,49,9,1878,2089,,90,10
"""490519602012""","""Heber, UT""",1.00,610.00,313.00,148.40,33,40,47,16,20,24,17,20,22,7.33,15.46,2.21,2,2,24413,24216,22683,0,0,0,19006,18623,16605,14178,13834,12123,4816,4777,4473,12,12,10,11,11,9,6.1,0.5,2.11,5071,71,6892,49,5,1529,1711,1117,69,31
"""490111254111""","""Ogden-Clearfield, UT""",1.00,3910.00,1079.00,1369.57,46,56,53,25,31,30,21,25,23,8.26,6.51,2.27,2,2,23984,23787,22350,0,0,0,19317,18266,17200,14577,13567,12786,4731,4691,4407,8,8,6,21,22,17,2.0,2.5,0.79,9059,99,8393,43,44,1894,1809,2228,80,20
"""490519602013""","""Heber, UT""",1.00,2023.00,566.00,679.12,36,44,51,19,23,28,17,21,23,8.98,7.49,2.26,2,2,24975,24778,23245,0,0,0,19455,19072,17039,14517,14173,12445,4927,4888,4584,11,12,9,11,11,9,5.1,0.7,0.83,4295,53,5595,47,23,1781,1830,1599,79,21
"""490519602023""","""Heber, UT""",1.00,2093.00,699.00,3849.48,41,50,59,23,29,36,17,21,23,9.00,1.63,2.30,2,2,25248,25051,23519,0,0,0,19740,19357,17313,14749,14405,12667,4981,4942,4638,10,10,8,9,10,8,2.8,1.3,0.18,2733,69,3622,44,62,2236,2391,1903,68,32
"""490519602031""","""Heber, UT""",1.00,1208.00,430.00,4560.96,52,65,77,34,43,52,18,22,25,9.05,0.85,2.39,2,2,27794,27597,26064,0,0,0,20868,20486,18412,15378,15033,13266,5483,5444,5140,8,8,6,7,8,6,0.5,0.5,0.09,1754,100,1928,47,190,3260,3278,3240,52,48
"""490519602042""","""Heber, UT""",1.00,897.00,265.00,2201.43,38,47,55,20,25,30,19,23,25,10.10,1.22,2.48,2,2,28125,27928,26395,0,0,0,21475,21092,18994,15919,15575,13782,5548,5510,5205,7,8,6,7,7,6,1.7,0.3,0.12,2360,93,3233,49,71,1878,2044,1042,83,17
"""490519604012""","""Heber, UT""",1.00,934.00,310.00,3617.04,40,49,57,21,26,32,19,23,25,9.26,0.79,2.49,2,2,27511,27314,25781,0,0,0,21436,21054,18951,16001,15657,13860,5427,5388,5084,8,9,7,8,8,6,1.5,0.7,0.09,2551,97,3652,46,79,2003,2071,1450,89,11
"""490519605001""","""Heber, UT""",1.00,792.00,276.00,73005.37,37,46,54,17,22,27,20,25,27,10.41,0.04,2.68,3,2,29642,29445,27912,0,0,0,23073,22690,20531,17224,16879,15026,5848,5809,5504,2,2,2,5,5,4,0.0,0.8,0.00,1421,99,1973,45,1106,1660,1684,,99,1
"""490111254112""","""Ogden-Clearfield, UT""",1.00,3092.00,877.00,44891.41,54,65,62,29,36,35,25,29,27,10.62,0.21,2.60,3,2,29045,28848,27412,0,0,0,22427,21276,20211,16692,15583,14802,5730,5689,5405,5,5,4,13,13,10,0.0,1.1,0.02,2337,100,2548,44,1020,2194,2194,,100,0
"""490519605002""","""Heber, UT""",1.00,437.00,136.00,55159.55,,,,,,,18,22,24,9.10,0.02,2.43,2,2,25848,25651,24118,0,0,0,20712,20329,18246,15613,15269,13490,5099,5060,4756,0,0,0,4,4,3,0.1,0.4,0.00,2084,100,3118,43,497,,,,49,51
"""490111254121""","""Ogden-Clearfield, UT""",1.00,1257.00,347.00,131.82,40,48,45,20,24,24,20,24,21,7.31,19.25,2.19,2,2,21219,21022,19586,1,1,1,18236,17211,16143,14036,13051,12270,4186,4146,3862,14,15,11,38,39,30,4.1,2.1,2.63,14204,95,16874,43,9,1479,1439,1750,87,13
"""490111254122""","""Ogden-Clearfield, UT""",1.00,1266.00,355.00,185.68,39,48,45,19,23,22,21,24,22,7.34,14.04,2.26,2,2,21620,21423,19986,1,1,1,18801,17754,16684,14513,13506,12725,4265,4225,3941,23,23,18,60,62,47,3.5,2.3,1.91,14482,100,17905,43,12,1406,1430,,98,2
"""490111254131""","""Ogden-Clearfield, UT""",1.00,2973.00,822.00,392.79,49,60,57,29,36,35,20,24,22,8.05,16.84,2.22,2,2,21591,21394,19958,1,1,1,18563,17527,16457,14282,13286,12505,4259,4219,3936,22,22,17,58,59,45,4.1,2.0,2.09,13889,83,15675,43,15,2175,2272,,96,4
"""490111254132""","""Ogden-Clearfield, UT""",1.00,3598.00,807.00,553.41,49,59,56,27,34,33,21,25,23,8.74,12.74,2.30,2,2,23715,23518,22082,0,0,0,19456,18396,17330,14769,13750,12969,4678,4638,4354,8,8,6,21,22,17,2.9,2.3,1.46,10977,97,11175,44,21,2063,2165,,95,5
"""490111254141""","""Ogden-Clearfield, UT""",1.00,1963.00,555.00,212.74,40,49,46,21,26,25,19,23,21,7.37,19.23,2.13,2,2,19738,19541,18104,3,3,3,17612,16606,15528,13662,12695,11914,3894,3853,3570,56,57,44,150,153,116,4.5,3.7,2.61,16224,100,23948,41,7,1564,1740,,90,10
"""490111254142""","""Ogden-Clearfield, UT""",1.00,1227.00,253.00,107.34,47,57,54,26,33,32,21,24,22,8.16,19.22,2.25,2,2,21568,21371,19934,1,1,1,18729,17684,16617,14464,13459,12678,4255,4214,3931,10,11,8,27,28,21,4.0,4.1,2.36,15320,100,20062,42,10,2009,2009,,100,0
"""490111254151""","""Ogden-Clearfield, UT""",1.00,2912.00,771.00,687.71,52,64,60,31,39,38,21,25,23,8.57,9.61,2.27,2,2,23046,22849,21412,0,0,0,19148,18096,17030,14593,13582,12801,4546,4506,4222,8,8,6,22,22,17,2.7,2.7,1.12,12681,100,14515,44,24,2364,2342,2526,88,12
"""490111254152""","""Ogden-Clearfield, UT""",1.00,3314.00,775.00,158.29,36,43,41,17,22,21,18,22,20,8.00,39.16,2.00,2,2,19376,19179,17743,3,3,3,16750,15780,14703,12875,11944,11163,3822,3782,3499,53,54,41,141,144,110,5.7,2.7,4.90,15273,75,20800,43,8,1317,1412,1091,70,30
"""490111255011""","""Ogden-Clearfield, UT""",1.00,3784.00,1199.00,321.93,39,48,45,21,26,25,19,22,20,6.74,25.09,2.04,2,2,20077,19880,18443,2,2,2,17084,16104,15031,13088,12148,11367,3961,3920,3637,35,36,27,93,96,73,6.1,2.4,3.72,15370,57,12777,42,11,1557,1585,1466,77,23
"""490111255013""","""Ogden-Clearfield, UT""",1.00,1352.00,524.00,140.70,37,45,42,16,21,20,20,24,22,7.27,27.07,2.23,2,2,21424,21227,19790,2,2,2,18573,17535,16464,14317,13319,12538,4226,4186,3902,30,30,23,79,81,61,4.1,2.3,3.72,14929,100,15147,43,8,1245,1245,,100,0
"""490111255021""","""Ogden-Clearfield, UT""",1.00,1831.00,532.00,185.57,35,43,40,17,21,20,19,22,20,6.89,19.76,2.04,2,2,19452,19255,17818,2,2,2,16961,15981,14907,13086,12145,11364,3837,3797,3514,38,39,29,101,103,78,6.0,3.0,2.87,14897,63,16563,42,11,1253,1333,1038,73,27
"""490111255022""","""Ogden-Clearfield, UT""",1.00,1366.00,437.00,183.99,40,49,46,20,25,25,20,23,21,7.31,17.36,2.14,2,2,20606,20409,18972,2,2,2,17833,16822,15750,13738,12767,11986,4065,4025,3741,30,31,24,81,83,63,4.1,2.7,2.38,15710,92,14715,42,11,1545,1515,1667,80,20
"""490111255023""","""Ogden-Clearfield, UT""",1.00,2185.00,686.00,445.68,40,49,46,21,26,25,20,23,21,7.42,11.42,2.14,2,2,20421,20224,18787,2,2,2,17771,16761,15689,13712,12743,11962,4029,3988,3705,30,30,23,79,81,62,3.7,3.0,1.54,15300,87,19005,42,19,1585,1544,1703,74,26
"""490111255031""","""Ogden-Clearfield, UT""",1.00,2605.00,740.00,304.41,41,50,47,21,26,25,20,24,22,7.72,18.77,2.23,2,2,21899,21702,20265,1,1,1,18647,17610,16539,14302,13305,12524,4320,4280,3996,25,26,19,67,68,52,3.5,1.9,2.43,13629,92,15740,44,15,1568,1553,1750,92,8
"""490111255032""","""Ogden-Clearfield, UT""",1.00,3907.00,894.00,338.72,48,59,56,28,35,34,21,24,22,8.62,22.75,2.23,2,2,21807,21610,20173,1,1,1,18669,17630,16560,14346,13346,12565,4302,4261,3978,21,22,17,57,59,44,3.4,2.1,2.64,13497,100,16594,43,12,2099,2098,2114,94,6
"""490111256001""","""Ogden-Clearfield, UT""",1.00,238.00,67.00,994.76,35,43,40,16,21,20,19,22,20,7.25,0.49,2.06,2,2,20067,19870,18433,3,3,3,17265,16277,15199,13250,12302,11521,3959,3918,3635,55,57,43,148,151,115,5.4,3.3,0.07,14941,28,20961,42,66,1247,1638,,76,24
"""490111257011""","""Ogden-Clearfield, UT""",1.00,1756.00,647.00,308.61,28,34,31,11,13,13,17,20,18,4.87,10.22,1.91,2,2,17698,17501,16064,4,5,4,15863,14921,13837,12290,11387,10606,3491,3451,3168,81,83,63,216,221,169,6.0,4.6,2.10,17091,60,26509,41,17,799,1580,,51,49
"""490111257012""","""Ogden-Clearfield, UT""",1.00,1515.00,524.00,73.54,32,39,36,17,22,21,15,17,15,4.73,33.73,1.56,2,1,15536,15339,13902,8,8,7,13239,12405,11307,10038,9240,8459,3065,3025,2741,136,140,107,364,373,284,8.5,4.5,7.13,17233,6,26277,41,8,1319,,1342,2,98
"""490111257013""","""Ogden-Clearfield, UT""",1.00,1639.00,761.00,423.09,36,44,41,20,25,24,16,19,17,5.04,9.06,1.73,2,2,17227,17030,15593,5,5,5,14591,13705,12618,11097,10250,9469,3398,3358,3075,95,97,74,254,260,198,7.9,4.2,1.80,16117,7,26006,41,18,1528,1355,1627,37,63
"""490111257021""","""Ogden-Clearfield, UT""",1.00,1008.00,302.00,130.14,31,38,35,13,16,16,18,21,19,6.67,15.48,2.01,2,2,18516,18319,16882,3,3,3,16596,15626,14548,12887,11956,11175,3653,3612,3329,57,58,44,151,155,118,5.9,4.5,2.32,15255,73,22947,41,10,990,988,995,71,29
"""490111257022""","""Ogden-Clearfield, UT""",1.00,1506.00,661.00,212.66,24,29,27,6,8,8,18,21,19,,,1.93,2,2,18385,18188,16751,2,2,2,16083,15135,14061,12418,11508,10727,3627,3587,3303,39,40,30,103,106,80,6.4,3.4,3.11,14404,59,18374,42,9,492,1011,,49,51
"""490111257023""","""Ogden-Clearfield, UT""",1.00,1510.00,539.00,174.22,36,44,41,17,21,21,19,23,20,6.43,19.90,2.12,2,2,19330,19133,17696,2,2,2,17450,16446,15373,13601,12636,11855,3813,3773,3490,36,37,28,96,99,75,5.6,3.9,3.09,14985,83,22338,41,8,1301,1320,1180,87,13
"""490111258011""","""Ogden-Clearfield, UT""",1.00,1156.00,472.00,130.85,35,43,40,16,20,19,19,23,21,6.20,22.36,2.15,2,2,19589,19392,17955,2,2,2,17697,16684,15611,13799,12825,12044,3864,3824,3541,34,34,26,90,92,70,4.2,4.3,3.61,16713,98,27292,41,11,1191,1402,,85,15
"""490111258012""","""Ogden-Clearfield, UT""",1.00,1583.00,475.00,245.27,40,49,46,20,26,25,20,23,21,7.18,13.90,2.19,2,2,20123,19926,18489,3,3,3,18085,17060,15983,14065,13078,12297,3970,3929,3646,51,52,39,135,138,105,3.8,4.2,1.94,16574,97,24534,41,14,1555,1595,,97,3
"""490111258013""","""Ogden-Clearfield, UT""",1.00,2113.00,703.00,132.36,32,39,36,16,20,19,16,19,17,5.60,29.73,1.78,2,2,16937,16740,15303,3,3,3,14823,13921,12845,11434,10571,9790,3341,3301,3018,48,49,37,127,130,99,7.6,4.0,5.31,16326,32,27332,42,10,1188,1535,1071,25,75
"""490111258014""","""Ogden-Clearfield, UT""",1.00,1825.00,844.00,158.95,29,35,32,13,16,16,16,18,16,4.91,26.06,1.68,2,1,16782,16585,15148,3,3,3,14134,13264,12185,10764,9932,9151,3311,3270,2987,60,61,47,159,164,124,8.4,4.1,5.31,16800,0,28049,42,11,993,,1324,25,75
"""490111258015""","""Ogden-Clearfield, UT""",1.00,756.00,283.00,167.29,33,40,37,16,20,19,17,20,18,4.82,8.15,1.89,2,2,17133,16936,15499,3,3,3,15574,14639,13563,12146,11249,10468,3380,3340,3056,49,50,38,130,134,101,7.0,4.7,1.69,17572,53,28241,41,10,1192,1270,1134,42,58
"""490111258041""","""Ogden-Clearfield, UT""",1.00,2198.00,716.00,432.98,46,56,53,26,33,32,20,23,21,7.44,12.31,2.12,2,2,21098,20901,19464,1,1,1,17761,16757,15690,13587,12623,11842,4162,4122,3838,12,12,9,31,32,24,4.2,4.7,1.65,11996,87,11129,41,13,1998,2087,1728,75,25
"""490111258042""","""Ogden-Clearfield, UT""",1.00,1073.00,273.00,113.33,44,54,51,24,30,29,20,24,21,7.59,18.27,2.17,2,2,21371,21174,19737,1,1,1,18194,17173,16102,13953,12972,12191,4216,4175,3892,24,25,19,64,66,50,4.3,4.3,2.41,10329,100,8753,41,6,1835,1829,1882,89,11
"""490111258043""","""Ogden-Clearfield, UT""",1.00,1981.00,573.00,415.88,44,54,51,24,30,29,21,25,22,8.17,11.26,2.25,2,2,22517,22320,20883,1,1,1,18919,17873,16806,14466,13461,12680,4442,4401,4118,10,11,8,28,28,22,3.1,4.3,1.38,10795,96,9469,41,19,1798,1873,,96,4
"""490111258044""","""Ogden-Clearfield, UT""",1.00,1687.00,437.00,583.47,48,58,55,27,34,33,20,24,22,8.81,6.60,2.22,2,2,21405,21208,19772,1,1,1,18504,17468,16401,14271,13275,12494,4223,4182,3899,11,11,8,28,29,22,3.4,4.9,0.75,13892,91,15058,41,23,2075,2067,2148,90,10
"""490111258051""","""Ogden-Clearfield, UT""",1.00,1051.00,413.00,347.47,33,40,37,15,19,19,17,20,18,6.06,7.20,1.91,2,2,17803,17606,16169,2,3,2,15832,14890,13815,12275,11373,10592,3512,3472,3189,44,45,34,117,120,91,6.8,3.9,1.19,16867,46,27266,42,13,1168,1173,1165,42,58
"""490111258052""","""Ogden-Clearfield, UT""",1.00,2564.00,834.00,239.97,31,37,35,12,15,15,19,22,20,6.58,22.88,2.05,2,2,19032,18835,17399,2,2,2,16984,15999,14926,13195,12249,11468,3755,3714,3431,35,36,27,94,96,73,5.0,3.7,3.48,16888,89,25160,42,9,925,1405,,66,34
"""490111258053""","""Ogden-Clearfield, UT""",1.00,1134.00,363.00,150.40,40,48,45,20,25,24,20,24,21,6.84,16.52,2.20,2,2,20297,20100,18664,1,1,1,18156,17127,16057,14127,13138,12357,4004,3964,3680,25,25,19,66,68,52,3.5,3.9,2.41,16103,100,22209,41,17,1496,1661,,90,10
"""490111258054""","""Ogden-Clearfield, UT""",1.00,1422.00,544.00,90.79,38,46,43,21,27,26,17,19,17,5.61,33.64,1.82,2,2,16893,16696,15259,3,3,3,15044,14131,13055,11662,10788,10007,3333,3292,3009,50,51,39,133,136,103,7.4,4.0,5.99,16655,46,24311,41,7,1614,2005,1419,33,67
"""490111258071""","""Ogden-Clearfield, UT""",1.00,2297.00,852.00,246.86,38,46,43,21,26,25,17,20,18,6.11,21.07,1.87,2,2,17577,17380,15943,2,2,2,15511,14582,13508,12005,11115,10334,3467,3427,3144,39,40,30,103,106,81,6.9,4.2,3.45,15294,44,21594,41,13,1558,1711,1448,42,58
"""490111258072""","""Ogden-Clearfield, UT""",1.00,1249.00,435.00,208.07,29,35,32,12,15,15,17,19,17,6.05,12.64,1.80,2,2,17722,17525,16088,2,2,2,15071,14164,13090,11537,10669,9888,3496,3456,3173,38,38,29,100,103,78,8.4,4.2,2.09,13882,6,18507,41,9,938,914,971,57,43
"""490111258091""","""Ogden-Clearfield, UT""",1.00,2174.00,773.00,68.50,24,29,26,8,10,10,16,18,16,5.10,57.50,1.71,2,2,16545,16348,14911,3,3,3,14301,13420,12343,10985,10143,9362,3264,3224,2940,52,53,41,139,142,108,8.5,4.5,11.28,14887,13,21952,41,6,631,,1031,39,61
"""490111258092""","""Ogden-Clearfield, UT""",1.00,1214.00,499.00,124.84,33,40,38,17,21,20,16,19,17,5.51,22.04,1.79,2,2,16771,16574,15138,3,3,3,14856,13951,12873,11493,10627,9846,3309,3268,2985,55,56,42,145,149,113,8.0,4.7,4.00,15999,21,24591,40,10,1279,1105,1421,45,55
"""490111258093""","""Ogden-Clearfield, UT""",1.00,1525.00,555.00,257.44,35,42,39,16,20,19,19,22,20,6.38,13.76,2.09,2,2,18653,18456,17019,2,2,2,17140,16144,15070,13419,12463,11682,3680,3639,3356,41,42,32,108,111,84,5.9,4.6,2.16,15975,72,24716,40,11,1201,1424,,84,16
"""490111258101""","""Ogden-Clearfield, UT""",1.00,815.00,403.00,40.98,30,36,33,15,19,18,15,17,15,4.70,46.20,1.60,2,1,15522,15325,13889,3,3,3,13384,12537,11458,10261,9453,8672,3062,3022,2739,61,62,47,162,166,126,8.4,4.5,9.83,16599,6,25867,40,10,1123,,1123,0,100
"""490111258102""","""Ogden-Clearfield, UT""",1.00,2161.00,784.00,303.29,38,47,44,22,27,26,17,20,18,5.68,14.69,1.84,2,2,16932,16735,15299,3,3,3,15226,14306,13228,11833,10952,10171,3340,3300,3017,53,54,41,140,144,109,7.3,4.6,2.58,17183,39,27061,41,14,1644,1983,1438,38,62
"""490111259051""","""Ogden-Clearfield, UT""",1.00,2419.00,687.00,408.55,56,69,65,35,44,43,21,25,22,7.54,12.67,2.27,2,2,22048,21851,20414,1,1,1,18926,17877,16807,14555,13546,12765,4349,4309,4026,22,23,17,59,61,46,2.5,3.9,1.68,12726,100,11076,42,29,2673,2795,,96,4
"""490111259052""","""Ogden-Clearfield, UT""",1.00,1746.00,612.00,134.67,36,44,41,18,23,22,18,21,19,6.82,30.97,1.94,2,2,18435,18238,16801,2,2,2,16152,15201,14128,12481,11569,10788,3637,3596,3313,34,35,27,91,93,71,6.2,4.0,4.54,16186,69,19910,42,7,1382,1592,1182,49,51
"""490111259053""","""Ogden-Clearfield, UT""",1.00,1300.00,505.00,155.97,31,37,35,13,16,16,18,21,19,5.43,17.59,1.92,2,2,18631,18434,16997,3,4,3,16079,15134,14055,12342,11436,10655,3675,3635,3352,62,63,48,165,168,128,6.4,3.4,3.24,15735,60,19231,42,9,995,1106,855,56,44
"""490111259054""","""Ogden-Clearfield, UT""",1.00,2110.00,886.00,444.52,38,46,43,19,23,23,19,23,20,6.28,12.51,2.08,2,2,20284,20087,18650,1,2,1,17401,16407,15336,13373,12419,11638,4002,3961,3678,26,27,21,70,72,55,5.1,3.9,1.99,13480,63,12467,42,19,1423,1491,1210,76,24
"""490111259061""","""Ogden-Clearfield, UT""",1.00,3026.00,968.00,910.44,52,63,60,32,40,38,20,24,22,7.63,8.11,2.21,2,2,21713,21516,20079,1,1,1,18466,17435,16365,14161,13170,12389,4283,4243,3960,22,22,17,58,59,45,3.1,3.3,1.06,12241,96,11156,42,19,2400,2485,1988,83,17
"""490111259062""","""Ogden-Clearfield, UT""",1.00,1904.00,533.00,194.33,37,45,42,19,24,23,18,21,19,7.14,19.60,1.96,2,2,19203,19006,17570,3,3,3,16402,15447,14369,12556,11641,10860,3788,3748,3465,57,58,44,152,156,118,5.3,3.0,2.74,14482,74,19023,43,11,1458,1199,1710,49,51
"""490111259063""","""Ogden-Clearfield, UT""",1.00,1016.00,452.00,76.96,38,46,43,21,26,25,17,20,18,5.94,34.89,1.84,2,2,18826,18629,17192,3,3,3,15605,14685,13605,11830,10948,10167,3714,3674,3390,61,63,48,164,167,127,8.4,2.6,5.87,13689,19,17970,43,4,1572,1543,1639,70,30
"""490111259064""","""Ogden-Clearfield, UT""",1.00,1693.00,572.00,168.08,42,51,48,21,27,26,20,24,22,7.61,25.91,2.21,2,2,21182,20985,19548,1,1,1,18375,17344,16274,14171,13180,12399,4179,4138,3855,26,27,20,69,71,54,3.8,2.9,3.40,14250,100,17095,43,11,1622,1774,,91,9
"""490111259071""","""Ogden-Clearfield, UT""",1.00,2705.00,859.00,697.33,45,55,52,26,32,31,20,23,21,6.70,8.25,2.16,2,2,20288,20091,18654,1,1,1,17915,16898,15828,13892,12913,12132,4002,3962,3678,22,22,17,58,60,45,4.0,4.2,1.23,15168,78,16018,41,23,1953,1961,1902,86,14
"""490111259081""","""Ogden-Clearfield, UT""",1.00,2107.00,673.00,433.04,45,55,51,24,30,30,20,24,22,7.41,11.51,2.22,2,2,21873,21676,20239,1,1,1,18619,17583,16513,14281,13285,12504,4315,4274,3991,23,24,18,62,63,48,3.7,4.0,1.55,10186,91,8458,41,14,1849,1947,,95,5
"""490111259082""","""Ogden-Clearfield, UT""",1.00,1365.00,416.00,137.63,37,45,42,18,23,22,19,22,20,6.95,21.00,2.09,2,2,19876,19679,18242,1,2,1,17374,16378,15307,13426,12470,11689,3921,3881,3597,27,28,21,72,74,56,5.0,4.0,3.02,15027,74,15332,42,14,1377,1500,925,79,21
"""490111259083""","""Ogden-Clearfield, UT""",1.00,1719.00,535.00,223.80,40,49,46,20,25,24,20,24,22,7.55,18.05,2.18,2,2,21800,21603,20167,1,1,1,18312,17288,16221,14000,13017,12236,4301,4260,3977,11,12,9,30,31,23,3.3,4.2,2.39,13282,98,11705,41,16,1507,1812,,83,17
"""490111260011""","""Ogden-Clearfield, UT""",1.00,1303.00,588.00,404.22,35,42,40,19,23,23,16,19,17,4.98,7.24,1.72,2,2,18042,17845,16408,4,5,4,14715,13831,12747,11076,10230,9449,3559,3519,3236,80,82,63,214,219,167,8.1,3.0,1.45,15889,0,23495,43,16,1424,1788,1223,36,64
"""490111260012""","""Ogden-Clearfield, UT""",1.00,1673.00,555.00,216.08,38,46,43,18,23,22,20,23,21,6.94,17.83,2.14,2,2,20359,20162,18726,3,3,3,17783,16774,15697,13717,12747,11966,4016,3976,3693,50,51,39,133,136,103,4.1,3.0,2.57,16063,97,24386,43,11,1398,1366,1558,83,17
"""490111260013""","""Ogden-Clearfield, UT""",1.00,857.00,370.00,281.84,34,41,39,16,21,20,18,21,19,5.97,7.83,1.90,2,2,18832,18635,17198,3,4,3,16009,15070,13990,12231,11331,10550,3715,3675,3391,63,64,49,167,171,130,6.2,2.9,1.31,15577,44,21492,43,22,1251,1631,959,44,56
"""490111260014""","""Ogden-Clearfield, UT""",1.00,1553.00,453.00,204.09,40,48,45,19,24,24,20,24,22,8.23,18.27,2.21,2,2,21470,21273,19836,3,3,3,18459,17428,16352,14175,13184,12403,4236,4195,3912,48,49,37,129,131,100,3.3,2.6,2.22,14123,100,20032,44,16,1474,1590,,93,7
"""490111260021""","""Ogden-Clearfield, UT""",1.00,2374.00,767.00,650.64,40,48,45,20,25,24,20,23,21,7.34,8.66,2.17,2,2,21007,20810,19374,2,2,2,18109,17089,16016,13927,12947,12166,4144,4104,3820,38,39,29,101,103,78,3.3,2.6,1.18,14973,93,22816,44,22,1501,1450,1719,81,19
"""490111260022""","""Ogden-Clearfield, UT""",1.00,2201.00,540.00,264.21,41,50,47,21,26,25,20,24,22,8.30,16.97,2.19,2,2,21780,21583,20146,1,1,1,18390,17363,16295,14077,13090,12309,4297,4256,3973,16,17,13,44,45,34,4.1,2.4,2.04,12519,95,18195,45,10,1572,1826,,86,14
"""490111260023""","""Ogden-Clearfield, UT""",1.00,3959.00,1017.00,1355.42,56,69,65,34,43,42,22,26,23,8.57,6.43,2.35,2,2,23723,23526,22089,0,0,0,19776,18701,17635,15089,14055,13274,4680,4639,4356,7,7,5,18,19,15,2.7,2.1,0.75,11699,95,16719,45,29,2612,2643,,99,1
"""490111261011""","""Ogden-Clearfield, UT""",1.00,2272.00,785.00,425.04,37,45,42,19,24,23,18,21,19,,,1.97,2,2,19775,19578,18141,3,3,2,16602,15643,14567,12655,11734,10953,3901,3861,3577,47,48,36,125,128,97,6.1,2.7,1.85,13397,54,16658,44,13,1427,1688,1091,56,44
"""490111261012""","""Ogden-Clearfield, UT""",1.00,1647.00,554.00,514.98,48,59,56,28,34,33,21,25,23,7.16,7.71,2.28,2,2,22150,21953,20516,1,1,1,19036,17983,16913,14646,13632,12851,4370,4329,4046,21,21,16,55,57,43,3.1,2.7,1.08,12740,100,13515,43,17,2087,2137,,98,2
"""490111261013""","""Ogden-Clearfield, UT""",1.00,2449.00,669.00,407.24,38,46,43,18,22,22,20,24,22,7.46,12.25,2.17,2,2,21880,21683,20246,1,1,1,18299,17278,16208,13960,12978,12197,4316,4276,3992,23,23,18,61,63,48,3.4,2.7,1.64,10721,94,10627,43,16,1348,1748,,77,23
"""490111261014""","""Ogden-Clearfield, UT""",1.00,870.00,233.00,162.68,45,55,52,24,30,29,21,25,22,7.93,11.36,2.26,2,2,22843,22646,21209,1,1,0,19001,17954,16888,14485,13479,12698,4506,4466,4182,9,9,7,24,25,19,3.9,3.1,1.43,10454,97,9820,43,9,1825,1882,,97,3
"""490111261051""","""Ogden-Clearfield, UT""",1.00,2329.00,557.00,223.98,46,56,53,25,31,30,21,25,23,8.77,21.80,2.25,2,2,23157,22960,21523,1,1,1,19060,18014,16946,14480,13475,12694,4568,4528,4244,11,11,8,29,30,22,3.9,2.8,2.49,10300,100,10072,43,8,1904,1942,,98,2
"""490111261052""","""Ogden-Clearfield, UT""",1.00,1571.00,470.00,215.11,43,52,49,22,27,27,21,24,22,7.75,16.94,2.24,2,2,22578,22381,20944,1,1,1,18842,17802,16732,14364,13364,12583,4454,4413,4130,24,25,19,65,67,51,3.3,2.5,2.18,10931,100,10790,43,13,1664,1827,,91,9
"""490111261053""","""Ogden-Clearfield, UT""",1.00,811.00,260.00,133.52,42,51,48,21,26,25,21,25,22,7.73,15.05,2.25,2,2,22489,22292,20856,1,2,1,18906,17862,16791,14443,13439,12658,4437,4396,4113,27,28,21,72,74,56,3.5,2.1,1.95,11789,100,13400,44,11,1582,1707,,93,7
"""490111261054""","""Ogden-Clearfield, UT""",1.00,1204.00,312.00,306.21,46,56,53,25,31,30,21,25,23,8.93,9.10,2.30,2,2,22933,22736,21299,1,1,1,19290,18232,17162,14746,13728,12947,4524,4483,4200,19,20,15,51,53,40,3.4,2.2,1.02,10931,96,11102,44,15,1882,1882,,100,0
"""490111261061""","""Ogden-Clearfield, UT""",1.00,2802.00,607.00,579.93,56,69,65,35,44,42,21,25,23,9.10,9.53,2.27,2,2,23783,23586,22149,0,0,0,19301,18249,17183,14602,13591,12809,4692,4651,4368,8,8,6,21,21,16,3.2,2.2,1.05,9490,92,9658,44,20,2661,2833,970,91,9
"""490111261062""","""Ogden-Clearfield, UT""",1.00,1742.00,458.00,770.71,49,60,57,28,35,34,21,25,23,8.64,5.14,2.30,2,2,22723,22526,21090,1,1,1,19286,18226,17156,14780,13760,12979,4483,4442,4159,24,24,19,64,65,50,2.9,2.3,0.59,11520,100,14954,44,20,2112,2112,,100,0
"""490111261071""","""Ogden-Clearfield, UT""",1.00,1366.00,361.00,319.80,48,59,56,27,34,33,21,25,23,8.32,9.40,2.30,2,2,23905,23708,22271,0,0,0,19517,18456,17390,14794,13773,12992,4716,4675,4392,7,7,5,19,19,15,3.1,2.1,1.13,8751,100,10379,44,15,2052,2172,,94,6
"""490111261072""","""Ogden-Clearfield, UT""",1.00,2322.00,632.00,394.12,49,60,57,29,36,35,20,24,22,8.03,12.87,2.22,2,2,22064,21867,20430,2,2,2,18629,17594,16523,14248,13253,12472,4353,4312,4029,28,29,22,76,77,59,3.6,2.6,1.60,11961,96,16457,44,14,2198,2366,,93,7
"""490111261081""","""Ogden-Clearfield, UT""",1.00,2787.00,625.00,1026.59,62,77,73,40,51,49,22,26,24,8.86,5.39,2.36,2,2,24673,24476,23040,0,0,0,20038,18959,17893,15163,14126,13345,4867,4827,4543,7,7,5,18,18,14,2.3,1.9,0.61,9129,97,10485,45,37,3068,3154,,97,3
"""490111261082""","""Ogden-Clearfield, UT""",1.00,3747.00,792.00,3864.87,59,72,68,36,45,44,23,27,25,9.72,1.99,2.44,2,2,25696,25499,24062,0,0,0,20769,19666,18600,15694,14631,13850,5069,5028,4745,6,7,5,17,18,13,0.8,2.2,0.20,6639,100,7675,44,143,2730,2765,,99,1
"""490111262031""","""Ogden-Clearfield, UT""",1.00,1976.00,548.00,640.25,50,61,58,30,37,36,20,24,22,8.09,6.93,2.18,2,2,22192,21995,20558,2,2,2,18439,17416,16337,14001,13018,12237,4378,4337,4054,60,61,47,154,158,120,3.1,4.1,0.86,7539,88,10998,42,26,2260,2470,1284,82,18
"""490111262041""","""Ogden-Clearfield, UT""",1.00,1756.00,568.00,13889.85,51,63,59,29,37,35,22,26,24,8.05,0.33,2.37,2,2,24628,24431,22994,1,1,1,20078,18998,17930,15203,14163,13382,4858,4818,4534,17,17,13,44,45,34,0.6,3.5,0.04,3943,76,5266,42,463,2217,2539,961,80,20
"""490111262042""","""Ogden-Clearfield, UT""",1.00,1243.00,330.00,529.30,51,63,59,31,39,38,20,24,21,8.12,5.06,2.16,2,2,21913,21716,20279,3,3,2,18245,17230,16149,13857,12881,12100,4323,4282,3999,65,67,51,167,172,130,3.1,4.2,0.62,6895,87,11884,42,25,2378,2788,1118,75,25
"""490111262043""","""Ogden-Clearfield, UT""",1.00,1825.00,617.00,363.91,41,50,47,22,27,26,19,23,21,6.99,11.86,2.07,2,2,21176,20979,19542,2,2,2,17539,16549,15472,13311,12360,11579,4177,4137,3854,50,52,39,130,133,102,5.0,4.3,1.70,6609,69,11042,42,13,1643,1852,1188,69,31
"""490111262051""","""Ogden-Clearfield, UT""",1.00,4501.00,1716.00,1020.23,45,55,52,26,32,31,19,22,20,6.56,11.04,2.02,2,2,20708,20511,19074,2,2,2,17143,16168,15090,13001,12065,11284,4085,4045,3761,57,59,45,147,151,115,5.5,4.2,1.68,8682,58,10912,42,16,1969,2126,1592,71,29
"""490111262052""","""Ogden-Clearfield, UT""",1.00,1987.00,530.00,358.98,55,67,63,34,43,41,21,24,22,7.38,10.89,2.24,2,2,22116,21919,20483,1,1,1,18771,17731,16658,14373,13372,12591,4363,4322,4039,35,36,28,91,94,72,3.8,3.6,1.48,10520,87,10384,42,16,2580,2676,,96,4
"""490111262061""","""Ogden-Clearfield, UT""",1.00,3495.00,821.00,1248.90,50,61,57,30,37,36,20,24,22,7.35,4.83,2.18,2,2,21785,21588,20151,2,2,2,18375,17351,16273,14022,13037,12256,4298,4257,3974,56,57,43,144,147,112,3.8,4.5,0.66,7164,80,12169,42,20,2240,2279,1939,89,11
"""490111262062""","""Ogden-Clearfield, UT""",1.00,4387.00,811.00,4621.19,49,60,57,27,33,32,22,27,24,10.08,1.77,2.40,2,2,25376,25179,23742,0,0,0,20421,19331,18265,15406,14357,13576,5006,4965,4682,9,9,7,22,23,17,1.3,2.5,0.18,4619,100,6197,43,89,2019,2177,,93,7
"""490111263031""","""Ogden-Clearfield, UT""",1.00,2138.00,660.00,198.27,50,61,58,29,36,35,21,25,23,7.69,25.61,2.28,2,2,23056,22859,21423,1,1,1,19224,18171,17098,14642,13629,12848,4548,4508,4224,33,34,26,86,88,67,3.8,2.8,3.33,9236,99,11536,45,10,2202,2226,,99,1
"""490111263032""","""Ogden-Clearfield, UT""",1.00,1489.00,473.00,229.71,50,61,58,29,36,35,21,25,23,8.00,16.47,2.28,2,2,23159,22962,21525,1,1,1,19241,18188,17116,14640,13627,12846,4569,4528,4245,32,33,25,83,85,65,3.3,3.4,2.06,6920,95,9151,44,15,2203,2221,1750,96,4
"""490111263033""","""Ogden-Clearfield, UT""",1.00,1299.00,368.00,3732.26,52,64,61,30,37,36,23,27,24,8.84,0.87,2.44,2,2,24921,24724,23287,1,1,1,20579,19479,18409,15642,14582,13801,4916,4875,4592,21,21,16,53,54,41,0.8,3.6,0.10,5206,98,6351,43,170,2258,2321,,97,3
"""490111263041""","""Ogden-Clearfield, UT""",1.00,2961.00,998.00,2765.53,45,55,52,24,31,30,21,25,22,8.16,2.95,2.23,2,2,23795,23598,22161,0,0,0,18993,17956,16889,14291,13294,12513,4694,4653,4370,8,8,6,22,22,17,3.4,1.2,0.36,8713,74,11571,47,38,1857,2026,1491,68,32
"""490111263042""","""Ogden-Clearfield, UT""",1.00,2239.00,809.00,267.61,45,54,51,24,30,29,21,25,23,7.57,22.88,2.26,2,2,22953,22756,21319,1,1,1,19085,18037,16965,14527,13519,12738,4528,4487,4204,30,31,23,78,79,60,4.6,2.2,3.02,9749,78,12792,46,14,1799,1828,,98,2
"""490111263043""","""Ogden-Clearfield, UT""",1.00,2352.00,639.00,308.13,48,59,56,27,34,33,21,25,23,8.56,17.74,2.27,2,2,23642,23445,22009,1,1,1,19240,18191,17120,14550,13541,12760,4664,4623,4340,26,27,20,67,69,52,3.8,1.9,2.07,7962,96,9796,46,10,2066,2101,1775,89,11
"""490111263051""","""Ogden-Clearfield, UT""",1.00,2704.00,783.00,3734.60,47,57,54,25,31,30,22,26,24,8.45,1.77,2.40,2,2,24437,24240,22803,1,1,1,20283,19192,18123,15443,14392,13611,4821,4780,4497,19,20,15,49,51,38,1.2,4.1,0.21,5425,98,6454,42,101,1883,1898,,99,1
"""490111263061""","""Ogden-Clearfield, UT""",1.00,2346.00,820.00,321.42,44,54,51,24,30,29,20,24,22,7.29,18.61,2.19,2,2,21811,21614,20178,1,1,1,18427,17400,16327,14089,13102,12321,4303,4262,3979,35,36,27,90,93,71,5.7,3.0,2.55,10545,70,13485,45,10,1809,1806,1857,94,6
"""490111263062""","""Ogden-Clearfield, UT""",1.00,1887.00,746.00,364.49,41,50,47,23,28,27,18,22,20,6.40,13.10,1.99,2,2,20121,19924,18487,2,2,2,16802,15836,14761,12788,11861,11080,3969,3929,3646,44,46,35,115,118,90,7.4,3.8,2.05,10961,35,13752,43,8,1716,1917,1178,73,27
"""490111263063""","""Ogden-Clearfield, UT""",1.00,2393.00,988.00,282.76,39,48,45,22,27,26,18,21,19,5.73,20.03,1.91,2,2,18702,18505,17068,2,2,2,16033,15092,14013,12285,11382,10601,3689,3649,3366,59,61,46,152,156,119,7.4,5.5,3.49,12050,38,15912,41,8,1631,1790,1383,61,39
"""490111264021""","""Ogden-Clearfield, UT""",1.00,1875.00,456.00,6847.09,60,73,70,37,46,45,23,27,25,9.26,0.62,2.45,2,2,25175,24978,23541,0,0,0,20691,19587,18520,15715,14651,13870,4966,4926,4642,10,10,8,26,26,20,0.4,3.5,0.07,5174,98,6767,41,254,2813,2929,,96,4
"""490111264022""","""Ogden-Clearfield, UT""",1.00,1694.00,514.00,9865.24,66,81,77,43,54,53,23,27,25,8.44,0.44,2.46,2,2,24884,24687,23250,0,0,0,20726,19618,18551,15807,14739,13958,4909,4868,4585,10,10,8,26,27,20,0.3,4.2,0.05,4902,97,7826,41,308,3296,3355,,98,2
"""490111264041""","""Ogden-Clearfield, UT""",1.00,1955.00,721.00,636.86,44,54,51,26,33,32,18,21,19,6.25,7.08,1.96,2,2,19160,18963,17527,1,1,1,16429,15471,14398,12614,11696,10915,3780,3740,3456,34,35,27,88,90,69,6.3,5.4,1.13,12257,40,23376,43,25,1998,2320,1721,46,54
"""490111264042""","""Ogden-Clearfield, UT""",1.00,1572.00,662.00,135.27,34,42,39,17,21,21,17,20,18,5.80,28.39,1.88,2,2,18750,18553,17116,2,2,2,15811,14879,13803,12062,11170,10389,3699,3659,3375,50,51,39,128,131,100,7.8,4.4,4.89,13157,29,28202,45,8,1297,1410,1200,46,54
"""490111264043""","""Ogden-Clearfield, UT""",1.00,2845.00,702.00,2238.27,69,85,81,47,59,57,22,26,23,8.61,2.70,2.36,2,2,23153,22956,21519,0,0,0,19726,18649,17582,15147,14111,13330,4567,4527,4243,11,12,9,29,30,23,1.3,4.4,0.31,9653,100,15006,42,102,3591,3820,,94,6
"""490111264044""","""Ogden-Clearfield, UT""",1.00,2026.00,732.00,324.81,59,73,69,39,48,47,20,24,22,6.72,15.15,2.25,2,2,21188,20991,19555,1,1,1,18648,17605,16534,14443,13439,12658,4180,4139,3856,26,27,20,67,69,52,3.9,5.3,2.25,13376,100,20543,43,11,2940,3040,,97,3
"""490111264051""","""Ogden-Clearfield, UT""",1.00,2109.00,600.00,302.94,52,63,60,32,39,38,20,24,22,8.05,15.95,2.21,2,2,21514,21317,19880,1,1,1,18454,17422,16354,14196,13204,12423,4244,4204,3920,14,14,11,37,37,28,3.7,4.3,1.98,13495,95,16662,42,15,2391,2394,2364,90,11
"""490111264052""","""Ogden-Clearfield, UT""",1.00,1662.00,519.00,318.39,58,71,67,37,46,45,21,24,22,7.48,12.20,2.28,2,2,21443,21246,19810,1,1,1,18889,17836,16765,14632,13619,12838,4230,4190,3906,27,27,21,69,70,53,3.4,5.4,1.63,13668,100,18633,43,16,2801,2801,,100,0
"""490111264061""","""Ogden-Clearfield, UT""",1.00,1916.00,651.00,260.99,41,50,47,22,28,27,19,22,20,6.95,17.32,2.06,2,2,19606,19409,17972,2,2,2,17122,16137,15062,13213,12267,11486,3868,3827,3544,41,42,32,107,110,83,6.1,5.4,2.49,14383,71,19697,43,8,1675,1656,1720,71,29
"""490111264062""","""Ogden-Clearfield, UT""",1.00,2416.00,912.00,250.60,35,43,40,17,22,21,18,21,19,6.08,22.13,1.91,2,2,18613,18416,16980,2,2,2,15984,15043,13966,12258,11356,10575,3672,3632,3348,54,55,42,139,142,108,7.0,5.1,3.64,14334,50,21673,44,8,1326,1545,1169,42,58
"""490111265001""","""Ogden-Clearfield, UT""",1.00,1048.00,298.00,223.10,48,59,56,29,36,35,20,23,21,7.42,9.91,2.15,2,2,21223,21026,19590,1,1,1,17981,16968,15900,13780,12807,12026,4187,4146,3863,15,15,11,38,39,29,3.3,5.4,1.34,9738,100,12570,40,14,2178,1947,2830,74,26
"""490111265002""","""Ogden-Clearfield, UT""",1.00,767.00,244.00,135.10,52,64,61,32,40,39,20,24,21,6.74,12.18,2.21,2,2,20311,20114,18677,2,2,2,18212,17182,16107,14163,13172,12391,4007,3966,3683,42,43,33,108,111,84,4.5,6.6,1.81,11942,92,15529,40,9,2453,2453,,100,0
"""490111265003""","""Ogden-Clearfield, UT""",1.00,1080.00,284.00,129.82,38,46,43,19,24,23,19,23,21,7.37,16.13,2.11,2,2,19642,19445,18008,2,2,2,17500,16497,15421,13580,12617,11836,3875,3834,3551,44,45,35,115,117,89,4.0,7.1,2.19,12586,100,16830,39,9,1433,1817,,79,21
"""490111265004""","""Ogden-Clearfield, UT""",1.00,1302.00,451.00,175.09,44,54,51,26,32,31,18,22,20,5.00,12.87,2.03,2,2,18592,18395,16958,2,2,2,16744,15768,14690,13020,12083,11302,3668,3627,3344,56,58,44,145,149,113,5.8,7.3,2.58,13775,67,18894,39,11,1942,2088,1507,75,25
"""490111265005""","""Ogden-Clearfield, UT""",1.00,1845.00,518.00,270.21,44,53,50,24,30,29,20,24,21,6.99,13.41,2.19,2,2,20445,20248,18811,1,1,1,18156,17130,16057,14089,13101,12320,4033,3993,3709,35,36,27,89,92,69,3.6,6.9,1.92,11542,100,14909,40,12,1802,1933,,93,7
"""490111266001""","""Ogden-Clearfield, UT""",1.00,1914.00,736.00,202.41,39,47,44,20,26,25,18,22,20,6.04,21.95,2.02,2,2,19028,18831,17394,2,2,2,16765,15792,14715,12963,12029,11248,3754,3713,3430,48,49,38,124,128,97,5.7,6.1,3.64,12918,74,18056,41,9,1548,1651,1339,67,33
"""490111266002""","""Ogden-Clearfield, UT""",1.00,1755.00,484.00,195.95,41,50,47,23,29,28,18,21,19,6.62,16.34,1.99,2,2,18463,18266,16830,2,2,2,16488,15522,14443,12785,11859,11078,3642,3602,3319,60,62,47,156,160,121,5.7,6.9,2.47,13117,74,18264,40,9,1755,2024,1324,62,38
"""490111266003""","""Ogden-Clearfield, UT""",1.00,1769.00,642.00,206.52,37,46,43,20,25,24,17,20,18,5.79,17.99,1.91,2,2,17961,17764,16327,2,2,2,15862,14922,13844,12264,11362,10581,3543,3503,3220,55,56,43,142,145,111,6.7,6.6,3.11,13692,48,19546,40,11,1522,1715,1304,53,47
"""490111267001""","""Ogden-Clearfield, UT""",1.00,1368.00,545.00,158.23,31,37,34,14,17,17,17,20,18,4.99,17.18,1.83,2,2,17324,17127,15690,2,3,2,15262,14344,13265,11783,10904,10123,3418,3377,3094,61,63,48,157,161,123,7.8,7.0,3.44,14174,29,21186,40,8,1052,1202,882,53,47
"""490111267002""","""Ogden-Clearfield, UT""",1.00,1191.00,390.00,190.19,35,43,40,19,24,23,16,19,17,5.97,12.25,1.78,2,2,16790,16593,15156,4,4,4,14847,13946,12856,11430,10567,9786,3312,3272,2989,104,107,81,269,276,210,7.4,7.3,2.05,14566,39,22927,40,9,1432,1663,1301,36,64
"""490111267003""","""Ogden-Clearfield, UT""",1.00,841.00,335.00,82.61,33,39,37,16,20,19,16,19,17,4.83,19.61,1.80,2,2,16751,16554,15117,3,3,3,14958,14050,12967,11576,10707,9926,3305,3264,2981,77,79,60,199,204,155,7.7,7.3,4.06,14202,42,20096,39,5,1221,1481,1047,40,60
"""490111267004""","""Ogden-Clearfield, UT""",1.00,1012.00,248.00,98.72,41,49,46,22,28,27,19,22,20,6.36,15.98,2.06,2,2,18534,18337,16900,3,3,2,16942,15956,14876,13222,12275,11494,3656,3616,3333,63,65,49,163,168,127,5.9,7.5,2.51,14682,85,21154,39,5,1672,2063,,81,19
"""490111268011""","""Ogden-Clearfield, UT""",1.00,1371.00,505.00,237.45,50,60,57,29,36,35,20,24,22,7.09,15.08,2.23,2,2,21526,21329,19892,1,1,1,18590,17552,16483,14327,13329,12548,4247,4206,3923,16,17,13,42,43,32,3.1,5.8,2.13,11560,100,14743,40,18,2207,2303,,96,4
"""490111268012""","""Ogden-Clearfield, UT""",1.00,758.00,304.00,156.78,48,59,55,28,35,34,20,23,21,6.37,12.35,2.18,2,2,19901,19704,18268,2,2,2,17961,16939,15863,13986,13004,12223,3926,3886,3602,49,50,38,126,129,98,4.0,7.3,1.94,13592,85,18183,39,17,2151,2271,,95,5
"""490111268013""","""Ogden-Clearfield, UT""",1.00,1008.00,300.00,257.40,43,52,49,23,29,28,20,23,21,6.83,7.96,2.19,2,2,20143,19946,18510,2,2,1,18084,17058,15985,14072,13086,12305,3974,3933,3650,38,39,30,99,102,78,3.8,7.2,1.17,13245,94,17123,40,14,1756,1742,1955,93,7
"""490111268021""","""Ogden-Clearfield, UT""",1.00,1547.00,455.00,161.74,44,54,51,24,30,29,20,24,22,7.09,19.95,2.21,2,2,21308,21112,19675,1,1,1,18424,17391,16323,14205,13212,12431,4204,4163,3880,16,16,12,40,42,31,4.6,5.0,2.81,11707,96,14374,41,7,1830,1830,,100,0
"""490111268022""","""Ogden-Clearfield, UT""",1.00,810.00,275.00,125.53,47,57,54,27,34,33,20,23,21,6.62,14.51,2.20,2,2,20152,19955,18519,1,1,1,18124,17096,16023,14113,13124,12343,3976,3935,3652,36,37,28,94,95,73,4.7,6.9,2.19,13605,100,17353,40,6,2047,2047,,100,0
"""490111268023""","""Ogden-Clearfield, UT""",1.00,2654.00,725.00,441.81,51,63,60,31,39,38,20,24,22,7.82,12.83,2.19,2,2,21277,21080,19644,1,1,1,18261,17236,16167,14045,13060,12279,4198,4157,3874,18,19,14,47,49,37,4.0,4.8,1.64,12324,88,14919,41,15,2380,2461,1694,89,11
"""490111269011""","""Ogden-Clearfield, UT""",1.00,1193.00,389.00,134.25,39,48,45,22,28,27,17,20,18,5.47,15.85,1.84,2,2,17302,17105,15668,3,3,3,15304,14385,13301,11809,10928,10147,3413,3373,3090,82,84,64,211,217,164,7.4,7.6,2.90,15174,27,22504,39,15,1687,2172,1184,51,49
"""490111269013""","""Ogden-Clearfield, UT""",1.00,1001.00,336.00,125.34,41,50,47,23,28,27,18,22,19,5.90,15.82,2.02,2,2,18480,18283,16846,2,2,2,16700,15725,14646,12995,12059,11278,3646,3605,3322,59,61,46,153,157,119,5.8,7.2,2.68,15335,76,22143,40,8,1715,1935,1180,71,29
"""490111269014""","""Ogden-Clearfield, UT""",1.00,788.00,335.00,105.63,35,42,39,18,23,22,17,19,17,5.15,16.34,1.80,2,2,17099,16902,15466,3,3,3,15026,14118,13034,11574,10704,9923,3373,3333,3050,79,81,61,203,208,158,7.6,7.4,3.17,15388,23,23493,40,13,1387,1473,1319,44,56
"""490111269015""","""Ogden-Clearfield, UT""",1.00,829.00,335.00,152.91,36,43,41,18,23,22,17,20,18,5.81,12.73,1.89,2,2,17854,17657,16220,4,4,4,15731,14799,13711,12113,11218,10437,3522,3482,3199,96,99,75,248,254,193,6.7,7.0,2.19,15034,46,23097,40,14,1402,1614,1137,56,44
"""490111269016""","""Ogden-Clearfield, UT""",1.00,891.00,366.00,264.37,30,37,34,13,17,16,17,20,18,5.22,7.23,1.86,2,2,17721,17524,16087,4,4,3,15533,14608,13522,11948,11061,10280,3496,3456,3172,90,92,70,232,238,181,6.6,6.5,1.38,14763,50,22714,41,13,1008,,1655,39,61
"""490111269021""","""Ogden-Clearfield, UT""",1.00,1545.00,445.00,169.30,49,60,56,30,38,37,19,22,20,6.70,17.60,2.04,2,2,18953,18756,17319,2,2,2,16907,15926,14850,13119,12177,11396,3739,3699,3415,49,50,38,127,130,99,5.4,6.7,2.63,14833,80,19615,41,9,2290,2208,2483,70,30
"""490111269022""","""Ogden-Clearfield, UT""",1.00,900.00,302.00,144.86,42,52,49,24,30,29,19,22,20,6.49,13.53,2.04,2,2,18886,18689,17252,2,2,2,16885,15904,14827,13105,12163,11382,3726,3685,3402,54,55,42,140,143,109,5.6,6.8,2.08,15303,70,20916,41,12,1808,1880,1631,71,29
"""490111269023""","""Ogden-Clearfield, UT""",1.00,1827.00,538.00,212.62,40,49,46,21,26,25,19,22,20,,,2.09,2,2,19522,19325,17888,2,2,2,17339,16343,15267,13440,12483,11702,3851,3811,3527,48,49,37,123,126,96,5.2,6.2,2.53,14995,76,19258,41,13,1587,1485,1979,79,21
"""490111269024""","""Ogden-Clearfield, UT""",1.00,2172.00,686.00,126.59,40,48,45,23,29,28,16,19,17,5.94,32.19,1.76,2,2,17405,17208,15771,3,3,3,14828,13932,12850,11322,10464,9683,3434,3393,3110,73,75,57,188,193,147,7.7,5.7,5.42,15123,25,21275,42,11,1763,2114,1654,24,76
"""490111269025""","""Ogden-Clearfield, UT""",1.00,936.00,434.00,162.36,37,45,42,20,25,24,17,20,18,5.25,14.04,1.87,2,2,18022,17825,16388,3,3,3,15629,14700,13619,12004,11114,10333,3555,3515,3232,70,71,54,179,184,140,7.1,6.6,2.67,15232,27,21863,41,20,1490,1545,1438,49,51
"""490111270021""","""Ogden-Clearfield, UT""",1.00,1469.00,440.00,147.43,41,50,47,21,26,26,20,23,21,7.14,21.30,2.14,2,2,20594,20397,18961,2,2,1,17866,16855,15781,13765,12793,12012,4063,4022,3739,38,39,30,99,102,78,5.8,4.3,2.98,13877,70,27935,45,11,1600,1645,1386,83,17
"""490111270022""","""Ogden-Clearfield, UT""",1.00,2770.00,1126.00,201.13,41,50,47,22,28,27,19,22,20,6.72,37.61,1.99,2,2,20726,20529,19092,0,0,0,16906,15939,14871,12806,11878,11097,4089,4048,3765,12,12,9,30,31,24,7.1,1.9,5.60,11277,48,27007,46,8,1695,1720,1663,56,44
"""490111270023""","""Ogden-Clearfield, UT""",1.00,3032.00,926.00,272.15,43,52,49,22,27,26,21,25,22,8.15,27.72,2.26,2,2,22602,22405,20969,0,0,0,19010,17961,16895,14542,13534,12753,4459,4418,4135,9,10,7,24,25,19,4.7,2.1,3.40,11164,87,27611,46,11,1655,1730,,96,4
"""490111270024""","""Ogden-Clearfield, UT""",1.00,703.00,338.00,2729.91,,,,,,,20,24,21,6.36,0.79,2.17,2,2,21373,21176,19739,1,1,1,18161,17141,16071,13920,12940,12159,4216,4176,3893,25,25,19,63,65,50,7.2,4.0,0.12,12114,10,28686,46,36,,,,100,0
"""490111270031""","""Ogden-Clearfield, UT""",1.00,2896.00,860.00,553.57,46,56,53,25,32,31,20,24,22,7.57,11.76,2.21,2,2,21638,21441,20004,1,1,1,18493,17460,16392,14211,13218,12437,4269,4228,3945,13,14,11,35,36,27,3.4,4.6,1.55,11035,94,16230,41,19,1923,2211,,87,13
"""490111270032""","""Ogden-Clearfield, UT""",1.00,4549.00,1311.00,350.14,45,55,52,25,32,31,20,23,21,7.92,29.67,2.11,2,2,21601,21404,19967,0,0,0,17794,16793,15726,13522,12561,11780,4261,4221,3938,11,11,9,29,29,23,6.4,2.0,3.74,10904,61,20298,46,9,1933,1992,1746,76,24
"""490111270033""","""Ogden-Clearfield, UT""",1.00,1517.00,585.00,5229.49,48,59,55,27,34,33,21,25,23,7.61,0.85,2.26,2,2,23562,23365,21929,1,1,1,19191,18142,17074,14527,13520,12739,4648,4608,4324,15,15,12,38,39,30,2.1,2.6,0.11,6789,84,11751,44,82,2041,2562,429,76,24
"""490111270051""","""Ogden-Clearfield, UT""",1.00,1787.00,478.00,541.33,44,54,50,23,29,28,21,25,23,8.31,7.34,2.29,2,2,23058,22861,21424,1,1,1,19267,18211,17143,14701,13685,12904,4549,4508,4225,17,18,14,45,46,35,3.0,2.8,0.88,10644,89,17357,44,30,1732,1732,,100,0
"""490111270052""","""Ogden-Clearfield, UT""",1.00,2807.00,694.00,401.11,46,56,53,25,32,31,21,25,22,8.76,15.16,2.25,2,2,22525,22328,20891,0,0,0,18902,17858,16791,14448,13444,12663,4444,4403,4120,10,11,8,27,28,21,4.0,2.3,1.73,12614,88,20925,45,16,1922,1928,1872,90,10
"""490111270061""","""Ogden-Clearfield, UT""",1.00,2364.00,624.00,508.54,43,52,49,23,29,28,20,23,21,7.65,9.39,2.15,2,2,20481,20284,18847,1,1,1,17908,16893,15820,13835,12860,12079,4040,4000,3717,33,33,25,84,86,65,4.4,5.4,1.23,13281,87,22036,43,14,1741,1779,1465,88,12
"""490111270062""","""Ogden-Clearfield, UT""",1.00,922.00,300.00,117.99,36,43,41,18,22,21,18,21,19,6.42,16.33,1.99,2,2,18822,18625,17189,1,1,1,16549,15583,14511,12806,11879,11098,3713,3673,3390,30,31,24,78,80,61,5.4,6.5,2.54,13829,82,22654,41,8,1336,1468,1110,63,37
"""490111270063""","""Ogden-Clearfield, UT""",1.00,992.00,354.00,117.82,40,49,46,20,25,25,20,23,21,7.74,23.25,2.16,2,2,20278,20081,18644,2,2,2,17904,16889,15810,13846,12870,12089,4000,3960,3677,57,59,45,148,152,115,4.3,5.8,3.00,14486,97,22510,42,10,1539,1651,,93,7
"""490111271001""","""Ogden-Clearfield, UT""",1.00,878.00,312.00,222.17,37,45,42,18,23,22,19,22,20,6.86,9.64,2.03,2,2,20259,20062,18625,2,2,2,17037,16061,14989,13008,12072,11291,3997,3956,3673,32,33,25,86,88,67,6.2,2.5,1.40,12442,58,14549,44,10,1402,1563,1131,63,37
"""490111271002""","""Ogden-Clearfield, UT""",1.00,1888.00,870.00,259.27,38,46,43,18,22,22,20,23,21,6.42,21.55,2.16,2,2,21514,21317,19880,2,2,1,18115,17099,16028,13844,12868,12087,4244,4204,3920,27,28,21,72,74,56,4.5,2.3,3.36,11857,92,15103,44,8,1352,1384,1219,80,20
"""490111271003""","""Ogden-Clearfield, UT""",1.00,1620.00,563.00,387.41,41,50,47,22,28,27,19,23,20,7.24,10.53,2.07,2,2,20930,20733,19296,2,2,2,17431,16442,15370,13272,12322,11541,4129,4088,3805,30,31,24,81,83,63,5.7,2.9,1.45,10834,59,10425,43,13,1672,1687,1634,72,28
"""490111271004""","""Ogden-Clearfield, UT""",1.00,1884.00,466.00,302.53,,,,,,,21,24,22,7.90,12.17,2.25,2,2,22171,21974,20537,2,2,2,18865,17820,16749,14461,13457,12676,4374,4333,4050,30,30,23,79,81,62,4.1,2.6,1.54,11323,86,11340,43,13,,,,100,0
"""490111271005""","""Ogden-Clearfield, UT""",1.00,1809.00,571.00,310.98,49,60,57,29,36,35,20,24,22,7.18,13.18,2.22,2,2,21899,21702,20265,1,1,1,18580,17546,16476,14236,13242,12461,4320,4280,3996,25,25,19,65,67,51,4.3,3.6,1.84,11187,89,11056,43,9,2193,2315,,95,5
"""490119800001""","""Ogden-Clearfield, UT""",1.00,407.00,8.00,5797.28,,,,,,,17,20,18,,,1.82,2,2,17618,17421,15984,2,2,2,15186,14273,13200,11675,10801,10020,3476,3435,3152,36,37,28,95,98,74,7.2,5.1,0.00,9766,0,14897,39,63,,,,0,100
"""490139403001""",,1.00,1301.00,429.00,11663.56,46,57,43,19,24,18,27,33,25,10.29,0.38,2.20,2,2,29704,29507,29145,0,0,0,19346,18980,18966,13483,13155,13213,5858,5819,5747,6,6,5,5,5,5,2.0,0.2,0.04,473,73,97,45,118,1111,1153,1000,72,28
"""490139403002""",,1.00,1026.00,296.00,17507.24,51,63,48,22,28,21,29,35,27,10.51,0.18,2.35,2,2,30845,30648,30286,0,0,0,20462,20095,20081,14374,14046,14104,6082,6044,5972,5,5,5,5,5,5,0.5,0.2,0.02,353,86,274,46,307,1306,1366,1012,83,17
"""490139405011""",,1.00,1662.00,497.00,518.99,42,52,39,20,25,19,23,28,21,7.58,7.26,1.91,2,2,21641,21444,21082,0,0,0,15952,15585,15571,11674,11346,11404,4268,4229,4157,10,11,10,9,10,9,5.4,3.1,0.96,2019,59,3048,41,14,1165,1338,959,54,46
"""490139405021""",,1.00,2610.00,789.00,1630.71,53,66,50,29,36,27,25,30,23,8.19,3.96,2.10,2,2,23083,22886,22524,0,0,0,17415,17049,17034,12855,12527,12584,4552,4513,4442,9,9,8,8,9,8,3.0,3.5,0.48,2244,87,3354,40,26,1682,1858,921,81,19
"""490139405022""",,1.00,2736.00,842.00,14836.50,50,62,47,24,30,22,26,32,24,8.89,0.50,2.23,2,2,25273,25076,24715,0,0,0,18627,18260,18246,13635,13307,13364,4984,4945,4874,8,8,8,8,8,7,1.1,2.5,0.06,1710,83,2203,41,195,1396,1535,732,83,17
"""490139406001""",,1.00,1189.00,375.00,106833.31,52,64,48,22,28,21,29,36,27,10.64,0.04,2.41,2,2,30667,30470,30108,0,0,0,20794,20427,20413,14741,14413,14471,6047,6009,5937,5,5,5,5,5,5,0.2,0.2,0.00,398,77,629,47,862,1326,1434,840,82,18
"""490139406002""",,1.00,2121.00,725.00,113744.11,51,63,47,22,27,20,29,36,27,10.43,0.07,2.39,2,2,29910,29713,29352,0,0,0,20551,20184,20170,14647,14319,14377,5898,5859,5788,6,6,5,5,5,5,0.3,0.2,0.01,781,72,894,48,818,1280,1283,1269,82,18
"""490139406003""",,1.00,2017.00,650.00,137705.88,53,66,49,23,29,22,30,37,28,10.62,0.05,2.43,2,2,31354,31157,30796,0,0,0,21069,20703,20689,14880,14552,14610,6183,6144,6073,6,6,6,5,6,5,0.1,0.2,0.00,697,81,246,46,998,1372,1417,933,91,9
"""490139406004""",,1.00,981.00,341.00,129839.64,59,73,55,27,34,26,32,39,29,11.72,0.03,2.56,3,3,34459,34262,33900,0,0,0,22478,22111,22097,15679,15351,15408,6795,6756,6685,4,4,4,4,4,3,0.0,0.1,0.00,377,83,369,54,1325,1597,1786,,89,11
"""490139406005""",,1.00,921.00,274.00,17136.61,51,63,48,22,28,21,29,35,27,10.93,0.17,2.33,2,2,31145,30948,30587,0,0,0,20428,20062,20048,14282,13954,14011,6142,6103,6032,5,5,4,4,5,4,0.8,0.1,0.02,327,77,273,48,343,1313,1433,944,76,24
"""490532709011""","""St. George, UT""",1.00,3391.00,1071.00,713.52,56,70,54,31,38,29,26,32,25,9.57,14.37,2.18,2,2,26407,26210,26244,0,0,0,18589,18222,18503,13373,13045,13319,5207,5169,5175,8,9,9,8,8,8,3.5,0.1,1.50,2467,84,2761,52,20,1834,1953,1243,83,17
"""490532708021""","""St. George, UT""",1.00,1285.00,393.00,369.15,44,54,42,21,26,20,23,28,21,7.84,8.35,2.00,2,2,19948,19751,19785,1,1,1,16210,15844,16124,12251,11923,12197,3934,3895,3901,26,26,26,24,25,24,4.2,3.8,1.06,6825,87,11724,42,12,1270,1250,1343,78,22
"""490532708031""","""St. George, UT""",1.00,887.00,270.00,930.58,53,66,51,27,34,26,26,31,24,8.55,2.48,2.23,2,2,24176,23979,24013,0,0,0,18439,18073,18353,13663,13335,13609,4767,4729,4735,8,8,8,8,8,8,2.1,1.3,0.29,4932,100,6620,45,39,1639,1722,,95,5
"""490532705021""","""St. George, UT""",1.00,2360.00,780.00,2063.06,53,66,51,28,35,27,25,31,24,8.23,3.11,2.17,2,2,23909,23712,23746,1,1,1,17989,17623,17903,13260,12932,13206,4715,4676,4683,15,15,15,14,14,14,1.9,0.6,0.38,5576,100,4085,47,46,1676,2161,,78,22
"""490532705022""","""St. George, UT""",1.00,1454.00,436.00,186.93,50,62,48,27,34,26,23,29,22,8.23,19.19,2.01,2,2,23110,22913,22947,0,0,0,16879,16513,16793,12313,11985,12259,4557,4518,4525,10,10,10,9,9,9,3.9,0.6,2.33,5631,100,4228,47,7,1615,1414,1940,62,38
"""490532705023""","""St. George, UT""",1.00,1942.00,583.00,369.99,53,66,51,28,35,27,25,30,24,8.70,13.71,2.16,2,2,23811,23614,23648,0,1,0,17923,17557,17837,13217,12889,13163,4695,4657,4663,11,11,11,10,10,10,3.5,0.5,1.58,5187,100,3720,47,9,1690,1640,2515,94,6
"""490532706011""","""St. George, UT""",1.00,2982.00,1032.00,422.78,55,68,52,32,40,30,23,28,22,6.70,16.36,2.03,2,2,20224,20027,20061,1,1,1,16457,16091,16371,12442,12114,12388,3988,3949,3956,27,28,28,25,26,26,4.9,2.0,2.44,9379,90,13498,45,7,1904,1962,1585,85,15
"""490532706012""","""St. George, UT""",1.00,2823.00,1008.00,232.13,47,58,45,26,32,25,21,26,20,6.26,27.18,1.85,2,2,19194,18997,19031,1,1,1,15115,14749,15029,11299,10971,11245,3785,3746,3753,31,32,31,29,30,29,5.7,1.5,4.34,9343,68,10740,46,10,1553,1829,1332,44,56
"""490532706013""","""St. George, UT""",1.00,823.00,430.00,214.14,46,57,44,24,30,23,23,28,22,5.90,11.85,2.01,2,2,20132,19935,19969,1,1,1,16304,15938,16219,12308,11980,12254,3970,3931,3938,26,27,27,24,25,25,5.2,2.6,2.01,7452,76,10983,44,9,1426,1429,1405,87,13
"""490532706014""","""St. George, UT""",1.00,673.00,335.00,199.84,60,74,57,37,47,36,23,28,22,5.80,9.72,2.02,2,2,20525,20328,20362,1,1,1,16413,16047,16327,12340,12012,12286,4047,4009,4015,25,26,26,24,25,24,5.0,1.5,1.68,9098,83,9150,46,8,2233,1904,3501,79,21
"""490532706021""","""St. George, UT""",1.00,953.00,400.00,436.83,47,58,45,23,28,22,24,30,23,6.95,6.37,2.11,2,2,22442,22245,22279,1,1,1,17382,17016,17296,12942,12614,12888,4426,4387,4393,15,15,15,14,14,14,2.8,1.3,0.92,5775,99,5235,45,20,1357,1625,,84,17
"""490532706022""","""St. George, UT""",1.00,335.00,137.00,450.87,,,,,,,22,27,21,7.91,2.40,1.94,2,2,20655,20458,20492,1,1,1,15957,15591,15871,11860,11532,11806,4073,4034,4041,24,25,24,22,23,23,7.1,2.3,0.30,5766,12,7875,44,25,,,,93,7
"""490532706023""","""St. George, UT""",1.00,720.00,322.00,1813.09,56,70,54,32,40,31,24,30,23,6.97,1.24,2.13,2,2,22755,22558,22592,1,1,1,17568,17201,17482,13065,12737,13011,4487,4448,4455,15,16,16,14,15,15,3.1,1.4,0.18,4153,64,4467,44,63,1911,2151,,89,11
"""490532707011""","""St. George, UT""",1.00,3129.00,863.00,159.92,43,53,41,24,30,23,19,23,18,7.74,41.75,1.62,2,2,18194,17997,18031,2,2,2,13529,13164,13444,9901,9573,9847,3588,3549,3556,41,42,41,38,39,39,7.7,1.3,5.40,9166,11,9711,46,16,1426,1578,1400,15,85
"""490532707012""","""St. George, UT""",1.00,923.00,325.00,275.91,44,54,42,21,27,20,23,28,22,7.15,8.42,2.00,2,2,20490,20293,20327,1,1,1,16312,15946,16226,12243,11915,12189,4041,4002,4008,28,29,28,26,27,26,4.5,1.5,1.18,8625,72,11131,46,20,1282,1339,1149,70,30
"""490532707013""","""St. George, UT""",1.00,2590.00,836.00,195.78,48,60,46,27,33,26,22,26,21,7.34,31.33,1.90,2,2,20180,19983,20017,1,1,1,15603,15237,15517,11601,11273,11547,3979,3941,3947,23,24,23,21,22,22,6.6,0.8,4.27,7570,61,7650,47,6,1606,1396,1967,63,37
"""490532707021""","""St. George, UT""",1.00,1464.00,706.00,2871.60,59,73,56,33,41,32,26,32,25,7.54,1.85,2.24,2,2,24420,24223,24257,0,0,0,18527,18160,18441,13701,13373,13647,4816,4777,4783,10,11,10,10,10,10,1.7,0.8,0.25,3780,99,3329,46,56,1989,2134,,93,7
"""490532707022""","""St. George, UT""",1.00,2118.00,847.00,495.55,51,63,48,29,36,28,22,26,21,6.41,10.95,1.88,2,2,20737,20540,20574,1,1,1,15610,15244,15524,11500,11172,11446,4089,4051,4057,20,21,21,19,20,20,5.4,0.7,1.71,6062,60,5163,46,14,1734,2407,1197,44,56
"""490532707023""","""St. George, UT""",1.00,1657.00,699.00,243.80,48,59,46,26,32,25,22,27,21,6.86,19.66,1.95,2,2,20495,20298,20331,1,1,1,16015,15649,15929,11948,11620,11895,4041,4003,4009,25,26,25,23,24,24,5.8,1.0,2.87,8212,74,7433,46,7,1545,1471,1710,69,31
"""490532709052""","""St. George, UT""",1.00,819.00,192.00,509.32,51,64,49,25,31,24,27,33,26,10.81,4.08,2.29,2,2,27199,27002,27035,0,0,0,19395,19029,19309,14023,13695,13969,5363,5325,5331,9,9,9,9,9,9,3.1,0.1,0.38,2328,75,2730,52,39,1473,1496,,98,2
"""490532708022""","""St. George, UT""",1.00,2561.00,890.00,17981.72,49,61,47,25,31,24,24,30,23,8.90,0.44,2.05,2,2,24365,24168,24201,1,1,0,17372,17006,17287,12557,12229,12503,4805,4766,4772,11,12,11,10,11,11,1.8,0.5,0.05,2047,49,1658,47,367,1500,1575,1452,39,61
"""490532708023""","""St. George, UT""",1.00,1653.00,819.00,939.75,48,59,45,26,32,24,22,27,21,5.79,5.04,1.95,2,2,19996,19799,19833,1,1,1,15872,15506,15786,11907,11579,11853,3943,3904,3911,22,23,23,21,22,21,4.1,4.0,0.87,4506,75,7937,42,19,1534,1777,1097,64,36
"""490532708024""","""St. George, UT""",1.00,2002.00,813.00,2408.87,53,65,50,29,36,28,24,29,23,7.52,2.54,2.07,2,2,22439,22242,22276,1,1,1,17080,16713,16994,12641,12313,12587,4425,4386,4393,14,14,14,13,13,13,2.6,2.3,0.34,2950,79,3899,43,52,1741,1989,1111,72,28
"""490532708032""","""St. George, UT""",1.00,3775.00,1039.00,13514.45,64,79,61,37,46,35,27,33,26,10.02,0.77,2.30,2,2,27265,27068,27102,0,0,0,19493,19126,19407,14110,13782,14056,5377,5338,5344,6,6,6,6,6,6,1.0,0.2,0.08,2993,91,3679,50,154,2203,2254,1990,81,19
"""490532708041""","""St. George, UT""",1.00,4124.00,1031.00,1321.87,60,74,57,35,44,34,25,30,23,8.36,6.52,2.16,2,2,22833,22636,22670,0,0,0,17742,17376,17656,13230,12902,13176,4503,4464,4470,10,10,10,9,9,9,2.7,1.9,0.78,6623,100,9208,45,21,2125,2280,,93,7
"""490532708042""","""St. George, UT""",1.00,2377.00,505.00,569.45,53,66,51,30,37,28,23,28,22,9.45,8.38,2.05,2,2,20823,20626,20659,1,1,1,16702,16336,16616,12579,12251,12525,4106,4067,4074,17,18,17,16,17,16,2.8,3.1,0.89,7653,100,12873,44,20,1784,2384,,75,25
"""490532708051""","""St. George, UT""",1.00,3955.00,1313.00,444.96,43,53,41,22,27,21,21,26,20,7.94,23.44,1.86,2,2,19687,19490,19523,1,1,1,15310,14944,15224,11397,11069,11343,3882,3843,3850,30,31,31,28,29,29,6.2,2.9,2.95,5936,51,8240,43,13,1291,1377,1138,64,36
"""490532708052""","""St. George, UT""",1.00,1655.00,673.00,759.12,47,58,45,24,30,23,23,28,22,6.92,6.14,2.00,2,2,21521,21324,21358,1,1,1,16502,16136,16417,12236,11908,12182,4244,4205,4212,22,23,23,21,22,21,5.1,1.9,0.89,4800,55,4482,44,22,1448,1533,1072,82,18
"""490532708053""","""St. George, UT""",1.00,1428.00,694.00,545.41,46,57,44,23,28,22,23,28,22,6.21,7.90,2.03,2,2,20835,20638,20671,1,1,1,16571,16205,16485,12439,12111,12385,4109,4070,4076,24,24,24,22,23,23,4.1,2.7,1.27,6583,75,10415,44,20,1366,1663,,82,18
"""490532708061""","""St. George, UT""",1.00,2184.00,831.00,3025.25,53,66,51,29,36,28,25,30,24,8.23,2.26,2.13,2,2,24005,23808,23842,0,0,0,17778,17411,17692,13035,12707,12981,4734,4695,4702,8,9,9,8,8,8,2.4,1.2,0.27,3566,81,3292,44,59,1727,1706,1805,79,21
"""490532709012""","""St. George, UT""",1.00,1167.00,427.00,23396.33,55,68,52,26,33,25,28,35,27,9.43,0.17,2.35,2,2,29608,29411,29445,0,0,0,20233,19866,20147,14389,14061,14335,5839,5800,5806,6,6,6,5,5,5,0.1,0.2,0.02,931,86,568,48,600,1584,1627,1394,82,18
"""490532709031""","""St. George, UT""",1.00,2576.00,1043.00,579.57,46,57,44,22,27,21,24,29,23,8.29,14.93,2.03,2,2,24358,24161,24195,0,0,0,17245,16878,17159,12433,12105,12379,4803,4765,4771,8,8,8,8,8,8,3.8,0.4,1.80,2998,86,2294,47,14,1317,1402,1178,62,38
"""490532709032""","""St. George, UT""",1.00,1003.00,301.00,1765.17,55,68,53,30,37,28,26,31,24,9.08,1.55,2.21,2,2,25032,24836,24869,0,0,0,18484,18117,18398,13537,13209,13483,4936,4897,4904,10,10,10,9,10,10,2.2,0.5,0.17,2564,78,2453,47,80,1770,2003,,88,12
"""490532709041""","""St. George, UT""",1.00,2530.00,1175.00,1145.55,49,61,47,25,31,24,25,30,24,7.59,7.79,2.08,2,2,25326,25129,25163,0,0,0,17748,17382,17662,12747,12419,12693,4994,4955,4962,7,8,7,7,7,7,3.0,0.3,1.03,2499,81,2022,48,33,1475,1502,1428,64,36
"""490532709042""","""St. George, UT""",1.00,1521.00,614.00,1397.88,50,62,48,24,30,23,26,32,25,8.54,3.75,2.21,2,2,26360,26163,26196,0,0,0,18737,18371,18652,13533,13205,13479,5198,5159,5166,7,7,7,6,6,7,2.6,0.1,0.44,2094,81,1872,50,47,1425,1550,741,85,15
"""490532709043""","""St. George, UT""",1.00,1406.00,699.00,3023.16,36,44,34,11,14,10,25,30,24,7.89,1.82,2.08,2,2,26191,25994,26028,0,0,0,17922,17556,17836,12751,12423,12697,5165,5126,5133,6,7,6,6,6,6,3.8,0.2,0.23,1684,36,3157,51,112,655,1057,,62,38
"""490532709051""","""St. George, UT""",1.00,1825.00,482.00,7317.59,43,53,41,19,23,18,24,30,23,7.56,0.50,2.08,2,2,24595,24398,24431,0,0,0,17608,17242,17522,12751,12423,12697,4850,4811,4818,8,8,8,7,8,7,0.9,1.0,0.07,1760,86,1911,44,209,1111,1405,924,39,61
"""490532709053""","""St. George, UT""",1.00,4523.00,1676.00,45661.08,54,67,52,27,34,26,27,33,26,9.40,0.34,2.31,2,2,26927,26730,26764,0,0,0,19457,19090,19371,14142,13814,14088,5310,5271,5278,5,5,5,4,5,5,0.4,0.2,0.04,2454,86,1726,48,377,1621,1725,1114,83,17
"""490532710001""","""St. George, UT""",1.00,1611.00,631.00,11539.18,49,61,47,21,26,20,28,35,27,9.67,0.53,2.37,2,2,29398,29201,29235,0,0,0,20326,19959,20239,14524,14196,14470,5797,5758,5765,4,4,4,4,4,4,0.6,0.1,0.05,1198,93,684,50,210,1248,1335,,94,6
"""490532710002""","""St. George, UT""",1.00,2872.00,860.00,662.23,48,59,46,24,31,23,24,29,23,8.81,11.44,2.01,2,2,23836,23639,23673,0,0,0,17014,16648,16928,12304,11976,12250,4700,4662,4668,9,10,10,9,9,9,4.3,0.2,1.30,2570,70,1645,47,20,1464,1634,1170,63,37
"""490532711011""","""St. George, UT""",1.00,1757.00,539.00,211.01,45,56,43,24,30,23,21,25,20,6.66,17.01,1.86,2,2,17703,17506,17540,2,2,2,14936,14570,14851,11411,11083,11357,3491,3452,3459,34,35,35,32,33,33,5.4,5.9,2.55,9097,77,19961,41,8,1453,1288,1727,62,38
"""490532711012""","""St. George, UT""",1.00,1520.00,577.00,328.19,36,45,35,18,23,17,18,22,17,4.62,8.12,1.59,2,2,16608,16411,16445,2,2,2,13071,12706,12986,9750,9422,9696,3275,3236,3243,45,47,46,43,44,43,7.6,5.3,1.76,8919,11,17468,42,16,1087,,1337,19,81
"""490532711013""","""St. George, UT""",1.00,2623.00,859.00,833.00,42,52,40,21,26,20,21,26,20,6.60,6.80,1.89,2,2,18353,18156,18190,1,1,1,15190,14825,15105,11539,11211,11485,3619,3580,3587,32,33,32,30,31,30,5.4,5.0,1.03,8199,54,17065,41,20,1272,1464,884,67,33
"""490532711021""","""St. George, UT""",1.00,838.00,406.00,175.98,28,34,26,8,10,7,20,24,19,3.65,8.42,1.79,2,2,17121,16924,16958,2,2,2,14365,13999,14279,10952,10624,10898,3376,3337,3344,37,38,37,34,36,35,6.2,5.7,2.31,8586,45,22565,41,18,465,,1027,55,45
"""490532711022""","""St. George, UT""",1.00,2898.00,941.00,232.64,49,60,47,30,37,28,19,23,18,5.99,24.23,1.71,2,2,16647,16450,16484,2,2,2,13795,13430,13710,10469,10141,10415,3283,3244,3251,43,45,44,41,42,42,7.0,5.4,4.04,9230,46,20802,42,8,1779,1829,1748,38,62
"""490532711023""","""St. George, UT""",1.00,1410.00,436.00,193.20,49,60,46,27,33,26,22,27,21,6.99,15.78,1.97,2,2,18666,18469,18502,1,1,1,15747,15381,15661,12034,11706,11980,3681,3642,3649,32,33,32,30,31,30,4.0,5.7,2.26,8316,100,20228,41,8,1604,1627,1531,76,24
"""490532711024""","""St. George, UT""",1.00,1189.00,467.00,114.96,42,51,40,19,24,18,22,27,21,7.11,28.89,2.03,2,2,18896,18699,18733,1,1,1,16158,15792,16072,12400,12072,12346,3726,3687,3694,31,32,32,29,30,30,3.9,5.8,4.06,9203,100,22463,41,9,1154,1253,,92,8
"""490532712001""","""St. George, UT""",1.00,1984.00,717.00,327.11,39,48,37,20,25,19,18,22,17,5.42,11.89,1.62,2,2,16220,16023,16056,2,2,2,13148,12783,13063,9906,9578,9852,3198,3160,3166,43,45,44,41,42,42,7.5,4.9,2.19,9253,17,23869,42,16,1220,982,1294,24,76
"""490532712002""","""St. George, UT""",1.00,1354.00,371.00,458.35,65,81,63,43,54,42,22,27,21,7.01,5.67,1.98,2,2,18616,18419,18453,1,1,1,15840,15474,15754,12144,11816,12090,3671,3632,3639,25,26,25,24,24,24,3.6,5.1,0.81,9350,84,23416,41,23,2606,2554,2745,73,27
"""490532712003""","""St. George, UT""",1.00,1371.00,611.00,549.62,41,50,39,20,25,19,21,26,20,5.24,5.83,1.90,2,2,18092,17895,17929,1,1,1,15247,14881,15162,11651,11323,11597,3568,3529,3536,29,30,29,27,28,28,5.3,5.6,1.11,7396,63,18613,40,16,1180,1258,986,71,29
"""490532713001""","""St. George, UT""",1.00,979.00,266.00,102.91,32,39,30,15,18,14,17,21,16,7.37,19.05,1.50,1,1,15772,15575,15609,2,2,2,12315,11950,12230,9156,8828,9102,3110,3071,3078,48,50,49,45,47,46,8.2,4.2,2.58,9190,0,22558,43,13,871,,871,0,100
"""490532713002""","""St. George, UT""",1.00,1446.00,407.00,204.03,39,48,37,19,24,19,19,24,19,6.16,12.29,1.74,2,2,17066,16869,16903,2,2,2,14034,13669,13949,10630,10302,10576,3365,3327,3333,39,40,39,36,38,37,7.1,4.3,1.99,9015,34,23046,43,13,1167,1302,1063,43,57
"""490532713003""","""St. George, UT""",1.00,1485.00,497.00,129.93,42,52,40,22,28,21,19,24,18,6.19,23.69,1.72,2,2,17117,16920,16954,2,2,2,13969,13603,13884,10557,10229,10503,3376,3337,3343,37,38,37,34,36,35,7.3,4.0,3.83,9079,35,21858,43,11,1338,1695,1054,44,56
"""490532714001""","""St. George, UT""",1.00,583.00,290.00,78.93,41,51,39,22,27,21,19,24,18,4.84,17.80,1.72,2,2,17011,16814,16848,2,2,2,13936,13571,13851,10544,10216,10490,3354,3316,3322,37,39,38,35,36,36,7.2,3.9,3.67,8918,40,23357,43,9,1305,1657,1084,39,61
"""490532714002""","""St. George, UT""",1.00,1134.00,357.00,110.13,44,54,42,24,29,23,20,25,19,5.79,18.77,1.79,2,2,17522,17325,17359,1,2,1,14474,14108,14388,10985,10657,10931,3455,3416,3423,33,34,34,31,32,32,6.6,3.9,3.24,9042,59,22592,43,8,1415,1554,1295,46,54
"""490532714003""","""St. George, UT""",1.00,2001.00,909.00,380.65,39,48,37,20,25,19,19,24,18,5.19,12.38,1.71,2,2,17430,17233,17267,2,2,2,13970,13605,13885,10498,10170,10444,3437,3398,3405,35,37,36,33,34,34,7.5,3.8,2.39,8902,24,19810,43,12,1189,1175,1201,45,55
"""490532715011""","""St. George, UT""",1.00,2041.00,685.00,189.39,47,58,45,26,33,25,21,25,20,6.47,23.40,1.82,2,2,18276,18079,18112,1,1,1,14772,14406,14687,11137,10809,11083,3604,3565,3572,31,33,32,29,31,30,6.5,2.5,3.62,9365,61,15875,45,7,1585,1999,1169,50,50
"""490532715012""","""St. George, UT""",1.00,1877.00,554.00,128.69,38,47,37,19,24,19,19,23,18,6.70,28.85,1.67,2,2,17752,17555,17588,2,2,2,13757,13391,13672,10215,9887,10161,3501,3462,3468,41,43,42,38,40,39,7.0,2.0,4.30,9511,27,15074,45,18,1160,1215,1151,14,86
"""490532715013""","""St. George, UT""",1.00,862.00,342.00,1872.45,51,64,49,28,35,27,24,29,22,6.23,1.14,2.10,2,2,20430,20233,20266,1,1,1,16928,16562,16842,12875,12547,12821,4029,3990,3996,24,25,25,23,24,23,4.6,3.1,0.18,8435,43,15813,44,59,1669,1669,,100,0
"""490532715021""","""St. George, UT""",1.00,3570.00,1356.00,3442.02,51,64,49,28,35,27,24,29,22,7.29,2.87,2.06,2,2,21922,21725,21759,1,1,1,16938,16571,16852,12596,12268,12542,4323,4284,4291,18,19,19,17,18,18,2.7,2.4,0.39,5144,70,6384,44,69,1673,1651,1730,72,28
"""490532716001""","""St. George, UT""",1.00,1996.00,1187.00,601.76,50,61,47,25,31,24,25,30,24,6.66,13.13,2.11,2,2,24788,24591,24625,0,0,0,17832,17465,17746,12935,12607,12881,4888,4849,4856,8,9,9,8,8,8,3.9,0.5,1.97,3871,94,3111,47,9,1489,1466,1628,86,14
"""490532716002""","""St. George, UT""",1.00,1664.00,678.00,954.72,55,68,52,29,37,28,25,31,24,7.82,5.55,2.20,2,2,24277,24080,24114,1,1,1,18299,17933,18214,13497,13169,13443,4787,4749,4755,15,15,15,14,14,14,2.9,0.7,0.71,4680,94,5635,48,22,1753,1843,,95,5
"""490532716003""","""St. George, UT""",1.00,1240.00,529.00,557.69,52,64,50,27,34,26,24,30,23,7.48,7.09,2.14,2,2,22712,22515,22548,1,1,1,17579,17213,17493,13087,12759,13033,4479,4440,4446,13,14,14,13,13,13,3.3,1.8,0.95,5456,83,6380,45,23,1648,1740,,95,5
"""490532716004""","""St. George, UT""",1.00,2058.00,759.00,1583.64,56,69,54,30,38,29,26,32,25,9.15,4.39,2.24,2,2,25557,25360,25394,0,0,0,18765,18399,18679,13718,13390,13664,5040,5001,5008,8,8,8,8,8,8,1.9,0.7,0.48,4286,98,3497,46,45,1801,1883,,96,4
"""490532717021""","""St. George, UT""",1.00,10828.00,2735.00,11658.26,65,80,62,38,47,36,27,33,26,9.90,2.32,2.30,2,2,26999,26802,26835,0,0,0,19404,19038,19318,14073,13745,14020,5324,5285,5292,7,7,7,6,6,7,1.8,0.2,0.23,4400,94,5739,52,61,2253,2210,2592,89,11
"""490532717022""","""St. George, UT""",1.00,2042.00,677.00,795.11,49,61,47,24,30,23,25,31,24,8.06,6.86,2.19,2,2,23598,23401,23435,1,1,1,18047,17680,17961,13378,13050,13324,4653,4615,4621,15,15,15,14,14,14,1.9,1.3,0.85,5793,100,6719,46,42,1452,1630,,89,11
"""490532717023""","""St. George, UT""",1.00,2781.00,723.00,5646.38,48,60,46,24,30,23,25,30,23,9.47,1.21,2.10,2,2,24427,24230,24263,0,0,0,17656,17289,17570,12829,12501,12775,4817,4778,4785,10,10,10,10,10,10,2.8,0.4,0.13,3371,53,5182,50,115,1418,1565,1223,57,43
"""490532717031""","""St. George, UT""",1.00,1974.00,698.00,391.86,54,67,52,30,38,29,24,29,23,7.65,13.63,2.06,2,2,22323,22126,22160,0,0,0,17044,16677,16958,12631,12303,12577,4402,4363,4370,10,11,10,10,10,10,4.0,1.6,1.78,6437,94,7977,45,9,1823,2179,,84,16
"""490532717032""","""St. George, UT""",1.00,1220.00,360.00,908.33,66,81,63,41,52,40,24,30,23,8.15,3.23,2.14,2,2,22086,21889,21922,0,0,0,17480,17114,17394,13115,12787,13061,4355,4316,4323,10,10,10,9,10,9,2.8,2.7,0.40,7198,96,10959,44,22,2480,2722,,91,9
"""490532717033""","""St. George, UT""",1.00,3046.00,1094.00,1380.31,62,77,59,37,47,36,25,30,24,8.49,6.73,2.16,2,2,23546,23349,23383,0,0,0,17874,17508,17789,13222,12894,13168,4643,4604,4611,9,10,10,9,9,9,2.8,1.3,0.79,5625,98,7187,45,19,2243,2263,2023,91,9
"""490532717041""","""St. George, UT""",1.00,876.00,372.00,403.47,62,76,59,38,48,37,23,29,22,6.28,5.79,2.08,2,2,20752,20555,20588,1,1,1,16829,16463,16744,12708,12380,12654,4092,4053,4060,29,30,29,27,28,28,3.2,3.7,0.92,8265,77,13585,44,37,2288,2660,,86,14
"""490532717042""","""St. George, UT""",1.00,2864.00,882.00,743.75,56,69,54,32,40,30,24,30,23,8.41,9.98,2.15,2,2,22240,22043,22077,1,1,1,17531,17165,17445,13131,12803,13077,4386,4347,4353,14,15,15,13,14,14,1.8,2.5,1.19,7344,100,10532,45,50,1902,1866,2119,86,14
"""490532718001""","""St. George, UT""",1.00,850.00,410.00,111.91,51,63,48,29,37,28,21,26,20,5.05,18.48,1.92,2,2,18079,17882,17915,1,2,1,15356,14990,15271,11759,11431,11705,3565,3526,3533,32,33,33,30,31,31,6.5,4.4,3.66,9400,69,22563,42,5,1758,1824,1441,83,17
"""490532718002""","""St. George, UT""",1.00,869.00,325.00,492.61,45,56,43,23,29,22,22,27,21,5.84,3.85,1.98,2,2,19150,18953,18987,1,1,1,15912,15547,15827,12108,11780,12054,3776,3738,3744,28,29,28,26,27,27,4.5,4.6,0.66,8560,63,17781,43,26,1374,1292,1637,76,24
"""490532718003""","""St. George, UT""",1.00,1916.00,712.00,621.40,49,60,46,27,34,26,21,26,20,6.63,7.60,1.89,2,2,19220,19023,19057,1,2,1,15407,15041,15321,11584,11256,11530,3790,3751,3758,33,34,34,31,32,32,4.9,3.4,1.15,7784,66,13285,44,17,1629,1846,1381,53,47
"""490532704012""","""St. George, UT""",1.00,1965.00,795.00,459.43,50,62,48,26,32,25,24,30,23,7.74,13.39,2.10,2,2,23913,23716,23750,1,1,1,17602,17236,17516,12870,12542,12816,4716,4677,4683,16,17,16,15,16,15,4.1,0.3,1.73,5055,87,3105,49,11,1555,1543,1615,83,17
"""490532701011""","""St. George, UT""",1.00,1179.00,530.00,70406.47,65,80,62,35,43,33,30,37,29,10.68,0.08,2.48,2,2,32777,32580,32614,0,0,0,21619,21253,21533,15152,14824,15098,6464,6425,6431,4,4,4,4,4,4,0.0,0.1,0.01,687,100,316,52,848,2085,2184,1595,83,17
"""490532701024""","""St. George, UT""",1.00,1076.00,173.00,3584.42,49,60,46,22,27,21,27,33,26,12.33,0.60,2.20,2,2,30195,29998,30031,0,0,0,19404,19038,19318,13446,13118,13393,5954,5915,5922,4,4,4,3,4,3,2.8,0.0,0.05,336,72,747,56,60,1302,1569,1083,45,55
"""490532703021""","""St. George, UT""",1.00,2685.00,1255.00,382734.81,61,76,58,31,39,30,30,37,28,9.71,0.03,2.49,2,2,31545,31348,31381,0,0,0,21491,21124,21405,15264,14936,15210,6220,6182,6188,6,6,6,6,6,6,0.0,0.3,0.00,1411,99,354,46,2069,1871,1880,1488,98,2
"""490532701012""","""St. George, UT""",1.00,1982.00,555.00,58133.85,59,73,56,30,37,28,29,36,28,11.24,0.11,2.45,2,2,31005,30808,30842,0,0,0,21131,20764,21044,15011,14683,14957,6114,6075,6082,5,5,5,5,5,5,0.0,0.2,0.01,839,96,502,47,1057,1778,1804,1375,94,6
"""490532701013""","""St. George, UT""",1.00,1431.00,580.00,42715.77,58,72,56,29,37,28,29,35,27,10.00,0.14,2.41,2,2,30235,30038,30071,0,0,0,20716,20350,20630,14749,14421,14695,5962,5923,5930,5,6,5,5,5,5,0.1,0.2,0.01,992,94,668,49,577,1759,2000,,88,12
"""490532701021""","""St. George, UT""",1.00,1233.00,393.00,73205.87,58,72,55,27,34,26,31,38,29,11.57,0.06,2.54,2,3,33009,32812,32846,0,0,0,22039,21672,21952,15525,15197,15471,6509,6470,6477,4,4,4,4,4,4,0.0,0.1,0.01,601,88,546,52,1786,1626,1709,,95,5
"""490532701022""","""St. George, UT""",1.00,846.00,291.00,83078.27,61,76,59,33,41,31,29,35,27,9.23,0.03,2.42,2,2,29694,29497,29530,0,0,0,20654,20288,20568,14797,14469,14743,5855,5817,5823,2,2,2,2,2,2,0.0,0.1,0.00,406,83,1590,49,2130,1950,2208,1104,77,23
"""490532701023""","""St. George, UT""",1.00,716.00,221.00,218388.47,65,81,62,36,45,35,29,35,28,10.21,0.01,2.45,2,2,29317,29120,29154,0,0,0,20778,20412,20692,14993,14665,14939,5781,5742,5749,4,4,4,4,4,4,0.0,0.5,0.00,340,92,691,42,2080,2165,2207,870,97,3
"""490532702001""","""St. George, UT""",1.00,1106.00,495.00,157610.12,51,63,49,20,25,19,31,38,30,10.93,0.03,2.56,3,3,34037,33840,33874,0,0,0,22367,22000,22281,15650,15322,15596,6712,6673,6680,5,5,5,4,5,4,0.0,0.1,0.00,665,97,244,52,1065,1191,1223,,97,3
"""490532702002""","""St. George, UT""",1.00,1810.00,574.00,187812.83,50,62,48,21,26,20,29,36,28,10.42,0.03,2.44,2,2,30625,30428,30461,0,0,0,20962,20595,20876,14918,14590,14864,6039,6000,6007,5,5,5,5,5,5,0.0,0.2,0.00,679,94,594,47,1049,1256,1279,1102,87,13
"""490532703011""","""St. George, UT""",1.00,2759.00,729.00,32292.66,55,68,52,26,32,25,29,35,27,10.93,0.25,2.41,2,2,29731,29534,29567,0,0,0,20642,20276,20557,14774,14446,14720,5863,5824,5831,5,6,6,5,5,5,0.1,0.2,0.02,1361,87,1233,50,598,1549,1701,,91,9
"""490532703012""","""St. George, UT""",1.00,2619.00,747.00,15807.88,57,71,55,32,40,31,25,31,24,8.50,0.40,2.18,2,2,23260,23063,23096,1,1,1,17971,17605,17885,13371,13043,13317,4587,4548,4555,13,14,13,12,13,13,1.2,2.6,0.05,2530,71,5668,43,287,1941,2174,956,81,19
"""490532703013""","""St. George, UT""",1.00,1911.00,737.00,283.37,40,49,38,20,25,19,20,24,19,5.96,15.51,1.75,2,2,17770,17573,17607,2,2,2,14277,13911,14191,10737,10409,10683,3504,3465,3472,36,37,36,33,35,34,7.3,2.8,2.60,8450,41,17094,44,7,1203,1450,1020,43,57
"""490532703014""","""St. George, UT""",1.00,412.00,140.00,199.22,34,42,32,16,21,16,17,21,17,4.43,3.11,1.54,1,2,15723,15526,15559,2,2,2,12588,12223,12503,9440,9112,9386,3100,3062,3068,48,50,49,45,47,46,8.2,4.2,0.70,8663,9,22771,43,9,986,,986,0,100
"""490532704011""","""St. George, UT""",1.00,3267.00,1320.00,3840.51,59,74,57,34,43,33,25,31,24,8.14,2.80,2.15,2,2,25016,24819,24853,0,0,0,18091,17725,18005,13148,12820,13094,4933,4894,4901,10,10,10,9,10,9,2.4,0.2,0.34,3968,93,2381,49,36,2055,2300,1493,70,30
"""490532704013""","""St. George, UT""",1.00,1707.00,668.00,484.62,47,58,45,23,29,22,24,29,23,7.59,10.47,2.07,2,2,23296,23099,23133,1,1,1,17307,16940,17220,12700,12372,12646,4594,4555,4562,12,13,13,12,12,12,4.7,0.3,1.38,5402,72,3582,48,14,1382,1657,,83,17
"""490532704021""","""St. George, UT""",1.00,2526.00,1112.00,29750.58,62,77,59,35,44,34,27,33,25,7.91,0.30,2.28,2,2,26139,25942,25976,0,0,0,19129,18762,19043,13967,13639,13913,5155,5116,5122,7,8,7,7,7,7,0.3,0.9,0.04,1686,90,1642,44,346,2120,2160,1842,87,13
"""490532705011""","""St. George, UT""",1.00,2845.00,927.00,4702.40,52,64,50,27,33,26,25,31,24,9.16,1.81,2.17,2,2,24616,24419,24453,1,1,1,18148,17782,18062,13282,12954,13228,4854,4815,4822,12,12,12,11,11,11,2.1,0.6,0.20,3030,72,2406,46,112,1600,1954,,82,18
"""490559791001""",,1.00,1166.00,433.00,158465.10,54,66,48,21,27,19,33,39,30,11.86,0.03,2.41,2,3,33109,32912,34108,0,0,0,21313,20208,22185,14782,13713,15455,6529,6492,6726,3,3,3,3,3,3,0.1,0.0,0.00,443,93,434,56,587,1162,1224,795,85,15
"""490559791002""",,1.00,1366.00,618.00,1416586.05,57,69,51,27,34,23,30,36,27,9.32,0.00,2.28,2,2,28220,28023,29218,0,0,0,19497,18436,20369,13928,12903,14602,5565,5528,5762,5,5,6,5,5,5,0.1,0.3,0.00,619,84,598,46,1483,1468,1639,1005,73,27
"""490572104072""","""Ogden-Clearfield, UT""",1.00,1729.00,791.00,2107.66,44,53,50,22,28,27,21,25,23,7.84,2.94,2.28,2,2,24846,24649,23212,0,0,0,19563,18509,17442,14649,13636,12855,4901,4861,4577,12,12,10,11,12,9,3.8,1.0,0.38,5397,60,8221,47,43,1692,1865,698,85,15
"""490572102042""","""Ogden-Clearfield, UT""",1.00,2548.00,739.00,410.53,40,49,46,20,26,25,20,24,21,7.66,13.80,2.15,2,2,21974,21777,20341,1,1,1,18140,17127,16057,13783,12810,12029,4335,4294,4011,22,22,17,59,60,46,5.0,1.0,1.80,11247,81,8463,45,9,1549,1643,1237,77,23
"""490572106004""","""Ogden-Clearfield, UT""",1.00,1660.00,582.00,187.62,38,47,44,19,24,23,20,23,21,,,2.14,2,2,20350,20153,18717,2,2,2,17803,16793,15717,13740,12769,11988,4015,3974,3691,49,50,38,132,136,103,3.5,4.4,3.10,15669,97,20220,41,16,1434,1590,,90,10
"""490572105163""","""Ogden-Clearfield, UT""",1.00,1007.00,359.00,1614.53,46,56,53,23,29,28,23,27,25,9.34,2.08,2.42,2,2,26277,26080,24643,0,0,0,20734,19639,18572,15540,14485,13704,5184,5143,4860,10,11,8,28,29,22,1.8,1.6,0.22,5082,100,4266,44,52,1763,1763,,100,0
"""490572001001""","""Ogden-Clearfield, UT""",1.00,1602.00,572.00,236.16,39,48,45,19,24,24,20,23,21,7.07,17.13,2.16,2,2,21104,20907,19470,1,1,1,18048,17032,15961,13859,12882,12101,4163,4123,3839,26,27,20,70,72,55,4.3,2.3,2.42,13790,98,10954,43,8,1475,1419,1702,80,20
"""490572001002""","""Ogden-Clearfield, UT""",1.00,1416.00,531.00,238.61,39,47,44,19,24,23,20,23,21,6.94,15.45,2.17,2,2,21178,20981,19544,1,1,1,18122,17103,16032,13920,12940,12159,4178,4137,3854,24,25,19,65,67,51,3.7,2.5,2.23,13237,95,10716,43,14,1435,1487,1243,79,21
"""490572001003""","""Ogden-Clearfield, UT""",1.00,1410.00,451.00,140.74,39,47,44,19,24,24,19,23,21,6.53,20.94,2.11,2,2,20219,20022,18586,1,1,1,17568,16566,15495,13549,12587,11806,3989,3948,3665,31,31,24,83,85,65,4.5,2.9,3.20,15383,92,13800,42,10,1477,1415,1645,73,27
"""490572002021""","""Ogden-Clearfield, UT""",1.00,2118.00,929.00,268.52,34,41,39,17,22,21,17,20,18,5.37,18.56,1.80,2,2,18103,17906,16469,2,2,2,15174,14267,13190,11550,10681,9900,3571,3531,3248,54,55,42,146,150,114,7.4,2.5,3.46,15533,29,14691,43,13,1317,1549,1259,20,80
"""490572002022""","""Ogden-Clearfield, UT""",1.00,1673.00,731.00,234.60,35,42,40,17,21,20,18,22,20,5.84,18.21,2.02,2,2,19331,19134,17697,1,2,1,16819,15845,14771,12967,12032,11251,3814,3773,3490,38,39,30,104,107,82,5.6,2.9,3.12,16112,75,16139,43,10,1257,1345,1138,58,42
"""490572002031""","""Ogden-Clearfield, UT""",1.00,1563.00,521.00,119.63,33,40,37,14,17,17,19,23,20,6.75,29.38,2.07,2,2,20508,20311,18874,1,1,1,17385,16395,15322,13303,12352,11571,4046,4005,3722,37,38,29,99,102,78,7.6,1.6,4.36,14264,38,11971,44,6,1035,1059,632,94,6
"""490572002032""","""Ogden-Clearfield, UT""",1.00,1869.00,663.00,255.35,39,47,44,19,23,22,20,24,22,7.62,19.78,2.19,2,2,21639,21442,20005,1,1,1,18360,17333,16264,14071,13084,12303,4269,4228,3945,20,21,16,55,57,43,4.9,1.7,2.60,12779,80,9531,44,12,1405,1378,1683,91,9
"""490572002033""","""Ogden-Clearfield, UT""",1.00,1973.00,685.00,132.15,35,42,39,16,21,20,18,22,20,6.83,35.39,1.99,2,2,19654,19457,18021,2,2,2,16703,15737,14662,12783,11857,11076,3877,3837,3554,42,44,33,115,119,90,6.6,2.1,5.18,14854,60,13056,44,8,1250,1392,1023,61,39
"""490572002041""","""Ogden-Clearfield, UT""",1.00,2310.00,754.00,406.36,43,53,50,23,29,28,20,24,22,7.91,14.68,2.20,2,2,22298,22101,20664,1,1,1,18573,17542,16474,14159,13168,12387,4399,4358,4075,15,16,12,42,43,33,4.1,1.3,1.86,11458,89,8505,44,12,1745,1834,1214,86,14
"""490572002042""","""Ogden-Clearfield, UT""",1.00,2910.00,1015.00,279.21,39,47,44,19,24,23,19,23,21,7.05,25.62,2.08,2,2,21025,20828,19392,1,1,1,17559,16566,15494,13381,12427,11646,4148,4107,3824,31,32,24,84,87,66,6.3,1.2,3.64,13437,64,10872,45,8,1462,1386,1715,77,23
"""490572003011""","""Ogden-Clearfield, UT""",1.00,649.00,252.00,155.91,30,36,33,10,12,12,20,23,21,7.40,11.96,2.17,2,2,21005,20809,19372,1,1,1,18104,17084,16014,13938,12958,12177,4144,4103,3820,22,23,18,61,63,48,3.2,2.1,1.62,13474,100,23088,44,19,735,1103,,67,33
"""490572003012""","""Ogden-Clearfield, UT""",1.00,2065.00,770.00,203.68,40,48,45,19,24,23,20,24,22,7.28,27.53,2.22,2,2,21536,21339,19903,1,1,1,18522,17487,16417,14251,13256,12475,4249,4208,3925,22,23,18,61,63,48,4.0,1.7,3.78,13008,100,20475,45,10,1467,1430,1724,87,13
"""490572003013""","""Ogden-Clearfield, UT""",1.00,1614.00,815.00,299.42,25,30,28,7,9,9,18,21,19,4.77,12.97,1.94,2,2,18976,18779,17342,2,2,2,16217,15268,14193,12431,11521,10740,3743,3703,3420,43,44,34,117,121,92,6.5,2.7,2.72,14905,40,19409,44,20,549,1200,,46,54
"""490572003021""","""Ogden-Clearfield, UT""",1.00,1662.00,410.00,1708.20,36,44,41,18,23,22,18,21,19,6.77,1.63,1.93,2,2,20321,20124,18687,1,1,1,16408,15461,14390,12373,11466,10685,4009,3968,3685,26,26,20,70,72,55,5.7,1.3,0.24,9615,17,19030,46,81,1389,2617,1127,18,82
"""490572003022""","""Ogden-Clearfield, UT""",1.00,2337.00,661.00,239.77,37,45,42,18,23,22,18,22,20,6.88,18.96,2.01,2,2,19336,19139,17703,1,1,1,16747,15775,14704,12904,11972,11191,3815,3774,3491,28,29,22,76,78,59,6.6,2.4,2.76,13285,49,23031,44,13,1399,1494,1238,63,37
"""490572004001""","""Ogden-Clearfield, UT""",1.00,1035.00,397.00,476.01,35,42,40,18,22,21,17,20,18,5.57,4.65,1.87,2,2,17811,17614,16177,2,2,2,15594,14664,13587,12027,11136,10355,3514,3473,3190,53,55,42,145,149,113,6.1,4.0,0.83,13496,46,25674,42,23,1345,1444,1308,27,73
"""490572004002""","""Ogden-Clearfield, UT""",1.00,847.00,256.00,112.06,34,41,38,15,19,19,18,22,20,6.67,15.24,2.04,2,2,18339,18142,16705,2,2,1,16727,15748,14674,13069,12129,11348,3618,3577,3294,40,41,31,109,112,85,5.3,4.9,2.28,16125,91,28106,41,7,1166,1083,1301,62,38
"""490572005001""","""Ogden-Clearfield, UT""",1.00,695.00,262.00,79.38,34,42,39,16,19,19,19,22,20,6.81,22.48,2.07,2,2,19582,19385,17948,1,1,1,17165,16176,15103,13267,12318,11537,3863,3823,3539,35,36,27,95,98,74,4.2,3.2,3.30,16629,88,19249,43,16,1183,1165,1210,60,40
"""490572005002""","""Ogden-Clearfield, UT""",1.00,1098.00,373.00,173.21,37,44,42,18,22,21,19,22,20,6.30,13.56,2.10,2,2,19450,19253,17817,1,1,1,17357,16359,15286,13485,12526,11745,3837,3797,3513,35,36,27,94,97,74,5.2,3.7,2.15,17082,73,19751,42,16,1332,1342,1296,77,23
"""490572005003""","""Ogden-Clearfield, UT""",1.00,475.00,196.00,107.24,36,43,41,17,21,20,19,23,21,6.04,11.04,2.14,2,2,19415,19218,17782,1,1,1,17590,16580,15507,13725,12754,11973,3830,3790,3506,35,36,27,94,97,74,4.4,4.6,1.83,17329,94,23063,41,12,1253,1564,,80,20
"""490572005004""","""Ogden-Clearfield, UT""",1.00,834.00,313.00,96.48,34,41,38,15,19,19,18,22,19,6.30,20.45,2.02,2,2,18402,18205,16769,2,2,2,16634,15660,14585,12960,12026,11245,3630,3590,3307,43,44,34,117,120,91,5.5,4.5,3.24,16866,85,25124,41,8,1170,1227,1084,60,40
"""490572005005""","""Ogden-Clearfield, UT""",1.00,2004.00,1010.00,183.25,32,39,36,15,18,18,18,21,19,5.15,28.40,1.93,2,2,18298,18101,16664,2,2,1,16060,15112,14037,12410,11501,10720,3610,3569,3286,40,41,31,109,112,85,7.7,3.8,5.51,17058,28,18308,42,10,1114,1086,1199,75,25
"""490572005006""","""Ogden-Clearfield, UT""",1.00,991.00,477.00,141.14,32,38,35,14,17,17,18,21,19,5.14,17.36,1.94,2,2,18739,18542,17106,1,1,1,16220,15268,14196,12489,11576,10795,3697,3656,3373,35,36,27,94,97,73,7.1,3.4,3.38,15182,38,14590,42,13,1038,1087,950,64,36
"""490572006001""","""Ogden-Clearfield, UT""",1.00,1399.00,386.00,135.79,37,45,42,18,23,22,19,22,20,6.08,17.27,2.03,2,2,19197,19000,17564,1,1,1,16881,15902,14830,13060,12121,11340,3787,3747,3463,33,34,26,90,93,71,5.8,3.3,2.84,16135,68,15758,42,11,1402,1534,1132,67,33
"""490572006002""","""Ogden-Clearfield, UT""",1.00,919.00,370.00,158.25,34,41,38,16,20,19,18,21,19,5.80,13.56,1.97,2,2,19079,18882,17445,1,1,1,16456,15496,14423,12659,11738,10957,3764,3723,3440,33,34,26,90,93,70,6.3,3.1,2.34,14819,51,13675,42,14,1194,1438,883,56,44
"""490572006003""","""Ogden-Clearfield, UT""",1.00,1040.00,452.00,125.32,41,50,47,23,28,27,18,21,19,,,1.97,2,2,19987,19790,18353,1,1,1,16597,15639,14567,12623,11704,10923,3943,3902,3619,32,33,25,87,89,68,5.7,3.4,3.61,12798,68,11199,42,11,1711,1422,1932,43,57
"""490572006004""","""Ogden-Clearfield, UT""",1.00,1035.00,365.00,289.55,39,47,45,19,24,23,20,24,21,7.00,8.83,2.19,2,2,20764,20567,19131,1,1,1,18150,17125,16056,14035,13050,12269,4096,4056,3772,19,19,15,50,52,39,4.8,3.0,1.26,12762,78,11757,42,14,1450,1480,1148,91,9
"""490572007001""","""Ogden-Clearfield, UT""",1.00,1306.00,536.00,431.35,35,43,40,18,22,21,18,21,19,5.88,7.30,1.93,2,2,18623,18426,16989,1,1,1,16111,15163,14092,12410,11501,10720,3674,3633,3350,28,29,22,76,78,59,6.4,3.5,1.24,14343,48,13806,42,16,1334,1304,1359,45,55
"""490572007002""","""Ogden-Clearfield, UT""",1.00,1147.00,396.00,161.71,39,47,45,19,24,23,20,24,22,7.38,18.06,2.20,2,2,21281,21084,19647,1,1,1,18324,17296,16227,14109,13121,12340,4198,4158,3874,16,17,13,45,46,35,4.1,4.4,2.45,13860,100,13690,41,9,1435,1425,1525,90,10
"""490572007003""","""Ogden-Clearfield, UT""",1.00,1146.00,404.00,106.23,37,45,42,18,23,22,19,22,20,6.75,25.67,2.10,2,2,19251,19054,17617,1,1,1,17292,16295,15221,13457,12499,11718,3798,3757,3474,37,38,29,101,104,78,4.8,4.6,3.80,16973,97,18162,41,7,1377,1405,1278,78,22
"""490572008001""","""Ogden-Clearfield, UT""",1.00,2049.00,726.00,233.20,35,42,40,16,21,20,19,22,20,6.09,18.96,2.06,2,2,18656,18459,17022,1,1,1,16958,15971,14899,13246,12298,11517,3680,3640,3357,32,33,25,87,90,68,5.1,4.7,3.11,18208,83,22259,41,12,1247,1338,1012,72,28
"""490572008002""","""Ogden-Clearfield, UT""",1.00,1619.00,623.00,106.45,30,36,34,13,16,15,17,21,18,4.79,28.01,1.94,2,2,17178,16981,15544,2,2,2,15879,14930,13853,12439,11529,10748,3389,3349,3065,51,52,40,138,142,108,6.4,5.9,5.85,19081,65,26849,40,10,960,1242,571,58,42
"""490572008003""","""Ogden-Clearfield, UT""",1.00,1016.00,496.00,106.99,29,35,32,12,15,14,17,20,18,4.83,22.37,1.88,2,2,16471,16274,14837,2,2,2,15370,14439,13361,12065,11172,10391,3249,3209,2926,56,58,44,152,156,119,7.2,6.2,4.64,19417,53,29003,39,7,901,958,837,53,47
"""490572009001""","""Ogden-Clearfield, UT""",1.00,1673.00,921.00,226.97,30,37,34,14,18,17,16,19,17,4.16,16.90,1.79,2,2,16005,15808,14371,2,2,2,14676,13773,12695,11464,10600,9819,3157,3117,2834,54,56,42,147,151,115,7.4,5.8,4.06,17914,40,31226,40,10,1074,1540,915,26,74
"""490572009002""","""Ogden-Clearfield, UT""",1.00,1178.00,516.00,85.92,29,35,32,13,16,16,16,19,17,4.38,26.31,1.76,2,2,15703,15506,14069,3,3,2,14459,13564,12483,11294,10437,9656,3098,3058,2774,67,68,52,181,186,142,7.5,6.1,6.01,18837,35,31539,40,11,973,1429,821,25,75
"""490572009003""","""Ogden-Clearfield, UT""",1.00,1205.00,563.00,80.56,22,26,24,7,9,9,15,18,16,3.60,25.18,1.64,2,1,15090,14893,13456,3,3,3,13609,12750,11666,10553,9731,8950,2977,2937,2654,79,81,62,215,221,168,8.3,6.3,6.99,19257,11,32076,39,10,543,,627,13,87
"""490572011001""","""Ogden-Clearfield, UT""",1.00,1101.00,528.00,216.40,22,26,24,7,8,8,15,18,16,3.44,8.40,1.66,2,1,15355,15158,13721,4,4,4,13789,12926,11835,10653,9826,9045,3029,2989,2706,107,110,84,291,300,228,8.2,6.0,2.44,17417,15,33316,40,9,513,,653,21,79
"""490572011002""","""Ogden-Clearfield, UT""",1.00,1583.00,657.00,740.60,34,41,38,18,23,22,15,18,16,4.15,3.68,1.67,2,1,15921,15724,14287,3,4,3,13960,13093,12006,10730,9900,9119,3141,3101,2817,89,92,70,243,250,190,7.9,5.6,0.89,14959,8,34796,40,19,1390,1463,1382,10,90
"""490572012001""","""Ogden-Clearfield, UT""",1.00,1591.00,451.00,185.87,32,39,36,15,19,18,17,20,18,5.85,14.19,1.86,2,2,16536,16339,14903,3,3,3,15260,14336,13254,11928,11042,10261,3262,3222,2939,70,72,54,189,195,148,6.9,6.0,2.43,16622,60,35647,40,7,1148,1202,1104,45,55
"""490572012002""","""Ogden-Clearfield, UT""",1.00,1041.00,430.00,108.21,25,30,28,9,12,11,16,19,17,4.73,18.81,1.79,2,2,15534,15337,13900,2,2,2,14610,13707,12627,11483,10618,9837,3065,3024,2741,62,64,49,170,175,133,7.3,6.5,3.97,18491,52,34390,39,7,702,,923,24,76
"""490572013011""","""Ogden-Clearfield, UT""",1.00,1270.00,525.00,106.98,31,37,35,14,17,17,17,20,18,5.01,24.57,1.90,2,2,16525,16328,14892,2,2,2,15490,14554,13476,12174,11277,10496,3260,3220,2937,56,58,44,152,157,119,7.3,6.2,4.91,19325,57,28721,39,5,1050,1325,656,59,41
"""490572013012""","""Ogden-Clearfield, UT""",1.00,1614.00,615.00,80.61,36,44,41,21,26,25,16,19,17,4.90,37.35,1.77,2,2,15448,15251,13814,3,3,2,14478,13580,12499,11363,10503,9722,3047,3007,2724,68,70,53,184,189,144,7.7,6.5,7.63,19519,43,32650,39,6,1555,2638,1049,32,68
"""490572013021""","""Ogden-Clearfield, UT""",1.00,1153.00,385.00,106.22,33,40,38,15,19,18,18,21,19,6.25,22.66,2.01,2,2,17611,17414,15977,2,2,2,16411,15441,14365,12889,11958,11177,3474,3434,3151,48,49,37,130,134,102,5.7,6.1,3.62,19254,85,27439,39,7,1151,1144,1166,66,34
"""490572013022""","""Ogden-Clearfield, UT""",1.00,1108.00,370.00,80.16,35,42,40,18,22,21,17,20,18,5.47,25.25,1.91,2,2,16910,16713,15276,2,2,2,15642,14703,13624,12250,11349,10568,3336,3296,3012,56,58,44,153,158,120,7.3,5.8,4.62,19057,52,26174,40,6,1340,1563,979,62,38
"""490572013023""","""Ogden-Clearfield, UT""",1.00,816.00,325.00,79.90,30,36,34,13,16,16,17,20,18,5.15,20.95,1.92,2,2,16513,16316,14879,2,2,2,15655,14710,13633,12345,11439,10658,3258,3217,2934,52,54,41,141,146,110,7.0,6.6,4.07,19371,61,33292,39,6,983,994,965,62,38
"""490572014001""","""Ogden-Clearfield, UT""",1.00,935.00,375.00,106.49,38,46,43,19,24,23,19,22,20,5.84,20.55,2.05,2,2,18559,18362,16926,2,2,2,16895,15911,14836,13191,12246,11465,3661,3621,3338,43,44,34,117,120,91,6.2,4.8,3.52,17247,79,18899,41,6,1446,1369,1750,80,20
"""490572014002""","""Ogden-Clearfield, UT""",1.00,951.00,348.00,144.60,44,53,50,24,29,29,20,24,22,7.04,16.94,2.22,2,2,20448,20251,18814,1,1,1,18338,17302,16231,14280,13284,12503,4034,3993,3710,24,25,19,65,67,51,4.1,4.6,2.41,14325,100,15047,41,9,1785,1785,,100,0
"""490572014003""","""Ogden-Clearfield, UT""",1.00,1517.00,565.00,187.24,34,41,38,15,19,19,18,21,19,6.05,18.27,2.02,2,2,18306,18109,16672,2,2,2,16629,15655,14580,12974,12039,11258,3611,3571,3288,44,45,34,119,123,93,5.9,5.0,3.02,16827,77,19236,40,7,1159,1654,,70,30
"""490572015001""","""Ogden-Clearfield, UT""",1.00,1181.00,495.00,92.72,25,30,28,8,11,10,17,19,17,4.73,25.24,1.82,2,2,16719,16522,15085,2,2,2,15034,14121,13042,11678,10803,10022,3298,3258,2975,58,60,46,158,163,124,7.6,5.3,5.34,16883,43,20629,40,6,643,1523,,42,58
"""490572015002""","""Ogden-Clearfield, UT""",1.00,1834.00,677.00,556.45,36,44,41,17,22,21,19,22,20,5.69,6.93,2.08,2,2,19291,19094,17657,1,1,1,17224,16231,15157,13381,12427,11646,3806,3765,3482,38,39,29,102,105,80,5.1,4.9,1.22,13835,67,16046,40,18,1322,1724,,77,23
"""490572015003""","""Ogden-Clearfield, UT""",1.00,686.00,196.00,316.74,43,52,49,23,29,28,20,23,21,7.05,4.36,2.19,2,2,19321,19124,17687,2,2,2,17897,16873,15798,14042,13057,12276,3812,3771,3488,43,45,34,118,121,92,4.1,6.6,0.62,14179,87,22762,39,16,1765,1880,,94,6
"""490572015004""","""Ogden-Clearfield, UT""",1.00,593.00,214.00,378.68,54,66,62,33,41,40,21,24,22,7.06,3.99,2.29,2,2,20775,20578,19142,1,1,1,18856,17799,16728,14730,13713,12932,4098,4058,3775,27,28,21,74,77,58,2.1,6.4,0.57,11778,100,20242,39,47,2509,2509,,100,0
"""490572016001""","""Ogden-Clearfield, UT""",1.00,1284.00,437.00,73.35,39,47,44,20,25,24,19,22,20,6.26,37.28,2.12,2,2,18681,18484,17047,2,2,2,17362,16357,15282,13632,12666,11885,3685,3645,3362,45,47,35,123,126,96,5.0,5.8,5.96,18632,99,26536,40,6,1501,1518,1333,91,9
"""490572016002""","""Ogden-Clearfield, UT""",1.00,479.00,285.00,92.48,30,37,34,14,18,17,16,19,17,4.24,13.08,1.79,2,2,16453,16256,14819,3,3,2,14834,13929,12848,11522,10655,9874,3246,3206,2922,66,68,52,179,185,141,7.5,5.8,3.08,18029,33,24593,40,10,1066,1313,938,34,66
"""490572016003""","""Ogden-Clearfield, UT""",1.00,1467.00,530.00,157.34,34,41,38,17,21,20,17,20,18,5.22,17.59,1.84,2,2,16525,16328,14891,2,2,2,15171,14250,13170,11848,10965,10184,3260,3220,2937,63,65,49,172,177,134,7.5,6.6,3.37,16785,42,25898,39,7,1279,1509,1042,51,49
"""490572016004""","""Ogden-Clearfield, UT""",1.00,595.00,270.00,69.57,36,44,41,19,24,23,18,21,19,4.96,19.27,1.96,2,2,17223,17026,15589,2,2,2,16021,15066,13989,12572,11656,10875,3398,3357,3074,51,53,40,139,143,109,7.5,6.6,3.88,17122,44,27446,39,6,1428,1549,881,82,18
"""490572017001""","""Ogden-Clearfield, UT""",1.00,1770.00,596.00,147.28,36,44,41,19,23,23,18,21,19,5.83,23.61,1.96,2,2,17296,17099,15662,2,2,2,16053,15096,14020,12594,11677,10896,3412,3372,3088,46,48,36,126,129,98,5.9,6.0,4.05,18990,72,28790,40,10,1420,1591,1183,58,42
"""490572017002""","""Ogden-Clearfield, UT""",1.00,1393.00,534.00,160.14,38,46,43,19,24,24,18,21,19,5.71,19.03,2.01,2,2,17696,17499,16062,2,2,2,16413,15443,14368,12878,11948,11167,3491,3451,3167,43,45,34,118,121,92,5.4,6.0,3.33,18660,78,29376,40,11,1478,1755,981,64,36
"""490572018001""","""Ogden-Clearfield, UT""",1.00,930.00,302.00,269.58,32,39,36,14,17,16,18,22,20,6.17,6.92,2.05,2,2,18165,17968,16531,1,1,1,16760,15778,14704,13140,12197,11416,3583,3543,3260,37,38,29,99,102,78,4.9,5.6,1.12,16829,83,33703,40,13,1031,1167,809,62,38
"""490572018002""","""Ogden-Clearfield, UT""",1.00,1489.00,493.00,134.48,33,39,37,15,19,18,18,21,19,6.37,23.35,1.95,2,2,17134,16937,15500,2,2,2,15964,15010,13934,12533,11619,10838,3380,3340,3057,50,52,39,136,140,107,6.5,6.0,3.67,18209,72,31171,40,6,1136,1355,803,60,40
"""490572019001""","""Ogden-Clearfield, UT""",1.00,1514.00,401.00,2603.80,36,44,41,17,21,21,19,23,21,7.19,1.11,2.10,2,2,20401,20204,18767,1,1,1,17531,16533,15461,13476,12517,11736,4025,3984,3701,31,32,24,84,87,66,4.4,2.1,0.15,11785,71,28436,45,25,1295,1397,1163,57,43
"""490572020001""","""Ogden-Clearfield, UT""",1.00,1693.00,746.00,331.39,40,48,45,22,27,26,18,21,19,5.45,12.27,1.98,2,2,17898,17701,16264,2,2,2,16324,15361,14284,12742,11818,11037,3531,3491,3207,51,53,40,139,143,109,5.1,6.9,2.25,14594,67,23809,38,17,1650,1902,1234,62,38
"""490572020002""","""Ogden-Clearfield, UT""",1.00,1649.00,544.00,533.31,49,60,57,30,37,36,20,23,21,6.79,6.93,2.20,2,2,19945,19748,18311,1,1,1,18081,17053,15982,14121,13132,12351,3935,3894,3611,26,27,20,71,72,55,3.4,6.9,1.02,11615,90,17353,38,21,2244,2339,,96,4
"""490572020003""","""Ogden-Clearfield, UT""",1.00,1087.00,351.00,204.50,55,68,64,35,44,43,20,23,21,7.30,12.53,2.21,2,2,19845,19648,18211,1,1,1,18128,17097,16025,14183,13191,12410,3915,3874,3591,30,31,24,82,85,64,3.3,7.2,1.72,12128,87,20587,38,26,2680,2680,,100,0
"""490572020004""","""Ogden-Clearfield, UT""",1.00,738.00,169.00,181.37,27,33,30,11,14,13,16,19,17,,,1.78,2,2,16661,16464,15027,2,3,2,14788,13886,12806,11436,10573,9792,3287,3247,2963,65,67,51,177,182,138,7.1,7.3,0.93,13820,24,22982,38,20,838,,1171,28,72
"""490572101011""","""Ogden-Clearfield, UT""",1.00,1306.00,336.00,21473.16,56,68,65,31,39,38,25,29,27,10.46,0.16,2.59,3,2,29196,28999,27562,0,0,0,22410,21262,20196,16643,15536,14755,5760,5719,5435,8,8,6,21,22,17,0.1,0.7,0.02,2051,97,2110,45,580,2358,2358,,100,0
"""490572101012""","""Ogden-Clearfield, UT""",1.00,873.00,345.00,3781.15,50,61,58,28,34,33,22,26,24,8.59,0.78,2.35,2,2,26389,26192,24755,0,0,0,20307,19232,18165,15092,14057,13276,5206,5165,4882,10,10,7,9,9,7,2.3,1.5,0.09,1808,81,2113,43,64,2087,2236,1121,87,13
"""490572101013""","""Ogden-Clearfield, UT""",1.00,1451.00,599.00,38542.88,56,68,65,32,41,39,24,28,26,8.55,0.13,2.52,2,2,26565,26368,24931,0,0,0,21447,20320,19253,16196,15110,14329,5241,5200,4916,10,10,8,27,28,21,0.1,2.5,0.02,3615,94,4664,42,584,2459,2553,,96,4
"""490572101021""","""Ogden-Clearfield, UT""",1.00,2916.00,1174.00,156013.80,54,66,62,29,36,35,25,29,27,9.47,0.07,2.57,3,2,29418,29221,27784,0,0,0,22343,21201,20134,16530,15428,14647,5803,5762,5479,10,10,8,9,10,7,0.0,0.8,0.01,1861,88,1705,45,1219,2212,2250,1714,93,7
"""490572101022""","""Ogden-Clearfield, UT""",1.00,1740.00,595.00,3776.82,52,63,60,29,36,35,22,27,24,8.91,1.40,2.35,2,2,26741,26544,25107,0,0,0,20375,19300,18234,15090,14056,13275,5275,5234,4951,10,10,8,9,10,7,2.4,1.0,0.16,2082,67,2344,44,102,2209,2513,,88,12
"""490572102011""","""Ogden-Clearfield, UT""",1.00,2507.00,753.00,358.18,49,60,57,28,35,34,21,25,23,8.72,18.33,2.26,2,2,24170,23973,22536,1,1,1,19304,18256,17188,14520,13513,12732,4768,4727,4444,16,16,13,43,45,34,3.7,0.6,2.10,7036,100,5155,46,9,2108,2164,1681,88,12
"""490572102012""","""Ogden-Clearfield, UT""",1.00,1047.00,309.00,191.51,42,51,48,21,26,25,21,25,23,8.09,13.05,2.25,2,2,23637,23440,22003,1,1,1,19134,18090,17021,14453,13448,12667,4663,4622,4339,19,19,15,50,52,39,3.7,0.7,1.61,8415,100,6530,45,9,1587,1823,,87,13
"""490572102013""","""Ogden-Clearfield, UT""",1.00,734.00,261.00,164.02,46,56,53,25,31,30,21,25,23,8.02,12.75,2.26,2,2,23870,23673,22237,1,1,1,19216,18170,17101,14491,13485,12704,4709,4668,4385,16,16,12,43,44,34,3.3,0.6,1.59,7795,100,5905,45,13,1903,2036,1148,85,15
"""490572102031""","""Ogden-Clearfield, UT""",1.00,2142.00,607.00,301.98,47,57,54,26,32,31,21,25,23,8.51,17.10,2.28,2,2,23991,23794,22357,1,1,1,19411,18357,17289,14664,13649,12868,4733,4692,4409,14,15,11,39,40,31,3.6,0.6,2.01,7325,99,5511,45,11,1938,1954,1691,94,6
"""490572102032""","""Ogden-Clearfield, UT""",1.00,1581.00,558.00,253.27,46,56,53,26,32,31,20,24,22,7.33,16.14,2.18,2,2,22807,22610,21173,1,1,1,18489,17467,16398,13970,12988,12207,4499,4459,4175,20,20,15,54,55,42,4.4,0.7,2.20,9378,87,7106,45,10,1948,2145,1288,77,23
"""490572102041""","""Ogden-Clearfield, UT""",1.00,2053.00,777.00,714.15,41,50,47,21,26,26,20,24,22,7.39,8.04,2.17,2,2,22566,22369,20932,1,1,1,18384,17365,16296,13912,12933,12152,4452,4411,4128,21,21,16,57,58,45,4.1,0.9,1.09,10000,79,7418,45,18,1603,1757,1216,72,28
"""490572103031""","""Ogden-Clearfield, UT""",1.00,2749.00,827.00,1936.73,48,58,55,25,32,31,22,26,24,8.92,3.81,2.35,2,2,25513,25316,23880,0,0,0,20119,19045,17978,15075,14042,13261,5033,4992,4709,11,11,9,30,31,23,2.0,0.5,0.43,5180,95,4078,45,48,1934,1942,1875,88,12
"""490572103032""","""Ogden-Clearfield, UT""",1.00,1482.00,406.00,447.80,51,62,59,29,36,35,22,26,24,9.64,8.74,2.37,2,2,25686,25489,24052,0,0,0,20277,19198,18130,15199,14160,13379,5067,5026,4743,11,12,9,31,31,24,2.9,1.0,0.91,6680,100,5528,46,17,2166,2166,,100,0
"""490572103033""","""Ogden-Clearfield, UT""",1.00,1668.00,450.00,707.03,52,63,60,30,37,36,22,27,24,8.99,5.72,2.38,2,2,26056,25859,24422,0,0,0,20441,19357,18290,15290,14246,13465,5140,5099,4816,11,11,9,30,31,23,2.7,0.9,0.64,5817,89,4854,46,32,2238,2238,,100,0
"""490572103034""","""Ogden-Clearfield, UT""",1.00,2031.00,525.00,1658.38,54,66,62,31,39,37,23,27,25,9.42,2.98,2.41,2,2,26106,25909,24472,0,0,0,20663,19568,18502,15505,14452,13671,5150,5109,4826,8,8,6,21,21,16,1.8,0.4,0.32,4494,89,4091,46,83,2347,2397,,98,2
"""490572103041""","""Ogden-Clearfield, UT""",1.00,1305.00,530.00,685.61,43,53,50,24,30,29,19,23,21,7.17,5.54,2.06,2,2,22397,22200,20763,1,1,1,17684,16696,15627,13245,12297,11516,4418,4378,4094,20,21,16,55,58,44,6.5,0.7,0.77,9028,28,7959,46,27,1822,1705,2091,70,30
"""490572103042""","""Ogden-Clearfield, UT""",1.00,1028.00,326.00,795.98,33,40,38,15,19,19,18,21,19,6.71,2.75,1.86,2,2,21985,21788,20351,1,1,1,16298,15371,14303,11944,11057,10276,4337,4297,4013,18,18,14,48,49,37,7.4,0.4,0.41,5278,8,6273,47,22,1163,,1344,13,87
"""490572103043""","""Ogden-Clearfield, UT""",1.00,3041.00,777.00,895.63,53,65,61,31,38,37,22,26,24,9.32,8.09,2.38,2,2,25182,24985,23548,0,0,0,20271,19187,18120,15293,14249,13468,4968,4927,4644,11,11,8,29,30,23,2.5,0.4,0.87,6709,100,7250,46,28,2327,2351,,99,1
"""490572103051""","""Ogden-Clearfield, UT""",1.00,1813.00,608.00,212.78,42,52,49,22,27,26,21,25,22,8.01,22.89,2.25,2,2,23241,23044,21607,1,1,0,19016,17973,16905,14418,13415,12634,4585,4544,4261,13,13,10,36,36,28,4.8,0.5,2.86,9196,82,10994,47,10,1634,1755,,93,7
"""490572103052""","""Ogden-Clearfield, UT""",1.00,1760.00,720.00,373.09,38,46,43,18,22,22,20,23,21,6.88,13.29,2.11,2,2,22021,21824,20387,1,1,1,17940,16937,15867,13571,12608,11827,4344,4304,4020,25,26,20,69,71,53,6.7,0.8,1.93,10611,45,10061,46,11,1354,1353,1358,84,16
"""490572103053""","""Ogden-Clearfield, UT""",1.00,1136.00,406.00,303.18,39,48,45,19,24,23,20,24,22,7.09,9.50,2.17,2,2,22759,22562,21125,1,1,1,18463,17442,16374,13958,12977,12196,4490,4449,4166,16,16,13,43,45,34,6.9,0.5,1.34,8835,36,12396,47,14,1437,1508,,95,5
"""490572103061""","""Ogden-Clearfield, UT""",1.00,2071.00,556.00,950.19,44,54,51,23,29,28,22,26,23,8.60,5.03,2.34,2,2,23302,23105,21669,1,1,1,19670,18598,17528,15051,14018,13237,4597,4556,4273,23,23,18,62,63,48,3.0,1.2,0.59,11453,91,14092,46,28,1735,1748,,99,1
"""490572103062""","""Ogden-Clearfield, UT""",1.00,4008.00,1148.00,623.28,42,51,48,22,28,27,20,23,21,8.24,15.18,2.14,2,2,21909,21712,20276,1,1,1,18102,17090,16020,13754,12782,12001,4322,4282,3998,26,26,20,70,71,54,5.0,1.0,1.84,11907,72,11883,46,15,1670,1804,1286,74,26
"""490572104041""","""Ogden-Clearfield, UT""",1.00,962.00,347.00,3619.95,47,58,55,24,31,30,23,27,25,9.18,0.88,2.43,2,2,26833,26636,25199,0,0,0,20909,19810,18744,15607,14548,13767,5293,5253,4969,9,9,7,24,25,19,1.0,0.9,0.10,3718,93,4923,46,157,1853,1915,1509,85,15
"""490572104042""","""Ogden-Clearfield, UT""",1.00,945.00,338.00,2894.25,47,57,54,24,30,29,23,27,25,8.65,1.01,2.45,2,2,25922,25725,24288,0,0,0,20843,19738,18672,15719,14656,13875,5114,5073,4789,10,10,7,26,27,20,1.7,1.1,0.12,5435,96,9358,47,71,1795,1820,1250,96,4
"""490572104051""","""Ogden-Clearfield, UT""",1.00,1651.00,364.00,1278.61,39,48,45,19,24,23,20,23,21,6.57,1.87,2.14,2,2,21839,21642,20206,1,1,1,18068,17057,15988,13740,12769,11988,4308,4268,3985,20,21,16,55,56,42,3.5,1.2,0.28,7826,62,17116,46,56,1468,1592,1318,55,45
"""490572104052""","""Ogden-Clearfield, UT""",1.00,2240.00,599.00,1822.23,45,55,52,23,29,28,22,26,24,9.42,3.10,2.40,2,2,24750,24553,23116,0,0,0,20304,19214,18147,15410,14361,13580,4883,4842,4558,11,12,9,31,31,24,2.0,0.6,0.33,7456,94,12883,47,61,1733,1824,,95,5
"""490572104061""","""Ogden-Clearfield, UT""",1.00,1935.00,500.00,682.65,48,58,55,25,31,30,22,27,24,9.56,7.00,2.39,2,2,25414,25217,23781,0,0,0,20391,19303,18236,15368,14321,13540,5014,4973,4689,9,9,7,9,9,7,2.5,0.4,0.73,5723,100,7926,47,25,1909,1936,,99,1
"""490572104062""","""Ogden-Clearfield, UT""",1.00,3562.00,1131.00,1365.50,49,59,56,26,33,32,23,27,24,9.36,7.75,2.40,2,2,25987,25790,24353,0,0,0,20523,19434,18368,15390,14341,13560,5127,5086,4802,7,7,5,19,19,15,2.1,0.3,0.83,5035,100,6091,47,39,1980,1990,1819,94,6
"""490572104071""","""Ogden-Clearfield, UT""",1.00,1382.00,347.00,1983.47,50,61,58,27,34,32,24,28,26,9.76,1.71,2.48,2,2,27594,27397,25960,0,0,0,21400,20285,19218,15947,14873,14091,5444,5403,5119,10,10,8,9,10,7,1.6,0.5,0.17,4792,94,4997,48,79,2034,2034,,100,0
"""490572104073""","""Ogden-Clearfield, UT""",1.00,3827.00,928.00,1047.80,46,56,53,24,30,29,22,26,24,10.01,8.86,2.36,2,2,26416,26219,24782,0,0,0,20371,19294,18227,15150,14113,13332,5211,5170,4887,10,11,8,10,10,8,2.5,0.7,0.89,4827,100,5505,47,25,1803,2033,,89,11
"""490572104081""","""Ogden-Clearfield, UT""",1.00,1885.00,692.00,57186.76,49,59,56,24,30,29,25,29,27,9.63,0.12,2.59,3,2,29330,29133,27696,0,0,0,22437,21290,20224,16645,15538,14757,5786,5745,5462,6,6,5,16,17,13,0.0,0.8,0.01,1973,100,2857,46,752,1811,1913,,95,5
"""490572104082""","""Ogden-Clearfield, UT""",1.00,1647.00,520.00,1340.53,50,60,57,26,33,32,23,27,25,9.31,3.61,2.43,2,2,27506,27309,25872,0,0,0,21033,19934,18868,15598,14540,13759,5426,5385,5102,9,9,7,9,9,7,2.1,0.5,0.39,3354,100,3846,47,36,2005,2110,,95,5
"""490572105081""","""Ogden-Clearfield, UT""",1.00,2532.00,732.00,322.81,42,51,48,22,27,26,20,24,22,7.67,17.39,2.19,2,2,21295,21098,19661,1,1,1,18284,17258,16188,14057,13072,12290,4201,4160,3877,26,26,20,70,72,55,3.4,3.0,2.27,15909,99,12313,42,13,1638,1627,1729,89,11
"""490572105091""","""Ogden-Clearfield, UT""",1.00,2303.00,601.00,278.48,42,51,48,22,27,26,20,24,22,8.58,18.52,2.19,2,2,21652,21455,20018,1,1,1,18358,17331,16261,14062,13076,12295,4271,4231,3948,25,25,19,67,68,52,3.6,2.6,2.16,13929,99,10277,42,10,1657,1854,,89,11
"""490572105092""","""Ogden-Clearfield, UT""",1.00,1331.00,483.00,136.30,41,49,46,20,25,24,21,24,22,7.75,27.47,2.21,2,2,22791,22594,21157,1,1,1,18726,17693,16624,14213,13220,12439,4496,4455,4172,17,18,13,46,48,36,3.9,3.1,3.54,12294,100,8827,42,8,1526,1623,,94,6
"""490572105093""","""Ogden-Clearfield, UT""",1.00,1889.00,413.00,153.18,41,50,47,21,26,25,20,24,21,8.33,22.47,2.15,2,2,21768,21571,20134,1,1,1,18149,17134,16064,13834,12859,12078,4294,4254,3970,21,21,16,56,58,44,3.9,2.3,2.70,12787,100,9344,43,8,1584,1481,2024,81,19
"""490572105101""","""Ogden-Clearfield, UT""",1.00,1932.00,701.00,321.89,41,50,47,21,26,25,20,24,22,7.45,16.23,2.21,2,2,21798,21601,20164,1,1,1,18538,17504,16435,14215,13222,12441,4300,4260,3976,22,22,17,60,61,46,3.5,2.6,2.18,13941,94,10113,42,13,1577,1662,,95,5
"""490572105102""","""Ogden-Clearfield, UT""",1.00,1448.00,381.00,147.88,44,53,50,24,30,29,20,23,21,7.52,19.38,2.12,2,2,21200,21003,19567,1,1,1,17848,16842,15772,13642,12676,11895,4182,4142,3858,24,25,19,65,67,51,4.4,2.5,2.58,13482,90,9740,42,9,1816,1801,1878,80,20
"""490572105111""","""Ogden-Clearfield, UT""",1.00,2191.00,796.00,326.64,41,49,46,21,26,25,20,23,21,6.30,15.35,2.16,2,2,19962,19765,18328,1,1,1,17815,16800,15728,13848,12872,12091,3938,3898,3614,29,30,23,79,81,62,5.0,3.8,2.44,14323,88,28242,42,8,1592,1646,1197,88,12
"""490572105112""","""Ogden-Clearfield, UT""",1.00,1723.00,657.00,640.91,36,44,41,17,21,21,19,23,20,6.12,6.27,2.12,2,2,19328,19131,17694,1,1,1,17445,16441,15368,13599,12634,11853,3813,3773,3489,33,34,26,90,93,71,5.8,4.4,1.03,15411,53,28651,42,21,1295,1467,,88,12
"""490572105121""","""Ogden-Clearfield, UT""",1.00,2104.00,802.00,1358.63,36,44,41,18,23,22,18,21,19,5.83,3.44,1.98,2,2,18383,18186,16749,1,1,1,16388,15425,14354,12733,11809,11028,3626,3586,3303,28,29,22,77,80,60,5.0,5.3,0.59,14598,52,23092,40,36,1382,1515,1233,53,47
"""490572105122""","""Ogden-Clearfield, UT""",1.00,1556.00,502.00,233.77,39,47,44,21,26,25,18,21,19,6.57,14.10,1.99,2,2,18431,18234,16797,1,1,1,16449,15484,14411,12776,11850,11069,3636,3596,3312,38,39,29,102,105,80,5.7,4.9,2.15,14753,65,25550,41,14,1576,1830,1206,59,41
"""490572105123""","""Ogden-Clearfield, UT""",1.00,1739.00,626.00,735.70,36,43,40,18,22,21,18,21,19,5.46,4.64,1.99,2,2,18152,17955,16518,1,1,1,16398,15433,14360,12780,11854,11073,3581,3541,3257,37,38,29,101,104,79,6.1,5.9,0.85,15016,46,24435,39,20,1335,1320,1369,68,32
"""490572105131""","""Ogden-Clearfield, UT""",1.00,2325.00,809.00,149.88,37,46,43,21,27,26,16,19,17,6.55,35.38,1.69,2,2,18667,18470,17034,2,2,2,14604,13728,12652,10871,10035,9254,3683,3642,3359,50,52,39,136,140,106,8.5,1.5,5.40,11829,2,20812,45,7,1619,1527,1650,25,75
"""490572105132""","""Ogden-Clearfield, UT""",1.00,1269.00,460.00,199.50,40,49,46,21,26,25,19,22,20,6.64,15.31,2.05,2,2,20276,20079,18642,2,2,2,17240,16256,15180,13195,12250,11468,4000,3960,3676,45,47,36,124,127,97,7.4,2.2,2.31,13275,33,16256,43,10,1591,1591,,100,0
"""490572105133""","""Ogden-Clearfield, UT""",1.00,1470.00,472.00,231.18,42,52,49,22,28,27,20,24,22,7.16,14.62,2.20,2,2,21577,21380,19943,1,1,1,18446,17415,16343,14154,13163,12382,4257,4216,3933,35,36,27,95,97,74,3.4,3.2,2.04,14865,100,12962,42,13,1682,1737,,97,3
"""490572105134""","""Ogden-Clearfield, UT""",1.00,1464.00,597.00,181.04,37,45,43,18,22,22,20,23,21,7.19,23.70,2.12,2,2,20665,20468,19031,2,2,2,17754,16749,15674,13635,12669,11888,4077,4036,3753,42,43,33,114,117,89,4.7,2.9,3.30,14664,85,14572,42,10,1357,1465,,93,7
"""490572105141""","""Ogden-Clearfield, UT""",1.00,1391.00,469.00,183.96,38,46,43,19,23,22,19,23,21,7.19,18.32,2.08,2,2,20962,20765,19328,1,1,1,17520,16527,15456,13359,12406,11625,4135,4095,3811,25,26,20,68,70,53,6.0,2.2,2.55,12679,63,9595,43,8,1406,1378,1527,81,19
"""490572105142""","""Ogden-Clearfield, UT""",1.00,1878.00,533.00,696.21,39,47,44,18,23,22,21,24,22,8.29,6.35,2.22,2,2,22387,22190,20753,1,1,1,18696,17660,16592,14264,13268,12487,4416,4376,4092,16,16,12,43,44,33,3.4,2.1,0.77,11376,86,9491,43,20,1377,1596,,86,14
"""490572105143""","""Ogden-Clearfield, UT""",1.00,2012.00,618.00,330.92,42,51,48,22,27,27,20,23,21,7.66,14.30,2.14,2,2,21280,21083,19647,1,2,1,17971,16961,15887,13735,12764,11983,4198,4158,3874,38,39,30,104,107,82,4.4,2.4,1.87,13368,76,11741,42,17,1668,1824,,91,9
"""490572105151""","""Ogden-Clearfield, UT""",1.00,2267.00,710.00,757.54,54,67,63,33,41,40,21,25,23,8.48,7.95,2.30,2,2,24254,24057,22620,1,1,0,19537,18479,17411,14739,13721,12940,4785,4744,4461,13,14,10,36,37,28,3.3,2.0,0.94,8379,93,6738,44,16,2501,2615,,96,4
"""490572105152""","""Ogden-Clearfield, UT""",1.00,2531.00,656.00,936.95,50,61,57,28,35,34,22,26,24,9.17,6.42,2.34,2,2,24504,24307,22871,1,1,1,19896,18824,17756,15049,14017,13235,4834,4793,4510,14,14,11,37,38,29,2.2,2.5,0.70,9867,99,7220,43,36,2119,2142,,99,1
"""490572105161""","""Ogden-Clearfield, UT""",1.00,3211.00,834.00,5177.90,53,64,61,30,37,36,23,28,25,9.80,1.58,2.47,2,2,27092,26895,25458,0,0,0,21189,20080,19013,15835,14766,13985,5344,5304,5020,10,10,8,27,28,21,0.8,1.3,0.16,4787,100,4049,45,144,2239,2280,,98,2
"""490572105162""","""Ogden-Clearfield, UT""",1.00,1444.00,483.00,1020.03,47,57,54,24,31,30,23,27,25,8.82,4.18,2.41,2,2,26411,26214,24777,0,0,0,20714,19620,18553,15493,14440,13659,5210,5169,4886,11,11,8,29,30,23,1.7,1.4,0.47,5378,100,4351,44,57,1851,1851,,100,0
"""490572105171""","""Ogden-Clearfield, UT""",1.00,1716.00,511.00,1931.55,50,61,58,27,34,33,23,27,25,8.96,2.37,2.43,2,2,25631,25434,23998,0,0,0,20642,19544,18477,15574,14517,13736,5056,5016,4732,11,12,9,31,31,24,1.7,1.4,0.26,7530,97,7991,45,64,2085,2085,,100,0
"""490572105172""","""Ogden-Clearfield, UT""",1.00,2676.00,779.00,1617.75,54,66,63,32,40,39,22,26,24,8.70,4.19,2.35,2,2,23966,23769,22332,0,0,0,19840,18764,17697,15101,14067,13286,4728,4687,4404,10,11,8,28,29,22,2.6,1.2,0.48,8658,88,8327,44,41,2446,2446,,100,0
"""490572105181""","""Ogden-Clearfield, UT""",1.00,2433.00,748.00,4682.42,45,55,52,23,28,27,23,27,25,9.38,1.50,2.42,2,2,26532,26335,24898,0,0,0,20794,19698,18631,15550,14495,13713,5234,5193,4910,9,10,7,26,27,20,1.4,0.8,0.16,5326,98,6044,47,87,1707,1747,1417,88,12
"""490572105182""","""Ogden-Clearfield, UT""",1.00,6240.00,1914.00,2864.18,42,51,48,22,28,27,19,23,21,7.45,4.98,2.07,2,2,21514,21317,19880,1,1,1,17584,16592,15523,13321,12369,11588,4244,4204,3920,19,19,15,51,53,40,5.4,0.8,0.67,9178,41,18799,47,39,1699,2167,1214,51,49
"""490572106001""","""Ogden-Clearfield, UT""",1.00,1684.00,704.00,190.48,34,42,39,16,20,19,19,22,20,5.95,21.98,2.02,2,2,19866,19670,18233,2,2,1,16944,15969,14894,12985,12049,11268,3919,3879,3595,40,41,31,108,111,84,7.1,2.0,3.70,13346,51,21377,44,7,1193,1277,756,84,16
"""490572106002""","""Ogden-Clearfield, UT""",1.00,947.00,305.00,399.81,42,51,48,22,27,26,20,24,22,6.93,5.29,2.23,2,2,21101,20904,19467,2,2,2,18529,17492,16417,14326,13327,12546,4163,4122,3839,41,42,32,112,114,87,3.2,3.7,0.76,15384,100,18599,42,18,1633,1633,,100,0
"""490572106003""","""Ogden-Clearfield, UT""",1.00,1601.00,610.00,130.34,35,42,39,18,23,22,17,19,17,5.33,24.94,1.82,2,2,17142,16945,15508,2,2,2,15110,14196,13120,11682,10807,10026,3382,3341,3058,46,47,36,125,129,98,7.5,4.8,4.68,15574,44,23595,41,5,1380,1536,1276,40,60
"""490572106005""","""Ogden-Clearfield, UT""",1.00,1153.00,457.00,110.70,38,46,43,18,23,22,20,23,21,6.92,28.57,2.16,2,2,20634,20437,19000,1,1,1,17955,16939,15867,13852,12876,12095,4070,4030,3747,33,34,26,89,92,70,4.1,3.6,4.13,15779,100,17106,41,9,1395,1429,,98,2
"""490572107011""","""Ogden-Clearfield, UT""",1.00,1876.00,629.00,219.68,34,42,39,16,21,20,18,21,19,6.43,18.41,1.97,2,2,18209,18012,16575,1,2,1,16293,15333,14259,12662,11742,10961,3592,3552,3269,38,39,30,104,107,81,6.6,5.1,2.86,16020,61,20806,40,7,1247,1344,1026,70,30
"""490572107012""","""Ogden-Clearfield, UT""",1.00,651.00,191.00,171.41,23,28,25,6,7,7,17,20,18,5.98,6.67,1.89,2,2,17602,17405,15969,2,2,2,15674,14738,13663,12158,11261,10480,3472,3432,3149,43,44,34,117,121,92,6.8,5.3,1.11,15716,49,20200,40,10,441,,859,49,51
"""490572107013""","""Ogden-Clearfield, UT""",1.00,1740.00,592.00,201.56,39,48,45,20,25,25,19,22,20,6.36,18.69,2.06,2,2,19285,19088,17651,1,1,1,17071,16083,15012,13239,12291,11510,3804,3764,3481,28,28,22,75,77,59,5.1,4.3,2.94,16466,72,18170,40,13,1545,1668,1084,79,21
"""490572107014""","""Ogden-Clearfield, UT""",1.00,1542.00,506.00,148.99,42,51,48,22,28,27,20,23,21,7.22,24.53,2.17,2,2,20889,20693,19256,1,1,1,18060,17040,15971,13919,12940,12159,4121,4080,3797,20,20,15,53,55,41,4.4,5.1,3.40,16326,98,18024,41,7,1702,1832,,93,7
"""490572107031""","""Ogden-Clearfield, UT""",1.00,1314.00,412.00,160.01,42,51,48,22,27,26,20,23,21,7.59,19.53,2.16,2,2,21458,21261,19825,1,1,1,18128,17111,16042,13876,12899,12118,4233,4193,3909,19,19,15,51,53,40,3.5,4.5,2.57,16279,100,14766,41,12,1642,1636,1671,83,17
"""490572107032""","""Ogden-Clearfield, UT""",1.00,1528.00,494.00,221.77,40,49,46,21,26,25,19,22,20,6.63,14.77,2.06,2,2,20415,20218,18781,1,1,1,17273,16286,15216,13224,12277,11496,4027,3987,3704,22,22,17,59,60,46,5.0,4.8,2.23,16434,64,15082,41,18,1594,1645,1450,74,26
"""490572107041""","""Ogden-Clearfield, UT""",1.00,1610.00,539.00,250.05,35,42,39,15,19,19,19,23,21,6.75,14.55,2.13,2,2,19810,19613,18176,1,1,1,17653,16644,15571,13711,12741,11960,3908,3868,3584,35,36,27,94,97,74,3.8,5.2,2.16,15285,100,18278,40,10,1164,1379,,84,16
"""490572107042""","""Ogden-Clearfield, UT""",1.00,598.00,233.00,121.59,41,49,46,20,25,25,20,24,22,6.46,12.37,2.23,2,2,20669,20472,19035,1,1,1,18398,17361,16290,14295,13298,12517,4078,4037,3754,25,25,19,67,68,52,3.4,4.3,1.92,16119,100,17142,40,14,1543,1543,,100,0
"""490572107043""","""Ogden-Clearfield, UT""",1.00,1836.00,519.00,128.41,39,47,44,19,24,23,19,23,21,7.23,29.21,2.14,2,2,19948,19751,18314,1,1,1,17718,16707,15636,13755,12783,12002,3935,3895,3611,29,30,22,78,80,61,5.0,4.2,4.04,16516,89,16134,40,6,1456,1524,,96,4
"""490572107044""","""Ogden-Clearfield, UT""",1.00,1621.00,542.00,172.97,39,48,45,19,24,23,20,23,21,7.01,21.97,2.17,2,2,20522,20325,18888,1,1,1,18016,16996,15925,13940,12959,12178,4048,4008,3725,28,28,22,75,77,59,4.3,3.8,3.13,16587,95,14267,41,8,1470,1541,,95,5
"""490572107045""","""Ogden-Clearfield, UT""",1.00,887.00,303.00,226.14,42,52,49,22,27,26,21,24,22,7.24,9.70,2.26,2,2,21609,21412,19975,1,1,1,18771,17726,16655,14482,13477,12696,4263,4222,3939,26,27,21,71,73,56,3.1,3.2,1.34,16183,100,12726,41,16,1659,1659,,100,0
"""490572108001""","""Ogden-Clearfield, UT""",1.00,1213.00,466.00,182.38,39,47,44,21,26,25,18,21,19,6.03,15.41,1.96,2,2,17659,17462,16025,2,2,2,16135,15178,14102,12604,11686,10905,3484,3443,3160,47,48,37,128,131,100,6.1,5.7,2.56,17123,65,26998,40,11,1578,1827,1222,59,41
"""490572108002""","""Ogden-Clearfield, UT""",1.00,980.00,334.00,116.78,32,39,37,15,19,18,17,21,18,6.09,17.43,1.94,2,2,17215,17018,15581,2,2,2,15894,14944,13868,12449,11539,10758,3396,3356,3072,49,50,38,132,136,103,6.5,6.0,2.86,17610,68,27639,40,7,1139,1250,993,57,43
"""490572108003""","""Ogden-Clearfield, UT""",1.00,980.00,501.00,92.74,33,40,37,15,19,18,18,21,19,5.07,27.37,1.99,2,2,17725,17528,16091,2,2,1,16333,15367,14293,12796,11869,11088,3497,3456,3173,40,42,32,109,113,86,5.2,6.5,5.40,17325,92,27839,39,7,1125,984,1357,62,38
"""490572109001""","""Ogden-Clearfield, UT""",1.00,1179.00,426.00,233.10,35,43,40,18,23,22,17,20,18,5.82,10.64,1.89,2,2,16745,16548,15111,2,2,2,15473,14539,13464,12126,11230,10449,3303,3263,2980,44,45,35,120,124,94,6.5,6.6,1.83,17112,57,27863,39,10,1402,1630,1204,46,54
"""490572109002""","""Ogden-Clearfield, UT""",1.00,916.00,375.00,159.14,37,45,42,19,24,23,18,21,19,5.11,12.05,2.01,2,2,17789,17592,16155,2,2,2,16468,15497,14421,12914,11981,11200,3509,3469,3186,45,46,35,121,125,95,5.3,6.9,2.36,16348,87,26589,39,7,1437,1511,1283,68,32
"""490572109003""","""Ogden-Clearfield, UT""",1.00,1856.00,601.00,367.73,43,53,50,24,30,29,19,23,21,5.91,9.66,2.17,2,2,19097,18900,17463,2,2,2,17719,16701,15625,13906,12927,12146,3767,3727,3444,46,47,36,124,128,97,4.2,7.5,1.63,14127,85,21923,38,16,1808,1835,,99,1
"""490572109004""","""Ogden-Clearfield, UT""",1.00,1100.00,400.00,205.12,37,45,42,18,23,22,19,22,20,6.82,13.29,2.08,2,2,18394,18197,16761,1,2,1,17019,16027,14953,13353,12400,11619,3629,3588,3305,38,39,30,104,107,81,4.7,6.9,1.95,16082,85,24693,38,12,1394,1415,1302,82,18
"""490572109005""","""Ogden-Clearfield, UT""",1.00,2028.00,624.00,150.36,44,53,50,24,30,29,19,23,21,6.54,27.14,2.17,2,2,19151,18954,17517,2,2,2,17745,16727,15651,13923,12943,12162,3778,3738,3454,45,46,35,121,125,95,4.0,7.6,4.15,14762,100,23289,38,10,1833,1833,,100,0
"""490572110001""","""Ogden-Clearfield, UT""",1.00,1483.00,491.00,238.17,37,45,43,18,23,22,19,23,20,6.40,13.19,2.13,2,2,18865,18668,17232,1,1,1,17455,16446,15373,13696,12727,11946,3722,3681,3398,37,38,29,102,104,80,4.9,6.1,2.06,16622,100,26506,39,6,1382,1355,1640,91,9
"""490572110002""","""Ogden-Clearfield, UT""",1.00,1848.00,630.00,113.74,34,41,39,16,19,19,19,22,20,5.85,32.38,2.06,2,2,18347,18150,16713,2,2,2,16865,15881,14806,13203,12257,11476,3619,3579,3296,43,45,34,118,121,92,5.8,6.0,5.54,15995,89,26063,39,4,1181,1218,987,84,16
"""490572111001""","""Ogden-Clearfield, UT""",1.00,976.00,453.00,132.74,30,36,33,14,17,17,16,19,17,4.57,15.61,1.73,2,2,16399,16202,14765,2,2,2,14434,13546,12468,11142,10292,9511,3235,3195,2912,57,59,45,156,160,122,7.5,6.3,3.41,15276,23,23749,39,15,1052,1291,973,25,75
"""490572111002""","""Ogden-Clearfield, UT""",1.00,999.00,411.00,109.73,25,31,28,9,11,11,17,19,17,4.31,16.15,1.83,2,2,16636,16439,15002,2,2,2,15069,14154,13075,11729,10852,10071,3282,3242,2958,58,60,46,158,163,124,7.4,7.0,3.75,15081,45,21852,38,6,674,,1312,49,51
"""490572111003""","""Ogden-Clearfield, UT""",1.00,1116.00,348.00,550.31,44,54,51,24,30,30,20,23,21,7.04,4.45,2.21,2,2,19918,19721,18284,1,1,1,18134,17103,16031,14173,13182,12401,3929,3889,3606,31,32,24,85,87,66,3.4,6.8,0.63,12510,83,18351,38,29,1849,1932,,96,4
"""490572111004""","""Ogden-Clearfield, UT""",1.00,1216.00,429.00,133.34,39,48,45,20,25,24,19,22,20,6.31,20.29,2.10,2,2,18749,18552,17116,2,2,1,17233,16234,15160,13494,12535,11754,3699,3658,3375,40,41,31,109,112,85,5.7,6.4,3.22,14274,72,21380,39,10,1533,1616,,95,5
"""490572111005""","""Ogden-Clearfield, UT""",1.00,1199.00,433.00,141.24,33,39,37,14,18,17,18,21,19,6.00,18.41,2.01,2,2,18197,18000,16563,1,1,1,16514,15544,14470,12887,11956,11175,3590,3549,3266,37,38,29,100,103,78,5.3,6.3,3.07,14459,84,22377,39,7,1090,1628,,67,33
"""490572112011""","""Ogden-Clearfield, UT""",1.00,1291.00,419.00,5067.28,50,62,58,29,36,35,21,25,23,8.25,0.68,2.32,2,2,23414,23217,21780,1,1,1,19520,18455,17387,14885,13861,13080,4619,4578,4295,15,16,12,42,43,33,0.4,4.2,0.08,5544,98,6864,41,241,2197,2326,1855,73,27
"""490572112012""","""Ogden-Clearfield, UT""",1.00,868.00,314.00,386.87,49,60,57,29,36,35,21,24,22,7.08,5.74,2.27,2,2,21610,21413,19976,1,1,1,18847,17798,16727,14560,13551,12770,4263,4223,3939,24,24,18,64,66,50,2.3,5.9,0.81,9015,100,11178,39,35,2177,2286,,95,5
"""490572112013""","""Ogden-Clearfield, UT""",1.00,2350.00,900.00,297.34,36,43,40,18,23,22,17,20,18,5.69,17.21,1.90,2,2,18000,17803,16366,2,2,2,15784,14846,13771,12190,11291,10510,3551,3511,3227,43,44,34,118,121,92,6.9,6.4,3.03,11204,45,14830,38,10,1385,1630,1046,58,42
"""490572112021""","""Ogden-Clearfield, UT""",1.00,1102.00,422.00,150.79,35,43,40,18,22,22,17,20,18,5.01,14.02,1.89,2,2,17174,16977,15540,2,2,2,15594,14659,13581,12148,11252,10471,3388,3348,3064,58,60,46,158,163,124,6.8,7.4,2.80,14457,48,21044,38,10,1365,1459,1227,59,41
"""490572112022""","""Ogden-Clearfield, UT""",1.00,1495.00,470.00,300.61,49,59,56,30,37,36,19,22,20,6.60,10.32,2.10,2,2,18994,18797,17360,1,1,1,17285,16286,15213,13502,12542,11761,3747,3707,3423,36,37,28,99,102,77,5.7,6.8,1.56,12948,61,17597,38,15,2251,2377,,95,5
"""490572112023""","""Ogden-Clearfield, UT""",1.00,1507.00,440.00,770.71,45,55,51,25,31,30,20,23,21,7.02,4.01,2.18,2,2,20485,20288,18852,1,1,1,18046,17024,15953,13978,12996,12215,4041,4001,3717,26,27,20,72,74,56,3.6,5.8,0.57,10859,85,13049,39,22,1895,2013,1173,86,14
"""490572112024""","""Ogden-Clearfield, UT""",1.00,1255.00,476.00,143.30,40,49,46,22,28,27,18,21,19,5.95,19.75,1.99,2,2,17763,17566,16129,2,2,2,16330,15365,14287,12771,11845,11064,3504,3464,3181,55,56,43,148,153,116,7.4,7.4,3.32,13732,45,19887,38,6,1706,1863,,92,8
"""490572112025""","""Ogden-Clearfield, UT""",1.00,1974.00,862.00,614.44,36,44,41,19,24,23,17,20,18,5.30,7.43,1.86,2,2,17868,17671,16234,2,2,2,15504,14579,13503,11933,11047,10266,3525,3485,3201,46,48,36,125,129,98,6.7,6.8,1.40,12025,32,15693,38,23,1468,1618,1344,45,55
"""490139405012""",,1.00,1447.00,558.00,513.73,38,46,35,16,20,15,21,26,20,6.62,7.19,1.79,2,2,20682,20485,20123,0,1,0,15049,14682,14668,10959,10631,10688,4078,4040,3968,11,12,11,11,11,10,7.0,3.4,1.09,2030,37,3141,40,10,966,1163,818,43,57
"""490139403003""",,1.00,1768.00,685.00,1518688.14,53,65,49,23,28,21,30,37,28,9.90,0.00,2.49,2,2,30669,30472,30110,0,0,0,21287,20920,20906,15231,14903,14961,6048,6009,5938,7,8,7,7,7,7,0.0,0.3,0.00,759,74,477,46,3573,1342,1413,925,86,14
"""490159763002""",,1.00,1502.00,539.00,171091.18,50,61,45,20,25,18,30,36,27,10.34,0.03,2.37,2,2,29948,29751,29693,0,0,0,20438,19346,20353,14527,13471,14492,5906,5869,5855,6,6,6,6,6,5,0.0,0.4,0.00,588,89,386,44,1205,1096,1157,816,82,18
"""490159765001""",,1.00,1043.00,327.00,485496.09,49,59,43,17,22,15,32,37,28,11.33,0.01,2.42,2,2,31959,31762,31704,0,0,0,21136,20028,21050,14828,13757,14794,6302,6265,6252,5,5,5,5,5,5,0.0,0.2,0.00,343,85,129,46,2227,965,1033,669,81,19
"""490159762002""",,1.00,756.00,223.00,315530.81,55,66,49,20,25,18,35,41,31,13.06,0.01,2.61,3,3,36809,36612,36553,0,0,0,23268,22100,23183,16006,14875,15972,7259,7222,7208,3,3,3,3,3,3,0.0,0.0,0.00,246,89,169,58,2524,1111,1200,680,83,17
"""490159765003""",,1.00,890.00,353.00,1654250.46,50,61,45,20,24,17,31,36,27,10.05,0.00,2.39,2,2,29786,29589,29531,0,0,0,20517,19419,20432,14638,13576,14603,5874,5837,5823,5,6,5,5,5,5,0.3,0.4,0.00,360,67,598,45,4634,1092,1236,753,70,30
"""490159762001""",,1.00,1076.00,364.00,187476.27,54,66,48,20,25,18,34,40,30,12.19,0.02,2.59,3,3,35588,35391,35333,0,0,0,22862,21702,22776,15841,14718,15806,7018,6981,6968,3,3,3,3,3,3,0.0,0.0,0.00,444,77,537,60,1838,1120,1226,659,81,19
"""490159762003""",,1.00,1054.00,390.00,5571.57,43,52,39,17,22,15,26,31,23,8.63,0.60,2.06,2,2,25116,24919,24861,0,0,0,17548,16555,17463,12589,11632,12554,4953,4916,4902,7,7,7,6,7,6,2.0,3.3,0.07,504,78,522,38,98,965,1117,623,69,31
"""490159762004""",,1.00,1196.00,404.00,3332.34,45,54,40,20,25,18,25,30,22,8.52,1.03,1.99,2,2,24076,23879,23821,0,0,0,16963,15989,16878,12208,11271,12173,4748,4710,4697,8,8,7,7,7,7,3.3,5.1,0.12,519,65,513,36,48,1097,1218,651,79,21
"""490159763001""",,1.00,1347.00,472.00,2634.23,52,64,47,25,31,22,28,33,24,8.99,1.61,2.14,2,2,27101,26904,26846,0,0,0,18464,17444,18379,13114,12131,13079,5344,5307,5294,6,6,6,6,6,5,2.7,0.7,0.18,516,83,797,44,41,1388,1541,693,82,18
"""490159765002""",,1.00,1034.00,375.00,30471.42,46,55,41,17,22,16,28,34,25,9.16,0.11,2.21,2,2,28049,27852,27794,0,0,0,19091,18048,19005,13553,12547,13518,5531,5494,5481,6,6,6,6,6,6,0.4,1.2,0.01,409,82,267,41,435,974,1113,533,76,24
"""490170003001""",,1.00,973.00,377.00,382.81,61,74,47,31,38,23,31,36,24,9.02,8.88,1.97,2,2,26228,26031,26757,0,0,0,17263,16296,17933,12085,11154,12650,5172,5135,5276,6,7,6,6,6,6,4.0,0.9,0.98,410,96,436,42,7,1442,1539,790,87,13
"""490170003002""",,1.00,480.00,128.00,366701.34,69,83,52,31,39,23,37,44,29,11.03,0.00,2.40,2,2,32607,32410,33135,0,0,0,21127,20026,21797,14692,13628,15257,6430,6393,6534,5,5,5,5,5,5,0.1,0.1,0.00,181,94,227,49,1615,1469,1808,,81,19
"""490170003003""",,1.00,940.00,269.00,145209.83,65,79,50,29,36,22,36,42,28,,,2.29,2,2,30987,30790,31516,0,0,0,20163,19095,20832,14048,13017,14613,6111,6074,6215,5,5,5,4,5,4,0.1,0.1,0.00,291,83,208,47,1152,1371,1513,841,79,21
"""490170004001""",,1.00,1282.00,621.00,2208722.48,64,78,49,28,35,21,36,43,28,10.12,0.00,2.36,2,2,30518,30321,31046,0,0,0,20471,19383,21141,14448,13397,15014,6018,5981,6122,5,5,5,5,5,5,0.0,0.1,0.00,622,80,480,51,5322,1306,1596,850,61,39
"""490170004002""",,1.00,1446.00,557.00,591075.53,58,71,45,23,29,17,35,42,27,10.15,0.01,2.30,2,2,29159,28962,29687,0,0,0,19850,18779,20520,14100,13066,14665,5750,5713,5854,1,1,1,1,1,1,0.1,0.0,0.00,568,71,829,49,2173,1091,1232,720,73,27
"""490190002001""",,1.00,1140.00,423.00,6474.00,58,71,47,30,37,24,28,33,23,,,1.98,2,2,23737,23540,24335,0,0,0,16809,15840,17451,12121,11189,12645,4681,4644,4799,7,8,7,7,7,7,1.8,1.3,0.07,1033,66,1904,43,185,1477,1621,1306,54,46
"""490190002002""",,1.00,1430.00,493.00,298.78,46,56,37,21,26,16,26,30,21,7.88,13.00,1.81,2,2,21246,21049,21843,0,0,0,15272,14356,15913,11073,10195,11597,4190,4152,4307,9,9,8,8,9,8,6.0,1.5,1.65,1725,59,3626,44,10,1016,1221,735,58,42
"""490190002003""",,1.00,1240.00,486.00,1471.70,53,64,42,26,32,20,27,32,22,8.29,2.74,1.87,2,2,23219,23022,23816,0,0,0,16009,15075,16650,11422,10525,11946,4579,4541,4697,8,8,7,7,8,7,5.2,1.1,0.33,1057,35,1509,43,46,1273,1228,1367,68,32
"""490190002004""",,1.00,1072.00,636.00,545.09,45,54,36,20,25,16,25,29,20,5.95,6.95,1.74,2,2,20748,20551,21346,0,0,0,14752,13857,15392,10650,9793,11174,4092,4054,4209,10,10,9,9,10,8,6.0,1.3,1.17,1922,52,4122,45,14,973,1199,860,33,67
"""490190003011""",,1.00,1034.00,342.00,1299.91,67,82,54,36,46,29,30,36,25,10.05,2.64,2.07,2,2,27171,26974,27768,0,0,0,18033,17036,18674,12669,11708,13193,5358,5321,5476,6,6,5,6,6,5,3.4,0.2,0.26,593,60,859,48,57,1796,2163,,83,17
"""490190003012""",,1.00,1836.00,993.00,27981.10,57,69,46,24,30,19,33,39,27,9.66,0.34,2.24,2,2,28928,28731,29526,0,0,0,19445,18393,20086,13733,12718,14257,5705,5668,5822,7,7,6,7,7,6,0.2,0.4,0.04,1073,86,377,45,549,1203,1242,699,93,7
"""490190003021""",,1.00,1176.00,572.00,1014.20,58,70,46,30,38,24,27,32,22,7.83,4.41,1.93,2,2,22618,22421,23216,0,0,0,16259,15306,16900,11791,10875,12314,4460,4423,4578,8,8,7,7,8,7,4.9,1.0,0.56,1604,60,3637,45,21,1491,1657,1100,70,30
"""490190003022""",,1.00,752.00,390.00,2311468.91,55,67,44,20,26,16,35,41,28,9.83,0.00,2.35,2,2,30855,30658,31452,0,0,0,20497,19411,21139,14408,13358,14932,6084,6048,6202,5,5,5,5,5,5,0.4,0.1,0.00,412,70,330,50,5543,1008,1617,,62,38
"""490211105021""","""Cedar City, UT""",1.00,705.00,248.00,290.43,42,51,35,17,21,14,26,30,21,,,1.96,2,2,21124,20927,19969,1,1,0,16186,15223,15472,12007,11080,11523,4165,4128,3938,14,15,11,13,14,10,6.5,2.7,0.85,5545,34,9166,43,22,873,864,892,68,32
"""490211103002""","""Cedar City, UT""",1.00,2994.00,713.00,6146.04,57,69,47,25,31,21,32,38,26,10.44,1.21,2.37,2,2,28436,28239,27281,0,0,0,20133,19041,19420,14517,13462,14034,5607,5570,5380,8,8,6,7,8,6,1.6,0.3,0.12,1747,89,1934,48,92,1295,1382,,94,6
"""490211105012""","""Cedar City, UT""",1.00,2873.00,849.00,210.11,47,57,39,23,29,20,24,28,19,7.22,29.16,1.80,2,2,20344,20147,19189,1,1,1,15067,14154,14353,11040,10162,10556,4012,3974,3784,16,17,13,15,16,12,7.1,2.1,4.04,4682,40,6846,44,9,1229,1164,1258,30,70
"""490211101002""","""Cedar City, UT""",1.00,1698.00,675.00,12972.32,58,70,47,26,33,22,31,37,25,9.12,0.47,2.27,2,2,28880,28683,27725,0,0,0,19587,18527,18873,13884,12861,13400,5695,5658,5467,8,8,6,7,8,6,1.8,0.3,0.05,808,71,544,46,156,1388,1411,1324,74,26
"""490211101001""","""Cedar City, UT""",1.00,829.00,366.00,215878.79,57,69,47,20,25,17,36,43,30,11.21,0.02,2.60,3,3,35804,35607,34650,0,0,0,22974,21811,22262,15909,14782,15426,7061,7024,6833,4,5,3,4,4,3,0.0,0.0,0.00,422,95,169,56,1411,1066,1134,868,75,25
"""490211101003""","""Cedar City, UT""",1.00,1560.00,437.00,1971.02,53,64,44,23,29,20,30,35,24,8.92,1.98,2.16,2,2,28079,27882,26924,0,0,0,18747,17722,18034,13202,12214,12719,5537,5500,5309,8,8,6,7,8,6,2.6,0.3,0.22,570,90,485,46,30,1226,1496,874,57,43
"""490211101004""","""Cedar City, UT""",1.00,284.00,125.00,329447.87,60,73,49,28,35,23,32,38,26,9.18,0.00,2.36,2,2,29784,29587,28629,0,0,0,20315,19228,19602,14433,13382,13949,5873,5836,5646,9,10,7,9,9,7,1.3,0.9,0.00,184,38,686,43,2182,1460,1618,793,81,19
"""490211102011""","""Cedar City, UT""",1.00,1379.00,513.00,1517.36,52,63,43,23,29,19,29,35,24,8.90,3.01,2.16,2,2,26488,26291,25333,0,0,0,18446,17421,17733,13213,12225,12730,5223,5186,4996,9,10,7,9,9,7,3.1,0.3,0.34,2302,68,1759,48,51,1209,1326,1000,64,36
"""490211102012""","""Cedar City, UT""",1.00,3428.00,781.00,1546.09,52,63,43,22,27,18,31,36,25,9.83,4.96,2.27,2,2,27209,27012,26055,0,0,0,19249,18190,18536,13874,12852,13391,5366,5328,5138,9,9,7,8,9,6,2.7,0.4,0.51,2310,89,1701,47,34,1149,1316,,87,13
"""490211102021""","""Cedar City, UT""",1.00,1811.00,661.00,12087.30,60,73,49,27,33,22,33,39,27,9.98,0.55,2.43,2,2,30212,30015,29058,0,0,0,20866,19754,20153,14901,13826,14418,5958,5921,5730,7,7,6,7,7,5,1.1,0.2,0.05,1306,94,925,49,130,1401,1447,,97,3
"""490211102022""","""Cedar City, UT""",1.00,1605.00,442.00,986.09,62,76,51,31,38,26,32,37,26,10.43,4.67,2.33,2,2,28794,28597,27640,0,0,0,19957,18878,19244,14271,13228,13787,5678,5641,5450,8,8,6,7,8,6,2.4,0.3,0.45,1453,94,1077,48,35,1610,1667,,97,3
"""490211102023""","""Cedar City, UT""",1.00,1841.00,375.00,244668.88,65,78,53,25,32,21,39,46,32,14.36,0.02,2.76,3,3,39232,39035,38078,0,0,0,24635,23422,23923,16895,15718,16412,7736,7700,7509,4,4,3,3,4,3,0.0,0.0,0.00,438,100,135,60,1599,1335,1379,,97,3
"""490211103001""","""Cedar City, UT""",1.00,1753.00,556.00,361897.71,61,74,50,24,30,20,37,44,30,12.43,0.02,2.64,3,3,35926,35729,34771,0,0,0,23253,22077,22541,16165,15025,15682,7084,7048,6857,4,4,3,4,4,3,0.5,0.0,0.00,626,72,749,62,773,1260,1432,549,81,19
"""490211103003""","""Cedar City, UT""",1.00,760.00,336.00,688192.21,57,69,47,23,29,19,34,40,28,9.88,0.00,2.50,2,2,31316,31119,30161,0,0,0,21501,20368,20788,15318,14222,14835,6175,6138,5948,7,8,6,7,7,5,0.1,2.0,0.00,373,84,562,40,1586,1220,1220,,100,0
"""490211104001""","""Cedar City, UT""",1.00,1299.00,474.00,260.58,41,50,34,17,22,15,24,28,19,5.76,10.49,1.83,2,2,19717,19520,18563,1,1,1,15136,14213,14420,11228,10341,10744,3888,3851,3661,20,21,16,19,20,15,7.0,2.2,1.82,6057,45,9465,44,9,913,1271,735,33,67
"""490211104002""","""Cedar City, UT""",1.00,783.00,174.00,73.75,31,37,25,6,8,5,25,30,20,,,1.93,2,2,21010,20813,19855,1,1,0,15988,15033,15273,11830,10913,11347,4143,4106,3915,14,15,11,13,14,10,6.3,2.0,2.36,5773,66,8982,44,7,316,,640,51,49
"""490211104003""","""Cedar City, UT""",1.00,477.00,169.00,79.02,52,63,43,24,30,20,28,33,22,7.89,16.87,2.13,2,2,22651,22454,21497,0,0,0,17541,16523,16827,13062,12082,12579,4467,4429,4239,12,12,9,11,12,9,4.8,2.0,2.14,5379,94,8182,44,6,1265,1295,1045,88,12
"""490211104004""","""Cedar City, UT""",1.00,2428.00,768.00,313.74,50,61,41,24,30,20,26,31,21,8.07,19.76,2.00,2,2,22267,22070,21112,1,1,0,16648,15672,15934,12243,11305,11760,4391,4354,4163,14,14,10,13,13,10,6.4,1.5,2.45,4769,46,6900,45,14,1247,1415,808,72,28
"""490211105011""","""Cedar City, UT""",1.00,1880.00,619.00,400.28,55,67,46,29,37,25,26,31,21,7.58,11.72,1.97,2,2,22109,21912,20954,0,0,0,16448,15481,15733,12075,11145,11591,4360,4322,4132,13,13,10,12,13,9,5.6,2.5,1.55,3102,61,3741,42,13,1539,2067,681,62,38
"""490211105013""","""Cedar City, UT""",1.00,2467.00,615.00,323.14,46,56,38,21,26,18,25,30,20,8.22,15.64,1.93,2,2,21223,21026,20068,1,1,0,16023,15069,15309,11824,10907,11341,4185,4148,3957,14,15,11,13,14,10,5.8,2.5,1.90,4487,57,6235,43,15,1097,982,1216,51,49
"""490211105022""","""Cedar City, UT""",1.00,2302.00,685.00,29801.20,68,83,56,35,44,29,33,39,26,10.50,0.24,2.40,2,2,29881,29684,28727,0,0,0,20567,19467,19854,14667,13605,14184,5892,5856,5665,7,7,5,6,7,5,0.4,0.1,0.02,1302,71,1511,51,710,1846,2317,647,72,28
"""490211105023""","""Cedar City, UT""",1.00,1344.00,542.00,326.69,45,54,37,21,26,17,24,28,19,6.63,11.01,1.85,2,2,19835,19638,18681,1,1,1,15276,14346,14560,11345,10452,10862,3911,3874,3684,19,20,15,18,19,14,6.7,2.6,1.66,5596,39,8883,44,16,1082,1604,734,40,60
"""490211106011""","""Cedar City, UT""",1.00,1268.00,387.00,133.68,34,41,28,11,14,9,23,27,19,6.63,19.19,1.75,2,2,19968,19771,18813,1,1,1,14683,13785,13968,10728,9867,10244,3938,3900,3710,17,18,13,16,17,13,8.0,2.1,2.89,5488,19,9218,44,8,583,,885,34,66
"""490211106012""","""Cedar City, UT""",1.00,1429.00,541.00,180.96,44,53,36,20,25,17,24,28,19,7.17,21.43,1.78,2,2,20264,20067,19110,1,1,1,14937,14029,14222,10925,10054,10441,3996,3959,3768,16,17,13,15,16,12,7.6,2.3,2.99,4911,23,8782,44,11,1070,1181,1003,38,62
"""490211106021""","""Cedar City, UT""",1.00,1888.00,732.00,4210.03,47,57,39,20,24,16,28,32,22,7.87,1.37,2.06,2,2,24069,23872,22914,0,0,0,17349,16356,16635,12592,11635,12109,4746,4709,4519,11,11,8,10,11,8,2.8,1.2,0.17,2384,47,3214,44,162,1027,1355,748,46,54
"""490211106022""","""Cedar City, UT""",1.00,1592.00,534.00,79800.68,58,71,48,28,35,23,30,36,24,9.38,0.06,2.21,2,2,28228,28031,27073,0,0,0,19096,18055,18383,13521,12517,13038,5566,5529,5339,8,9,6,8,8,6,1.2,0.3,0.01,816,36,543,46,1191,1462,1802,1090,52,48
"""490211106023""","""Cedar City, UT""",1.00,632.00,386.00,126.49,31,37,25,6,8,5,25,29,20,,,1.89,2,2,20726,20529,19571,1,1,0,15645,14706,14931,11544,10641,11060,4087,4050,3859,15,15,11,14,14,11,6.9,2.2,3.05,5031,50,8086,44,8,341,,678,50,50
"""490211107021""","""Cedar City, UT""",1.00,1350.00,577.00,99447.99,60,73,50,25,32,21,35,41,28,10.15,0.06,2.54,2,2,32831,32634,31676,0,0,0,22042,20896,21329,15562,14453,15078,6474,6437,6246,6,6,5,6,6,5,0.1,0.1,0.01,729,87,538,50,822,1338,1373,720,95,5
"""490211107022""","""Cedar City, UT""",1.00,1960.00,636.00,2117.39,50,60,41,20,25,17,30,36,24,9.23,2.77,2.24,2,2,27220,27023,26065,0,0,0,19058,18009,18345,13682,12669,13198,5368,5331,5140,9,9,7,8,8,6,2.3,0.4,0.30,1929,83,1884,47,59,1040,1404,,74,26
"""490211107023""","""Cedar City, UT""",1.00,1322.00,375.00,2289.19,62,76,51,30,37,25,33,39,26,10.55,1.73,2.40,2,2,29484,29287,28330,0,0,0,20520,19419,19808,14699,13634,14215,5814,5777,5587,7,7,6,7,7,5,1.6,0.3,0.16,1182,94,1187,48,74,1557,1557,,100,0
"""490211107024""","""Cedar City, UT""",1.00,1774.00,635.00,4442.52,70,85,58,39,49,33,31,36,25,8.92,1.28,2.31,2,2,26780,26583,25626,0,0,0,19451,18377,18738,14161,13124,13678,5281,5244,5053,9,9,7,8,9,6,1.5,0.6,0.14,2756,90,4193,47,103,2050,2102,1808,82,18
"""490211107031""","""Cedar City, UT""",1.00,1470.00,585.00,428.09,52,63,43,24,31,21,28,32,22,7.80,10.66,2.10,2,2,22607,22410,21452,1,1,0,17333,16326,16618,12860,11890,12377,4458,4421,4230,15,15,11,14,14,10,4.8,1.4,1.37,5147,76,6975,46,13,1284,1434,769,77,23
"""490211107032""","""Cedar City, UT""",1.00,2910.00,745.00,653.55,63,76,52,33,41,27,30,35,24,9.46,10.79,2.26,2,2,25426,25229,24271,0,0,0,18862,17805,18148,13838,12817,13354,5014,4977,4786,10,10,8,9,10,7,3.0,0.7,1.14,3922,97,5035,47,19,1721,1761,1106,94,6
"""490211107041""","""Cedar City, UT""",1.00,1376.00,425.00,1103.93,50,61,41,24,30,20,26,30,21,7.58,2.92,1.95,2,2,22025,21828,20871,0,1,0,16303,15343,15589,11946,11023,11463,4343,4306,4116,13,14,10,13,13,10,5.4,2.1,0.38,3965,35,4826,43,44,1271,1508,1020,52,48
"""490211107042""","""Cedar City, UT""",1.00,843.00,244.00,121.89,37,45,30,15,19,13,22,26,18,5.92,11.86,1.65,2,2,19181,18984,18027,1,1,1,13936,13069,13218,10124,9294,9641,3782,3745,3555,29,30,22,27,29,21,7.9,1.7,2.00,5719,10,8221,45,12,798,,798,0,100
"""490211107043""","""Cedar City, UT""",1.00,1754.00,671.00,5207.01,51,62,42,22,28,19,29,34,23,8.57,1.10,2.16,2,2,25205,25008,24050,0,0,0,18192,17167,17479,13212,12223,12728,4970,4933,4743,10,10,8,10,10,7,3.1,0.5,0.13,2189,53,3448,48,98,1177,1287,997,62,38
"""490230101001""","""Provo-Orem, UT""",1.00,1489.00,519.00,478.75,36,44,41,14,17,17,22,27,24,9.16,9.93,2.35,2,2,27398,27201,25069,0,0,0,20485,19411,17765,15069,14036,12814,5405,5364,4943,10,11,7,10,10,7,4.1,0.6,1.08,1700,89,1614,46,10,1057,1264,,84,16
"""490230101002""","""Provo-Orem, UT""",1.00,1598.00,426.00,11032.59,42,51,47,19,23,23,23,27,24,9.02,0.35,2.41,2,2,27470,27273,25140,0,0,0,20915,19821,18175,15486,14433,13211,5419,5378,4958,10,10,7,9,9,7,1.1,2.1,0.04,994,78,1762,42,235,1428,1693,684,74,26
"""490230101003""","""Provo-Orem, UT""",1.00,1148.00,328.00,276.54,43,52,49,21,26,25,22,26,23,9.70,11.50,2.31,2,2,26775,26578,24445,0,0,0,20105,19043,17397,14812,13791,12569,5282,5241,4821,11,11,8,10,10,7,4.4,0.9,1.19,1583,89,1491,44,8,1588,1690,1114,82,18
"""490230101004""","""Provo-Orem, UT""",1.00,1452.00,532.00,299.70,40,48,45,18,23,22,21,25,22,9.00,15.97,2.23,2,2,25996,25799,23667,0,0,0,19461,18422,16776,14321,13323,12101,5128,5087,4667,12,12,8,11,11,8,5.0,1.0,1.78,1644,84,1629,44,6,1399,1471,1225,71,29
"""490230101005""","""Provo-Orem, UT""",1.00,1278.00,416.00,588.50,38,46,43,16,20,19,22,26,23,8.75,6.19,2.29,2,2,27292,27095,24963,0,0,0,20125,19067,17420,14731,13713,12491,5384,5343,4923,10,10,7,9,10,7,3.4,0.5,0.71,1559,94,1509,46,14,1214,1292,1085,63,38
"""490230102001""","""Provo-Orem, UT""",1.00,1045.00,355.00,1568092.62,44,53,49,18,22,21,26,31,28,10.68,0.00,2.71,3,2,33178,32981,30849,0,0,0,23935,22752,21107,17381,16240,15018,6545,6504,6083,8,9,6,8,8,5,0.1,1.2,0.00,357,92,256,40,2795,1335,1383,495,95,5
"""490230102002""","""Provo-Orem, UT""",1.00,916.00,283.00,409879.87,45,55,51,19,24,24,26,31,28,10.41,0.01,2.68,3,2,32621,32424,30291,0,0,0,23682,22506,20861,17239,16105,14882,6435,6394,5973,7,7,5,7,7,5,0.0,0.4,0.00,368,86,614,46,1687,1480,1588,860,85,15
"""490230102003""","""Provo-Orem, UT""",1.00,1519.00,426.00,2607.33,45,55,51,20,25,25,25,29,26,10.86,1.77,2.54,2,2,31491,31294,29162,0,0,0,22508,21377,19732,16289,15198,13976,6212,6171,5751,7,7,5,7,7,5,2.1,0.2,0.16,788,96,686,48,40,1538,1626,,95,5
"""490230102004""","""Provo-Orem, UT""",1.00,1498.00,309.00,177416.55,42,51,47,15,19,18,27,32,28,12.30,0.02,2.73,3,2,33940,33743,31610,0,0,0,24221,23031,21388,17524,16376,15153,6695,6654,6233,2,2,1,5,5,4,0.0,0.1,0.00,674,88,1077,54,1375,1158,1315,715,74,26
"""490251302002""",,1.00,714.00,344.00,472.04,36,44,35,18,23,17,18,21,18,,,1.54,1,2,14755,14558,15870,0,0,0,12334,11967,13209,9416,9088,10069,2910,2871,3130,8,9,10,8,8,10,3.8,10.0,0.73,480,85,1451,20,14,1079,958,1213,53,47
"""490251301001""",,1.00,645.00,220.00,2204987.82,70,87,67,40,50,37,30,37,29,10.58,0.00,2.44,2,3,31241,31044,32356,0,0,0,21094,20728,21969,14929,14601,15582,6161,6122,6381,5,5,6,4,5,6,1.5,0.1,0.00,229,93,670,50,2466,2344,2658,888,82,18
"""490251301002""",,1.00,995.00,356.00,85015.11,47,58,45,21,26,19,26,32,26,9.50,0.04,2.12,2,2,27598,27401,28713,0,0,0,18451,18084,19325,13004,12676,13657,5442,5403,5662,5,5,6,4,4,5,0.4,0.6,0.00,367,65,169,42,914,1213,1317,886,76,24
"""490251301003""",,1.00,1005.00,333.00,95721.29,52,65,50,23,29,22,29,36,28,11.33,0.04,2.35,2,2,30852,30655,31967,0,0,0,20471,20105,21345,14384,14056,15037,6084,6045,6304,4,4,5,4,4,4,0.0,0.2,0.00,382,93,449,48,772,1350,1368,1016,95,5
"""490251302001""",,1.00,1681.00,784.00,65045.35,45,56,43,20,25,19,25,31,25,8.40,0.10,2.08,2,2,25124,24927,26239,0,0,0,17682,17315,18556,12722,12394,13375,4954,4916,5174,5,6,7,5,5,7,0.4,1.4,0.01,860,71,655,41,685,1177,1213,1098,69,31
"""490251302003""",,1.00,1085.00,499.00,1169.70,47,58,45,25,31,23,22,27,22,7.51,3.20,1.86,2,2,21809,21612,22924,0,0,0,15694,15328,16569,11387,11059,12040,4301,4262,4521,7,7,9,7,7,8,3.2,8.9,0.43,602,82,348,29,25,1457,1515,,96,4
"""490251302004""",,1.00,1689.00,689.00,101151.85,54,66,51,26,32,24,28,34,27,10.34,0.07,2.25,2,2,28914,28717,30029,0,0,0,19457,19090,20331,13751,13423,14404,5702,5663,5922,4,4,5,4,4,5,0.1,0.2,0.01,732,80,418,48,857,1523,1610,1183,80,20
"""490279743002""",,1.00,1514.00,431.00,998612.76,55,68,50,21,26,19,34,41,30,12.29,0.01,2.67,3,3,35640,35443,34785,0,0,0,23391,23024,22804,16359,16031,15941,7028,6989,6860,4,4,3,4,4,3,0.0,0.0,0.00,442,96,417,57,1958,1220,1342,650,82,18
"""490279741002""",,1.00,620.00,226.00,1593.25,43,54,39,18,22,16,26,32,23,,,2.11,2,2,25835,25638,24981,0,0,0,18035,17668,17448,12933,12605,12516,5095,5056,4926,7,8,6,7,7,6,2.6,2.3,0.14,455,90,688,40,33,1013,1213,576,69,31
"""490279742003""",,1.00,858.00,330.00,2551327.07,54,67,49,19,24,17,35,43,31,12.61,0.00,2.75,3,3,37657,37460,36803,0,0,0,24249,23882,23663,16820,16492,16403,7426,7387,7257,3,3,3,3,3,2,0.5,0.0,0.00,331,98,393,63,3177,1096,1326,574,69,31
"""490279741004""",,1.00,883.00,318.00,848.42,44,54,40,19,24,18,25,30,22,8.50,3.18,2.01,2,2,25153,24956,24299,0,0,0,17290,16923,16703,12322,11994,11904,4960,4921,4792,8,8,7,7,8,6,4.8,1.0,0.37,591,69,833,43,14,1108,1125,1086,56,44
"""490279741001""",,1.00,1402.00,465.00,297476.41,52,65,47,20,25,18,32,40,29,11.41,0.02,2.60,3,3,33619,33422,32765,0,0,0,22522,22155,21936,15888,15560,15470,6630,6591,6461,5,5,4,4,5,4,0.0,0.1,0.00,495,98,642,51,1390,1144,1214,586,89,11
"""490279741003""",,1.00,2213.00,715.00,3506.26,50,62,45,23,28,21,27,33,24,9.06,1.85,2.21,2,2,27362,27165,26508,0,0,0,18922,18555,18335,13519,13191,13102,5396,5357,5227,7,7,6,7,7,6,2.7,0.4,0.20,862,84,1061,46,37,1307,1383,1063,76,24
"""490279742001""",,1.00,1154.00,390.00,14886.59,44,55,40,18,22,16,27,33,24,9.49,0.25,2.15,2,2,27164,26967,26310,0,0,0,18546,18179,17959,13182,12854,12764,5357,5318,5188,7,8,6,7,7,6,1.0,0.9,0.03,478,90,250,41,165,1017,1138,895,50,50
"""490279742002""",,1.00,896.00,262.00,200009.51,56,70,51,22,27,20,35,43,31,13.53,0.02,2.69,3,3,38174,37977,37320,0,0,0,23970,23603,23384,16438,16110,16021,7528,7489,7359,4,4,3,3,4,3,0.0,0.0,0.00,288,97,131,55,1163,1265,1265,,100,0
"""490279743001""",,1.00,926.00,296.00,188929.18,52,64,47,21,26,19,31,38,28,11.42,0.02,2.47,2,2,32332,32135,31478,0,0,0,21510,21143,20923,15129,14801,14711,6376,6337,6207,6,6,5,5,6,5,0.0,0.3,0.00,323,98,144,44,908,1190,1207,1052,89,11
"""490279743003""",,1.00,1021.00,328.00,84388.93,54,67,49,24,30,23,30,36,27,9.88,0.04,2.39,2,2,29700,29503,28846,0,0,0,20522,20156,19936,14660,14332,14242,5857,5818,5688,6,6,5,5,6,5,0.1,0.6,0.00,376,87,822,44,767,1410,1555,885,78,22
"""490279743004""",,1.00,1540.00,416.00,1137.60,46,57,41,19,24,18,26,32,24,10.12,3.70,2.13,2,2,27098,26901,26244,0,0,0,18373,18007,17786,13023,12695,12605,5344,5305,5175,7,7,6,6,7,5,3.4,0.9,0.37,452,75,547,43,31,1116,1252,673,76,24
"""490299701012""","""Ogden-Clearfield, UT""",1.00,2624.00,687.00,208522.17,52,64,60,26,33,32,26,31,28,11.54,0.04,2.67,3,2,31970,31773,30336,0,0,0,23487,22314,21248,17173,16041,15260,6307,6266,5982,7,7,5,6,7,5,0.0,0.2,0.00,1172,91,1264,49,2267,1998,2106,874,91,9
"""490299702001""","""Ogden-Clearfield, UT""",1.00,1786.00,569.00,139988.88,50,60,57,25,31,30,25,29,27,9.86,0.04,2.60,3,2,28768,28571,27134,0,0,0,22346,21197,20131,16666,15558,14777,5675,5634,5351,5,5,4,20,21,16,0.0,1.2,0.00,2166,98,2763,44,2641,1903,1894,1955,85,15
"""490299701011""","""Ogden-Clearfield, UT""",1.00,2960.00,809.00,13191.63,61,74,70,37,46,45,24,28,26,9.77,0.60,2.50,2,2,28002,27805,26368,0,0,0,21561,20442,19375,16027,14949,14168,5524,5483,5200,9,9,7,9,9,7,0.3,1.1,0.06,2315,100,2577,44,244,2797,2962,,94,6
"""490299701013""","""Ogden-Clearfield, UT""",1.00,697.00,247.00,8453.20,60,74,70,37,46,45,23,27,25,8.91,0.26,2.47,2,2,26493,26296,24859,0,0,0,21118,20006,18939,15882,14811,14030,5226,5185,4902,9,10,7,26,26,20,0.1,2.5,0.03,3024,93,3761,42,470,2815,3090,,91,9
"""490299701021""","""Ogden-Clearfield, UT""",1.00,2609.00,743.00,17021.16,47,57,54,24,30,29,23,27,25,9.82,0.43,2.43,2,2,27789,27592,26156,0,0,0,21087,19989,18922,15597,14539,13758,5482,5441,5158,9,9,7,8,8,6,0.7,0.6,0.04,1931,87,2668,46,254,1817,1977,1293,77,23
"""490299701022""","""Ogden-Clearfield, UT""",1.00,1691.00,451.00,2690.53,48,58,55,25,31,30,23,27,25,9.94,1.67,2.40,2,2,27414,27217,25780,0,0,0,20861,19769,18703,15444,14393,13612,5408,5367,5084,9,9,7,8,8,6,1.2,0.9,0.17,1930,100,2667,45,93,1881,2250,,84,16
"""490319601001""",,1.00,719.00,226.00,73927.34,103,125,49,42,52,19,62,73,30,12.30,0.04,2.34,2,3,35120,34923,36239,0,0,0,20523,19479,22851,13592,12420,15702,6928,7056,7146,2,3,3,2,3,3,0.1,0.0,0.00,244,87,227,58,704,1163,1188,900,91,9
"""490319601002""",,1.00,1045.00,343.00,411472.66,100,121,47,42,53,19,57,68,28,11.11,0.01,2.17,2,2,32900,32703,34018,0,0,0,19078,18089,21352,12584,11477,14639,6490,6607,6708,4,5,5,4,4,5,0.0,0.1,0.00,357,88,20,46,1381,1178,1247,484,91,9
"""490339501002""",,1.00,1409.00,346.00,429330.30,46,57,42,16,20,15,30,36,27,10.56,0.01,2.42,2,2,29331,29134,28490,0,0,0,20582,20216,19973,14792,14464,14349,5784,5745,5618,6,6,6,6,6,5,0.1,0.7,0.00,528,88,576,43,1213,937,1040,640,74,26
"""490339501001""",,1.00,1134.00,419.00,229131.06,55,68,50,25,32,23,30,37,27,9.86,0.02,2.43,2,2,30130,29933,29290,0,0,0,20797,20430,20187,14847,14519,14404,5942,5903,5776,8,8,7,7,7,7,0.4,0.3,0.00,501,68,758,47,771,1459,1607,733,83,17
"""490351135092""","""Salt Lake City, UT""",1.00,370.00,179.00,42.18,29,35,33,14,18,17,15,17,16,,,1.60,2,1,15180,14983,13897,4,4,3,13348,12499,11713,10298,9488,8927,2995,2955,2740,55,56,45,136,140,111,9.0,5.2,4.24,27827,1,58999,43,6,1088,,1454,25,75
"""490359800001""","""Salt Lake City, UT""",1.00,0.00,0.00,9710.14,,,,,,,,,,,,,,,,,,,,,,,,,,,,,,,,,,,,,,0.00,,,,,,,,,,
"""490351027012""","""Salt Lake City, UT""",1.00,1303.00,650.00,99.51,32,39,37,16,20,20,16,19,17,4.58,29.89,1.75,2,2,15648,15451,14365,4,5,4,14401,13509,12720,11246,10391,9831,3087,3047,2833,69,71,56,170,175,139,8.1,7.1,6.53,21400,30,51341,42,8,1233,1563,1040,37,63
"""490351130081""","""Salt Lake City, UT""",1.00,1127.00,362.00,160.10,48,59,55,28,34,33,21,24,22,8.02,18.14,2.23,2,2,21322,21125,20038,1,1,1,18520,17483,16705,14303,13306,12745,4206,4166,3952,11,12,9,27,29,22,3.5,3.9,2.26,22317,100,29763,43,18,2073,2073,,100,0
"""490351131092""","""Salt Lake City, UT""",1.00,1253.00,310.00,150.46,46,56,52,25,32,30,20,24,22,8.48,17.47,2.18,2,2,21891,21694,20608,1,1,1,18362,17337,16559,14031,13046,12486,4319,4278,4064,12,13,10,29,30,24,3.8,3.2,2.06,18620,100,17931,44,14,1906,1906,,100,0
"""490351134122""","""Salt Lake City, UT""",1.00,1627.00,393.00,254.15,44,54,51,24,30,29,20,23,21,8.45,13.07,2.14,2,2,20309,20112,19025,2,2,2,17795,16783,16002,13761,12789,12228,4006,3966,3752,28,29,23,69,71,56,3.5,3.7,1.55,19513,99,27054,44,15,1833,1872,1685,79,21
"""490351134131""","""Salt Lake City, UT""",1.00,2607.00,694.00,320.96,42,51,48,23,28,27,20,23,21,7.89,17.06,2.14,2,2,20276,20079,18993,2,2,2,17781,16770,15988,13750,12778,12218,4000,3960,3745,31,32,25,77,79,63,3.7,3.6,2.16,22053,91,23636,44,17,1695,1714,1601,83,17
"""490351134132""","""Salt Lake City, UT""",1.00,1437.00,374.00,121.68,36,44,41,17,21,20,19,23,21,7.21,22.16,2.09,2,2,19393,19196,18110,2,2,2,17261,16266,15484,13402,12447,11886,3826,3785,3571,33,34,27,82,85,67,5.1,4.0,3.07,21744,79,27795,43,11,1280,1381,784,83,17
"""490351134133""","""Salt Lake City, UT""",1.00,1798.00,530.00,199.83,44,54,51,25,31,29,20,23,21,7.18,19.04,2.16,2,2,20046,19849,18762,2,2,2,17884,16866,16085,13901,12922,12362,3955,3914,3700,28,29,23,70,72,58,4.1,3.9,2.65,23636,100,26338,43,10,1845,1877,1488,92,8
"""490351134141""","""Salt Lake City, UT""",1.00,1265.00,331.00,229.74,40,48,46,20,25,24,20,24,22,8.89,12.80,2.20,2,2,20943,20746,19659,2,2,2,18261,17233,16453,14104,13116,12555,4131,4091,3877,26,26,21,64,65,52,3.9,3.2,1.44,17803,97,23088,44,11,1478,1594,,93,7
"""490351135142""","""Salt Lake City, UT""",1.00,1471.00,404.00,136.55,39,47,44,22,28,27,16,19,17,5.53,16.35,1.76,2,2,16200,16003,14917,3,3,3,14561,13665,12880,11321,10463,9903,3196,3156,2942,44,45,36,110,113,90,8.5,6.0,2.96,30209,11,54023,42,15,1690,2108,1131,57,43
"""490351147001""","""Salt Lake City, UT""",1.00,2457.00,838.00,2850.40,39,47,45,18,23,22,21,24,22,7.49,2.20,2.24,2,2,21274,21077,19991,2,2,2,18641,17598,16817,14414,13411,12851,4197,4156,3942,30,31,24,74,76,61,2.2,6.2,0.29,10717,96,24834,43,57,1390,1576,,88,12
"""490351042002""","""Salt Lake City, UT""",1.00,807.00,352.00,104.77,63,77,73,43,54,52,19,23,21,,,2.15,2,2,19089,18892,17806,1,1,1,17573,16559,15782,13796,12823,12262,3766,3725,3511,11,11,9,27,28,22,4.3,7.5,3.36,16242,100,31136,38,10,3268,3268,,100,0
"""490351101052""","""Salt Lake City, UT""",1.00,939.00,338.00,694.44,59,73,69,39,49,47,20,24,22,7.58,3.69,2.18,2,2,21409,21212,20126,1,1,1,18211,17189,16412,13978,12996,12435,4223,4183,3969,10,10,8,24,25,19,2.9,4.4,0.49,13360,76,16807,42,53,2939,3548,,83,17
"""490351114002""","""Salt Lake City, UT""",1.00,829.00,267.00,76.14,23,28,26,7,9,9,16,19,17,,,1.79,2,2,15014,14817,13730,6,6,6,14578,13673,12879,11524,10657,10096,2962,2922,2708,92,95,75,228,235,187,8.2,7.5,3.51,34648,50,64806,41,6,546,,1214,55,45
"""490351124052""","""Salt Lake City, UT""",1.00,457.00,50.00,267.88,,,,,,,17,19,18,,,1.82,2,2,16106,15909,14823,4,4,4,14912,13999,13211,11672,10798,10237,3177,3137,2923,63,64,51,155,160,127,6.0,5.1,0.19,29886,85,47341,43,11,,,,0,100
"""490351126084""","""Salt Lake City, UT""",1.00,1124.00,435.00,142.14,44,54,51,25,31,30,19,23,21,,,2.11,2,2,18737,18540,17454,3,3,3,17306,16304,15520,13568,12605,12044,3696,3656,3442,42,44,35,105,108,86,4.6,7.0,3.06,24979,100,32417,41,8,1886,2061,,91,9
"""490351127002""","""Salt Lake City, UT""",1.00,874.00,294.00,129.49,37,45,42,20,25,24,16,19,18,,,1.81,2,2,16088,15891,14805,4,4,4,14854,13944,13155,11612,10740,10180,3174,3134,2919,68,70,56,169,173,138,7.8,6.2,2.27,28505,46,43136,42,7,1523,1855,1086,57,43
"""490351129133""","""Salt Lake City, UT""",1.00,1892.00,450.00,118.81,47,58,54,27,34,33,20,23,21,7.87,29.81,2.17,2,2,19716,19519,18432,2,2,2,17831,16813,16031,13913,12934,12373,3889,3849,3635,29,30,24,72,75,59,4.6,4.1,3.79,26424,97,33621,43,11,2067,2138,,97,3
"""490351129143""","""Salt Lake City, UT""",1.00,1688.00,704.00,177.68,38,46,43,20,25,24,18,21,20,,,1.99,2,2,18491,18294,17207,3,4,3,16490,15525,14738,12788,11861,11301,3648,3607,3393,54,56,45,135,139,110,5.0,4.2,3.96,27439,84,38487,44,18,1490,1433,1604,67,33
"""490351130082""","""Salt Lake City, UT""",1.00,1044.00,401.00,241.40,62,76,72,41,51,49,21,24,22,7.17,11.91,2.25,2,2,21628,21431,20344,1,1,1,18698,17655,16878,14421,13418,12857,4267,4226,4012,11,11,9,27,28,22,3.0,3.9,1.66,21972,100,28833,43,24,3089,3089,,100,0
"""490351130111""","""Salt Lake City, UT""",1.00,2616.00,707.00,403.10,52,64,60,32,39,38,21,24,22,8.48,14.87,2.24,2,2,21415,21218,20131,1,1,1,18589,17550,16772,14354,13354,12794,4225,4184,3970,11,11,9,27,28,22,3.2,4.2,1.75,21080,98,31037,43,22,2375,2375,,100,0
"""490351131093""","""Salt Lake City, UT""",1.00,2663.00,806.00,215.89,44,54,51,24,31,29,20,23,21,,,2.13,2,2,21226,21029,19942,1,1,1,17856,16848,16071,13660,12692,12132,4187,4147,3933,9,9,7,20,21,17,4.3,3.4,3.73,19014,94,19176,43,12,1842,2155,,85,15
"""490351133074""","""Salt Lake City, UT""",1.00,1387.00,328.00,825.20,36,43,40,18,23,22,17,20,18,,,1.87,2,2,17290,17093,16007,2,2,2,15448,14519,13737,12006,11116,10556,3411,3371,3157,30,31,25,76,78,62,6.5,4.6,0.40,17769,38,84705,44,33,1391,1829,1217,28,72
"""490351134061""","""Salt Lake City, UT""",1.00,2840.00,790.00,161.26,33,40,38,16,20,20,17,20,18,5.97,29.23,1.83,2,2,17028,16831,15745,3,3,3,15127,14212,13427,11721,10845,10284,3359,3319,3105,47,48,38,116,120,95,7.3,4.8,4.90,23617,35,43496,43,16,1231,1395,1109,43,57
"""490351128251""","""Salt Lake City, UT""",1.00,1119.00,309.00,384.95,58,71,67,36,45,43,22,26,24,8.34,6.70,2.32,2,2,23267,23070,21983,0,1,0,19511,18445,17668,14913,13887,13327,4590,4549,4335,8,8,6,19,19,15,2.4,2.6,0.80,11997,100,21169,45,35,2711,2711,,100,0
"""490359801001""","""Salt Lake City, UT""",1.00,0.00,0.00,1114.90,,,,,,,,,,,,,,,,,,,,,,,,,,,,,,,,,,,,,,0.00,,,,,,,,,,
"""490351128263""","""Salt Lake City, UT""",1.00,1245.00,351.00,399.49,46,56,53,25,31,30,21,25,23,8.48,7.45,2.26,2,2,23532,23335,22249,0,1,0,19138,18091,17315,14488,13482,12921,4642,4602,4387,8,8,6,19,19,15,2.6,1.6,0.88,12342,96,16561,46,36,1870,2248,,83,17
"""490351130071""","""Salt Lake City, UT""",1.00,2485.00,772.00,336.36,47,57,54,26,33,32,20,24,22,7.52,17.27,2.20,2,2,21504,21307,20220,2,2,2,18383,17355,16574,14115,13126,12566,4242,4202,3987,26,27,21,64,66,52,3.2,2.7,2.30,20520,95,22632,45,22,1979,1994,,99,1
"""490351131014""","""Salt Lake City, UT""",1.00,2114.00,613.00,171.10,47,58,55,27,34,33,20,24,22,7.97,28.56,2.18,2,2,21310,21113,20027,2,2,2,18240,17217,16436,14008,13024,12463,4204,4163,3949,29,30,24,67,69,55,4.0,2.8,3.58,21071,100,23403,45,10,2045,2045,,100,0
"""490351146021""","""Salt Lake City, UT""",1.00,2431.00,885.00,1175.33,51,63,59,31,39,37,20,24,22,7.05,5.31,2.17,2,2,21919,21722,20635,1,1,1,18275,17254,16476,13937,12957,12396,4324,4283,4069,13,13,11,33,33,27,2.8,3.2,0.75,14826,82,25018,44,53,2344,2169,3153,82,18
"""490351128181""","""Salt Lake City, UT""",1.00,1942.00,0.00,773.11,,,,,,,,,,,,,,,,,,,,,,,,,,,,,,,,,,,,,,0.00,,,,,,,,,,
"""490351001001""","""Salt Lake City, UT""",1.00,527.00,234.00,781.99,37,45,42,20,25,24,16,19,17,5.07,1.52,1.78,2,2,16368,16171,15084,5,5,5,14717,13817,13025,11409,10547,9986,3229,3189,2975,79,81,65,196,202,160,7.0,7.5,0.30,16197,30,33598,41,25,1532,1646,1493,26,74
"""490351001002""","""Salt Lake City, UT""",1.00,2418.00,1339.00,212.42,38,46,43,24,30,29,14,16,15,3.65,22.98,1.55,2,1,13203,13006,11919,8,9,8,12716,11885,11082,9980,9185,8624,2605,2565,2350,132,135,108,326,335,267,8.6,8.6,6.30,29314,13,79556,39,14,1793,1375,1861,14,86
"""490351002001""","""Salt Lake City, UT""",1.00,1418.00,556.00,5864.00,61,75,71,42,52,50,20,23,21,6.62,0.63,2.14,2,2,20118,19921,18835,2,2,2,17780,16768,15985,13774,12801,12241,3969,3928,3714,37,38,30,92,95,75,2.0,6.8,0.09,12012,67,24723,41,244,3124,4001,1336,67,33
"""490351003061""","""Salt Lake City, UT""",1.00,2155.00,750.00,70.99,35,42,40,19,24,23,16,18,16,4.98,52.63,1.70,2,2,15387,15190,14104,7,7,7,14052,13176,12379,10909,10071,9510,3035,2995,2781,107,110,87,265,272,216,7.8,7.4,10.57,20064,30,45451,41,12,1456,1680,1330,36,64
"""490351003062""","""Salt Lake City, UT""",1.00,1788.00,893.00,275.65,32,38,36,17,21,20,15,17,16,4.50,14.56,1.61,2,1,15164,14967,13881,7,7,7,13406,12558,11761,10310,9499,8938,2992,2952,2737,105,108,86,260,268,213,7.9,7.2,3.24,18578,10,43868,41,23,1255,1896,1213,6,94
"""490351003063""","""Salt Lake City, UT""",1.00,2128.00,573.00,95.73,38,46,43,20,25,24,17,20,19,6.94,41.51,1.92,2,2,16913,16716,15630,4,4,4,15712,14769,13981,12312,11408,10847,3337,3296,3082,63,65,51,156,161,128,6.7,7.5,5.99,19177,70,41560,41,7,1530,1634,1324,66,34
"""490351003071""","""Salt Lake City, UT""",1.00,1572.00,479.00,129.41,35,42,39,16,19,19,19,23,21,7.13,26.38,2.13,2,2,18560,18363,17277,3,3,3,17354,16348,15564,13651,12684,12123,3661,3621,3407,42,43,34,104,107,85,5.4,7.4,3.70,17744,98,37640,41,6,1166,1228,,95,5
"""490351003072""","""Salt Lake City, UT""",1.00,1331.00,328.00,81.84,45,55,51,26,33,31,19,22,20,7.27,29.12,2.03,2,2,18992,18795,17708,1,1,1,16823,15843,15066,13066,12126,11566,3747,3706,3492,10,11,9,26,27,21,6.1,5.2,4.01,14392,78,31773,42,6,1968,2082,1592,77,23
"""490351003073""","""Salt Lake City, UT""",1.00,2213.00,468.00,146.82,41,50,47,22,28,27,19,22,20,7.99,25.48,2.09,2,2,18825,18628,17541,2,2,2,17133,16139,15358,13392,12438,11877,3714,3673,3459,27,28,22,67,69,55,4.6,6.7,3.19,15440,86,33174,41,15,1660,1726,1400,80,20
"""490351003081""","""Salt Lake City, UT""",1.00,2980.00,914.00,238.12,31,37,35,15,19,18,16,19,17,5.47,20.98,1.75,2,2,16274,16077,14991,4,4,4,14534,13641,12852,11258,10403,9843,3210,3170,2956,65,67,53,161,166,132,6.9,7.4,3.84,17724,28,36920,41,34,1115,2025,893,20,80
"""490351003082""","""Salt Lake City, UT""",1.00,1334.00,355.00,103.13,37,45,42,20,25,24,17,20,18,6.70,23.07,1.87,2,2,16972,16775,15689,3,3,3,15379,14452,13666,11982,11093,10533,3348,3308,3094,49,50,40,122,125,99,7.3,7.2,3.44,16347,42,34547,41,10,1487,1555,1405,55,45
"""490351005001""","""Salt Lake City, UT""",1.00,2511.00,490.00,89.58,35,42,40,18,22,21,17,21,19,7.79,42.63,1.93,2,2,16570,16373,15287,6,6,6,15774,14828,14034,12414,11505,10944,3269,3229,3015,92,94,75,227,233,186,7.1,8.1,5.47,21950,72,46160,40,6,1318,1118,2086,79,21
"""490351005002""","""Salt Lake City, UT""",1.00,1098.00,319.00,99.51,41,50,47,23,29,28,18,21,19,5.93,19.01,1.96,2,2,16610,16413,15327,5,5,5,15925,14971,14178,12565,11649,11088,3277,3237,3022,83,86,68,206,212,169,6.6,8.3,3.21,24383,85,53199,40,7,1741,1762,1674,76,24
"""490351005003""","""Salt Lake City, UT""",1.00,616.00,341.00,85.18,33,40,38,15,19,18,18,22,20,4.63,18.53,2.05,2,2,17359,17162,16075,4,4,3,16637,15654,14868,13157,12213,11653,3424,3384,3170,55,57,45,137,141,111,6.6,8.0,4.00,21623,77,45338,40,7,1127,1248,,90,10
"""490351005004""","""Salt Lake City, UT""",1.00,1652.00,500.00,122.91,42,51,48,24,30,29,18,21,19,5.55,22.59,2.01,2,2,17339,17142,16055,4,4,4,16407,15435,14648,12929,11996,11435,3420,3380,3166,57,59,47,142,146,116,6.1,7.9,4.07,21347,77,44012,40,11,1809,2000,1140,78,22
"""490351005005""","""Salt Lake City, UT""",1.00,791.00,529.00,68.48,32,39,36,18,23,22,14,16,15,2.99,23.11,1.50,1,1,14109,13912,12825,9,9,9,12575,11760,10955,9648,8869,8308,2783,2743,2529,144,147,117,356,366,292,8.5,8.2,7.72,22689,0,48140,40,17,1372,,1372,0,100
"""490351006001""","""Salt Lake City, UT""",1.00,2021.00,612.00,119.79,34,41,38,17,21,20,17,20,18,5.43,27.75,1.86,2,2,15489,15292,14205,6,6,6,15105,14180,13385,11955,11067,10506,3056,3016,2801,95,97,77,235,241,192,7.3,8.4,5.11,27219,70,65705,40,8,1283,1375,1127,63,37
"""490351006002""","""Salt Lake City, UT""",1.00,1586.00,377.00,108.19,32,39,37,15,18,17,18,21,19,6.10,21.24,1.99,2,2,16899,16702,15615,5,5,5,16223,15258,14466,12810,11882,11322,3334,3293,3079,80,82,65,197,203,162,5.9,8.2,3.48,25593,100,56941,40,7,1091,1390,,79,21
"""490351006003""","""Salt Lake City, UT""",1.00,1054.00,420.00,252.81,32,38,36,13,17,16,18,22,20,5.55,9.23,2.05,2,2,17487,17290,16203,5,5,5,16666,15684,14894,13142,12199,11638,3450,3409,3195,74,76,61,184,190,151,5.1,8.1,1.66,23818,91,52291,40,16,994,973,1100,83,17
"""490351006004""","""Salt Lake City, UT""",1.00,1502.00,900.00,149.98,33,40,37,17,21,20,16,18,17,3.75,22.53,1.72,2,2,15671,15474,14388,7,7,7,14229,13347,12550,11032,10188,9627,3091,3051,2837,105,108,86,261,268,213,8.5,7.5,6.00,22089,10,49292,40,10,1282,1375,1123,63,37
"""490351006005""","""Salt Lake City, UT""",1.00,849.00,308.00,94.77,42,52,48,24,30,29,18,21,19,5.87,19.07,2.02,2,2,16666,16469,15382,5,5,5,16362,15388,14596,12995,12059,11499,3288,3248,3033,79,81,64,196,201,160,6.3,8.3,3.25,28152,89,70149,40,11,1818,2051,,89,11
"""490351007001""","""Salt Lake City, UT""",1.00,1196.00,644.00,107.99,36,43,41,20,24,24,16,19,17,4.24,25.30,1.77,2,2,15125,14928,13841,6,6,6,14447,13550,12755,11369,10509,9948,2984,2944,2729,94,97,77,234,241,191,8.2,8.4,5.96,23879,35,53195,39,9,1474,1592,1283,62,38
"""490351007002""","""Salt Lake City, UT""",1.00,849.00,588.00,110.01,36,43,41,21,26,25,15,17,15,2.83,15.14,1.63,2,1,12972,12775,11689,7,7,7,13120,12267,11468,10448,9631,9070,2559,2519,2305,113,116,92,280,288,229,8.8,8.9,5.35,30837,33,82088,38,5,1581,2364,1137,36,64
"""490351007003""","""Salt Lake City, UT""",1.00,728.00,325.00,62.21,32,39,36,18,22,21,15,17,15,3.65,19.07,1.63,2,1,13207,13010,11923,8,8,7,13192,12337,11538,10468,9650,9089,2605,2565,2351,119,122,97,295,304,242,8.5,8.8,5.22,29556,36,79122,39,9,1323,1911,1137,24,76
"""490351008001""","""Salt Lake City, UT""",1.00,683.00,379.00,63.00,35,43,40,21,26,25,14,16,15,3.07,18.46,1.56,2,1,12369,12172,11086,9,9,9,12626,11792,10987,10044,9246,8685,2440,2400,2186,141,145,116,350,360,287,9.0,9.0,6.02,35135,24,96767,38,6,1587,2325,1322,26,74
"""490351008002""","""Salt Lake City, UT""",1.00,662.00,433.00,46.32,34,41,39,20,25,24,14,16,14,2.69,25.17,1.52,1,1,12730,12533,11446,10,10,9,12424,11603,10797,9762,8977,8416,2511,2471,2257,151,155,123,374,384,306,9.1,8.9,9.35,34738,0,98250,38,8,1513,1694,1400,39,61
"""490351008003""","""Salt Lake City, UT""",1.00,1157.00,690.00,69.61,25,31,28,12,16,15,13,15,14,2.30,22.76,1.44,1,1,12101,11904,10817,11,11,11,11802,11006,10196,9244,8484,7923,2387,2347,2133,171,176,140,424,436,347,9.0,8.9,9.91,33054,1,95881,38,12,935,,943,1,99
"""490351010001""","""Salt Lake City, UT""",1.00,977.00,516.00,132.97,41,50,47,24,30,29,16,19,18,4.13,16.03,1.86,2,2,14534,14337,13250,4,4,4,14894,13968,13180,11967,11079,10518,2867,2827,2613,60,62,49,149,153,122,8.0,9.1,3.88,28174,66,64527,37,5,1827,1948,1560,69,31
"""490351010002""","""Salt Lake City, UT""",1.00,2158.00,961.00,219.48,46,56,53,30,37,36,16,19,17,4.76,20.83,1.84,2,2,14494,14297,13211,4,4,4,14712,13794,13006,11789,10910,10349,2859,2819,2605,63,65,51,156,161,128,7.9,9.0,4.38,27190,68,60670,38,5,2240,2946,1201,60,40
"""490351011011""","""Salt Lake City, UT""",1.00,1037.00,620.00,59.13,34,41,38,19,24,23,14,17,15,3.14,32.95,1.60,2,1,12355,12158,11071,6,6,6,12799,11953,11159,10270,9461,8900,2437,2397,2183,92,95,75,228,235,187,9.0,9.2,10.49,33393,28,84241,37,4,1459,2222,1096,32,68
"""490351011012""","""Salt Lake City, UT""",1.00,899.00,544.00,60.55,32,39,36,19,24,23,13,15,14,2.48,22.28,1.47,1,1,11553,11356,10269,10,10,10,11883,11077,10269,9445,8675,8114,2279,2239,2025,159,163,130,395,405,323,9.2,9.2,8.98,36169,15,94747,37,4,1420,2432,1208,17,83
"""490351011021""","""Salt Lake City, UT""",1.00,1278.00,751.00,25.29,30,36,33,17,21,20,13,15,13,2.17,64.35,1.41,1,1,11454,11257,10171,12,13,12,11491,10705,9891,9041,8290,7729,2260,2220,2006,190,195,156,471,484,386,9.2,9.0,29.69,36800,3,99318,38,6,1263,,1379,8,92
"""490351011022""","""Salt Lake City, UT""",1.00,1311.00,652.00,67.33,23,27,25,9,11,10,14,17,15,3.36,32.49,1.60,2,1,12824,12627,11541,8,9,8,12965,12118,11316,10303,9493,8932,2530,2490,2276,131,135,107,326,335,266,9.0,9.0,9.68,31866,24,82491,38,4,645,,1191,46,54
"""490351011023""","""Salt Lake City, UT""",1.00,707.00,409.00,45.54,23,27,25,10,12,11,13,15,14,2.29,20.58,1.47,1,1,11887,11690,10604,10,11,10,11964,11158,10350,9459,8688,8127,2345,2305,2091,160,164,131,397,408,325,9.2,9.1,8.98,36835,5,97418,38,5,720,,988,27,73
"""490351012001""","""Salt Lake City, UT""",1.00,1040.00,646.00,242.59,48,59,55,31,39,38,17,19,18,,,1.87,2,2,14703,14506,13419,4,4,4,14965,14036,13249,12008,11118,10557,2900,2860,2646,56,58,46,139,143,114,7.1,9.1,2.66,27039,71,74164,37,11,2357,2907,1687,55,45
"""490351012002""","""Salt Lake City, UT""",1.00,823.00,413.00,64.20,38,46,43,23,29,27,15,17,16,3.55,22.81,1.66,2,2,12884,12687,11600,7,8,7,13350,12485,11686,10692,9863,9303,2542,2502,2288,117,120,95,290,298,237,8.7,9.2,6.43,31270,45,85118,37,3,1717,2427,1136,45,55
"""490351012003""","""Salt Lake City, UT""",1.00,1210.00,675.00,62.79,31,37,35,16,20,20,14,17,15,3.47,37.33,1.63,2,1,12700,12503,11416,6,6,5,13080,12224,11431,10489,9670,9109,2505,2466,2251,86,89,71,214,221,175,8.9,9.1,10.75,31491,32,75910,37,4,1233,1596,1010,38,62
"""490351012004""","""Salt Lake City, UT""",1.00,977.00,583.00,60.31,31,37,35,17,21,20,14,16,15,2.98,28.82,1.56,2,1,12268,12071,10985,9,10,9,12604,11771,10965,10037,9239,8679,2420,2380,2166,147,151,120,365,375,299,9.0,9.2,9.67,34369,24,85498,37,4,1266,1658,1025,38,62
"""490351014011""","""Salt Lake City, UT""",1.00,2119.00,224.00,336.44,26,31,29,12,15,14,14,17,15,4.10,2.73,1.56,2,1,13380,13183,12097,9,9,9,12777,11945,11140,9997,9201,8641,2640,2600,2385,140,144,114,347,356,284,7.8,9.0,0.67,27174,0,79730,38,56,884,,884,0,100
"""490351014021""","""Salt Lake City, UT""",1.00,897.00,62.00,1691.71,28,34,31,13,16,15,15,18,16,4.49,0.16,1.67,2,2,14754,14557,13470,6,6,5,13698,12832,12039,10702,9873,9312,2911,2871,2656,86,89,70,214,220,175,6.7,9.0,0.04,13310,0,69449,38,106,952,,952,0,100
"""490351014022""","""Salt Lake City, UT""",1.00,2930.00,211.00,628.74,28,34,32,14,18,17,14,17,15,2.31,0.78,1.58,2,1,12995,12798,11711,8,9,8,12817,11979,11177,10124,9322,8761,2564,2524,2309,129,133,106,321,329,262,8.1,9.2,0.34,22282,9,83140,37,26,1071,,1071,0,100
"""490351015001""","""Salt Lake City, UT""",1.00,688.00,393.00,44.07,27,32,30,13,17,16,13,15,14,2.53,22.59,1.47,1,1,12110,11913,10827,10,11,10,11976,11171,10363,9426,8657,8096,2389,2349,2135,161,165,132,399,410,327,9.0,9.2,8.92,29090,4,87498,37,7,1012,1958,864,13,87
"""490351015002""","""Salt Lake City, UT""",1.00,1381.00,587.00,57.91,32,39,36,18,23,22,14,16,14,3.53,35.83,1.55,1,1,12400,12203,11116,10,10,10,12531,11703,10896,9931,9139,8578,2446,2406,2192,154,158,126,381,392,312,8.8,9.2,10.14,33032,15,95702,37,10,1356,1819,1175,28,72
"""490351015003""","""Salt Lake City, UT""",1.00,750.00,402.00,57.50,31,37,35,17,21,20,14,16,14,3.23,22.61,1.54,1,1,12172,11975,10889,10,10,9,12424,11599,10792,9873,9083,8522,2401,2361,2147,150,154,123,373,383,305,8.8,9.2,6.99,33793,18,97026,37,10,1263,2447,982,19,81
"""490351015004""","""Salt Lake City, UT""",1.00,688.00,299.00,44.15,29,35,33,16,20,19,14,16,14,3.24,21.97,1.52,1,1,12045,11848,10761,10,10,10,12300,11479,10672,9769,8984,8423,2376,2336,2122,155,159,127,384,395,315,8.8,9.2,6.77,31311,19,90916,37,7,1179,2156,1033,13,87
"""490351016001""","""Salt Lake City, UT""",1.00,934.00,549.00,43.49,32,39,36,18,23,22,13,16,14,2.10,26.47,1.50,1,1,11767,11570,10483,10,11,10,12110,11296,10487,9626,8848,8287,2321,2282,2067,162,167,133,403,414,330,8.8,9.1,12.62,32934,21,91244,38,6,1388,2446,1287,9,91
"""490351016002""","""Salt Lake City, UT""",1.00,1249.00,681.00,58.35,34,41,38,20,25,24,14,16,14,3.35,39.13,1.55,1,1,12321,12124,11037,10,10,10,12516,11688,10881,9933,9140,8580,2431,2391,2177,152,156,125,378,388,309,8.8,9.1,11.67,35718,18,90897,37,10,1483,2306,1190,26,74
"""490351016003""","""Salt Lake City, UT""",1.00,1232.00,516.00,143.41,41,50,47,26,32,31,16,18,16,4.09,14.73,1.76,2,2,13578,13381,12294,7,8,7,14089,13196,12396,11295,10438,9877,2679,2639,2424,116,119,95,287,295,235,8.2,9.1,3.60,35219,53,84781,38,7,1937,2439,1297,56,44
"""490351017001""","""Salt Lake City, UT""",1.00,1009.00,508.00,43.35,27,32,30,13,17,16,13,16,14,2.71,31.71,1.48,1,1,11814,11617,10531,11,11,10,12025,11216,10407,9529,8755,8195,2331,2291,2077,166,170,136,411,422,336,9.1,9.2,11.72,37062,10,93416,37,7,1016,,1277,20,80
"""490351017002""","""Salt Lake City, UT""",1.00,822.00,493.00,43.32,31,38,35,18,22,21,13,16,14,2.98,33.96,1.50,1,1,11827,11630,10543,11,11,10,12152,11337,10528,9655,8875,8314,2333,2293,2079,164,169,134,408,419,334,8.9,9.2,11.38,37674,18,93554,37,11,1343,1647,1303,12,88
"""490351017003""","""Salt Lake City, UT""",1.00,997.00,609.00,43.30,29,36,33,16,20,19,13,15,14,2.57,36.18,1.47,1,1,11630,11433,10347,11,12,11,11888,11085,10272,9415,8646,8085,2294,2255,2040,179,184,147,444,456,364,9.0,9.2,14.07,36353,12,92167,37,7,1216,,1397,13,87
"""490351017004""","""Salt Lake City, UT""",1.00,811.00,460.00,43.29,30,36,34,16,20,20,14,16,14,2.89,30.66,1.52,1,1,12517,12320,11234,10,11,10,12382,11562,10753,9750,8965,8405,2469,2429,2215,163,167,133,404,415,331,8.9,9.2,10.63,35414,4,89515,37,14,1226,1607,1063,30,70
"""490351018001""","""Salt Lake City, UT""",1.00,1662.00,795.00,85.86,32,39,37,19,23,23,14,16,14,3.43,31.79,1.54,1,1,12057,11860,10773,10,10,9,12388,11563,10756,9859,9070,8509,2379,2339,2124,150,154,123,372,383,305,8.9,9.1,9.26,38438,20,91419,37,10,1410,1466,1395,21,79
"""490351018002""","""Salt Lake City, UT""",1.00,1261.00,640.00,65.00,31,38,35,17,22,21,14,16,15,2.95,29.03,1.58,2,1,12223,12026,10940,9,10,9,12732,11892,11087,10173,9369,8808,2411,2372,2157,148,152,121,367,377,300,8.8,9.0,9.85,39208,36,86948,38,6,1299,1805,1124,26,74
"""490351018003""","""Salt Lake City, UT""",1.00,889.00,492.00,65.74,37,45,42,23,28,27,15,17,15,3.48,26.08,1.65,2,2,12671,12474,11387,9,9,9,13221,12361,11558,10583,9760,9199,2500,2460,2246,138,142,113,342,352,280,8.6,9.0,7.48,38190,47,83397,38,5,1695,2086,1483,35,65
"""490351019001""","""Salt Lake City, UT""",1.00,563.00,327.00,28.78,26,31,29,13,16,16,13,15,13,,,1.40,1,1,11378,11181,10095,12,12,11,11431,10646,9834,9004,8254,7694,2245,2205,1991,182,187,149,452,464,370,9.2,9.2,11.36,38534,0,99336,38,7,979,,1029,5,95
"""490351019002""","""Salt Lake City, UT""",1.00,938.00,463.00,57.63,27,32,30,13,16,16,13,16,14,2.56,20.58,1.49,1,1,12277,12080,10994,10,11,10,12145,11334,10525,9559,8784,8223,2422,2382,2168,163,168,134,405,416,332,9.0,9.2,8.03,37562,0,97262,37,14,986,1049,965,25,75
"""490351019003""","""Salt Lake City, UT""",1.00,1166.00,778.00,28.80,36,44,41,23,29,28,12,14,13,2.11,57.02,1.37,1,1,11041,10844,9758,12,13,12,11186,10411,9596,8817,8076,7516,2178,2138,1924,191,196,156,474,486,388,9.2,9.1,27.02,39618,0,101522,38,7,1762,,1762,0,100
"""490351019004""","""Salt Lake City, UT""",1.00,379.00,274.00,57.64,24,29,27,11,13,13,13,16,14,1.73,8.22,1.50,1,1,12036,11839,10753,10,10,10,12170,11355,10548,9643,8864,8303,2374,2335,2120,153,157,125,379,390,311,9.0,9.2,4.75,39252,7,100584,37,12,795,,990,20,80
"""490351020001""","""Salt Lake City, UT""",1.00,1461.00,789.00,129.65,30,37,34,17,21,21,13,15,14,3.07,18.69,1.49,1,1,11564,11367,10280,9,10,9,12006,11194,10389,9578,8802,8241,2281,2241,2027,147,151,120,364,374,298,9.1,9.2,6.09,40095,16,102102,37,6,1291,1690,1221,15,85
"""490351020002""","""Salt Lake City, UT""",1.00,671.00,362.00,42.21,36,43,41,21,26,25,15,18,16,3.29,28.22,1.69,2,2,12921,12724,11638,8,8,8,13515,12644,11842,10841,10006,9445,2549,2509,2295,125,128,102,310,319,253,8.7,9.0,8.58,39568,46,91234,38,5,1550,1938,1122,52,48
"""490351020003""","""Salt Lake City, UT""",1.00,811.00,510.00,44.17,29,35,33,16,20,19,14,16,14,2.31,26.73,1.52,1,1,11759,11562,10475,9,10,9,12206,11386,10581,9740,8957,8396,2320,2280,2066,146,149,119,361,371,295,9.0,9.0,11.55,39679,23,97292,38,4,1175,1986,975,20,80
"""490351021001""","""Salt Lake City, UT""",1.00,1180.00,896.00,57.65,33,40,37,20,25,24,13,15,14,2.09,32.53,1.45,1,1,11948,11751,10665,11,12,11,11864,11065,10253,9331,8566,8005,2357,2317,2103,177,181,145,438,450,359,9.0,9.1,15.54,38392,2,101977,38,14,1486,2212,1393,11,89
"""490351021002""","""Salt Lake City, UT""",1.00,1047.00,573.00,57.71,31,37,35,17,21,21,13,16,14,3.17,31.46,1.49,1,1,12297,12100,11014,10,11,10,12141,11330,10522,9555,8780,8219,2426,2386,2172,160,164,131,398,408,325,9.1,9.1,9.93,39646,0,105587,38,14,1286,1822,1114,24,76
"""490351023001""","""Salt Lake City, UT""",1.00,1060.00,489.00,57.71,30,36,33,16,20,19,14,16,14,2.93,24.83,1.54,1,1,12038,11841,10755,9,9,9,12405,11578,10774,9890,9099,8538,2375,2335,2121,141,144,115,349,359,286,8.9,9.0,8.47,39541,21,103697,38,8,1195,1647,1080,20,80
"""490351023002""","""Salt Lake City, UT""",1.00,1312.00,866.00,57.67,27,33,31,14,18,17,13,16,14,2.12,31.83,1.48,1,1,12058,11861,10774,10,11,10,12045,11237,10428,9504,8731,8171,2379,2339,2125,162,167,133,403,414,330,9.0,9.1,15.02,39782,4,106271,38,14,1062,1594,951,17,83
"""490351023003""","""Salt Lake City, UT""",1.00,909.00,470.00,86.58,23,27,25,9,12,11,14,16,14,1.86,10.09,1.52,1,1,12126,11929,10843,9,9,9,12319,11498,10693,9786,9000,8439,2392,2352,2138,141,145,116,350,360,287,8.9,9.0,5.43,38686,15,106670,38,12,696,2243,478,12,88
"""490351025011""","""Salt Lake City, UT""",1.00,1325.00,670.00,37.96,30,36,34,17,21,20,13,15,14,3.24,57.21,1.44,1,1,12459,12262,11176,10,10,10,11857,11061,10253,9243,8482,7922,2458,2418,2204,156,160,128,387,398,317,9.0,8.5,17.65,30346,0,86197,39,9,1268,,1268,0,100
"""490351025012""","""Salt Lake City, UT""",1.00,1952.00,1313.00,217.38,31,38,35,17,22,21,14,16,14,2.51,15.13,1.51,1,1,12610,12413,11326,9,9,9,12313,11496,10691,9683,8902,8341,2488,2448,2233,143,147,117,354,364,290,8.9,8.8,6.04,32896,5,98846,39,11,1308,1665,1239,16,84
"""490351025021""","""Salt Lake City, UT""",1.00,717.00,413.00,57.65,34,41,39,21,26,25,13,15,14,3.15,22.60,1.47,1,1,12157,11960,10874,9,9,9,11963,11158,10354,9423,8654,8093,2398,2358,2144,142,146,116,353,363,289,9.0,8.9,7.16,35759,3,104324,39,12,1557,,1675,7,93
"""490351025022""","""Salt Lake City, UT""",1.00,679.00,472.00,142.75,35,42,39,20,25,24,14,17,15,2.60,8.59,1.60,2,1,13426,13229,12142,7,8,7,13048,12203,11403,10284,9475,8914,2649,2609,2394,116,119,95,288,296,236,8.8,8.7,3.31,32075,8,98768,39,13,1514,1739,1387,36,64
"""490351026001""","""Salt Lake City, UT""",1.00,1208.00,296.00,231.90,27,33,30,12,14,14,16,18,17,4.27,5.45,1.74,2,2,14368,14171,13085,6,6,6,14124,13234,12440,11199,10346,9786,2835,2795,2580,91,93,74,225,232,184,7.7,8.2,1.28,28611,56,71989,40,9,865,825,879,25,75
"""490351026002""","""Salt Lake City, UT""",1.00,928.00,419.00,140.09,36,43,41,18,23,22,18,21,19,4.86,14.54,1.97,2,2,16416,16219,15132,5,5,5,15994,15034,14244,12683,11761,11200,3238,3198,2984,73,75,59,180,185,147,6.3,8.1,2.99,28277,91,75072,40,9,1364,1363,1366,74,26
"""490351026003""","""Salt Lake City, UT""",1.00,2358.00,1040.00,233.33,37,45,42,21,26,25,17,19,18,4.63,20.66,1.84,2,2,15445,15248,14161,5,5,5,14938,14019,13228,11815,10934,10373,3047,3007,2793,76,78,62,189,194,154,6.8,7.9,4.46,27945,75,75040,41,11,1551,1716,1421,44,56
"""490351027011""","""Salt Lake City, UT""",1.00,1625.00,551.00,91.05,31,37,35,13,17,16,17,20,19,5.40,32.66,1.93,2,2,16513,16316,15230,4,4,4,15712,14766,13978,12397,11488,10928,3258,3217,3003,58,60,47,144,148,118,7.2,7.3,6.05,22698,71,54707,42,5,1008,970,1081,66,34
"""490351027013""","""Salt Lake City, UT""",1.00,2555.00,682.00,155.27,36,43,41,18,23,22,18,21,19,6.11,26.84,1.98,2,2,16720,16523,15437,3,3,3,16073,15111,14325,12723,11799,11239,3298,3258,3044,52,54,43,129,133,106,6.8,7.6,4.39,24465,86,60986,41,5,1355,1415,1207,71,29
"""490351027021""","""Salt Lake City, UT""",1.00,1293.00,504.00,264.33,30,36,34,14,18,17,16,18,17,4.62,8.81,1.73,2,2,15048,14851,13765,6,7,6,14180,13295,12499,11110,10262,9702,2969,2929,2714,101,104,82,250,257,204,7.9,7.8,1.91,24091,36,54238,41,11,1070,1434,873,35,65
"""490351027022""","""Salt Lake City, UT""",1.00,1708.00,604.00,155.27,33,40,38,16,20,20,17,20,18,5.71,22.19,1.88,2,2,16243,16046,14960,6,6,6,15360,14430,13636,12065,11172,10612,3204,3164,2950,91,93,74,226,232,185,7.4,7.6,3.89,23946,53,56758,41,10,1232,1215,1269,68,32
"""490351028011""","""Salt Lake City, UT""",1.00,1562.00,461.00,299.83,37,44,42,19,23,22,18,21,19,5.73,8.81,1.99,2,2,16752,16555,15468,4,4,4,16124,15161,14372,12756,11831,11270,3305,3265,3050,63,65,51,156,161,128,5.7,7.6,1.54,27831,85,74850,41,17,1403,1598,994,68,32
"""490351028012""","""Salt Lake City, UT""",1.00,1476.00,456.00,169.27,35,42,39,17,21,20,18,21,19,6.47,17.42,1.99,2,2,17135,16938,15851,3,3,3,16186,15222,14438,12764,11839,11278,3380,3340,3126,42,43,34,103,106,84,5.8,7.0,2.69,23828,93,59400,42,7,1257,1403,1048,59,41
"""490351028013""","""Salt Lake City, UT""",1.00,2820.00,947.00,217.59,38,46,43,19,24,23,18,22,20,6.43,27.98,2.03,2,2,17736,17539,16452,3,3,3,16579,15601,14817,13037,12098,11538,3499,3459,3244,43,44,35,107,110,87,5.7,6.7,4.35,21571,86,53097,42,10,1450,1412,1547,72,28
"""490351028021""","""Salt Lake City, UT""",1.00,1141.00,354.00,744.03,34,41,39,17,22,21,17,20,18,5.47,2.60,1.86,2,2,16172,15975,14889,4,4,4,15178,14253,13465,11926,11040,10479,3190,3150,2936,62,64,50,153,158,125,6.3,6.8,0.48,24632,56,68227,42,28,1302,1313,1297,30,70
"""490351028022""","""Salt Lake City, UT""",1.00,2065.00,471.00,146.02,36,44,41,17,22,21,19,22,20,7.10,22.90,2.09,2,2,18206,18009,16923,2,3,2,17066,16070,15287,13436,12480,11919,3592,3551,3337,38,39,31,95,98,78,5.4,6.6,3.23,21891,94,58662,42,9,1306,1602,,82,18
"""490351028023""","""Salt Lake City, UT""",1.00,1897.00,494.00,409.79,35,43,40,19,24,23,16,19,17,6.53,7.87,1.78,2,2,16169,15972,14885,4,4,4,14651,13751,12963,11401,10540,9979,3190,3150,2935,60,62,49,149,153,122,6.9,5.9,1.21,20677,36,60460,43,29,1439,1439,1439,21,79
"""490351029001""","""Salt Lake City, UT""",1.00,1973.00,1081.00,326.48,30,36,33,16,20,19,14,16,14,3.15,10.44,1.53,1,1,12878,12681,11594,8,8,7,12503,11677,10877,9843,9054,8493,2540,2501,2286,120,123,98,297,305,242,8.9,8.3,3.31,32842,10,89317,40,8,1186,1882,1106,10,90
"""490351029002""","""Salt Lake City, UT""",1.00,2396.00,1071.00,302.66,31,37,35,17,21,20,14,17,15,3.56,12.59,1.56,2,1,13591,13394,12308,7,7,7,12806,11973,11175,10019,9222,8661,2681,2641,2427,106,109,87,264,271,216,8.8,7.9,3.54,31099,8,78571,41,10,1245,1726,1160,15,85
"""490351029003""","""Salt Lake City, UT""",1.00,1314.00,767.00,302.65,32,39,36,16,20,19,16,19,17,3.75,9.51,1.76,2,2,15153,14956,13869,6,6,5,14385,13490,12697,11309,10452,9891,2989,2949,2735,86,89,70,214,220,175,7.8,7.4,2.53,30048,36,73296,42,19,1194,1470,1027,38,62
"""490351030001""","""Salt Lake City, UT""",1.00,1535.00,614.00,216.12,38,46,43,22,27,26,16,18,17,3.90,11.07,1.77,2,2,13920,13723,12637,6,7,6,14231,13333,12537,11385,10524,9964,2746,2706,2492,100,103,82,248,255,203,8.0,8.8,2.84,38828,64,83525,39,8,1649,1931,1421,45,55
"""490351030002""","""Salt Lake City, UT""",1.00,1878.00,761.00,108.33,38,46,43,21,27,26,16,19,17,4.95,34.80,1.85,2,2,14420,14223,13136,7,7,6,14825,13904,13108,11879,10995,10434,2845,2805,2590,102,105,83,252,259,206,8.0,8.7,7.02,36955,72,90760,39,5,1604,1652,1486,71,29
"""490351031001""","""Salt Lake City, UT""",1.00,1461.00,652.00,107.46,40,48,45,23,29,27,17,20,18,5.03,30.55,1.90,2,2,14962,14765,13679,4,4,4,15194,14258,13469,12175,11277,10716,2952,2912,2697,67,69,55,167,172,136,7.5,8.6,6.07,37795,80,71893,39,6,1720,1762,1648,63,37
"""490351031002""","""Salt Lake City, UT""",1.00,1277.00,561.00,107.40,39,48,45,23,29,28,16,19,17,4.75,24.83,1.85,2,2,14537,14340,13254,4,4,4,14822,13899,13110,11887,11003,10442,2868,2828,2614,67,68,54,165,170,135,8.2,8.5,5.22,37211,67,75488,40,4,1735,1942,1410,61,39
"""490351031003""","""Salt Lake City, UT""",1.00,1373.00,497.00,107.75,30,37,34,15,18,18,16,18,17,4.70,21.68,1.74,2,2,14232,14035,12948,7,7,7,14117,13228,12430,11201,10348,9788,2808,2768,2553,109,112,89,269,277,220,8.0,8.4,4.61,35252,48,77016,40,11,1106,1247,1006,42,58
"""490351032001""","""Salt Lake City, UT""",1.00,1425.00,576.00,106.61,38,47,44,22,27,26,16,19,17,4.58,24.76,1.84,2,2,14879,14682,13596,7,7,7,14841,13924,13126,11796,10916,10355,2935,2895,2681,110,113,90,272,280,223,7.6,8.2,5.40,36473,72,66508,40,6,1653,1724,1554,59,41
"""490351032002""","""Salt Lake City, UT""",1.00,1498.00,804.00,106.82,37,46,43,22,27,26,16,18,16,,,1.73,2,2,14164,13967,12881,8,8,7,14052,13166,12366,11139,10290,9729,2794,2754,2540,118,122,97,294,302,240,8.4,8.1,7.53,35673,50,70418,40,4,1645,1790,1514,48,52
"""490351032003""","""Salt Lake City, UT""",1.00,1460.00,815.00,107.16,29,35,32,13,17,16,15,18,16,3.33,25.32,1.72,2,2,14294,14097,13011,8,8,7,13975,13094,12294,11036,10191,9631,2820,2780,2566,120,123,98,297,305,242,8.4,7.9,7.61,33758,43,70577,41,6,1005,1498,629,43,57
"""490351033001""","""Salt Lake City, UT""",1.00,1502.00,731.00,107.45,35,43,40,21,26,25,14,17,15,3.16,21.48,1.56,2,1,13345,13148,12062,10,10,10,12796,11964,11156,10005,9209,8648,2633,2593,2378,158,162,129,391,402,320,8.6,8.3,6.80,35837,13,53900,39,11,1573,1306,1614,13,87
"""490351033002""","""Salt Lake City, UT""",1.00,1174.00,697.00,107.35,37,45,42,21,27,26,15,18,16,3.40,22.09,1.69,2,2,13733,13536,12450,9,9,9,13726,12853,12049,10875,10038,9477,2709,2669,2455,142,146,116,353,362,289,8.3,8.3,6.49,36671,46,57815,39,5,1614,2368,1152,38,62
"""490351033003""","""Salt Lake City, UT""",1.00,1643.00,671.00,107.70,36,44,41,21,26,25,16,18,16,4.54,28.29,1.74,2,2,14015,13819,12732,8,9,8,14051,13165,12362,11154,10304,9744,2765,2725,2511,132,135,108,326,335,267,8.2,8.3,6.23,36927,52,62708,40,5,1554,1975,1186,47,53
"""490351034001""","""Salt Lake City, UT""",1.00,1124.00,454.00,108.60,41,50,47,24,30,28,17,20,19,5.23,21.88,1.95,2,2,15550,15353,14267,4,4,4,15660,14708,13919,12528,11613,11053,3068,3028,2813,65,67,53,161,166,132,6.8,8.6,4.18,35806,76,59206,39,10,1784,1913,1458,72,28
"""490351034002""","""Salt Lake City, UT""",1.00,1781.00,784.00,107.84,36,44,41,20,25,24,16,19,17,4.56,33.12,1.80,2,2,14297,14100,13014,6,6,5,14481,13574,12781,11574,10704,10143,2821,2781,2566,87,89,71,215,221,176,8.1,8.6,7.27,37223,52,63191,39,7,1521,1772,1230,54,46
"""490351034003""","""Salt Lake City, UT""",1.00,1212.00,544.00,107.83,42,52,49,26,32,31,17,19,18,4.56,22.98,1.87,2,2,14703,14506,13419,5,5,5,14980,14052,13261,12000,11111,10550,2901,2861,2646,79,81,64,196,201,160,8.0,8.6,5.05,37955,61,67800,39,6,1934,2269,1316,65,35
"""490351035001""","""Salt Lake City, UT""",1.00,900.00,350.00,107.05,51,63,59,33,42,40,18,21,19,5.35,17.48,2.04,2,2,15937,15740,14654,4,4,4,16317,15338,14549,13110,12168,11608,3144,3104,2890,64,66,52,158,163,129,6.4,8.9,3.27,35784,93,68300,38,9,2512,2581,1964,89,11
"""490351035002""","""Salt Lake City, UT""",1.00,1618.00,667.00,109.27,41,50,47,24,30,29,17,20,18,4.78,29.15,1.92,2,2,14881,14684,13598,5,5,5,15322,14380,13589,12310,11406,10845,2936,2896,2681,76,79,62,190,195,155,7.5,8.9,6.10,37559,78,70840,38,7,1828,2083,1173,72,28
"""490351035003""","""Salt Lake City, UT""",1.00,1417.00,708.00,108.31,40,49,46,24,31,29,15,18,16,3.70,24.19,1.74,2,2,13496,13299,12213,6,6,6,13916,13028,12234,11164,10313,9753,2662,2623,2408,90,92,73,223,229,182,8.5,8.8,6.54,38780,47,75246,38,6,1842,2442,1361,44,56
"""490351036001""","""Salt Lake City, UT""",1.00,1051.00,481.00,116.52,50,61,58,32,41,39,18,21,19,4.88,20.13,1.98,2,2,15832,15635,14548,4,4,4,15918,14956,14169,12738,11814,11253,3123,3083,2869,57,59,46,141,145,115,6.1,8.8,4.13,30637,93,61429,38,7,2444,2648,1766,77,23
"""490351036002""","""Salt Lake City, UT""",1.00,1724.00,618.00,138.86,62,76,72,45,56,54,17,20,19,5.61,24.99,1.94,2,2,15587,15390,14304,6,6,6,15657,14708,13912,12484,11572,11011,3075,3035,2821,98,101,80,244,251,199,6.3,8.9,4.45,33436,86,64601,38,11,3367,3625,2461,78,22
"""490351037001""","""Salt Lake City, UT""",1.00,1515.00,543.00,107.44,49,60,56,32,39,38,17,20,19,4.97,25.12,1.96,2,2,15737,15540,14454,4,4,3,15720,14766,13979,12560,11644,11084,3105,3064,2850,56,57,45,138,142,112,6.6,8.6,5.05,31959,85,52592,38,6,2371,2487,2042,74,26
"""490351037002""","""Salt Lake City, UT""",1.00,1243.00,523.00,110.89,49,60,57,32,40,38,18,21,19,5.12,24.13,1.98,2,2,15890,15693,14606,4,4,4,15891,14931,14143,12697,11775,11214,3135,3095,2880,59,61,48,147,151,120,6.3,8.6,4.72,34042,94,55716,39,6,2396,2324,2600,74,26
"""490351038001""","""Salt Lake City, UT""",1.00,1354.00,496.00,103.41,47,58,54,30,37,36,17,21,19,5.44,26.11,1.96,2,2,15926,15729,14643,4,4,4,15796,14841,14052,12586,11669,11109,3142,3102,2888,68,69,55,168,172,137,6.8,8.3,4.80,32951,81,48092,39,5,2239,2449,1615,75,25
"""490351038002""","""Salt Lake City, UT""",1.00,1020.00,538.00,106.20,42,51,48,25,31,30,16,19,18,4.32,21.86,1.84,2,2,15114,14917,13830,7,7,7,14891,13974,13175,11796,10916,10356,2982,2942,2727,112,116,92,279,287,228,7.3,8.3,5.07,34541,64,50905,39,8,1884,2158,1481,59,41
"""490351039001""","""Salt Lake City, UT""",1.00,1387.00,541.00,108.02,47,58,55,30,37,36,17,20,19,5.41,27.09,1.93,2,2,16180,15983,14896,5,5,4,15678,14731,13941,12415,11506,10945,3192,3152,2938,71,73,58,177,182,145,6.8,8.5,5.01,26465,66,36801,39,8,2254,2585,1267,75,25
"""490351039002""","""Salt Lake City, UT""",1.00,1490.00,563.00,107.49,48,59,55,30,37,36,18,21,19,5.73,30.01,2.02,2,2,16777,16580,15493,4,4,4,16321,15348,14560,12948,12014,11453,3310,3269,3055,63,65,52,157,161,128,5.7,8.3,5.24,28835,96,40065,39,6,2251,2192,2509,82,18
"""490351039003""","""Salt Lake City, UT""",1.00,1046.00,457.00,107.76,42,51,48,24,30,29,18,21,19,5.35,22.67,1.99,2,2,16472,16275,15189,4,4,4,16105,15139,14351,12794,11867,11307,3250,3209,2995,61,63,50,151,155,123,5.9,8.3,4.24,30815,94,43818,39,6,1797,2118,854,75,25
"""490351040001""","""Salt Lake City, UT""",1.00,1034.00,439.00,129.66,46,56,53,29,36,34,17,21,19,4.84,16.37,1.95,2,2,16215,16018,14932,4,4,4,15781,14829,14041,12518,11604,11044,3199,3159,2944,64,66,53,160,164,130,6.3,8.6,3.39,24871,79,40225,38,7,2158,2278,1851,72,28
"""490351040002""","""Salt Lake City, UT""",1.00,1520.00,406.00,107.85,42,52,49,24,30,29,19,22,20,6.21,23.36,2.08,2,2,17055,16858,15772,4,4,4,16807,15814,15026,13382,12428,11867,3365,3324,3110,60,62,49,149,153,122,5.4,8.6,3.76,27285,99,44753,38,6,1794,1882,,95,5
"""490351040003""","""Salt Lake City, UT""",1.00,868.00,306.00,107.40,49,60,57,31,39,38,18,21,19,5.78,16.47,2.00,2,2,16356,16159,15073,4,4,3,16121,15154,14367,12839,11910,11349,3227,3187,2972,56,57,45,138,142,112,5.5,8.7,2.85,29628,89,48919,38,11,2357,2557,1772,75,25
"""490351041001""","""Salt Lake City, UT""",1.00,1610.00,649.00,139.45,54,67,63,37,47,45,17,20,18,4.55,21.18,1.90,2,2,15368,15171,14084,4,5,4,15301,14364,13575,12201,11302,10742,3032,2992,2777,68,70,56,170,175,139,7.3,8.9,4.65,24811,58,55571,38,7,2818,3080,2038,75,25
"""490351041002""","""Salt Lake City, UT""",1.00,1438.00,543.00,117.28,63,77,73,45,57,54,18,21,19,5.21,24.13,2.00,2,2,15925,15728,14641,4,4,3,16021,15054,14267,12823,11895,11334,3142,3101,2887,56,58,46,139,143,113,6.5,8.8,4.63,27899,85,57626,38,5,3405,3670,1779,86,14
"""490351042001""","""Salt Lake City, UT""",1.00,2008.00,812.00,479.52,59,72,68,40,50,48,18,22,20,5.47,9.27,2.02,2,2,17833,17636,16550,3,3,3,16521,15548,14763,12959,12025,11464,3518,3478,3264,44,45,36,108,112,89,4.5,8.3,1.69,17782,74,24946,39,25,3033,3559,1599,73,27
"""490351042003""","""Salt Lake City, UT""",1.00,625.00,234.00,349.12,60,73,70,40,51,49,19,23,21,5.74,3.85,2.17,2,2,18004,17807,16720,3,3,3,17537,16517,15733,13940,12959,12399,3552,3511,3297,45,46,37,112,115,91,3.8,8.8,0.67,20155,86,43576,38,29,3042,3042,,100,0
"""490351042004""","""Salt Lake City, UT""",1.00,1377.00,479.00,184.14,52,64,61,34,43,41,18,21,19,6.03,15.70,2.00,2,2,16979,16782,15696,3,3,3,16273,15304,14518,12872,11942,11381,3350,3309,3095,52,53,42,129,132,105,5.4,8.6,2.60,21674,77,36039,38,13,2581,2948,1192,79,21
"""490351042005""","""Salt Lake City, UT""",1.00,604.00,223.00,97.01,65,80,75,45,56,54,20,23,21,6.03,13.86,2.19,2,2,19511,19314,18228,1,1,1,17901,16876,16098,14041,13055,12495,3849,3809,3594,11,11,9,27,28,22,3.1,7.5,2.30,18209,100,30121,38,24,3379,3379,,100,0
"""490351042006""","""Salt Lake City, UT""",1.00,1191.00,629.00,190.26,44,54,51,26,32,31,18,21,20,,,1.99,2,2,18411,18214,17128,1,1,1,16407,15442,14664,12762,11837,11276,3632,3592,3378,13,14,11,33,34,27,6.5,7.4,3.31,15137,31,27208,38,32,1943,2159,,90,10
"""490351043001""","""Salt Lake City, UT""",1.00,1027.00,453.00,136.04,40,48,45,23,29,28,16,19,17,4.51,15.01,1.79,2,2,15279,15082,13995,4,5,4,14582,13678,12888,11499,10632,10072,3014,2974,2760,70,71,57,173,177,141,7.3,8.5,3.33,23740,55,33044,38,6,1764,2333,1349,42,58
"""490351043002""","""Salt Lake City, UT""",1.00,1861.00,780.00,132.30,38,46,43,22,27,26,16,18,16,4.87,28.69,1.71,2,2,15248,15051,13965,5,5,4,14047,13168,12378,10968,10127,9566,3008,2968,2754,71,73,58,176,181,144,7.6,8.3,5.90,22233,31,29232,39,12,1653,1875,1555,31,69
"""490351044001""","""Salt Lake City, UT""",1.00,1243.00,449.00,308.55,52,63,60,34,42,40,18,21,20,5.97,8.69,2.02,2,2,17352,17155,16068,3,3,3,16423,15449,14666,12959,12025,11464,3423,3383,3169,40,42,33,100,103,82,4.9,8.3,1.46,24237,78,30760,39,18,2532,2813,1725,74,26
"""490351044002""","""Salt Lake City, UT""",1.00,725.00,232.00,116.51,54,66,63,35,44,43,19,22,20,6.64,13.21,2.09,2,2,17497,17300,16213,3,4,3,16925,15931,15144,13420,12464,11903,3452,3411,3197,54,55,44,134,137,109,5.3,8.3,1.99,27080,98,34871,39,6,2668,2892,,92,8
"""490351047001""","""Salt Lake City, UT""",1.00,2066.00,670.00,156.03,44,53,50,27,34,32,17,20,18,5.48,23.52,1.88,2,2,15829,15632,14546,4,4,4,15236,14306,13518,12050,11158,10597,3123,3083,2868,64,65,52,158,162,129,6.8,8.3,4.29,29624,67,37013,39,8,2020,1985,2064,56,44
"""490351047002""","""Salt Lake City, UT""",1.00,1944.00,792.00,182.12,39,48,45,21,27,26,18,21,19,5.49,23.88,1.99,2,2,16612,16415,15329,6,6,5,16119,15157,14363,12755,11830,11269,3277,3237,3023,87,90,71,217,223,177,6.1,8.1,4.35,33846,89,46441,40,8,1609,1966,,82,18
"""490351047003""","""Salt Lake City, UT""",1.00,1468.00,674.00,192.38,43,53,50,26,32,31,17,20,18,4.64,16.24,1.92,2,2,15878,15681,14594,7,7,6,15587,14644,13847,12351,11445,10884,3132,3092,2878,104,107,85,257,265,211,7.1,8.1,3.50,35897,68,52141,40,10,1952,2107,1486,75,25
"""490351048001""","""Salt Lake City, UT""",1.00,1246.00,506.00,111.21,43,53,50,25,31,30,18,21,20,,,2.03,2,2,17119,16922,15835,4,4,4,16483,15506,14719,13048,12109,11548,3377,3337,3123,59,60,48,145,149,119,5.3,8.3,4.55,30702,87,39129,39,12,1879,2313,,81,19
"""490351048002""","""Salt Lake City, UT""",1.00,1892.00,683.00,162.02,43,53,50,26,32,31,17,20,19,5.49,23.15,1.94,2,2,16055,15858,14771,4,4,4,15681,14732,13944,12451,11540,10980,3167,3127,2913,63,65,52,157,161,128,6.8,8.1,4.22,33454,83,45429,40,6,1943,2020,1783,67,33
"""490351048003""","""Salt Lake City, UT""",1.00,792.00,410.00,94.23,41,50,47,25,31,29,16,19,17,4.01,17.46,1.83,2,2,15122,14925,13839,5,5,5,14841,13924,13133,11779,10899,10339,2983,2943,2729,79,82,65,197,202,161,8.4,8.1,4.35,35102,44,49628,40,4,1844,1944,1639,67,33
"""490351048004""","""Salt Lake City, UT""",1.00,1381.00,603.00,140.47,38,47,44,21,27,26,17,20,18,4.83,20.74,1.90,2,2,15767,15570,14483,5,5,5,15356,14420,13630,12172,11274,10714,3110,3070,2856,73,76,60,182,188,149,7.2,8.0,4.29,36083,61,53608,40,13,1610,1832,1277,60,40
"""490351049001""","""Salt Lake City, UT""",1.00,987.00,549.00,91.29,41,50,47,25,31,30,16,19,17,4.52,27.16,1.80,2,2,14858,14661,13574,8,8,7,14630,13723,12923,11580,10710,10149,2931,2891,2677,119,122,97,295,303,241,8.4,8.1,6.01,35843,43,62784,40,6,1868,2105,1350,69,31
"""490351049002""","""Salt Lake City, UT""",1.00,934.00,424.00,100.38,33,40,37,17,21,20,16,19,17,4.44,18.77,1.77,2,2,14739,14542,13455,8,8,7,14384,13488,12688,11359,10499,9938,2908,2868,2653,118,121,96,292,300,239,7.7,8.0,4.22,36463,53,57499,40,11,1272,1199,1323,41,59
"""490351049003""","""Salt Lake City, UT""",1.00,788.00,408.00,125.90,33,40,38,17,22,21,16,19,17,4.26,13.79,1.79,2,2,15103,14906,13819,6,6,6,14595,13690,12895,11520,10653,10093,2979,2939,2725,95,98,78,235,242,192,7.5,7.7,3.24,35485,55,60739,41,14,1294,1470,1165,42,58
"""490351101031""","""Salt Lake City, UT""",1.00,1503.00,571.00,42218.49,60,73,70,37,46,45,23,27,25,8.24,0.11,2.47,2,2,24429,24232,23146,1,1,1,20690,19579,18802,15861,14791,14230,4819,4778,4564,10,10,8,35,36,29,0.0,6.2,0.01,4319,94,7422,40,1319,2789,2881,1500,93,7
"""490351101032""","""Salt Lake City, UT""",1.00,897.00,396.00,20509.09,56,69,65,33,42,40,23,27,25,7.93,0.15,2.47,2,2,24756,24559,23473,1,1,1,20776,19664,18888,15890,14818,14258,4884,4843,4629,2,2,2,58,60,48,0.0,5.7,0.02,4209,100,6586,41,732,2500,2592,,96,4
"""490351101033""","""Salt Lake City, UT""",1.00,839.00,301.00,136.36,59,73,69,40,50,48,19,23,21,6.57,14.50,2.13,2,2,19649,19452,18365,3,3,3,17584,16578,15792,13659,12692,12131,3876,3836,3622,49,50,40,120,124,98,3.7,7.3,2.21,15663,100,19791,40,11,2996,3288,979,87,13
"""490351101041""","""Salt Lake City, UT""",1.00,1862.00,728.00,1211.59,57,70,66,37,46,45,20,24,22,6.65,4.00,2.21,2,2,20316,20119,19032,2,2,2,18251,17218,16437,14215,13221,12661,4008,3967,3753,29,30,24,72,74,58,2.4,7.4,0.60,16654,100,21937,40,40,2794,3031,,92,8
"""490351101042""","""Salt Lake City, UT""",1.00,1995.00,649.00,14301.49,73,90,85,51,63,61,23,27,25,8.87,0.40,2.41,2,2,25043,24846,23760,0,0,0,20446,19352,18577,15506,14452,13891,4940,4900,4685,0,0,0,33,34,27,0.1,3.5,0.05,4379,97,6292,41,421,3801,4001,1720,91,9
"""490351101043""","""Salt Lake City, UT""",1.00,1046.00,390.00,177.16,52,63,60,32,41,39,19,23,21,6.67,14.69,2.11,2,2,19402,19205,18119,3,3,3,17424,16423,15637,13545,12583,12023,3828,3787,3573,51,53,42,127,131,104,4.4,7.3,2.20,16298,95,19915,40,9,2441,2466,2250,88,12
"""490351101044""","""Salt Lake City, UT""",1.00,896.00,333.00,207.05,63,77,73,43,53,51,20,23,22,6.74,10.84,2.18,2,2,19961,19764,18677,2,3,2,17990,16967,16184,14014,13030,12470,3938,3897,3683,38,40,31,95,98,78,4.0,7.3,1.61,15656,100,19338,40,10,3204,3214,,100,0
"""490351101051""","""Salt Lake City, UT""",1.00,1176.00,420.00,183.02,54,67,63,35,43,42,20,23,21,6.46,14.81,2.14,2,2,20751,20554,19467,1,1,1,17869,16857,16079,13764,12792,12232,4094,4053,3839,11,11,9,27,28,22,4.6,4.6,2.29,14848,79,18272,42,14,2600,2632,2158,93,7
"""490351101061""","""Salt Lake City, UT""",1.00,956.00,277.00,13546.06,46,56,53,24,30,29,22,26,24,7.54,0.15,2.31,2,2,24121,23924,22837,1,1,1,19626,18562,17785,14858,13834,13274,4758,4718,4503,10,10,8,25,26,21,2.0,4.3,0.02,3939,48,7410,44,339,1825,2188,,83,17
"""490351101062""","""Salt Lake City, UT""",1.00,610.00,232.00,301.35,63,77,73,42,53,51,21,24,22,6.94,5.34,2.23,2,2,21795,21598,20511,1,1,1,18625,17587,16810,14316,13318,12757,4300,4259,4045,9,10,8,23,24,19,3.8,4.0,0.77,12615,81,14925,42,22,3194,3194,,100,0
"""490351101063""","""Salt Lake City, UT""",1.00,558.00,248.00,41272.19,55,67,63,32,40,39,23,27,25,7.75,0.05,2.44,2,2,24805,24608,23521,1,1,1,20555,19453,18678,15661,14600,14039,4893,4853,4638,1,1,1,41,43,34,0.8,3.5,0.01,3411,70,6566,43,516,2412,2589,,93,7
"""490351102001""","""Salt Lake City, UT""",1.00,1385.00,517.00,302.59,51,62,58,31,39,37,20,23,21,6.23,10.64,2.16,2,2,19184,18987,17901,2,2,2,17676,16660,15878,13856,12880,12319,3785,3744,3530,35,36,29,88,90,71,3.1,7.6,1.71,20494,100,25317,39,23,2336,2355,2120,92,8
"""490351102002""","""Salt Lake City, UT""",1.00,1119.00,346.00,166.75,41,49,46,21,27,26,19,23,21,6.83,14.18,2.10,2,2,19108,18911,17824,3,3,3,17317,16318,15533,13501,12541,11980,3769,3729,3515,47,48,38,116,119,95,3.8,7.6,2.07,17744,100,22215,40,12,1609,1926,,84,16
"""490351102003""","""Salt Lake City, UT""",1.00,681.00,262.00,86.45,41,50,47,22,28,27,19,23,21,5.94,17.99,2.12,2,2,18624,18427,17341,3,3,3,17320,16316,15531,13599,12635,12074,3674,3634,3420,47,48,38,116,119,95,4.3,7.6,3.03,22378,100,27004,40,10,1669,1792,,93,7
"""490351102004""","""Salt Lake City, UT""",1.00,1098.00,424.00,177.62,46,56,53,27,34,33,19,22,20,6.46,15.42,2.08,2,2,18664,18467,17381,2,2,1,17088,16094,15314,13383,12428,11868,3682,3642,3427,23,24,19,58,60,47,4.2,6.9,2.39,24705,98,30148,39,13,2039,2069,1882,84,16
"""490351102005""","""Salt Lake City, UT""",1.00,901.00,291.00,115.16,39,48,45,21,26,25,18,22,20,6.10,15.40,2.04,2,2,17817,17620,16533,4,4,4,16688,15708,14920,13113,12171,11611,3515,3475,3260,60,62,49,149,153,122,4.8,8.0,2.53,25168,87,29875,40,13,1577,1708,1074,79,21
"""490351103001""","""Salt Lake City, UT""",1.00,1058.00,361.00,85.18,44,54,51,27,34,32,18,21,19,5.51,23.36,1.94,2,2,16702,16505,15419,4,4,3,15824,14874,14088,12475,11563,11002,3295,3255,3041,55,56,45,136,139,111,6.5,8.2,4.24,27151,57,32923,39,14,2026,2229,1440,74,26
"""490351103002""","""Salt Lake City, UT""",1.00,907.00,331.00,93.81,45,55,52,27,33,32,19,22,20,5.89,20.77,2.06,2,2,17739,17542,16456,4,4,4,16801,15815,15026,13234,12286,11726,3499,3459,3245,68,69,55,168,172,137,4.8,8.1,3.53,27300,81,32729,39,19,2010,2150,1188,85,15
"""490351103003""","""Salt Lake City, UT""",1.00,1093.00,387.00,107.99,44,53,50,27,34,33,16,19,17,5.58,20.00,1.81,2,2,15493,15296,14210,5,5,5,14733,13825,13034,11601,10730,10169,3056,3016,2802,76,79,62,190,195,155,7.8,8.2,3.58,28807,41,35183,39,7,2058,2284,1781,55,45
"""490351103004""","""Salt Lake City, UT""",1.00,713.00,320.00,78.50,45,55,52,27,34,33,18,21,19,5.11,20.84,1.96,2,2,16580,16383,15297,4,5,4,15924,14969,14179,12583,11666,11105,3271,3231,3016,70,72,57,174,179,142,6.0,8.2,4.08,30075,86,37615,39,8,2048,2126,1880,68,32
"""490351103005""","""Salt Lake City, UT""",1.00,988.00,375.00,92.21,46,56,53,28,36,34,18,21,19,5.52,22.44,1.99,2,2,16692,16495,15409,4,4,4,16120,15157,14368,12764,11839,11278,3293,3253,3039,63,65,52,157,162,128,6.0,8.2,4.07,31686,93,40400,39,7,2137,2099,2245,74,26
"""490351103006""","""Salt Lake City, UT""",1.00,1302.00,517.00,118.41,45,55,51,26,33,31,19,22,20,5.87,25.61,2.08,2,2,17313,17116,16029,4,4,4,16845,15853,15064,13364,12410,11850,3415,3375,3161,66,67,54,163,167,133,5.6,8.1,4.37,33350,100,43582,40,7,1966,2135,,92,8
"""490351104011""","""Salt Lake City, UT""",1.00,1333.00,455.00,271.04,54,66,63,35,44,42,19,23,21,5.92,9.94,2.13,2,2,17795,17598,16512,4,4,4,17259,16252,15465,13692,12724,12163,3511,3470,3256,56,58,46,140,144,115,4.6,8.2,1.68,32464,98,42434,39,16,2630,2764,,95,5
"""490351104012""","""Salt Lake City, UT""",1.00,430.00,166.00,77.50,41,50,47,24,30,29,17,20,18,4.53,9.71,1.87,2,2,15576,15379,14292,5,5,5,15151,14224,13433,12003,11113,10553,3073,3033,2818,75,78,62,187,192,153,7.4,8.2,2.14,34073,57,46408,40,11,1815,2107,1424,57,43
"""490351104013""","""Salt Lake City, UT""",1.00,1600.00,682.00,98.15,34,42,39,19,24,23,15,18,16,4.41,30.63,1.68,2,2,14540,14343,13257,6,6,6,13753,12882,12088,10796,9963,9402,2868,2828,2614,88,91,72,220,226,179,8.5,8.2,6.95,33486,22,46863,39,9,1443,1753,1228,41,59
"""490351104021""","""Salt Lake City, UT""",1.00,1365.00,469.00,155.20,41,49,46,22,28,27,18,21,19,5.84,17.65,2.01,2,2,16889,16692,15605,4,4,4,16307,15336,14547,12910,11978,11417,3332,3292,3077,65,67,53,162,166,132,6.4,8.2,3.02,30162,74,37801,39,10,1690,1750,1344,85,15
"""490351104022""","""Salt Lake City, UT""",1.00,1657.00,436.00,147.57,45,55,52,28,35,33,17,20,19,5.70,16.83,1.92,2,2,16581,16384,15297,5,5,5,15663,14720,13930,12318,11414,10853,3271,3231,3017,74,76,60,183,189,150,6.7,8.1,2.95,28013,55,33803,40,13,2088,2522,1141,69,31
"""490351104023""","""Salt Lake City, UT""",1.00,1274.00,368.00,129.33,42,52,49,24,30,29,19,22,20,6.72,19.11,2.07,2,2,17658,17461,16374,4,4,4,16831,15843,15056,13290,12340,11779,3483,3443,3229,59,60,48,145,149,119,5.5,8.1,2.85,27897,93,34032,39,8,1787,1975,,90,10
"""490351105001""","""Salt Lake City, UT""",1.00,1991.00,578.00,203.25,45,54,51,26,32,31,19,22,20,6.38,18.15,2.09,2,2,18657,18460,17374,3,3,3,17148,16153,15367,13415,12459,11898,3681,3640,3426,53,54,43,131,135,107,4.8,7.6,2.84,20010,94,24074,40,8,1921,2152,,89,11
"""490351105002""","""Salt Lake City, UT""",1.00,2546.00,811.00,350.11,54,66,62,34,42,41,20,23,21,6.51,15.07,2.16,2,2,19248,19051,17965,3,3,3,17706,16691,15905,13858,12881,12320,3797,3757,3543,51,53,42,128,132,104,4.1,7.5,2.32,20678,97,24449,40,11,2557,2589,,99,1
"""490351105003""","""Salt Lake City, UT""",1.00,769.00,290.00,127.23,22,26,24,4,5,5,18,22,20,5.26,11.99,2.04,2,2,17747,17550,16464,4,4,4,16643,15664,14876,13079,12139,11578,3501,3461,3247,63,64,51,155,160,127,5.5,7.9,2.28,25319,73,29688,40,14,288,,1739,83,17
"""490351105004""","""Salt Lake City, UT""",1.00,1364.00,427.00,155.81,53,64,61,33,42,40,19,23,21,5.97,16.37,2.12,2,2,18475,18278,17191,4,4,4,17314,16310,15523,13613,12648,12087,3645,3604,3390,57,58,46,141,144,115,4.7,7.9,2.74,25280,96,29600,40,10,2512,2635,,95,5
"""490351106001""","""Salt Lake City, UT""",1.00,1365.00,464.00,172.73,47,57,54,27,34,33,20,23,21,6.60,17.74,2.14,2,2,19422,19225,18139,3,3,3,17655,16644,15858,13772,12799,12239,3832,3791,3577,52,54,42,129,133,105,4.1,7.5,2.69,18868,97,22528,40,11,2043,2125,,96,4
"""490351106002""","""Salt Lake City, UT""",1.00,1211.00,505.00,141.81,48,59,56,29,37,35,19,22,20,6.15,21.91,2.07,2,2,18540,18343,17256,3,3,3,17009,16020,15234,13301,12351,11790,3657,3617,3403,51,52,41,125,129,102,4.9,7.5,3.56,21828,94,25686,40,7,2207,2191,2316,87,13
"""490351106003""","""Salt Lake City, UT""",1.00,1565.00,472.00,138.72,51,62,59,32,40,38,19,23,21,6.80,23.15,2.13,2,2,19020,18823,17736,3,3,3,17509,16501,15716,13710,12740,12179,3752,3712,3498,48,49,39,118,122,97,4.6,7.5,3.40,21751,100,25749,40,8,2380,2426,,98,2
"""490351106004""","""Salt Lake City, UT""",1.00,589.00,263.00,109.16,42,51,48,25,31,30,17,20,19,4.80,11.57,1.91,2,2,16866,16669,15583,4,5,4,15650,14710,13921,12254,11353,10792,3327,3287,3073,68,70,56,169,174,138,6.6,7.9,2.41,25117,59,29651,40,11,1850,2286,1116,63,37
"""490351106005""","""Salt Lake City, UT""",1.00,935.00,274.00,158.32,60,74,70,41,51,49,19,23,21,6.36,11.01,2.13,2,2,18563,18366,17280,3,4,3,17386,16380,15593,13669,12702,12141,3662,3622,3408,54,56,45,135,139,110,4.7,8.0,1.73,24637,96,29359,40,10,3099,3216,,96,4
"""490351107011""","""Salt Lake City, UT""",1.00,1488.00,599.00,154.72,41,50,47,24,30,29,17,20,18,5.35,20.71,1.91,2,2,16087,15890,14804,4,4,4,15501,14561,13772,12261,11359,10799,3174,3134,2919,66,68,54,164,168,134,7.4,8.2,3.87,32046,54,44261,39,12,1821,1978,1362,74,26
"""490351107012""","""Salt Lake City, UT""",1.00,2345.00,843.00,168.32,37,45,43,22,27,26,15,18,16,5.30,26.53,1.70,2,2,14562,14365,13278,5,5,5,13854,12978,12186,10903,10064,9504,2873,2833,2618,78,81,64,194,200,159,8.4,8.1,5.01,32954,32,47811,40,7,1649,1929,1479,38,62
"""490351107021""","""Salt Lake City, UT""",1.00,1378.00,361.00,120.15,56,69,65,38,47,45,19,22,20,6.48,19.47,2.08,2,2,17714,17517,16430,4,4,4,16944,15951,15164,13389,12435,11874,3494,3454,3240,61,62,50,150,154,123,5.7,8.1,3.00,27711,81,34050,39,11,2832,2921,,97,3
"""490351107022""","""Salt Lake City, UT""",1.00,1215.00,384.00,171.65,46,56,53,28,35,33,18,21,19,6.34,14.19,2.00,2,2,17104,16907,15820,4,4,4,16269,15302,14514,12835,11906,11346,3374,3334,3120,60,62,49,149,153,122,6.4,8.2,2.24,27562,73,34029,39,9,2084,2207,1489,83,17
"""490351107023""","""Salt Lake City, UT""",1.00,1058.00,426.00,136.33,47,58,54,30,37,36,18,21,19,4.63,14.48,1.95,2,2,16471,16274,15188,4,4,4,15805,14854,14065,12492,11580,11019,3249,3209,2995,63,65,51,156,161,128,6.4,8.2,3.12,30216,69,40023,39,14,2231,2685,1112,71,29
"""490351107024""","""Salt Lake City, UT""",1.00,1690.00,574.00,129.92,42,51,48,25,32,30,17,20,18,5.49,24.26,1.88,2,2,16015,15818,14731,4,4,4,15268,14338,13550,12048,11156,10596,3159,3119,2905,61,62,49,150,154,123,7.2,8.2,4.42,29819,56,39234,39,11,1898,2156,1399,66,34
"""490351108001""","""Salt Lake City, UT""",1.00,921.00,486.00,113.34,37,45,42,20,26,25,17,20,18,4.21,18.07,1.82,2,2,16412,16215,15128,5,5,4,14997,14084,13294,11688,10813,10252,3238,3198,2983,72,74,59,178,183,146,7.8,8.0,4.29,26144,26,32333,40,14,1536,1800,993,67,33
"""490351108002""","""Salt Lake City, UT""",1.00,1469.00,777.00,302.93,31,37,34,14,17,16,17,20,18,4.37,11.21,1.87,2,2,16753,16556,15470,4,4,4,15354,14427,13638,11986,11097,10537,3305,3265,3051,63,64,51,155,160,127,7.6,7.9,2.56,25769,28,31964,40,18,1017,975,1131,73,27
"""490351108003""","""Salt Lake City, UT""",1.00,1645.00,579.00,173.76,48,58,55,30,38,36,17,21,19,5.26,17.52,1.94,2,2,16698,16501,15415,4,4,4,15784,14835,14048,12433,11523,10962,3294,3254,3040,57,59,46,141,146,115,6.5,8.0,3.33,28129,74,35920,39,10,2277,2632,1463,70,30
"""490351108004""","""Salt Lake City, UT""",1.00,1787.00,752.00,250.30,42,51,48,25,31,30,17,20,18,4.45,13.38,1.86,2,2,16078,15881,14795,4,5,4,15166,14242,13452,11925,11039,10478,3172,3132,2917,70,72,57,173,178,141,6.7,8.2,3.00,31685,50,43592,39,31,1882,1899,1861,54,46
"""490351109001""","""Salt Lake City, UT""",1.00,804.00,343.00,148.01,47,57,54,29,36,34,18,21,19,5.57,12.91,1.98,2,2,17459,17262,16175,4,4,4,16246,15283,14496,12745,11821,11260,3444,3404,3190,56,58,46,140,144,115,6.2,7.9,2.32,24096,75,29068,40,9,2153,2360,1472,77,23
"""490351109002""","""Salt Lake City, UT""",1.00,1549.00,547.00,237.99,53,64,61,33,42,40,19,23,21,6.35,14.60,2.11,2,2,18637,18440,17353,3,3,3,17262,16261,15477,13539,12577,12017,3677,3636,3422,46,48,38,115,118,94,5.2,7.6,2.30,21688,82,25938,40,12,2513,2598,,97,3
"""490351109003""","""Salt Lake City, UT""",1.00,909.00,291.00,140.56,58,71,67,38,48,46,20,23,21,6.93,14.35,2.14,2,2,19744,19547,18461,1,1,1,17678,16666,15887,13766,12794,12233,3895,3855,3640,17,17,14,41,43,34,4.5,6.1,2.07,19479,82,24145,40,18,2862,2902,,99,1
"""490351109004""","""Salt Lake City, UT""",1.00,878.00,295.00,101.73,53,64,61,34,42,41,19,22,20,5.98,17.33,2.06,2,2,18387,18190,17104,2,2,2,16870,15885,15102,13206,12260,11699,3627,3587,3373,37,38,30,91,94,74,4.8,7.3,2.90,21484,93,26591,40,10,2546,2725,1671,83,17
"""490351110011""","""Salt Lake City, UT""",1.00,1088.00,372.00,289.89,58,71,67,39,48,46,19,23,21,6.48,8.32,2.12,2,2,19237,19040,17954,2,2,2,17471,16466,15684,13644,12677,12116,3795,3755,3540,33,34,27,81,84,66,4.0,7.1,1.28,18095,97,25415,40,13,2910,3005,2250,87,13
"""490351110012""","""Salt Lake City, UT""",1.00,2131.00,664.00,912.77,51,62,59,31,39,37,20,23,21,6.54,4.76,2.19,2,2,19472,19275,18188,2,2,2,17929,16904,16122,14055,13069,12508,3841,3801,3587,33,34,27,82,85,67,3.1,7.4,0.73,21314,96,28192,40,33,2340,2459,,95,5
"""490351110013""","""Salt Lake City, UT""",1.00,1337.00,443.00,349.48,52,63,60,34,42,41,18,21,19,6.16,7.80,1.97,2,2,17411,17214,16128,3,3,3,16157,15197,14412,12674,11753,11192,3435,3395,3180,48,50,40,120,124,98,5.5,7.8,1.27,24961,69,32322,40,22,2540,2667,2275,67,33
"""490351110021""","""Salt Lake City, UT""",1.00,1797.00,711.00,302.28,42,52,49,25,31,29,18,21,19,5.80,13.65,1.98,2,2,17579,17382,16295,3,3,3,16200,15239,14455,12692,11770,11209,3468,3428,3213,40,42,33,100,103,82,5.7,7.2,2.35,21673,71,36121,40,14,1844,2109,1272,68,32
"""490351110022""","""Salt Lake City, UT""",1.00,2259.00,909.00,214.65,42,51,48,26,32,31,16,19,17,5.33,22.55,1.80,2,2,16132,15935,14849,4,4,4,14768,13862,13075,11529,10662,10101,3182,3142,2928,56,58,46,140,144,114,7.1,7.6,4.23,24264,39,35851,40,17,1927,2395,1543,45,55
"""490351110023""","""Salt Lake City, UT""",1.00,1392.00,507.00,425.58,53,65,62,34,42,41,19,23,21,6.53,7.77,2.12,2,2,19391,19194,18108,2,2,2,17470,16466,15684,13611,12646,12085,3825,3785,3571,34,35,28,85,88,70,3.9,6.6,1.19,16700,85,29138,41,21,2544,3057,,83,17
"""490351111041""","""Salt Lake City, UT""",1.00,982.00,452.00,284.56,42,51,48,24,30,29,17,21,19,4.67,7.42,1.94,2,2,16569,16372,15285,4,4,4,15773,14824,14037,12446,11535,10975,3269,3228,3014,59,60,48,146,150,119,6.9,8.0,1.59,29978,56,50181,40,18,1816,1800,1857,72,28
"""490351111042""","""Salt Lake City, UT""",1.00,1633.00,587.00,224.97,45,55,52,26,33,32,19,22,20,6.09,15.88,2.08,2,2,17675,17478,16391,3,4,3,16875,15884,15098,13335,12383,11822,3487,3447,3232,53,55,43,132,136,108,5.3,8.1,2.61,30215,97,46968,40,12,1987,1973,2125,91,9
"""490351111051""","""Salt Lake City, UT""",1.00,905.00,526.00,115.93,43,53,50,26,33,31,17,20,18,3.76,17.07,1.90,2,2,16051,15854,14767,5,5,4,15465,14527,13737,12227,11327,10767,3166,3126,2912,71,73,58,176,181,144,8.4,8.1,4.54,31800,37,48093,40,6,1971,2054,957,92,8
"""490351111052""","""Salt Lake City, UT""",1.00,1111.00,390.00,153.71,41,50,47,24,30,29,17,20,18,5.29,13.41,1.89,2,2,16039,15842,14755,4,4,4,15359,14425,13637,12131,11235,10674,3164,3124,2910,65,66,53,160,165,131,7.3,8.2,2.54,30856,65,46250,40,9,1812,1628,2168,66,34
"""490351111053""","""Salt Lake City, UT""",1.00,1585.00,664.00,147.23,40,49,46,24,30,29,16,19,17,4.07,18.35,1.75,2,2,15393,15196,14109,5,5,5,14368,13475,12684,11254,10399,9839,3037,2997,2782,77,80,63,192,197,157,8.6,8.2,4.51,32111,18,46545,40,9,1815,1796,1855,67,33
"""490351111061""","""Salt Lake City, UT""",1.00,1805.00,868.00,169.94,23,28,26,7,9,8,16,19,17,4.43,22.63,1.79,2,2,15793,15596,14510,4,4,4,14705,13800,13011,11524,10656,10096,3116,3076,2861,66,68,54,164,169,134,7.8,7.9,5.11,28148,40,36500,39,11,523,,1180,56,44
"""490351111062""","""Salt Lake City, UT""",1.00,1649.00,542.00,196.43,46,56,52,27,33,32,19,22,20,5.63,15.54,2.10,2,2,17615,17418,16332,4,4,3,16997,16000,15213,13467,12508,11948,3475,3435,3221,55,57,45,137,141,112,6.0,8.2,2.76,30915,88,42484,39,12,2015,2015,,100,0
"""490351111071""","""Salt Lake City, UT""",1.00,781.00,355.00,79.15,39,48,45,24,30,28,16,19,17,4.57,20.52,1.73,2,2,15451,15254,14167,5,5,5,14263,13376,12584,11137,10288,9727,3048,3008,2794,78,80,63,192,198,157,8.1,8.2,4.48,30021,25,41954,39,16,1783,2164,1424,48,52
"""490351111072""","""Salt Lake City, UT""",1.00,2328.00,933.00,286.76,44,53,50,28,35,34,16,19,17,5.02,16.33,1.74,2,2,15540,15343,14257,5,5,5,14301,13412,12622,11162,10312,9751,3066,3026,2811,73,75,59,180,185,147,7.7,8.2,3.25,28268,31,37382,39,18,2098,2472,1862,39,61
"""490351111081""","""Salt Lake City, UT""",1.00,1927.00,790.00,260.77,48,58,55,29,36,35,19,22,20,5.36,16.23,2.05,2,2,17635,17438,16352,3,3,3,16713,15729,14944,13183,12238,11677,3479,3439,3225,51,53,42,127,131,104,5.1,8.2,3.03,27595,86,40993,39,17,2187,2065,2941,86,14
"""490351111082""","""Salt Lake City, UT""",1.00,957.00,434.00,167.56,40,49,46,23,28,27,18,21,19,4.54,11.75,1.99,2,2,16922,16725,15639,4,4,4,16199,15234,14446,12803,11876,11315,3338,3298,3084,58,60,47,144,148,118,7.5,8.2,2.59,27722,45,42203,39,12,1694,1750,,97,3
"""490351111091""","""Salt Lake City, UT""",1.00,1579.00,681.00,172.86,47,57,54,29,36,35,18,21,19,5.32,20.94,1.97,2,2,17199,17002,15915,3,3,3,16112,15152,14366,12667,11746,11185,3393,3353,3138,52,54,43,130,134,106,6.9,7.8,3.94,26386,46,35871,40,19,2167,2225,1729,88,12
"""490351111092""","""Salt Lake City, UT""",1.00,1361.00,826.00,243.80,36,44,41,19,24,23,17,20,18,4.03,13.64,1.90,2,2,16512,16315,15229,4,4,4,15520,14583,13794,12198,11299,10738,3257,3217,3003,65,67,53,161,166,132,8.1,8.3,3.39,28145,27,40638,39,12,1447,1609,,90,10
"""490351112011""","""Salt Lake City, UT""",1.00,1057.00,411.00,169.63,40,48,45,22,27,26,18,21,19,5.84,14.14,1.99,2,2,17223,17026,15939,3,3,3,16214,15249,14464,12765,11840,11279,3398,3357,3143,51,52,41,125,129,103,5.5,8.0,2.42,26632,96,39468,40,7,1630,1417,2135,70,30
"""490351112012""","""Salt Lake City, UT""",1.00,1507.00,642.00,170.97,37,45,42,21,26,25,16,19,17,5.02,18.87,1.78,2,2,15556,15359,14273,4,4,4,14561,13660,12871,11424,10562,10001,3069,3029,2815,68,70,56,169,174,138,7.5,8.1,3.76,29052,41,45486,40,16,1585,1759,1449,44,56
"""490351112021""","""Salt Lake City, UT""",1.00,658.00,209.00,70.92,40,48,46,22,27,26,18,22,20,6.98,20.57,2.03,2,2,17472,17275,16189,3,3,3,16510,15533,14750,13021,12084,11523,3447,3407,3192,42,43,34,104,107,85,4.9,8.1,2.95,28216,100,42367,40,10,1623,2107,,77,23
"""490351112022""","""Salt Lake City, UT""",1.00,1270.00,451.00,169.80,41,50,47,23,29,28,17,20,19,5.62,14.93,1.92,2,2,16605,16408,15322,3,3,3,15659,14715,13929,12332,11427,10866,3276,3236,3021,51,52,42,126,130,103,6.4,7.8,2.66,26362,63,38868,39,13,1764,1934,1448,65,35
"""490351112023""","""Salt Lake City, UT""",1.00,724.00,296.00,205.53,38,46,43,20,25,24,18,21,19,5.15,7.42,1.94,2,2,17046,16849,15762,3,3,3,15879,14929,14143,12463,11552,10991,3363,3323,3108,53,54,43,130,134,107,6.6,7.9,1.44,25688,41,37038,40,26,1522,1652,1144,74,26
"""490351112024""","""Salt Lake City, UT""",1.00,1585.00,646.00,168.17,35,43,40,20,25,24,15,18,16,4.47,17.16,1.69,2,2,15096,14899,13813,5,5,5,13928,13053,12263,10877,10040,9479,2978,2938,2724,73,75,60,181,186,148,7.9,8.0,3.84,29069,24,44415,40,17,1477,1679,1390,30,70
"""490351113021""","""Salt Lake City, UT""",1.00,1494.00,546.00,189.57,45,55,52,26,32,31,20,23,21,6.92,19.93,2.12,2,2,20254,20057,18970,1,1,1,17633,16627,15850,13626,12661,12100,3996,3955,3741,11,11,9,27,28,22,4.8,5.0,2.88,15093,81,24318,41,12,1921,2115,,91,9
"""490351113022""","""Salt Lake City, UT""",1.00,2026.00,765.00,236.36,44,54,51,25,31,30,19,22,20,6.42,20.78,2.09,2,2,18957,18760,17673,2,2,2,17162,16168,15386,13390,12435,11875,3740,3699,3485,32,33,26,80,82,65,4.2,6.7,3.24,18497,98,31254,41,10,1883,1728,2585,82,18
"""490351113023""","""Salt Lake City, UT""",1.00,1614.00,465.00,162.80,51,62,58,31,39,37,19,23,21,7.33,20.94,2.13,2,2,19648,19451,18364,1,1,1,17537,16530,15752,13649,12682,12121,3876,3836,3621,12,12,10,29,30,24,4.2,6.1,2.86,20039,97,31355,40,10,2339,2577,,91,9
"""490351113024""","""Salt Lake City, UT""",1.00,943.00,334.00,234.88,48,59,55,28,35,34,20,24,22,6.85,9.74,2.19,2,2,20523,20326,19239,1,1,1,18093,17068,16291,14035,13050,12489,4049,4008,3794,10,11,8,26,26,21,3.5,5.5,1.42,16784,95,28536,41,17,2104,2231,,94,6
"""490351113041""","""Salt Lake City, UT""",1.00,1592.00,599.00,419.20,53,64,61,33,41,40,20,23,21,7.00,10.00,2.11,2,2,20592,20395,19308,1,1,1,17647,16644,15866,13574,12610,12050,4062,4022,3808,11,12,9,28,29,23,3.9,4.6,1.43,16614,90,18897,42,14,2480,2655,1767,80,20
"""490351113042""","""Salt Lake City, UT""",1.00,1717.00,668.00,325.15,49,60,57,30,38,36,19,23,21,6.66,13.68,2.06,2,2,20171,19974,18888,1,1,1,17250,16262,15484,13260,12311,11751,3979,3939,3725,11,12,9,28,29,23,4.1,4.8,2.05,16204,82,19804,41,18,2272,2586,1463,72,28
"""490351113051""","""Salt Lake City, UT""",1.00,2231.00,725.00,254.76,47,57,54,28,35,34,19,22,20,6.07,17.26,2.05,2,2,18075,17878,16792,2,2,2,16763,15780,14997,13161,12217,11656,3566,3526,3311,36,37,29,89,92,73,4.8,7.3,2.85,22078,86,36342,40,13,2111,2307,1301,81,19
"""490351113052""","""Salt Lake City, UT""",1.00,2141.00,699.00,222.07,48,59,55,29,37,35,19,22,20,5.95,18.74,2.08,2,2,17996,17799,16713,3,3,3,16926,15935,15151,13332,12380,11819,3550,3510,3296,44,45,36,108,112,89,5.1,7.6,3.15,24239,92,35959,40,9,2204,2288,1473,90,10
"""490351113061""","""Salt Lake City, UT""",1.00,1486.00,643.00,216.92,41,50,47,25,31,30,16,19,17,4.99,14.78,1.75,2,2,16151,15954,14868,3,4,3,14476,13584,12797,11235,10381,9821,3186,3146,2932,54,56,44,135,139,110,6.8,7.4,2.96,23368,29,31252,40,27,1854,2111,1754,28,72
"""490351113062""","""Salt Lake City, UT""",1.00,690.00,269.00,161.42,51,62,59,31,39,37,20,24,22,6.67,11.11,2.19,2,2,20135,19938,18851,1,1,1,18069,17041,16264,14085,13098,12537,3972,3932,3717,12,12,10,29,30,24,3.6,6.1,1.67,21017,95,28452,40,18,2326,2326,,100,0
"""490351114001""","""Salt Lake City, UT""",1.00,1211.00,533.00,94.28,41,50,47,25,31,30,15,18,16,4.96,28.02,1.71,2,2,14403,14206,13120,8,8,7,13948,13069,12269,10987,10145,9584,2841,2801,2587,120,123,98,297,305,243,8.4,7.8,5.65,34816,37,66548,41,7,1890,1632,2072,41,59
"""490351114003""","""Salt Lake City, UT""",1.00,2067.00,751.00,104.44,34,41,39,18,23,22,16,18,17,4.73,34.04,1.73,2,2,15014,14817,13731,5,5,4,14136,13251,12460,11103,10255,9695,2962,2922,2708,71,73,58,177,182,144,8.4,7.1,7.19,34427,31,61415,42,9,1383,1975,1062,35,65
"""490351114004""","""Salt Lake City, UT""",1.00,932.00,468.00,90.01,30,36,34,15,19,18,15,18,16,4.09,21.29,1.64,2,1,14654,14457,13371,7,7,7,13502,12645,11848,10504,9684,9123,2891,2851,2637,107,110,88,266,273,217,8.7,6.4,5.20,32987,23,66787,43,6,1140,1397,1058,24,76
"""490351114005""","""Salt Lake City, UT""",1.00,894.00,287.00,74.62,38,47,44,22,27,26,17,19,18,4.88,18.76,1.83,2,2,15576,15379,14293,6,6,5,14925,14009,13216,11766,10887,10326,3073,3033,2818,87,90,71,216,222,176,7.2,7.1,3.85,32956,81,68530,42,6,1641,2028,1379,40,60
"""490351114006""","""Salt Lake City, UT""",1.00,1233.00,726.00,93.03,34,41,39,19,23,22,15,18,16,3.47,27.05,1.70,2,2,14343,14146,13059,8,8,8,13898,13021,12220,10947,10107,9546,2829,2789,2575,121,124,99,300,309,246,8.2,7.6,7.80,33047,49,68030,41,6,1394,1394,1394,31,69
"""490351115001""","""Salt Lake City, UT""",1.00,2639.00,1092.00,1862.57,32,38,36,16,20,19,16,19,17,4.96,2.91,1.76,2,2,16041,15844,14758,4,5,4,14527,13633,12843,11293,10436,9875,3165,3124,2910,70,72,57,173,178,142,7.8,5.8,0.59,26413,27,67977,44,22,1181,1290,1148,23,77
"""490351116011""","""Salt Lake City, UT""",1.00,1700.00,771.00,391.41,37,45,42,21,26,25,17,19,18,5.09,10.02,1.81,2,2,16344,16147,15061,5,5,5,14935,14025,13234,11636,10763,10203,3224,3184,2970,75,77,61,186,192,152,8.0,5.6,1.97,32292,36,68872,44,19,1551,1904,1237,47,53
"""490351116012""","""Salt Lake City, UT""",1.00,2477.00,1131.00,464.60,29,35,33,15,18,17,14,17,15,3.78,9.20,1.57,2,1,14621,14424,13337,7,7,7,13074,12237,11440,10082,9282,8721,2884,2844,2630,108,111,88,268,276,219,8.8,6.0,2.43,34100,8,65857,43,14,1096,,1136,4,96
"""490351116021""","""Salt Lake City, UT""",1.00,1342.00,623.00,217.35,32,38,36,17,21,21,15,17,15,4.16,11.93,1.58,2,1,14917,14720,13634,5,5,5,13141,12301,11510,10122,9320,8760,2943,2903,2688,76,78,62,188,194,154,8.6,5.1,2.87,32316,9,66000,44,20,1291,,1291,0,100
"""490351116022""","""Salt Lake City, UT""",1.00,3053.00,1089.00,339.29,36,44,41,20,25,24,16,19,17,4.46,14.32,1.74,2,2,16746,16549,15463,3,3,3,14530,13640,12854,11177,10326,9765,3304,3263,3049,49,50,40,121,124,99,8.2,4.8,3.21,29089,6,64624,44,42,1509,1867,1332,33,67
"""490351116023""","""Salt Lake City, UT""",1.00,615.00,222.00,262.09,34,41,38,18,22,22,16,18,17,5.33,4.52,1.72,2,2,15602,15405,14318,4,5,4,14185,13303,12513,11039,10195,9634,3078,3038,2824,68,70,56,169,174,138,7.9,4.8,0.85,30454,36,69550,44,20,1348,,1446,7,93
"""490351117011""","""Salt Lake City, UT""",1.00,883.00,459.00,91.33,34,42,39,18,22,21,17,19,18,4.81,24.18,1.82,2,2,15977,15780,14693,5,5,5,14933,14020,13228,11704,10829,10268,3152,3112,2898,77,79,63,191,196,156,8.0,5.9,5.03,34868,52,64456,43,10,1336,1583,1028,56,44
"""490351117012""","""Salt Lake City, UT""",1.00,2598.00,989.00,172.02,36,43,40,19,23,23,17,20,18,5.71,32.85,1.86,2,2,15914,15717,14630,4,4,4,15122,14198,13410,11922,11036,10476,3139,3099,2885,60,62,49,149,154,122,8.1,6.7,5.75,35831,58,63767,43,7,1412,1450,1364,56,44
"""490351117013""","""Salt Lake City, UT""",1.00,1882.00,757.00,72.29,29,35,32,14,17,17,15,18,16,4.52,47.30,1.63,2,1,15114,14917,13831,7,8,7,13546,12692,11893,10449,9632,9071,2982,2942,2727,115,118,94,285,292,233,8.8,6.2,10.47,34268,11,64346,43,12,1044,1364,884,33,67
"""490351117021""","""Salt Lake City, UT""",1.00,1175.00,495.00,166.68,41,50,47,23,29,28,18,21,19,5.41,16.06,2.01,2,2,17090,16893,15806,3,4,3,16359,15387,14601,12934,12001,11440,3371,3331,3117,54,55,44,133,137,109,6.3,7.2,2.97,36397,84,60349,42,17,1742,1924,1255,73,27
"""490351117022""","""Salt Lake City, UT""",1.00,1256.00,365.00,75.82,30,36,34,14,18,17,16,18,17,5.72,27.55,1.72,2,2,15267,15070,13983,7,7,7,14140,13259,12462,11023,10179,9619,3012,2972,2757,105,108,86,259,267,212,8.4,6.1,4.81,33850,35,66537,43,9,1070,1083,1063,33,67
"""490351117023""","""Salt Lake City, UT""",1.00,1487.00,531.00,117.44,40,49,46,23,29,28,17,20,18,5.86,26.48,1.90,2,2,16029,15832,14746,4,4,4,15452,14513,13725,12226,11325,10765,3162,3122,2908,64,66,52,159,164,130,7.5,7.4,4.52,35472,63,57726,41,11,1730,2110,1130,61,39
"""490351117024""","""Salt Lake City, UT""",1.00,1193.00,516.00,66.75,32,39,36,16,20,19,16,19,17,5.00,38.62,1.79,2,2,15388,15191,14105,5,5,4,14590,13686,12896,11484,10618,10058,3036,2996,2781,70,72,57,174,179,142,8.2,6.8,7.73,35213,48,62593,42,8,1205,1537,981,40,60
"""490351118011""","""Salt Lake City, UT""",1.00,1781.00,723.00,170.85,40,48,45,22,28,27,17,20,19,5.39,22.80,1.93,2,2,16029,15832,14746,4,4,4,15642,14695,13905,12412,11503,10942,3162,3122,2908,68,70,55,168,173,137,7.1,8.1,4.23,35011,72,49293,40,9,1673,1698,1613,70,30
"""490351118012""","""Salt Lake City, UT""",1.00,1619.00,673.00,169.51,36,44,41,20,25,24,16,18,17,4.11,16.30,1.74,2,2,14734,14537,13451,5,5,5,14172,13283,12491,11182,10331,9770,2907,2867,2652,83,85,68,206,212,168,8.4,7.9,3.97,36283,34,53426,40,9,1531,1938,1226,43,57
"""490351118013""","""Salt Lake City, UT""",1.00,977.00,445.00,51.51,30,37,34,16,20,19,15,17,15,3.56,30.77,1.59,2,1,14404,14207,13120,6,6,6,13167,12323,11529,10237,9430,8870,2841,2802,2587,88,91,72,219,225,179,9.0,7.6,8.64,36739,0,58446,41,9,1176,844,1381,38,62
"""490351118014""","""Salt Lake City, UT""",1.00,874.00,551.00,123.06,38,47,44,22,27,26,17,20,18,3.45,15.46,1.85,2,2,15675,15478,14391,5,5,5,15077,14154,13363,11911,11025,10465,3092,3052,2838,74,76,60,184,189,150,8.0,7.6,4.48,36622,45,56251,41,12,1632,2002,1007,63,37
"""490351118021""","""Salt Lake City, UT""",1.00,1202.00,479.00,115.33,38,47,44,21,26,25,17,20,19,5.13,21.29,1.93,2,2,15988,15791,14705,5,5,4,15647,14699,13909,12422,11513,10952,3154,3114,2900,71,73,58,176,181,144,7.8,7.7,4.15,35875,61,54559,41,7,1582,1769,977,76,24
"""490351118022""","""Salt Lake City, UT""",1.00,1631.00,957.00,178.60,37,46,43,22,28,27,15,18,16,3.52,18.84,1.68,2,2,14324,14127,13041,6,6,6,13737,12866,12071,10815,9981,9420,2826,2786,2572,97,99,79,240,247,196,8.5,8.0,5.36,35266,27,49218,40,7,1673,1789,1617,33,67
"""490351119031""","""Salt Lake City, UT""",1.00,1261.00,669.00,173.71,36,44,41,19,24,23,17,19,18,4.29,16.52,1.84,2,2,15666,15469,14383,4,4,4,14944,14027,13237,11787,10907,10347,3091,3051,2836,67,69,55,166,171,136,8.1,7.7,3.85,35724,39,56065,40,16,1464,1595,1238,63,37
"""490351119032""","""Salt Lake City, UT""",1.00,971.00,453.00,169.98,38,46,43,20,25,24,18,22,20,4.29,11.43,2.06,2,2,17169,16972,15885,4,4,3,16662,15677,14890,13221,12274,11713,3387,3347,3132,55,56,45,136,140,111,6.1,8.0,2.66,34503,89,50950,40,13,1481,1466,1608,90,10
"""490351119033""","""Salt Lake City, UT""",1.00,1386.00,685.00,168.37,35,42,39,19,23,22,16,19,17,4.47,18.20,1.76,2,2,14979,14782,13695,5,5,5,14328,13433,12642,11300,10443,9882,2955,2915,2701,73,75,59,180,185,147,7.9,7.9,4.07,35765,43,53764,40,15,1409,1788,1162,39,61
"""490351119041""","""Salt Lake City, UT""",1.00,875.00,479.00,106.54,38,46,43,22,27,26,17,19,18,4.04,18.19,1.83,2,2,15587,15390,14304,4,4,4,14919,14002,13213,11782,10902,10342,3075,3035,2821,62,64,51,155,160,127,8.2,7.7,4.50,34454,39,55420,40,11,1623,1776,1276,69,31
"""490351119042""","""Salt Lake City, UT""",1.00,1211.00,686.00,136.38,40,48,45,23,29,28,17,19,18,4.17,20.97,1.83,2,2,15735,15538,14451,5,5,5,14928,14012,13222,11750,10872,10311,3104,3064,2850,74,76,60,184,189,150,7.9,8.1,5.03,33418,39,50126,40,17,1728,1917,1390,64,36
"""490351119043""","""Salt Lake City, UT""",1.00,1329.00,679.00,84.48,35,43,40,21,26,25,15,17,15,3.58,28.78,1.59,2,1,14424,14227,13141,6,6,6,13150,12307,11511,10208,9402,8842,2846,2806,2591,96,99,79,239,245,195,8.6,8.1,8.04,33812,6,52420,40,17,1560,1592,1549,25,75
"""490351119051""","""Salt Lake City, UT""",1.00,2232.00,729.00,123.62,36,43,41,20,25,24,16,18,16,5.40,31.85,1.72,2,2,14831,14634,13547,4,4,4,14054,13170,12382,11065,10219,9658,2926,2886,2671,64,66,52,158,163,129,8.6,7.6,5.90,34772,31,58954,40,9,1517,1883,1209,46,54
"""490351119052""","""Salt Lake City, UT""",1.00,1085.00,519.00,61.53,35,43,40,20,25,24,15,18,16,3.89,32.84,1.66,2,2,14877,14680,13594,5,5,5,13689,12823,12032,10681,9853,9292,2935,2895,2681,73,75,60,182,187,149,8.8,7.2,8.43,36434,10,61873,41,12,1504,1792,1297,42,58
"""490351119053""","""Salt Lake City, UT""",1.00,1147.00,474.00,103.39,37,45,42,22,27,26,15,18,16,3.99,18.27,1.67,2,2,14714,14517,13431,4,5,4,13715,12846,12057,10744,9913,9352,2903,2863,2649,68,70,56,169,174,138,8.5,7.4,4.58,35816,21,59747,41,17,1635,2244,1397,28,72
"""490351119061""","""Salt Lake City, UT""",1.00,2999.00,1207.00,175.73,35,43,40,20,25,24,15,18,16,5.09,34.98,1.63,2,1,14864,14667,13580,6,6,6,13514,12658,11863,10485,9667,9106,2932,2892,2678,96,99,79,239,246,195,8.8,6.5,6.87,35417,14,65197,42,12,1521,2000,1244,37,63
"""490351119062""","""Salt Lake City, UT""",1.00,1834.00,820.00,75.43,32,39,37,18,22,22,15,17,15,4.05,44.07,1.58,2,1,14430,14233,13147,5,5,5,13094,12253,11461,10171,9367,8806,2847,2807,2592,77,79,63,191,196,156,8.9,6.7,10.87,36085,7,64015,42,11,1353,1557,1306,19,81
"""490351120011""","""Salt Lake City, UT""",1.00,1390.00,544.00,208.10,42,51,48,25,31,30,17,20,19,5.35,14.00,1.93,2,2,16323,16126,15039,5,5,5,15702,14755,13965,12410,11501,10940,3220,3180,2966,72,75,59,180,185,147,7.3,7.4,2.61,34133,69,64859,41,12,1853,2085,1031,78,22
"""490351120012""","""Salt Lake City, UT""",1.00,1115.00,613.00,63.69,36,44,41,22,27,26,14,17,15,3.54,34.03,1.59,2,1,14191,13994,12908,5,5,5,13055,12213,11422,10180,9376,8815,2800,2760,2545,75,77,61,186,192,152,8.8,7.7,9.62,33185,10,55048,40,8,1641,2197,1415,29,71
"""490351120013""","""Salt Lake City, UT""",1.00,584.00,375.00,81.64,23,28,26,9,11,11,14,17,15,3.09,14.18,1.57,2,1,14554,14357,13271,7,7,7,13076,12238,11441,10098,9297,8736,2871,2831,2617,107,110,88,266,274,218,9.0,6.6,4.59,34903,3,66524,42,10,675,,948,29,71
"""490351120021""","""Salt Lake City, UT""",1.00,1820.00,739.00,313.12,38,46,43,21,26,25,17,20,18,5.00,11.79,1.91,2,2,16210,16013,14926,3,3,3,15484,14545,13760,12239,11339,10778,3198,3158,2943,47,48,38,117,120,95,7.4,7.8,2.36,32406,44,57556,40,22,1550,1648,1285,73,27
"""490351120022""","""Salt Lake City, UT""",1.00,844.00,312.00,119.79,39,47,45,23,29,28,16,19,17,4.90,12.77,1.74,2,2,15231,15034,13948,4,4,4,14251,13361,12574,11186,10335,9774,3005,2965,2750,60,62,49,150,154,123,8.2,7.7,2.60,30381,26,53766,40,12,1739,2090,1427,47,53
"""490351120023""","""Salt Lake City, UT""",1.00,1336.00,657.00,119.16,35,42,39,20,25,24,15,17,16,4.07,22.44,1.63,2,1,14670,14473,13387,4,5,4,13461,12603,11814,10498,9679,9118,2894,2854,2640,68,71,56,170,175,139,8.6,7.7,5.51,30929,11,53389,40,11,1482,1625,1404,35,65
"""490351120024""","""Salt Lake City, UT""",1.00,603.00,352.00,98.07,36,43,41,21,26,25,15,17,16,3.59,12.89,1.65,2,2,14257,14060,12973,6,6,6,13483,12623,11827,10573,9751,9190,2812,2773,2558,97,100,79,240,247,197,8.4,7.4,3.59,32360,35,62393,41,9,1555,2698,1185,24,76
"""490351121011""","""Salt Lake City, UT""",1.00,265.00,161.00,204.05,30,36,34,15,19,18,14,17,15,3.80,3.00,1.57,2,1,14171,13974,12888,7,7,7,13005,12168,11370,10098,9297,8737,2796,2756,2541,112,115,91,277,285,227,8.3,7.3,0.79,30313,9,61024,41,23,1158,,1158,0,100
"""490351121012""","""Salt Lake City, UT""",1.00,1142.00,410.00,127.72,34,42,39,18,23,22,16,19,17,5.98,19.19,1.76,2,2,14951,14754,13667,5,6,5,14315,13421,12628,11281,10425,9865,2949,2909,2695,84,86,69,209,214,171,7.9,7.2,3.21,32801,60,64729,41,8,1387,1871,1086,38,62
"""490351121013""","""Salt Lake City, UT""",1.00,2171.00,1147.00,203.74,31,37,35,17,21,20,14,16,15,3.36,18.91,1.52,1,1,14060,13863,12776,7,7,7,12635,11813,11016,9754,8970,8409,2774,2734,2519,107,110,87,265,272,216,9.0,6.5,5.63,33597,5,66672,42,8,1266,,1383,8,92
"""490351121014""","""Salt Lake City, UT""",1.00,779.00,327.00,219.31,31,37,35,16,20,20,15,17,15,4.28,6.37,1.59,2,1,14281,14084,12998,6,6,6,13127,12284,11489,10220,9413,8853,2817,2777,2563,90,93,74,224,230,183,8.8,7.0,1.49,32033,12,64495,41,10,1221,1152,1237,18,82
"""490351121021""","""Salt Lake City, UT""",1.00,1380.00,442.00,176.45,44,54,51,25,31,30,19,23,21,6.58,16.48,2.13,2,2,18482,18285,17198,2,2,2,17367,16359,15577,13689,12720,12159,3646,3606,3391,32,33,26,81,83,66,4.9,6.4,2.50,28177,100,48050,41,11,1894,2012,,94,6
"""490351121022""","""Salt Lake City, UT""",1.00,1496.00,509.00,353.00,34,41,39,18,23,22,15,18,16,5.24,7.56,1.69,2,2,15155,14958,13871,4,5,4,13913,13039,12249,10853,10017,9457,2990,2950,2735,70,72,57,173,178,142,8.0,6.4,1.44,31343,26,62739,42,25,1391,,1779,22,78
"""490351121023""","""Salt Lake City, UT""",1.00,654.00,298.00,127.20,31,38,35,17,21,21,14,16,15,4.17,9.78,1.52,1,1,14168,13971,12885,6,6,6,12628,11808,11012,9737,8953,8393,2795,2755,2541,96,99,79,239,245,195,8.7,6.8,2.34,29412,0,57979,41,13,1285,,1348,5,95
"""490351121024""","""Salt Lake City, UT""",1.00,1542.00,552.00,242.47,39,48,45,21,26,25,19,22,20,6.02,13.72,2.08,2,2,17701,17504,16417,2,2,2,16867,15876,15093,13339,12387,11826,3492,3452,3237,36,37,30,90,93,73,6.6,6.6,2.28,29142,59,52328,41,20,1544,1581,,98,2
"""490351122011""","""Salt Lake City, UT""",1.00,2412.00,734.00,326.42,37,45,42,19,23,22,19,22,20,6.22,13.98,2.06,2,2,17923,17726,16639,3,3,3,16803,15817,15033,13225,12278,11718,3536,3495,3281,42,43,34,103,106,84,5.0,6.7,2.25,28164,100,54491,41,11,1404,1603,,88,12
"""490351122012""","""Salt Lake City, UT""",1.00,1953.00,596.00,323.21,50,62,58,31,38,37,20,23,22,7.54,13.91,2.19,2,2,19771,19574,18488,1,1,1,17990,16963,16185,14073,13086,12525,3900,3860,3646,17,18,14,43,44,35,3.9,5.5,1.84,28432,98,47239,42,23,2298,2357,,97,3
"""490351122013""","""Salt Lake City, UT""",1.00,973.00,463.00,360.40,37,45,42,18,23,22,18,22,20,5.38,6.91,2.02,2,2,17791,17594,16508,3,4,3,16542,15568,14782,12979,12044,11483,3510,3470,3255,53,55,43,132,136,108,6.7,5.6,1.28,29586,59,48332,43,16,1387,1555,,89,11
"""490351122021""","""Salt Lake City, UT""",1.00,1563.00,620.00,396.82,42,51,48,24,30,29,18,21,19,5.83,9.11,2.01,2,2,17381,17184,16098,3,3,3,16403,15431,14646,12924,11991,11430,3429,3389,3174,50,52,41,125,128,102,4.8,7.2,1.56,29045,99,59455,41,15,1811,1886,1587,75,25
"""490351122022""","""Salt Lake City, UT""",1.00,1601.00,598.00,301.87,37,45,42,20,25,24,17,20,18,5.58,11.06,1.89,2,2,16530,16333,15247,4,4,4,15454,14521,13732,12129,11233,10672,3261,3221,3007,65,67,53,161,165,131,7.0,6.4,1.98,29476,60,56226,42,12,1508,1630,1299,63,37
"""490351122023""","""Salt Lake City, UT""",1.00,1056.00,502.00,228.70,34,42,39,18,22,21,17,20,18,4.74,10.40,1.82,2,2,16318,16121,15035,5,5,5,15003,14089,13298,11710,10834,10273,3219,3179,2965,74,76,61,184,189,150,7.9,5.9,2.20,30196,37,53506,42,11,1337,1238,1492,61,39
"""490351123011""","""Salt Lake City, UT""",1.00,757.00,438.00,46.08,32,39,36,15,19,18,17,20,18,4.29,40.79,1.84,2,2,16610,16413,15326,1,1,1,15109,14188,13409,11813,10932,10372,3277,3236,3022,19,19,15,46,47,37,8.3,7.1,9.50,30755,21,58748,40,15,1137,1136,1141,80,20
"""490351123012""","""Salt Lake City, UT""",1.00,914.00,384.00,245.20,34,41,38,18,22,22,16,19,17,4.55,7.13,1.76,2,2,15221,15024,13938,5,5,5,14366,13472,12681,11289,10432,9871,3003,2963,2748,75,77,61,186,192,152,7.8,7.5,1.57,30536,38,59916,40,15,1348,1589,1141,46,54
"""490351123013""","""Salt Lake City, UT""",1.00,2121.00,759.00,266.59,50,61,57,31,39,38,18,22,20,5.67,16.14,2.04,2,2,17412,17215,16129,2,2,2,16591,15610,14828,13123,12181,11620,3435,3395,3181,33,34,27,82,84,67,5.1,7.5,2.85,29659,92,59990,40,17,2360,2396,2224,79,21
"""490351123021""","""Salt Lake City, UT""",1.00,1442.00,414.00,169.84,44,53,50,25,31,30,19,22,20,6.71,16.37,2.10,2,2,17631,17434,16347,3,3,3,17040,16041,15256,13514,12554,11993,3478,3438,3224,48,49,39,119,123,97,6.2,7.6,2.44,30452,94,53165,40,7,1875,1875,,100,0
"""490351123022""","""Salt Lake City, UT""",1.00,735.00,249.00,152.90,44,53,50,26,32,31,18,22,20,6.34,10.33,2.03,2,2,17726,17529,16442,3,3,3,16557,15581,14796,13016,12079,11519,3497,3457,3242,44,45,36,108,112,88,4.9,7.0,1.63,29883,95,55916,41,17,1921,2000,1635,78,22
"""490351123023""","""Salt Lake City, UT""",1.00,1705.00,792.00,298.88,37,45,42,20,25,24,17,20,18,5.04,13.34,1.86,2,2,16260,16063,14977,5,5,5,15200,14276,13486,11917,11032,10471,3208,3168,2953,75,77,61,187,192,152,7.1,6.9,2.65,30103,59,54723,41,13,1534,1736,1240,59,41
"""490351124021""","""Salt Lake City, UT""",1.00,1070.00,426.00,169.86,37,45,42,19,23,22,18,22,20,6.17,15.47,2.03,2,2,18231,18034,16948,4,4,4,16696,15719,14931,13038,12100,11539,3597,3556,3342,61,63,50,153,157,125,6.4,4.6,2.51,30166,83,45760,44,8,1408,1421,1344,83,17
"""490351124022""","""Salt Lake City, UT""",1.00,1954.00,556.00,135.10,35,43,40,19,23,22,17,20,18,6.49,26.72,1.82,2,2,16632,16435,15348,4,4,4,15056,14142,13353,11710,10834,10273,3281,3241,3027,65,67,53,161,166,132,7.3,4.7,4.12,29547,63,44966,44,8,1401,1589,1264,42,58
"""490351124023""","""Salt Lake City, UT""",1.00,1731.00,725.00,187.70,36,43,41,18,23,22,18,21,19,5.51,21.30,1.93,2,2,17613,17416,16330,3,3,3,15901,14955,14169,12374,11467,10906,3475,3434,3220,52,53,42,129,132,105,6.8,4.1,3.86,29089,76,44861,44,8,1370,1668,884,62,38
"""490351124024""","""Salt Lake City, UT""",1.00,2316.00,881.00,179.63,29,35,33,14,17,17,15,18,16,4.99,24.48,1.64,2,1,15535,15338,14251,5,5,5,13696,12837,12045,10551,9729,9168,3065,3025,2810,81,83,66,201,207,164,8.3,5.2,4.90,28199,17,52494,43,13,1051,,1348,22,78
"""490351124041""","""Salt Lake City, UT""",1.00,895.00,374.00,22.25,33,41,38,19,24,23,14,16,15,4.61,77.53,1.51,1,1,14736,14539,13452,7,7,6,12692,11873,11077,9683,8901,8341,2907,2867,2653,102,105,84,254,261,207,8.5,5.7,16.81,30545,0,52334,43,22,1449,,1449,0,100
"""490351124042""","""Salt Lake City, UT""",1.00,1190.00,537.00,102.13,35,42,39,18,22,22,17,20,18,5.17,27.19,1.83,2,2,16702,16505,15419,5,5,5,15091,14176,13386,11720,10844,10283,3295,3255,3041,76,78,62,188,193,154,7.5,4.8,5.26,30767,53,46958,44,11,1348,1719,1008,48,52
"""490351124043""","""Salt Lake City, UT""",1.00,1325.00,746.00,228.06,36,43,41,20,25,24,16,19,17,4.23,13.85,1.72,2,2,16051,15854,14767,5,5,5,14325,13441,12649,11077,10230,9670,3166,3126,2912,82,84,67,204,209,166,8.1,5.3,3.27,31196,26,48523,43,14,1490,1700,1362,38,62
"""490351124044""","""Salt Lake City, UT""",1.00,1023.00,504.00,169.75,32,38,36,17,22,21,14,17,15,4.57,13.56,1.54,1,1,14938,14741,13655,6,6,6,12936,12107,11313,9898,9107,8546,2947,2907,2693,90,93,74,225,231,184,8.6,5.6,2.97,30935,1,50933,43,17,1296,,1296,0,100
"""490351124051""","""Salt Lake City, UT""",1.00,5742.00,2463.00,404.92,36,43,41,21,26,25,15,18,16,4.68,28.48,1.62,2,1,15441,15244,14158,5,5,5,13559,12705,11912,10429,9613,9052,3046,3006,2792,83,86,68,207,213,169,8.5,4.8,6.08,29650,18,45139,43,8,1550,1770,1490,21,79
"""490351124061""","""Salt Lake City, UT""",1.00,1022.00,455.00,95.44,34,41,38,17,21,20,17,20,18,5.42,25.84,1.84,2,2,16968,16771,15685,2,3,2,15208,14287,13504,11822,10941,10380,3347,3307,3093,38,39,31,94,97,77,7.8,3.9,4.77,28206,46,44660,44,8,1268,1637,958,46,54
"""490351124062""","""Salt Lake City, UT""",1.00,2306.00,896.00,570.21,34,41,39,18,23,22,16,19,17,5.68,8.92,1.70,2,2,16838,16641,15555,5,5,4,14296,13420,12630,10904,10066,9505,3322,3282,3067,71,73,58,175,180,143,7.2,3.9,1.57,27162,14,44961,45,57,1362,,1483,8,92
"""490351124063""","""Salt Lake City, UT""",1.00,748.00,296.00,55.93,31,37,35,15,19,18,16,19,17,5.07,26.81,1.73,2,2,16505,16308,15222,4,5,4,14429,13544,12754,11104,10256,9695,3256,3216,3002,70,72,57,173,178,142,8.2,3.9,5.29,29310,24,46079,44,11,1128,1317,1003,40,60
"""490351125011""","""Salt Lake City, UT""",1.00,674.00,359.00,77.73,38,46,43,19,24,23,18,21,19,4.35,20.07,2.01,2,2,17230,17033,15947,3,3,3,16381,15408,14624,12935,12001,11441,3399,3359,3145,47,48,38,117,120,95,7.0,7.1,4.62,30908,58,52143,41,16,1466,1609,,91,9
"""490351125012""","""Salt Lake City, UT""",1.00,1458.00,653.00,139.44,41,50,47,23,29,28,18,21,19,5.12,23.99,1.97,2,2,16928,16731,15645,3,3,3,16030,15072,14286,12640,11721,11160,3339,3299,3085,51,52,41,125,129,102,7.4,6.8,4.68,31257,57,53730,41,10,1753,1865,1181,84,16
"""490351125013""","""Salt Lake City, UT""",1.00,1640.00,530.00,201.27,39,47,44,21,27,26,17,20,18,5.99,15.78,1.89,2,2,16693,16496,15410,4,5,4,15508,14574,13784,12147,11250,10690,3293,3253,3039,69,71,56,170,175,139,7.4,6.2,2.63,30826,57,53169,42,10,1613,1659,1510,69,31
"""490351125031""","""Salt Lake City, UT""",1.00,1234.00,483.00,133.21,43,52,49,25,31,30,18,21,19,5.10,18.48,1.95,2,2,16892,16695,15609,3,3,3,15871,14919,14135,12495,11582,11022,3332,3292,3078,44,45,35,108,111,88,7.2,6.6,3.63,31369,55,50160,41,13,1891,2135,1136,76,24
"""490351125032""","""Salt Lake City, UT""",1.00,878.00,416.00,112.81,40,49,46,22,27,26,19,22,20,5.59,20.63,2.05,2,2,18046,17849,16763,4,4,4,16768,15786,14999,13150,12207,11646,3560,3520,3306,58,60,47,144,148,118,5.9,5.9,3.69,31387,94,49542,42,9,1640,1839,,89,11
"""490351125033""","""Salt Lake City, UT""",1.00,1842.00,711.00,146.15,39,47,44,22,27,26,17,20,18,5.12,24.92,1.89,2,2,16630,16433,15347,4,4,4,15457,14524,13735,12111,11216,10655,3281,3241,3026,65,67,53,162,166,132,7.7,6.1,4.86,31758,54,46230,42,8,1641,1771,1213,77,23
"""490351125034""","""Salt Lake City, UT""",1.00,1165.00,356.00,89.85,41,50,47,23,29,28,18,22,20,6.58,26.08,2.02,2,2,17978,17781,16694,4,4,4,16584,15611,14822,12971,12036,11475,3547,3506,3292,67,69,54,165,170,135,5.9,5.6,3.96,31631,86,45939,43,13,1732,1797,1427,82,18
"""490351125041""","""Salt Lake City, UT""",1.00,1315.00,587.00,119.50,37,45,42,20,25,24,17,20,18,5.15,25.29,1.90,2,2,16404,16207,15121,4,4,3,15488,14550,13764,12197,11298,10737,3236,3196,2982,55,56,45,136,139,111,7.7,7.4,4.91,30758,41,51735,40,13,1481,1514,1364,78,22
"""490351125042""","""Salt Lake City, UT""",1.00,758.00,392.00,52.01,34,41,39,20,25,24,14,17,15,4.32,32.56,1.56,2,1,14525,14328,13242,5,5,5,12941,12107,11317,10003,9207,8646,2865,2825,2611,73,75,60,181,186,148,8.5,7.4,7.54,30049,2,49151,40,17,1484,1671,1459,12,88
"""490351125043""","""Salt Lake City, UT""",1.00,639.00,335.00,46.23,32,39,36,17,21,20,15,18,16,3.76,27.24,1.63,2,1,15216,15019,13932,5,5,5,13530,12675,11883,10445,9628,9068,3002,2962,2747,83,86,68,206,212,169,8.4,7.9,7.25,29890,1,48224,40,23,1263,1386,1200,34,66
"""490351125051""","""Salt Lake City, UT""",1.00,1632.00,803.00,50.22,37,45,43,22,28,27,15,18,16,4.69,75.02,1.63,2,1,15166,14969,13883,5,5,5,13549,12692,11901,10480,9661,9101,2992,2952,2738,77,79,63,190,196,156,8.6,7.5,15.99,30630,4,46486,40,13,1674,1900,1504,43,57
"""490351125052""","""Salt Lake City, UT""",1.00,398.00,201.00,113.16,32,39,36,18,22,21,14,17,15,3.98,7.07,1.57,2,1,14425,14228,13142,6,6,5,13012,12175,11381,10079,9279,8718,2846,2806,2591,88,90,72,218,224,178,8.5,7.8,1.78,30278,4,46493,40,16,1321,,1376,4,96
"""490351125053""","""Salt Lake City, UT""",1.00,872.00,358.00,99.56,27,33,30,12,15,15,15,18,16,4.11,14.78,1.63,2,1,15223,15026,13939,4,4,4,13522,12667,11878,10454,9637,9076,3003,2963,2749,65,67,53,161,166,132,8.6,7.2,3.60,31148,0,48415,41,14,916,,1407,35,65
"""490351125054""","""Salt Lake City, UT""",1.00,1098.00,515.00,204.73,43,52,49,24,30,29,19,22,20,5.88,14.80,2.06,2,2,17803,17606,16519,3,3,3,16778,15792,15008,13224,12277,11716,3512,3472,3258,42,44,35,105,108,86,5.2,7.3,2.52,30703,97,44653,41,11,1812,1750,2101,82,18
"""490351126041""","""Salt Lake City, UT""",1.00,1335.00,438.00,190.08,40,49,46,21,26,25,19,23,21,6.69,15.41,2.13,2,2,18937,18740,17653,2,2,2,17450,16443,15660,13677,12709,12148,3736,3695,3481,37,38,30,92,95,75,4.5,7.0,2.30,23802,100,33012,41,8,1584,1700,,93,7
"""490351126042""","""Salt Lake City, UT""",1.00,1120.00,386.00,187.63,40,49,46,21,27,26,19,23,21,6.30,12.96,2.11,2,2,18601,18404,17318,3,3,2,17272,16270,15487,13563,12600,12040,3670,3629,3415,39,41,32,98,101,80,4.7,7.1,2.06,24850,96,36204,41,9,1607,1590,1767,91,9
"""490351126043""","""Salt Lake City, UT""",1.00,949.00,337.00,150.89,41,50,47,22,27,26,19,23,21,6.54,14.61,2.13,2,2,18425,18228,17141,3,3,3,17344,16337,15554,13669,12701,12141,3635,3594,3380,41,42,33,101,103,82,5.3,7.3,2.23,25251,90,40088,41,8,1647,1677,,98,2
"""490351126044""","""Salt Lake City, UT""",1.00,1229.00,360.00,122.89,43,52,49,23,29,28,19,23,21,6.94,20.32,2.11,2,2,19310,19113,18027,1,1,1,17365,16364,15586,13543,12581,12020,3809,3769,3555,13,13,11,33,33,27,5.1,5.7,2.93,23571,94,34245,41,6,1756,1787,1426,91,9
"""490351126081""","""Salt Lake City, UT""",1.00,1262.00,353.00,114.42,47,58,55,28,35,34,19,23,21,6.73,20.77,2.12,2,2,18958,18761,17675,2,2,2,17418,16412,15630,13642,12675,12114,3740,3700,3485,36,37,30,90,93,74,4.4,6.6,3.09,24451,100,30207,41,9,2115,2283,,93,7
"""490351126082""","""Salt Lake City, UT""",1.00,1611.00,523.00,195.26,44,54,51,25,32,30,19,23,21,6.91,18.50,2.10,2,2,19025,18828,17741,3,3,3,17293,16294,15511,13499,12539,11979,3753,3713,3499,41,42,33,101,105,83,4.1,6.3,2.68,23634,100,29004,41,10,1902,2240,,85,15
"""490351126083""","""Salt Lake City, UT""",1.00,1182.00,394.00,155.04,44,54,51,26,33,32,18,21,19,6.02,15.29,1.97,2,2,18091,17894,16808,1,1,1,16261,15300,14522,12678,11756,11196,3569,3529,3314,15,15,12,36,37,29,6.2,5.9,2.54,25381,81,32542,41,6,1974,2124,1654,68,32
"""490351126091""","""Salt Lake City, UT""",1.00,1741.00,598.00,463.61,56,69,65,36,45,43,20,24,22,6.88,8.88,2.20,2,2,20664,20467,19381,2,2,2,18208,17180,16399,14100,13112,12552,4077,4036,3822,31,32,25,77,79,62,3.3,6.4,1.29,16663,98,18756,42,16,2704,2847,,95,5
"""490351126092""","""Salt Lake City, UT""",1.00,1979.00,521.00,158.05,45,55,52,26,32,31,19,23,21,7.72,25.45,2.11,2,2,19447,19250,18163,3,3,3,17400,16400,15616,13521,12561,12000,3836,3796,3582,42,43,34,104,106,84,4.6,6.5,3.30,19994,94,22374,41,8,1945,1940,1983,89,11
"""490351126093""","""Salt Lake City, UT""",1.00,1672.00,560.00,193.21,45,55,51,26,32,31,19,22,21,6.83,19.79,2.08,2,2,19163,18966,17879,3,3,2,17194,16201,15417,13374,12420,11859,3780,3740,3526,40,41,32,98,101,80,4.1,6.0,2.90,21963,96,25558,41,11,1938,1823,2402,80,20
"""490351126101""","""Salt Lake City, UT""",1.00,1722.00,694.00,159.61,36,44,41,21,26,25,15,18,16,4.88,21.23,1.66,2,2,15317,15120,14034,6,6,6,13789,12924,12130,10679,9851,9290,3022,2982,2767,89,91,73,221,227,180,8.4,6.0,4.35,31294,25,43782,42,8,1547,1568,1537,31,69
"""490351126102""","""Salt Lake City, UT""",1.00,1103.00,464.00,121.68,39,47,45,20,25,24,19,22,20,6.10,23.26,2.10,2,2,18193,17996,16909,2,2,2,17111,16113,15331,13492,12532,11972,3589,3549,3334,31,32,25,76,78,62,5.9,6.3,3.81,30273,91,41725,42,8,1510,1592,,95,5
"""490351126103""","""Salt Lake City, UT""",1.00,3503.00,1216.00,238.32,38,47,44,22,27,26,16,19,17,5.95,30.33,1.78,2,2,16217,16020,14934,4,4,4,14704,13802,13013,11437,10574,10013,3199,3159,2945,67,69,55,166,171,136,8.2,5.4,5.10,30215,38,42995,43,6,1648,1716,1558,57,43
"""490351126111""","""Salt Lake City, UT""",1.00,1597.00,416.00,150.44,48,58,55,29,37,35,18,22,20,6.95,19.22,2.01,2,2,18135,17938,16852,1,1,1,16509,15537,14759,12917,11985,11424,3578,3537,3323,14,15,12,35,36,29,6.1,6.0,2.77,29570,90,39743,41,7,2203,2231,2125,74,26
"""490351126112""","""Salt Lake City, UT""",1.00,1982.00,658.00,171.38,44,53,50,25,31,30,19,22,20,6.25,23.99,2.08,2,2,17810,17613,16527,3,3,2,16901,15910,15126,13348,12396,11835,3514,3473,3259,39,41,32,98,101,80,6.5,6.6,3.84,30004,87,40933,41,6,1865,1936,,96,4
"""490351126113""","""Salt Lake City, UT""",1.00,1350.00,502.00,151.61,45,55,52,27,33,32,19,22,20,7.00,23.18,2.04,2,2,18301,18104,17018,1,1,1,16726,15745,14967,13101,12160,11599,3610,3570,3356,14,15,12,36,37,29,6.1,6.1,3.31,28026,91,37095,41,5,2012,1970,2236,84,16
"""490351126114""","""Salt Lake City, UT""",1.00,1872.00,813.00,172.39,37,44,42,20,26,25,16,19,17,4.62,21.80,1.77,2,2,15796,15599,14513,3,3,3,14550,13650,12865,11387,10526,9966,3116,3076,2862,46,48,38,115,118,94,7.8,7.0,4.72,28772,36,40488,41,10,1537,1707,1392,46,54
"""490351126121""","""Salt Lake City, UT""",1.00,1663.00,627.00,392.16,41,50,47,23,29,28,17,20,19,5.64,9.02,1.92,2,2,17017,16820,15734,3,3,3,15708,14765,13980,12302,11398,10837,3357,3317,3103,49,51,40,122,125,100,7.2,7.1,1.60,26604,45,36505,41,12,1754,1675,1923,68,32
"""490351126122""","""Salt Lake City, UT""",1.00,3046.00,1357.00,246.60,40,49,46,24,30,29,16,19,17,4.97,27.35,1.76,2,2,15911,15714,14628,4,4,4,14478,13584,12796,11278,10422,9861,3139,3099,2885,61,63,50,151,155,123,8.2,7.0,5.50,26938,27,40230,41,7,1811,1843,1779,49,51
"""490351126131""","""Salt Lake City, UT""",1.00,1619.00,622.00,185.74,44,54,51,27,34,33,17,20,18,6.16,20.61,1.88,2,2,17354,17157,16070,3,3,3,15529,14598,13813,12058,11166,10605,3423,3383,3169,47,49,39,117,121,96,6.6,6.2,3.35,22178,53,27841,41,10,2052,2181,1907,53,47
"""490351126132""","""Salt Lake City, UT""",1.00,1470.00,466.00,248.38,43,52,49,24,29,28,19,23,21,6.57,12.33,2.13,2,2,18947,18750,17663,3,3,2,17478,16470,15687,13701,12732,12171,3738,3697,3483,39,41,32,98,101,80,4.7,6.9,1.88,23572,93,30807,41,9,1770,1862,,95,5
"""490351126133""","""Salt Lake City, UT""",1.00,1972.00,599.00,300.30,45,55,52,25,32,30,20,23,22,7.42,14.79,2.17,2,2,20254,20057,18971,1,1,1,17965,16944,16166,13957,12976,12415,3996,3955,3741,12,13,10,31,31,25,4.0,5.4,1.99,21840,98,27824,41,10,1898,1960,,97,3
"""490351126141""","""Salt Lake City, UT""",1.00,1799.00,539.00,260.75,63,77,73,44,55,53,19,23,21,6.67,13.78,2.13,2,2,18958,18761,17675,2,2,2,17443,16436,15653,13667,12699,12138,3740,3700,3485,36,37,29,89,92,73,4.5,6.9,2.07,22179,93,26861,40,10,3292,3280,3501,95,5
"""490351126142""","""Salt Lake City, UT""",1.00,2432.00,715.00,371.77,49,60,57,30,37,36,20,23,21,6.81,13.10,2.17,2,2,19685,19488,18402,2,2,2,17837,16818,16037,13924,12944,12384,3883,3843,3629,30,31,24,74,77,61,3.9,6.5,1.92,19612,96,23650,41,12,2224,2272,,98,2
"""490351126151""","""Salt Lake City, UT""",1.00,1324.00,439.00,190.18,51,62,58,31,39,37,20,23,21,6.78,15.66,2.16,2,2,19606,19409,18323,2,2,2,17768,16752,15970,13868,12891,12330,3868,3827,3613,33,34,27,81,84,66,3.7,6.4,2.31,21564,97,24893,41,14,2325,2442,,95,5
"""490351126152""","""Salt Lake City, UT""",1.00,1303.00,337.00,107.00,54,66,62,34,43,41,20,23,21,7.62,24.01,2.15,2,2,19566,19369,18283,2,2,2,17675,16662,15880,13782,12809,12248,3860,3820,3605,33,34,27,82,84,67,4.4,6.1,3.15,20947,99,23582,41,8,2574,2661,,97,3
"""490351126161""","""Salt Lake City, UT""",1.00,1412.00,468.00,291.21,46,56,53,26,33,32,20,23,21,6.90,11.08,2.16,2,2,20250,20053,18967,2,2,2,17877,16861,16079,13848,12872,12311,3995,3954,3740,34,35,28,84,87,69,3.9,6.2,1.61,17134,100,19572,42,9,1975,1989,1830,91,9
"""490351126162""","""Salt Lake City, UT""",1.00,985.00,348.00,121.48,50,61,58,30,38,36,20,23,21,6.59,18.88,2.16,2,2,19869,19672,18585,4,4,3,17825,16810,16023,13851,12874,12314,3920,3879,3665,55,56,45,136,140,111,3.8,7.8,2.86,20484,100,24374,42,10,2266,2397,,95,5
"""490351126163""","""Salt Lake City, UT""",1.00,1636.00,526.00,196.02,49,60,57,30,38,36,19,22,21,6.62,17.78,2.08,2,2,19228,19031,17945,3,3,3,17196,16204,15420,13362,12408,11848,3793,3753,3539,41,42,34,102,105,83,4.4,5.7,2.68,21001,85,24871,42,13,2269,2167,2724,82,18
"""490351126171""","""Salt Lake City, UT""",1.00,1063.00,282.00,120.83,51,63,59,32,40,38,20,23,21,7.51,17.53,2.15,2,2,20314,20117,19031,1,1,1,17806,16793,16015,13782,12809,12249,4008,3967,3753,16,17,13,41,42,33,4.3,5.0,2.33,19836,97,24300,41,8,2388,2551,,94,6
"""490351126172""","""Salt Lake City, UT""",1.00,1371.00,428.00,520.06,49,60,56,28,36,34,21,24,22,7.56,6.22,2.24,2,2,21253,21056,19970,2,2,2,18618,17578,16795,14389,13388,12827,4193,4152,3938,36,37,30,90,93,74,2.5,7.7,0.82,15720,100,18437,42,31,2139,2227,,96,4
"""490351126173""","""Salt Lake City, UT""",1.00,793.00,281.00,95.21,49,60,57,30,37,36,20,23,21,7.03,20.74,2.12,2,2,20491,20294,19208,1,1,1,17703,16696,15918,13642,12676,12115,4042,4002,3788,18,19,15,46,47,37,4.0,4.8,2.95,18275,100,21747,42,9,2245,2061,3501,87,13
"""490351126181""","""Salt Lake City, UT""",1.00,1947.00,745.00,354.58,47,57,54,30,37,36,17,20,19,5.77,12.12,1.93,2,2,16801,16604,15518,3,3,3,15738,14792,14007,12376,11468,10908,3314,3274,3060,47,49,39,118,121,96,6.2,7.9,2.10,27372,54,40234,40,24,2224,2459,1790,65,35
"""490351126182""","""Salt Lake City, UT""",1.00,1565.00,551.00,222.56,44,54,51,25,31,30,19,22,21,6.40,15.83,2.10,2,2,18702,18505,17419,1,1,1,17212,16212,15433,13505,12545,11984,3689,3649,3435,17,18,14,43,45,35,5.3,6.6,2.48,26596,96,36383,40,7,1891,2015,,94,6
"""490351126191""","""Salt Lake City, UT""",1.00,1033.00,302.00,151.18,50,61,58,31,38,37,19,23,21,6.92,13.82,2.15,2,2,18962,18765,17679,3,3,2,17594,16580,15797,13813,12839,12278,3741,3700,3486,39,41,32,98,101,80,3.8,7.1,2.00,24488,100,31128,40,14,2308,2420,,95,5
"""490351126192""","""Salt Lake City, UT""",1.00,1819.00,684.00,259.17,42,52,49,23,29,28,19,23,21,6.02,15.88,2.12,2,2,18638,18441,17354,2,2,2,17352,16347,15565,13642,12676,12115,3677,3636,3422,34,34,27,83,86,68,4.8,6.9,2.64,25436,98,32444,41,8,1744,1824,,96,4
"""490351126201""","""Salt Lake City, UT""",1.00,1168.00,416.00,167.39,42,51,48,23,28,27,19,22,20,6.12,15.20,2.10,2,2,18203,18006,16919,3,3,3,17126,16127,15343,13489,12529,11969,3591,3551,3336,46,47,38,114,118,93,5.0,6.7,2.49,25691,91,47027,41,11,1701,1722,,99,1
"""490351126202""","""Salt Lake City, UT""",1.00,783.00,315.00,121.65,35,42,40,16,20,19,19,22,20,5.47,14.16,2.07,2,2,18332,18135,17049,3,3,3,16967,15978,15192,13301,12350,11790,3616,3576,3362,50,51,41,123,127,101,3.9,6.6,2.59,24864,100,47150,41,15,1210,1412,,86,14
"""490351126203""","""Salt Lake City, UT""",1.00,1059.00,281.00,69.09,33,40,38,15,19,18,18,22,20,7.02,28.54,2.02,2,2,17824,17627,16541,3,3,3,16520,15547,14762,12955,12021,11460,3516,3476,3262,49,51,40,122,125,100,5.2,6.4,4.07,25148,100,48706,41,7,1138,974,1860,81,19
"""490351126211""","""Salt Lake City, UT""",1.00,1473.00,574.00,203.61,40,49,46,22,28,27,17,20,19,5.84,16.46,1.92,2,2,17304,17107,16020,2,2,2,15745,14802,14021,12299,11396,10835,3414,3373,3159,32,33,26,81,83,66,7.9,4.6,2.82,25605,36,53323,43,9,1690,1795,1410,73,27
"""490351126212""","""Salt Lake City, UT""",1.00,1506.00,764.00,261.67,39,47,44,23,28,27,16,19,17,4.69,13.69,1.71,2,2,16465,16268,15182,2,2,2,14282,13400,12618,11003,10160,9599,3248,3208,2994,31,32,26,77,80,63,8.5,4.9,2.92,23961,2,53995,43,12,1709,1773,1652,47,53
"""490351126213""","""Salt Lake City, UT""",1.00,2819.00,1284.00,737.69,36,43,41,21,26,25,15,18,16,5.04,8.78,1.63,2,1,15664,15467,14381,5,5,5,13642,12786,11995,10477,9659,9098,3090,3050,2836,75,78,62,187,192,153,8.0,5.7,1.74,24934,8,53197,42,25,1544,1523,1548,14,86
"""490351127001""","""Salt Lake City, UT""",1.00,521.00,231.00,108.40,36,44,41,18,23,22,18,21,19,5.55,11.84,1.97,2,2,18067,17870,16783,1,1,1,16253,15293,14513,12667,11747,11186,3564,3524,3310,22,22,18,54,55,44,6.4,5.5,2.13,29257,68,41973,42,14,1389,1813,,77,23
"""490351127003""","""Salt Lake City, UT""",1.00,1452.00,541.00,169.00,31,38,35,16,20,19,16,18,16,4.67,14.96,1.70,2,2,15107,14910,13823,5,5,5,14000,13122,12331,10941,10101,9540,2980,2940,2726,79,81,64,195,201,160,8.5,6.0,3.20,28502,40,47832,42,3,1184,1150,1208,42,58
"""490351127004""","""Salt Lake City, UT""",1.00,2177.00,758.00,324.62,40,49,46,22,28,27,18,21,19,5.52,12.88,1.95,2,2,17211,17014,15927,4,4,4,16003,15050,14262,12551,11636,11075,3395,3355,3141,57,59,46,141,145,115,5.8,6.5,2.34,26859,80,48394,41,12,1690,1733,1595,69,31
"""490351128041""","""Salt Lake City, UT""",1.00,1257.00,396.00,161.38,42,51,48,24,29,28,18,21,19,6.50,15.96,1.96,2,2,18694,18497,17410,1,1,1,16313,15356,14577,12606,11688,11127,3688,3647,3433,20,21,16,50,51,41,5.8,5.2,2.45,22250,71,34529,42,11,1774,2034,1176,70,30
"""490351128042""","""Salt Lake City, UT""",1.00,1380.00,444.00,157.32,46,56,53,27,33,32,19,23,21,7.60,21.44,2.10,2,2,19824,19627,18540,1,1,1,17408,16408,15631,13485,12525,11965,3911,3870,3656,12,13,10,31,31,25,4.4,5.1,2.82,21671,100,30079,42,7,2005,2044,1815,83,17
"""490351128043""","""Salt Lake City, UT""",1.00,1511.00,444.00,159.07,42,51,48,23,29,28,19,22,20,7.12,19.88,2.06,2,2,19518,19321,18235,1,1,1,17100,16113,15334,13231,12284,11723,3850,3810,3596,18,19,15,46,47,37,4.6,5.1,2.79,21772,95,35563,42,9,1738,1677,2043,83,17
"""490351128044""","""Salt Lake City, UT""",1.00,1330.00,378.00,156.65,45,55,51,25,31,30,20,23,21,7.91,19.08,2.14,2,2,20251,20054,18967,1,1,1,17747,16736,15958,13740,12769,12208,3995,3955,3740,12,12,10,29,30,24,4.1,4.9,2.41,20875,98,30103,42,10,1887,1848,2182,88,12
"""490351128051""","""Salt Lake City, UT""",1.00,2454.00,614.00,205.87,53,65,61,34,42,40,19,23,21,8.08,24.10,2.11,2,2,20332,20135,19049,1,1,1,17550,16549,15770,13522,12561,12000,4011,3971,3756,17,18,14,43,44,35,4.0,4.7,2.98,19213,100,30827,42,10,2531,2560,2294,89,11
"""490351128052""","""Salt Lake City, UT""",1.00,1749.00,514.00,278.02,43,53,50,24,30,29,19,22,21,6.73,12.45,2.08,2,2,19174,18977,17891,2,2,2,17189,16195,15414,13380,12425,11865,3783,3742,3528,26,27,21,65,67,53,4.4,5.2,1.85,19593,95,38131,42,10,1826,1757,2268,87,13
"""490351128053""","""Salt Lake City, UT""",1.00,1039.00,359.00,198.28,45,55,52,26,32,31,19,23,21,7.16,12.96,2.12,2,2,19788,19591,18505,2,2,2,17565,16560,15778,13630,12664,12103,3904,3863,3649,32,33,26,79,82,65,4.0,5.0,1.81,17488,100,31431,42,9,1931,2082,,93,7
"""490351128121""","""Salt Lake City, UT""",1.00,1153.00,413.00,135.94,41,50,47,22,28,27,19,22,20,6.34,19.25,2.07,2,2,19285,19088,18002,1,1,1,17110,16119,15342,13292,12342,11781,3804,3764,3550,13,13,10,32,33,26,4.6,5.6,3.04,23279,100,33366,41,7,1685,1946,737,78,22
"""490351128122""","""Salt Lake City, UT""",1.00,1347.00,525.00,174.96,41,50,47,22,28,27,19,23,21,6.07,18.23,2.10,2,2,19276,19079,17993,1,1,1,17320,16320,15542,13504,12544,11983,3803,3762,3548,13,13,11,32,33,26,5.0,5.7,3.00,23392,91,35988,41,8,1670,1693,1471,90,10
"""490351128123""","""Salt Lake City, UT""",1.00,1615.00,512.00,122.27,42,51,48,23,28,27,19,22,20,6.79,28.43,2.07,2,2,19113,18916,17830,1,1,1,17069,16080,15301,13279,12330,11769,3771,3730,3516,19,20,16,48,50,39,5.1,5.7,4.19,23033,98,39906,41,6,1700,1715,1538,91,9
"""490351128124""","""Salt Lake City, UT""",1.00,1298.00,442.00,273.20,45,55,52,26,32,31,19,23,21,6.61,10.70,2.13,2,2,18698,18501,17415,3,3,2,17378,16372,15589,13650,12683,12123,3689,3648,3434,39,40,32,97,100,79,4.1,6.5,1.62,23122,93,47693,41,18,1935,2012,,96,4
"""490351128131""","""Salt Lake City, UT""",1.00,1659.00,465.00,243.94,47,58,54,27,34,33,20,23,21,7.20,13.72,2.16,2,2,20522,20325,19239,1,1,1,17941,16923,16146,13881,12903,12342,4048,4008,3794,12,12,10,29,30,24,3.9,4.9,1.91,20444,99,26355,42,11,2052,2240,,92,8
"""490351128132""","""Salt Lake City, UT""",1.00,1129.00,406.00,367.96,49,60,57,29,36,35,20,24,22,7.00,7.72,2.20,2,2,21160,20963,19876,1,1,1,18297,17268,16491,14111,13123,12562,4174,4134,3920,11,11,9,27,28,22,3.5,4.4,1.10,18177,91,22498,42,18,2176,2313,,94,6
"""490351128133""","""Salt Lake City, UT""",1.00,1028.00,343.00,198.23,49,60,57,29,36,35,20,24,22,7.35,12.72,2.21,2,2,21178,20981,19894,1,1,1,18381,17348,16571,14192,13200,12639,4178,4137,3923,11,11,9,26,27,21,3.6,4.4,1.73,18191,100,25937,42,12,2182,2227,,98,2
"""490351128134""","""Salt Lake City, UT""",1.00,1127.00,371.00,220.10,51,63,59,31,38,37,21,24,22,7.68,12.94,2.23,2,2,21741,21544,20458,1,1,1,18625,17587,16810,14326,13328,12767,4289,4248,4034,10,10,8,25,26,21,3.4,4.0,1.69,16369,100,20960,43,13,2298,2298,,100,0
"""490351128141""","""Salt Lake City, UT""",1.00,2735.00,880.00,559.70,60,73,69,39,48,46,21,25,23,7.51,11.80,2.25,2,2,22364,22167,21081,1,1,1,18882,17837,17060,14461,13456,12895,4412,4371,4157,9,10,8,23,24,19,2.9,3.8,1.57,13137,100,16123,42,20,2903,2920,,99,1
"""490351128142""","""Salt Lake City, UT""",1.00,2161.00,768.00,760.03,62,76,72,41,52,50,21,24,22,6.89,6.96,2.24,2,2,21549,21352,20265,1,1,1,18619,17579,16802,14358,13358,12797,4251,4211,3996,10,11,9,26,27,21,2.8,4.6,1.01,17524,98,20936,42,24,3120,3191,,98,2
"""490351128151""","""Salt Lake City, UT""",1.00,2291.00,696.00,413.92,52,63,60,32,40,38,20,23,22,7.25,12.20,2.16,2,2,20493,20296,19209,2,2,1,17969,16951,16171,13903,12925,12364,4043,4002,3788,23,24,19,58,60,47,3.8,4.6,1.68,16046,95,24901,42,13,2397,2418,,99,1
"""490351128152""","""Salt Lake City, UT""",1.00,1725.00,480.00,437.58,71,87,82,50,62,60,21,25,23,7.92,8.69,2.26,2,2,22357,22160,21074,1,1,1,18931,17884,17107,14512,13505,12944,4410,4370,4156,9,9,7,22,23,18,2.7,3.8,1.10,13671,100,19103,43,23,3729,3808,,98,2
"""490351128153""","""Salt Lake City, UT""",1.00,955.00,377.00,9060.46,76,93,89,53,66,64,23,27,25,8.14,0.34,2.44,2,2,24699,24502,23415,0,0,0,20578,19475,18698,15698,14636,14075,4872,4832,4617,7,7,6,17,18,14,0.4,3.3,0.04,7735,98,10776,43,283,4001,4001,,100,0
"""490351128161""","""Salt Lake City, UT""",1.00,1976.00,545.00,648.28,62,76,72,42,53,51,20,24,22,7.27,6.11,2.17,2,2,20580,20384,19297,2,2,2,18023,17004,16223,13936,12955,12395,4060,4020,3805,28,29,23,69,71,57,2.9,4.7,0.84,15303,94,28225,42,28,3165,3464,,91,9
"""490351128162""","""Salt Lake City, UT""",1.00,718.00,222.00,313.81,67,82,78,46,58,56,20,24,22,7.93,5.61,2.20,2,2,21879,21682,20595,1,1,1,18460,17430,16654,14135,13146,12585,4316,4276,4061,9,9,7,21,22,18,2.6,3.7,0.71,13894,99,23528,43,31,3498,4001,1464,80,20
"""490351128163""","""Salt Lake City, UT""",1.00,3366.00,1256.00,606.31,47,57,54,28,36,34,19,22,20,6.91,14.31,1.98,2,2,20503,20306,19219,1,1,1,16781,15818,15041,12726,11803,11242,4045,4004,3790,10,11,8,26,26,21,6.5,2.7,2.07,12305,42,23354,45,18,2139,2341,1819,61,39
"""490351128211""","""Salt Lake City, UT""",1.00,762.00,206.00,276.70,69,85,80,49,61,58,20,24,22,7.85,5.84,2.16,2,2,21653,21456,20370,1,1,1,18138,17122,16344,13851,12875,12314,4272,4231,4017,16,16,13,39,41,32,2.5,4.2,0.74,13147,100,21778,42,31,3659,4001,2148,82,18
"""490351128212""","""Salt Lake City, UT""",1.00,3520.00,915.00,783.78,69,84,80,48,60,58,21,24,22,7.89,9.21,2.21,2,2,22129,21932,20846,1,1,1,18552,17521,16743,14172,13181,12620,4366,4325,4111,14,15,12,36,37,29,2.6,4.2,1.17,11688,100,18540,42,27,3615,3621,3501,95,5
"""490351128213""","""Salt Lake City, UT""",1.00,1567.00,474.00,1140.20,60,73,69,39,48,46,21,25,23,8.23,3.42,2.27,2,2,22652,22455,21368,1,1,1,19057,18006,17229,14580,13570,13009,4469,4428,4214,8,8,7,20,21,17,2.3,4.3,0.42,9160,83,13933,42,67,2909,3064,,95,5
"""490351128214""","""Salt Lake City, UT""",1.00,1763.00,480.00,557.76,62,76,72,41,51,49,21,25,23,8.51,7.32,2.30,2,2,23256,23059,21972,1,1,1,19352,18293,17516,14756,13738,13177,4588,4547,4333,8,8,7,20,20,16,2.3,3.0,0.86,10793,94,14847,44,46,3059,3124,,98,2
"""490351128221""","""Salt Lake City, UT""",1.00,2291.00,732.00,252.94,43,52,49,25,31,30,18,21,19,6.01,17.40,1.96,2,2,17909,17712,16626,1,2,1,16173,15215,14435,12616,11698,11137,3533,3493,3279,23,24,19,58,60,47,5.9,5.8,2.89,22335,64,39129,42,14,1889,2027,1482,75,25
"""490351128222""","""Salt Lake City, UT""",1.00,1976.00,632.00,111.26,37,46,43,22,28,26,15,18,16,5.65,32.10,1.67,2,2,15941,15744,14658,2,2,2,13912,13042,12261,10737,9907,9346,3145,3105,2890,29,30,24,73,76,60,8.5,5.7,5.68,21682,13,52947,42,7,1658,1681,1640,43,57
"""490351128223""","""Salt Lake City, UT""",1.00,1336.00,391.00,265.48,54,66,62,35,44,42,19,22,20,6.53,9.62,2.08,2,2,18767,18570,17483,1,1,1,17101,16107,15328,13379,12425,11864,3702,3662,3448,20,20,16,48,50,40,3.9,6.0,1.47,22056,85,45223,42,27,2622,2698,2226,84,16
"""490351128231""","""Salt Lake City, UT""",1.00,1350.00,499.00,172.71,40,49,46,23,29,28,17,20,18,6.06,17.51,1.87,2,2,17265,17068,15982,2,2,1,15470,14539,13759,12040,11149,10588,3406,3366,3152,24,24,19,58,60,48,7.5,5.5,2.89,20768,40,48507,42,8,1748,1725,1804,71,29
"""490351128232""","""Salt Lake City, UT""",1.00,1320.00,552.00,163.63,39,47,44,22,27,26,17,20,18,5.42,18.29,1.84,2,2,16909,16712,15626,2,2,2,15197,14277,13495,11829,10948,10387,3336,3296,3081,32,33,26,80,82,65,7.2,5.6,3.37,20484,46,58017,43,10,1640,1972,1227,55,45
"""490351128233""","""Salt Lake City, UT""",1.00,2977.00,1201.00,550.31,41,51,48,25,31,30,17,20,18,5.52,12.05,1.83,2,2,17185,16988,15901,3,3,2,15213,14294,13511,11783,10904,10343,3390,3350,3136,39,40,32,98,100,80,7.6,5.2,2.18,19621,27,57830,43,13,1851,1858,1839,63,37
"""490351128241""","""Salt Lake City, UT""",1.00,210.00,59.00,183.23,56,69,65,36,45,43,21,24,22,7.38,2.38,2.29,2,2,20319,20122,19036,1,1,1,18723,17668,16889,14698,13682,13122,4008,3968,3754,17,17,14,41,43,34,2.5,5.0,0.32,20040,100,56568,43,46,2679,2679,,100,0
"""490351128242""","""Salt Lake City, UT""",1.00,2007.00,994.00,173.78,38,46,43,23,29,28,15,17,16,4.51,25.81,1.59,2,1,15336,15139,14052,4,4,4,13288,12444,11656,10200,9394,8834,3025,2985,2771,63,65,51,156,161,128,8.3,5.4,5.72,20657,11,54200,42,10,1749,2358,1656,13,87
"""490351128243""","""Salt Lake City, UT""",1.00,1593.00,491.00,597.16,51,62,59,31,39,37,20,23,22,6.91,5.68,2.19,2,2,19771,19574,18487,1,1,1,17969,16943,16165,14055,13069,12508,3900,3860,3646,14,14,11,34,35,28,4.1,4.3,0.82,18202,73,54608,43,35,2340,2498,,94,6
"""490351128244""","""Salt Lake City, UT""",1.00,1059.00,630.00,304.60,38,46,43,23,29,28,15,17,15,4.31,8.91,1.59,2,1,15251,15054,13968,5,5,5,13273,12431,11639,10184,9380,8819,3009,2969,2754,80,82,65,199,204,162,7.9,6.1,2.07,22715,6,54920,42,28,1727,,1727,0,100
"""490351128252""","""Salt Lake City, UT""",1.00,4520.00,1703.00,2636.11,41,50,47,24,30,29,17,20,18,5.44,3.52,1.85,2,2,17229,17032,15945,3,3,3,15309,14387,13602,11866,10983,10422,3399,3359,3144,44,45,36,108,112,89,5.9,5.2,0.65,19144,45,57380,43,35,1820,2179,1651,32,68
"""490351128261""","""Salt Lake City, UT""",1.00,2612.00,775.00,1203.30,57,70,66,36,45,44,21,25,23,8.93,5.75,2.22,2,2,23181,22984,21897,1,1,1,18853,17817,17040,14272,13276,12715,4573,4532,4318,8,8,7,20,21,17,2.3,2.2,0.64,11309,81,13704,45,80,2738,3496,,78,22
"""490351128262""","""Salt Lake City, UT""",1.00,1804.00,441.00,899.02,66,81,77,44,55,53,22,26,24,10.13,4.97,2.37,2,2,24551,24354,23268,0,0,0,20064,18983,18207,15213,14173,13612,4843,4803,4588,7,7,6,17,18,14,2.2,1.2,0.49,12398,100,14123,47,47,3295,3295,,100,0
"""490351128271""","""Salt Lake City, UT""",1.00,10680.00,3291.00,3643.85,48,58,55,28,35,33,20,24,22,7.86,7.09,2.15,2,2,22458,22261,21175,1,1,1,18224,17211,16434,13785,12812,12251,4430,4390,4176,8,9,7,21,22,17,4.7,1.4,0.90,12952,59,17959,47,36,2083,2167,1822,76,24
"""490351128281""","""Salt Lake City, UT""",1.00,2783.00,621.00,316.00,67,82,78,46,58,56,20,24,22,8.49,16.68,2.21,2,2,21255,21058,19972,1,1,1,18387,17355,16578,14185,13193,12632,4193,4153,3938,9,10,8,23,24,19,3.9,4.1,1.97,15037,98,30736,43,11,3489,3617,,96,4
"""490351128282""","""Salt Lake City, UT""",1.00,2318.00,693.00,426.45,60,74,70,40,50,49,20,23,21,7.28,11.84,2.16,2,2,20078,19881,18794,2,2,2,17887,16869,16089,13902,12923,12363,3961,3920,3706,24,25,20,60,62,49,3.4,4.7,1.63,16850,100,39427,42,16,3038,3161,,96,4
"""490351128291""","""Salt Lake City, UT""",1.00,2892.00,1133.00,548.32,43,52,49,25,32,30,17,20,18,5.58,11.53,1.87,2,2,17655,17458,16371,1,1,1,15498,14569,13790,11994,11105,10544,3483,3443,3228,21,22,17,53,54,43,7.0,4.5,2.07,16954,33,48950,43,18,1908,2141,1682,49,51
"""490351128301""","""Salt Lake City, UT""",1.00,1953.00,649.00,218.24,55,67,64,35,44,42,20,24,22,7.27,21.61,2.15,2,2,21545,21348,20262,1,1,1,18047,17034,16257,13788,12814,12254,4250,4210,3996,9,10,8,23,24,19,4.6,3.0,2.97,12857,90,20382,44,9,2635,2693,2290,86,14
"""490351128302""","""Salt Lake City, UT""",1.00,3249.00,1187.00,750.37,59,73,69,40,50,48,19,23,21,7.19,11.38,2.06,2,2,21259,21062,19975,1,1,1,17465,16476,15699,13261,12312,11752,4194,4153,3939,10,10,8,25,26,20,5.6,2.9,1.58,12155,46,18275,44,28,2992,3386,1708,76,24
"""490351128311""","""Salt Lake City, UT""",1.00,2476.00,915.00,867.96,36,43,40,16,20,20,19,23,21,7.85,8.27,2.04,2,2,21811,21614,20528,1,1,1,17440,16458,15681,13128,12185,11625,4303,4262,4048,10,10,8,24,25,20,4.2,2.0,1.05,12441,35,19890,46,124,1224,876,1679,57,43
"""490351128312""","""Salt Lake City, UT""",1.00,1615.00,509.00,1067.15,55,67,63,33,42,40,22,26,24,8.18,3.90,2.33,2,2,23472,23275,22189,0,0,0,19573,18505,17729,14935,13908,13347,4630,4590,4376,7,7,6,18,19,15,1.9,2.5,0.48,11481,100,19533,45,63,2499,2678,,93,7
"""490351129041""","""Salt Lake City, UT""",1.00,405.00,166.00,76.42,41,50,47,22,27,26,19,23,21,6.53,14.17,2.11,2,2,19223,19026,17940,2,2,2,17365,16364,15581,13538,12577,12016,3792,3752,3538,34,35,28,85,88,70,4.7,4.6,2.17,27751,100,28965,43,8,1641,1604,1815,83,17
"""490351129042""","""Salt Lake City, UT""",1.00,2102.00,543.00,110.77,45,55,51,26,32,31,19,23,21,7.42,36.39,2.09,2,2,19366,19169,18083,2,2,2,17251,16256,15475,13400,12445,11885,3820,3780,3566,30,31,24,74,76,61,4.7,3.6,4.90,25710,100,28690,43,7,1931,1894,2079,80,20
"""490351129043""","""Salt Lake City, UT""",1.00,1236.00,354.00,111.32,39,47,44,21,26,25,18,21,19,6.56,20.85,1.95,2,2,18034,17837,16751,2,3,2,16109,15156,14373,12512,11599,11038,3558,3517,3303,39,40,32,96,99,78,6.2,4.1,3.18,26660,67,27604,43,9,1582,1859,1202,58,42
"""490351129044""","""Salt Lake City, UT""",1.00,1350.00,314.00,85.77,40,49,46,20,25,24,20,24,22,7.66,28.04,2.19,2,2,19917,19720,18633,2,2,2,18000,16975,16193,14038,13053,12492,3929,3889,3674,32,33,27,81,83,66,4.0,4.1,3.66,26572,100,29943,43,12,1525,1560,,98,2
"""490351129045""","""Salt Lake City, UT""",1.00,1473.00,595.00,150.67,39,47,44,20,26,25,18,22,20,5.73,22.62,2.00,2,2,18435,18238,17151,3,3,3,16528,15560,14776,12849,11920,11359,3637,3596,3382,43,44,35,106,109,87,6.3,4.4,3.95,26859,57,29212,43,14,1538,1689,1059,76,24
"""490351129051""","""Salt Lake City, UT""",1.00,1722.00,527.00,152.48,41,50,47,22,27,26,19,23,21,7.05,24.36,2.13,2,2,19169,18972,17886,2,2,2,17477,16470,15688,13662,12695,12134,3782,3741,3527,33,34,27,82,84,67,4.8,4.9,3.46,27824,92,32983,43,11,1645,1693,1163,91,9
"""490351129052""","""Salt Lake City, UT""",1.00,1364.00,391.00,168.34,45,55,52,26,32,31,20,23,21,7.05,16.37,2.16,2,2,19491,19294,18207,2,2,2,17749,16732,15950,13873,12895,12335,3845,3805,3590,31,32,25,77,79,63,4.4,4.7,2.32,27512,94,32356,43,14,1941,2074,,94,6
"""490351129053""","""Salt Lake City, UT""",1.00,2412.00,718.00,321.84,47,58,54,28,35,34,19,23,21,6.96,15.53,2.14,2,2,19242,19045,17958,2,2,2,17543,16534,15751,13711,12741,12181,3796,3756,3541,36,37,29,89,92,73,5.0,4.7,2.23,27580,85,30603,43,12,2100,2278,,92,8
"""490351129071""","""Salt Lake City, UT""",1.00,1537.00,466.00,145.27,38,47,44,20,25,24,18,22,20,6.69,21.45,2.00,2,2,18375,18178,17091,4,4,4,16526,15558,14771,12845,11916,11355,3625,3585,3370,57,58,46,141,144,115,5.9,4.7,3.21,27170,80,34135,43,9,1511,1630,1095,78,22
"""490351129072""","""Salt Lake City, UT""",1.00,1611.00,445.00,322.28,43,53,50,24,30,28,20,23,21,7.15,9.87,2.17,2,2,19482,19285,18199,2,2,2,17838,16817,16035,13958,12977,12416,3843,3803,3589,36,37,29,90,92,73,4.1,5.0,1.38,28250,96,35211,43,18,1777,1915,,93,7
"""490351129073""","""Salt Lake City, UT""",1.00,1288.00,419.00,175.22,35,43,40,18,22,21,18,21,19,6.76,16.16,1.91,2,2,18047,17850,16763,4,4,4,15895,14954,14166,12270,11368,10807,3560,3520,3306,65,67,53,161,165,131,5.6,4.5,2.39,27296,48,35810,43,44,1338,1408,1247,57,43
"""490351129121""","""Salt Lake City, UT""",1.00,1227.00,339.00,355.16,45,54,51,25,31,30,20,24,22,7.57,7.22,2.18,2,2,20204,20007,18920,2,2,2,18009,16986,16205,13995,13012,12452,3986,3945,3731,27,28,23,68,70,56,3.6,3.6,0.95,24863,97,29597,44,19,1860,1892,1639,87,13
"""490351129122""","""Salt Lake City, UT""",1.00,1630.00,446.00,178.23,44,53,50,24,30,28,20,24,22,7.43,18.60,2.18,2,2,20134,19937,18851,2,2,2,18031,17007,16226,14030,13045,12485,3972,3932,3717,29,30,24,73,76,60,3.6,4.0,2.50,25939,100,30545,43,18,1777,1914,,93,7
"""490351129131""","""Salt Lake City, UT""",1.00,997.00,420.00,204.62,46,56,52,26,33,32,19,23,21,6.45,13.23,2.10,2,2,19115,18918,17832,2,2,2,17308,16309,15527,13507,12547,11986,3771,3731,3516,31,32,25,76,79,62,4.7,4.5,2.05,27168,83,32854,43,17,1986,2036,1738,83,17
"""490351129132""","""Salt Lake City, UT""",1.00,2367.00,643.00,322.16,43,52,49,23,29,28,20,23,21,7.38,14.74,2.17,2,2,19825,19628,18542,2,2,2,17902,16881,16099,13960,12978,12418,3911,3871,3656,31,32,25,77,79,62,3.9,4.3,2.00,26596,96,31555,43,17,1742,1782,1261,92,8
"""490351129141""","""Salt Lake City, UT""",1.00,862.00,377.00,175.95,40,49,46,21,27,26,19,22,20,5.57,11.94,2.07,2,2,18712,18515,17428,2,2,2,17037,16047,15264,13309,12358,11797,3691,3651,3437,37,38,30,91,94,74,4.2,5.4,2.14,28857,100,39036,42,16,1603,2238,,72,28
"""490351129142""","""Salt Lake City, UT""",1.00,1909.00,788.00,132.99,34,41,38,18,22,21,16,19,17,5.33,31.55,1.77,2,2,16203,16006,14920,3,4,3,14593,13696,12909,11342,10483,9923,3196,3156,2942,54,56,45,135,139,110,8.1,5.1,5.93,28868,36,39145,43,7,1327,1447,1249,39,61
"""490351129144""","""Salt Lake City, UT""",1.00,1855.00,652.00,146.19,38,46,43,20,25,24,18,21,19,6.30,28.12,1.96,2,2,17667,17471,16384,3,3,3,16102,15146,14362,12574,11658,11097,3485,3445,3231,42,43,34,104,107,85,7.1,4.7,4.46,28467,57,39071,43,10,1501,2082,,72,28
"""490351129161""","""Salt Lake City, UT""",1.00,1642.00,607.00,131.28,39,47,44,22,27,26,17,20,18,5.99,27.68,1.81,2,2,17612,17415,16328,4,4,4,15134,14224,13437,11602,10731,10170,3474,3434,3220,58,60,47,144,148,117,7.1,3.6,4.62,23413,43,31097,44,12,1644,1847,1489,43,57
"""490351129162""","""Salt Lake City, UT""",1.00,1624.00,561.00,167.97,35,42,40,18,23,22,17,20,18,5.95,19.89,1.80,2,2,17545,17348,16261,4,4,4,15092,14184,13396,11570,10700,10140,3461,3421,3207,61,63,50,152,157,124,7.5,3.8,3.34,24083,32,31673,44,12,1359,1727,974,51,49
"""490351129163""","""Salt Lake City, UT""",1.00,1057.00,303.00,156.56,39,47,45,20,25,24,19,23,21,7.65,14.80,2.11,2,2,19857,19660,18574,3,3,2,17515,16513,15730,13558,12596,12035,3917,3877,3663,39,41,32,98,101,80,5.0,3.2,1.94,23074,83,29895,44,12,1481,1591,,93,7
"""490351129171""","""Salt Lake City, UT""",1.00,1872.00,623.00,352.99,50,61,57,31,38,37,19,22,21,6.46,11.40,2.08,2,2,19411,19214,18127,3,3,3,17213,16222,15437,13335,12383,11822,3829,3789,3575,49,50,40,120,124,98,4.3,4.2,1.76,25394,86,33975,44,22,2309,2576,1191,81,19
"""490351129172""","""Salt Lake City, UT""",1.00,2928.00,847.00,270.59,42,52,49,23,29,28,19,23,21,7.14,22.36,2.09,2,2,19693,19496,18410,3,3,3,17378,16381,15597,13447,12490,11929,3885,3845,3630,46,47,37,114,117,93,3.7,4.1,3.13,25244,98,32314,43,19,1745,1644,2247,83,17
"""490351129181""","""Salt Lake City, UT""",1.00,2085.00,693.00,257.43,39,48,45,21,26,25,18,21,19,6.54,17.61,1.98,2,2,18372,18175,17088,2,2,2,16343,15382,14600,12687,11765,11204,3624,3584,3370,32,33,26,79,81,64,6.7,4.0,2.69,24268,51,40367,44,16,1584,1668,1383,70,30
"""490351129182""","""Salt Lake City, UT""",1.00,1418.00,451.00,145.74,40,49,46,22,27,26,19,22,20,6.62,20.50,2.03,2,2,18760,18563,17476,3,3,3,16763,15786,15002,13021,12083,11523,3701,3660,3446,41,42,34,102,105,83,6.1,3.8,3.09,25154,76,39327,44,10,1647,1975,,83,17
"""490351129183""","""Salt Lake City, UT""",1.00,2052.00,502.00,241.37,38,46,43,19,23,22,19,22,20,7.50,15.61,2.07,2,2,18940,18743,17656,4,4,4,17063,16075,15288,13270,12321,11760,3736,3696,3482,56,58,46,140,144,114,5.9,4.2,2.08,26041,67,39469,44,17,1407,1552,,91,9
"""490351129201""","""Salt Lake City, UT""",1.00,2520.00,1077.00,160.93,40,48,45,24,29,28,16,19,17,5.19,34.73,1.72,2,2,17071,16874,15788,3,3,3,14487,13602,12818,11078,10231,9671,3368,3328,3113,42,43,34,104,107,85,8.2,4.2,6.69,23782,11,36124,43,12,1768,2341,1351,42,58
"""490351129202""","""Salt Lake City, UT""",1.00,2615.00,970.00,469.22,42,51,48,23,29,28,18,21,20,6.49,13.41,1.99,2,2,18622,18425,17338,3,3,3,16473,15509,14723,12748,11823,11263,3674,3633,3419,51,52,42,127,130,103,6.4,4.3,2.07,25338,50,35648,44,22,1759,1841,1429,80,20
"""490351129211""","""Salt Lake City, UT""",1.00,893.00,292.00,223.52,45,55,52,25,31,30,20,24,22,7.39,9.65,2.18,2,2,20430,20233,19146,2,2,2,18044,17023,16240,13977,12995,12434,4030,3990,3776,37,39,31,93,96,76,3.4,4.0,1.31,23384,100,30469,43,20,1873,1939,,97,3
"""490351129212""","""Salt Lake City, UT""",1.00,879.00,298.00,292.76,48,58,55,28,35,34,20,23,21,6.56,6.68,2.14,2,2,19742,19545,18459,2,3,2,17684,16673,15890,13751,12780,12219,3895,3854,3640,38,39,31,94,97,77,4.6,4.1,1.02,23807,79,33462,43,23,2126,2185,,97,3
"""490351129213""","""Salt Lake City, UT""",1.00,2637.00,913.00,314.94,39,47,44,22,27,26,17,20,18,6.45,18.70,1.79,2,2,17509,17312,16225,4,4,4,14987,14084,13295,11470,10605,10044,3454,3414,3200,63,65,52,157,161,128,7.3,4.1,2.90,24147,30,31459,43,19,1649,1931,1428,44,56
"""490351130072""","""Salt Lake City, UT""",1.00,2162.00,628.00,297.19,50,61,58,29,37,35,21,24,22,7.94,16.79,2.23,2,2,22182,21985,20898,1,1,1,18722,17682,16905,14334,13336,12775,4376,4335,4121,11,12,9,28,29,23,3.6,2.8,2.11,21094,91,21026,44,21,2208,2208,,100,0
"""490351130083""","""Salt Lake City, UT""",1.00,2245.00,637.00,334.00,52,64,60,32,39,38,21,24,22,8.09,15.43,2.23,2,2,21649,21452,20365,1,1,1,18617,17578,16800,14329,13330,12770,4271,4230,4016,17,18,14,43,44,35,3.3,3.7,1.91,21789,100,26485,43,19,2377,2377,,100,0
"""490351130084""","""Salt Lake City, UT""",1.00,2091.00,499.00,309.92,51,62,59,31,38,37,21,24,22,8.44,13.59,2.22,2,2,21607,21410,20324,1,1,1,18525,17490,16713,14250,13255,12694,4263,4222,4008,13,13,10,32,33,26,3.9,3.4,1.61,22318,98,24684,44,12,2303,2303,,100,0
"""490351130101""","""Salt Lake City, UT""",1.00,1070.00,290.00,219.86,47,58,54,27,34,32,20,24,22,8.27,10.91,2.19,2,2,21090,20893,19807,1,1,1,18240,17214,16437,14069,13083,12522,4161,4120,3906,11,11,9,27,27,22,3.1,4.1,1.32,22208,100,32656,43,24,2033,2312,,88,12
"""490351130102""","""Salt Lake City, UT""",1.00,2824.00,898.00,401.54,49,60,57,30,37,36,19,23,21,7.22,16.14,2.10,2,2,19429,19232,18145,2,2,1,17315,16317,15537,13458,12500,11940,3833,3792,3578,24,24,19,58,60,48,4.4,4.3,2.24,22208,79,36061,43,22,2252,2438,1436,81,19
"""490351130103""","""Salt Lake City, UT""",1.00,945.00,341.00,192.45,45,55,52,25,31,30,20,24,22,6.84,12.11,2.19,2,2,20924,20727,19641,1,1,1,18190,17164,16387,14051,13066,12505,4128,4087,3873,11,11,9,27,28,22,3.6,4.1,1.77,22847,100,32533,43,17,1878,2053,,91,9
"""490351130104""","""Salt Lake City, UT""",1.00,817.00,305.00,163.51,46,56,53,26,33,32,20,23,21,6.12,11.42,2.18,2,2,19711,19514,18428,1,1,1,17942,16918,16138,14031,13047,12486,3889,3848,3634,22,23,18,55,57,45,4.9,4.2,1.87,23326,90,40707,43,13,1990,1990,,100,0
"""490351130105""","""Salt Lake City, UT""",1.00,1245.00,733.00,237.09,37,45,42,20,25,24,17,20,18,3.99,12.32,1.84,2,2,17430,17233,16146,2,2,2,15309,14388,13606,11841,10959,10398,3438,3398,3184,30,31,24,74,76,60,7.1,4.6,3.09,22298,34,41221,43,18,1523,1646,1409,48,52
"""490351130112""","""Salt Lake City, UT""",1.00,1470.00,414.00,622.60,54,65,62,33,41,40,20,24,22,7.21,4.79,2.24,2,2,20465,20268,19181,1,1,1,18421,17381,16602,14369,13369,12808,4037,3997,3783,15,15,12,36,38,30,3.3,4.4,0.66,20677,98,35396,43,20,2492,2492,,100,0
"""490351130113""","""Salt Lake City, UT""",1.00,2340.00,920.00,496.19,47,58,55,29,36,34,19,22,20,6.02,11.16,2.07,2,2,18963,18766,17679,1,1,1,17025,16037,15257,13262,12313,11752,3741,3701,3486,22,23,18,55,57,45,5.1,4.6,1.85,20386,71,40388,43,18,2153,2280,1649,80,20
"""490351130121""","""Salt Lake City, UT""",1.00,1022.00,249.00,181.35,54,66,62,34,42,40,20,24,22,7.76,10.65,2.20,2,2,19869,19672,18586,1,1,1,18082,17052,16273,14144,13154,12593,3920,3879,3665,18,19,15,45,46,37,4.3,4.5,1.37,19432,100,45582,43,9,2536,2536,,100,0
"""490351130122""","""Salt Lake City, UT""",1.00,1246.00,454.00,191.80,50,61,58,30,37,36,20,24,22,6.93,16.41,2.22,2,2,20716,20519,19433,1,1,1,18363,17327,16550,14266,13270,12709,4087,4046,3832,10,11,9,26,27,21,3.5,4.5,2.37,23314,100,47811,43,24,2226,2281,,98,2
"""490351130123""","""Salt Lake City, UT""",1.00,2257.00,757.00,574.93,46,56,52,26,32,31,20,23,21,6.71,8.84,2.17,2,2,19404,19207,18121,2,2,2,17769,16750,15969,13912,12933,12372,3828,3788,3573,29,30,24,72,74,58,3.7,5.2,1.32,22216,87,50919,42,32,1947,1960,,99,1
"""490351130124""","""Salt Lake City, UT""",1.00,2179.00,604.00,593.66,55,67,64,35,44,42,20,23,21,7.19,7.31,2.16,2,2,19698,19501,18414,2,2,2,17766,16750,15969,13851,12875,12314,3886,3845,3631,29,30,24,72,74,58,3.2,5.1,1.02,20171,98,47072,42,27,2656,2782,1375,91,9
"""490351130131""","""Salt Lake City, UT""",1.00,2451.00,650.00,423.92,52,64,61,32,40,39,20,24,22,8.11,12.43,2.19,2,2,21569,21372,20285,1,1,1,18341,17314,16537,14076,13089,12529,4255,4214,4000,10,11,8,26,26,21,3.8,3.6,1.53,18478,100,23844,43,11,2415,2358,3110,92,8
"""490351130132""","""Salt Lake City, UT""",1.00,739.00,208.00,220.11,49,59,56,28,35,34,21,24,22,7.83,7.40,2.23,2,2,21805,21608,20521,1,1,1,18656,17617,16840,14345,13346,12785,4302,4261,4047,10,10,8,25,26,20,3.2,3.9,0.94,18233,100,23177,43,18,2102,2164,,97,3
"""490351130133""","""Salt Lake City, UT""",1.00,2068.00,592.00,601.95,59,72,68,38,48,46,21,24,22,8.17,8.03,2.22,2,2,21590,21393,20307,1,1,1,18516,17481,16704,14247,13252,12691,4259,4219,4004,10,10,8,25,26,20,3.2,4.2,0.98,18206,100,22094,42,18,2867,2988,,96,4
"""490351130141""","""Salt Lake City, UT""",1.00,2109.00,721.00,379.30,48,59,55,28,35,34,20,24,22,7.09,13.48,2.17,2,2,21206,21009,19922,1,1,1,18152,17130,16353,13958,12976,12416,4183,4143,3929,11,11,9,27,28,22,4.5,3.6,1.90,18866,85,25592,44,13,2104,2228,,94,6
"""490351130142""","""Salt Lake City, UT""",1.00,3406.00,1093.00,368.47,45,54,51,25,31,29,20,24,22,7.26,21.53,2.17,2,2,21042,20845,19759,1,1,1,18086,17066,16289,13924,12944,12383,4151,4111,3896,11,12,9,28,29,23,4.7,3.7,2.97,18788,81,27985,44,14,1846,1913,,97,3
"""490351130161""","""Salt Lake City, UT""",1.00,2660.00,709.00,1197.31,50,62,58,30,37,36,21,24,22,7.99,4.73,2.23,2,2,21771,21574,20488,1,1,1,18602,17564,16787,14297,13300,12739,4295,4254,4040,10,10,8,24,25,20,3.4,4.0,0.59,15618,83,19512,42,32,2246,2328,,96,4
"""490351130162""","""Salt Lake City, UT""",1.00,1831.00,432.00,218.69,50,61,58,30,37,36,20,24,22,8.49,16.77,2.20,2,2,21779,21582,20496,1,1,1,18428,17399,16622,14122,13133,12572,4297,4256,4042,10,10,8,24,24,19,3.8,3.7,1.98,14702,100,19499,43,10,2241,2367,,95,5
"""490351130163""","""Salt Lake City, UT""",1.00,2807.00,699.00,378.53,51,62,58,30,38,36,21,24,22,8.41,15.52,2.23,2,2,21806,21609,20522,1,1,1,18607,17570,16793,14295,13298,12738,4302,4261,4047,10,10,8,25,26,20,3.3,3.9,1.85,16623,100,22226,43,16,2258,2297,,98,2
"""490351130171""","""Salt Lake City, UT""",1.00,713.00,185.00,139.08,49,59,56,28,35,33,21,25,23,8.23,10.95,2.25,2,2,22100,21903,20817,1,1,1,18805,17761,16984,14435,13432,12871,4360,4319,4105,10,10,8,24,25,20,3.5,3.2,1.33,17637,100,22848,44,14,2093,2093,,100,0
"""490351130172""","""Salt Lake City, UT""",1.00,1713.00,707.00,197.87,41,50,47,24,30,28,17,21,19,5.90,21.10,1.86,2,2,19331,19134,18047,1,1,1,15788,14860,14082,11960,11073,10512,3814,3773,3559,14,15,12,35,36,29,7.4,3.1,3.57,17910,32,24295,44,11,1779,2082,1465,51,49
"""490351130173""","""Salt Lake City, UT""",1.00,2238.00,703.00,304.26,41,50,47,21,26,25,20,23,22,7.40,17.10,2.13,2,2,21629,21432,20346,1,1,1,17946,16938,16161,13669,12702,12141,4267,4226,4012,10,10,8,24,25,19,3.5,2.9,2.31,15765,98,21242,44,15,1592,2186,,73,27
"""490351130174""","""Salt Lake City, UT""",1.00,2054.00,653.00,317.61,45,55,52,24,30,29,21,24,22,8.19,16.85,2.21,2,2,22177,21980,20893,1,1,1,18569,17537,16760,14184,13193,12632,4375,4334,4120,9,10,8,23,24,19,3.9,2.7,2.06,14581,88,19566,45,17,1830,1959,,93,7
"""490351130211""","""Salt Lake City, UT""",1.00,2230.00,542.00,122.25,53,64,61,32,40,39,20,24,22,,,2.19,2,2,21527,21330,20243,1,1,1,18353,17326,16548,14095,13107,12546,4247,4206,3992,12,12,10,30,31,24,4.0,3.5,4.43,22187,100,23163,43,11,2433,2433,,100,0
"""490351130212""","""Salt Lake City, UT""",1.00,4672.00,1263.00,362.76,49,60,57,30,37,36,20,23,21,7.70,26.79,2.11,2,2,20505,20308,19222,1,1,1,17633,16629,15852,13574,12611,12050,4045,4005,3790,13,14,11,33,34,27,6.1,3.7,3.48,22182,73,24010,43,8,2239,2301,,97,3
"""490351130221""","""Salt Lake City, UT""",1.00,2779.00,984.00,279.95,46,56,52,27,34,32,19,22,20,6.55,23.03,2.00,2,2,20201,20004,18918,1,1,1,16848,15879,15100,12843,11914,11353,3985,3945,3731,20,21,16,50,51,41,7.3,3.2,3.51,21704,52,19967,44,6,2021,2190,,92,8
"""490351130222""","""Salt Lake City, UT""",1.00,1847.00,535.00,132.69,40,49,46,21,26,25,19,22,21,7.77,31.34,2.05,2,2,20471,20274,19188,1,1,1,17222,16237,15459,13169,12225,11664,4038,3998,3784,14,14,11,34,35,28,6.9,2.8,4.03,21526,63,20372,44,5,1579,1767,,89,11
"""490351130223""","""Salt Lake City, UT""",1.00,3192.00,766.00,305.23,53,65,62,34,42,40,20,23,21,8.21,20.59,2.14,2,2,20989,20792,19705,1,1,1,17898,16886,16109,13745,12774,12213,4141,4100,3886,12,12,10,30,31,24,4.9,3.6,2.51,21961,94,22418,43,8,2522,2519,2561,92,8
"""490351130231""","""Salt Lake City, UT""",1.00,2455.00,745.00,131.60,41,50,47,23,29,28,18,21,20,6.63,37.55,1.96,2,2,19306,19109,18023,2,2,1,16436,15478,14698,12603,11685,11125,3809,3768,3554,24,24,19,59,61,48,7.7,3.3,5.66,19281,46,17782,44,5,1732,1870,,93,7
"""490351130232""","""Salt Lake City, UT""",1.00,2141.00,480.00,144.31,47,58,54,28,35,33,19,23,21,7.83,26.03,2.08,2,2,20789,20592,19506,1,1,1,17464,16472,15693,13345,12392,11832,4101,4061,3846,18,19,15,45,46,37,5.7,3.2,3.33,19667,86,18956,44,6,2096,2266,,93,8
"""490351130233""","""Salt Lake City, UT""",1.00,2497.00,606.00,287.32,50,61,57,30,37,36,20,24,22,7.79,16.43,2.16,2,2,21074,20877,19791,1,1,1,18059,17041,16264,13890,12912,12351,4157,4117,3903,12,12,10,29,30,24,5.3,3.5,2.11,20801,85,21623,43,8,2225,2251,,99,1
"""490351130241""","""Salt Lake City, UT""",1.00,1941.00,623.00,321.72,54,67,63,35,44,42,19,23,21,7.22,13.98,2.09,2,2,20410,20213,19126,1,1,1,17454,16458,15680,13415,12459,11898,4026,3986,3772,13,13,11,32,33,26,5.6,3.6,1.94,22605,66,26328,43,15,2641,2783,1745,86,14
"""490351130242""","""Salt Lake City, UT""",1.00,3302.00,787.00,579.82,56,68,64,35,44,42,21,24,22,8.29,11.25,2.23,2,2,21555,21358,20271,1,1,1,18601,17562,16784,14338,13339,12778,4252,4212,3997,11,11,9,27,27,22,3.5,3.9,1.36,20896,100,27626,43,16,2634,2634,,100,0
"""490351130251""","""Salt Lake City, UT""",1.00,2348.00,675.00,328.11,60,74,70,40,50,48,20,24,22,7.71,15.86,2.21,2,2,21385,21188,20102,1,1,1,18400,17369,16592,14171,13179,12619,4219,4178,3964,11,12,9,28,29,23,4.1,3.8,2.06,21170,100,25425,43,10,3003,3003,,100,0
"""490351130252""","""Salt Lake City, UT""",1.00,2481.00,1035.00,227.25,39,47,44,23,29,28,16,18,17,5.86,26.67,1.65,2,2,17846,17649,16563,1,1,1,14136,13272,12493,10596,9772,9211,3521,3480,3266,20,20,16,48,50,39,8.6,3.8,4.55,21344,2,23968,43,6,1742,1731,1747,32,68
"""490351131011""","""Salt Lake City, UT""",1.00,1256.00,309.00,155.45,41,49,46,20,25,24,20,24,22,8.66,17.21,2.19,2,2,21846,21649,20563,1,1,1,18372,17346,16569,14053,13067,12507,4310,4269,4055,10,10,8,22,23,18,4.1,2.3,1.99,21507,100,23160,46,10,1526,1715,,89,11
"""490351131012""","""Salt Lake City, UT""",1.00,955.00,314.00,598.18,42,51,48,23,29,28,19,23,21,7.79,4.09,2.07,2,2,20160,19963,18876,2,2,2,17291,16301,15520,13285,12335,11775,3977,3937,3722,29,30,23,67,69,55,3.8,2.7,0.52,21959,79,25801,45,31,1728,1897,1372,68,32
"""490351131013""","""Salt Lake City, UT""",1.00,3000.00,883.00,259.21,40,48,45,21,26,25,19,22,20,7.19,24.48,2.04,2,2,19279,19082,17995,3,3,3,16930,15950,15167,13092,12151,11590,3803,3763,3549,35,36,28,81,83,66,6.6,3.0,3.41,22932,59,29115,44,10,1572,1569,1613,93,7
"""490351131021""","""Salt Lake City, UT""",1.00,2422.00,742.00,209.10,47,58,55,27,34,33,20,24,22,7.85,27.85,2.16,2,2,21062,20865,19778,2,2,2,18083,17065,16285,13902,12923,12363,4155,4114,3900,27,27,22,62,64,51,4.1,2.5,3.55,21055,100,24393,45,10,2061,2098,,98,2
"""490351131022""","""Salt Lake City, UT""",1.00,1233.00,397.00,414.04,42,51,48,22,27,26,20,24,22,7.33,7.03,2.20,2,2,20790,20593,19507,3,3,2,18234,17206,16424,14101,13113,12552,4101,4061,3847,31,32,26,74,76,60,3.9,3.2,0.96,22886,100,27890,44,13,1624,1624,,100,0
"""490351131051""","""Salt Lake City, UT""",1.00,1017.00,325.00,23970.74,40,49,46,18,23,22,22,26,24,9.00,0.12,2.32,2,2,25433,25236,24149,0,0,0,19908,18843,18067,14886,13862,13301,5017,4976,4762,5,5,4,11,12,9,0.8,1.2,0.01,4131,67,5076,45,557,1374,1379,1366,62,38
"""490351131052""","""Salt Lake City, UT""",1.00,5188.00,1245.00,1093.11,51,62,59,29,37,35,22,26,24,9.19,10.46,2.29,2,2,24536,24339,23252,0,0,0,19578,18520,17743,14732,13714,13154,4840,4800,4585,6,6,5,13,14,11,3.1,1.2,1.14,8726,88,9293,46,25,2209,2305,,96,4
"""490351131053""","""Salt Lake City, UT""",1.00,1839.00,612.00,11462.60,55,67,63,31,39,37,24,28,26,9.31,0.50,2.50,2,2,27063,26866,25780,0,0,0,21389,20269,19493,16046,14967,14406,5339,5298,5084,4,4,4,10,10,8,0.1,1.2,0.05,4717,100,5514,45,409,2332,2379,,98,2
"""490351131081""","""Salt Lake City, UT""",1.00,2193.00,682.00,282.12,48,58,55,27,34,33,20,24,22,7.61,18.40,2.21,2,2,21624,21427,20340,1,1,1,18467,17435,16657,14188,13196,12635,4266,4225,4011,14,15,11,33,34,27,5.2,1.4,2.42,19138,82,19573,47,9,2042,2042,,100,0
"""490351131082""","""Salt Lake City, UT""",1.00,1622.00,445.00,172.14,43,52,49,23,29,28,20,24,22,8.64,22.33,2.14,2,2,21427,21230,20143,2,2,2,17988,16977,16198,13739,12768,12207,4227,4186,3972,22,23,18,51,53,42,4.2,1.6,2.59,19879,100,21370,46,9,1744,2000,,87,13
"""490351131091""","""Salt Lake City, UT""",1.00,1423.00,352.00,161.95,42,51,48,22,27,26,20,24,22,7.81,16.97,2.19,2,2,21348,21151,20065,1,1,1,18254,17229,16452,14034,13049,12488,4211,4171,3957,8,9,7,20,20,16,4.4,3.9,2.17,18295,100,20175,43,9,1633,1671,,98,2
"""490351131101""","""Salt Lake City, UT""",1.00,3230.00,709.00,166.75,42,51,48,21,27,26,20,24,22,8.78,37.32,2.18,2,2,22402,22205,21119,1,1,1,18405,17382,16606,13978,12995,12435,4419,4379,4165,8,8,6,18,19,15,4.2,2.5,4.25,14736,100,13592,44,9,1602,1747,,92,8
"""490351131102""","""Salt Lake City, UT""",1.00,2388.00,569.00,219.83,46,57,53,26,32,31,21,25,23,8.87,22.96,2.22,2,2,22929,22732,21646,1,1,1,18759,17724,16948,14228,13234,12673,4523,4483,4269,7,8,6,17,18,14,4.3,2.0,2.59,13682,92,12130,45,10,1925,1977,,97,3
"""490351131111""","""Salt Lake City, UT""",1.00,3128.00,767.00,252.31,46,56,53,26,32,31,20,24,22,7.83,23.82,2.19,2,2,22214,22017,20931,1,1,1,18484,17456,16679,14094,13106,12545,4382,4342,4128,8,8,6,18,19,15,4.7,2.5,3.04,16233,100,14710,44,6,1934,1970,,98,2
"""490351131112""","""Salt Lake City, UT""",1.00,1411.00,460.00,212.71,42,51,48,23,29,28,19,22,20,7.82,16.91,2.00,2,2,21005,20808,19722,1,1,1,17012,16042,15265,12860,11930,11369,4144,4103,3889,9,9,7,21,22,17,7.0,2.1,2.16,15907,50,13956,45,8,1733,1730,1740,73,27
"""490351131121""","""Salt Lake City, UT""",1.00,452.00,140.00,191.97,48,58,55,26,33,32,22,26,23,9.61,7.01,2.30,2,2,23990,23793,22707,1,1,1,19484,18426,17649,14745,13727,13166,4733,4692,4478,6,7,5,15,15,12,3.4,1.4,0.73,12343,94,11001,46,17,1975,1975,,100,0
"""490351131122""","""Salt Lake City, UT""",1.00,4118.00,947.00,438.86,51,62,58,29,36,35,21,25,23,8.74,18.85,2.27,2,2,23866,23669,22583,1,1,1,19291,18240,17464,14576,13566,13005,4708,4667,4453,7,7,5,16,16,13,3.0,1.5,2.16,13338,100,12042,46,19,2196,2283,,96,4
"""490351131131""","""Salt Lake City, UT""",1.00,3913.00,1195.00,524.20,43,52,49,25,32,30,17,21,19,6.81,15.53,1.86,2,2,19314,19117,18030,1,1,1,15789,14861,14084,11968,11080,10519,3810,3770,3555,11,11,9,26,26,21,7.3,4.0,2.28,17302,27,18743,42,17,1900,2024,1745,56,44
"""490351131132""","""Salt Lake City, UT""",1.00,6924.00,2049.00,694.23,44,54,50,25,32,30,19,22,20,7.64,22.54,1.98,2,2,20442,20245,19159,1,1,1,16768,15804,15027,12725,11802,11241,4033,3992,3778,10,10,8,22,23,18,7.2,2.4,2.95,17521,47,15897,45,8,1905,1942,1799,74,26
"""490351131141""","""Salt Lake City, UT""",1.00,5159.00,1099.00,661.57,53,65,61,32,40,38,21,25,23,8.56,14.21,2.25,2,2,22953,22756,21670,1,1,1,19003,17957,17181,14468,13463,12902,4528,4487,4273,7,7,6,16,17,13,3.7,1.9,1.66,15282,91,13851,45,20,2388,2430,,98,2
"""490351131142""","""Salt Lake City, UT""",1.00,4712.00,1965.00,967.77,41,50,47,23,29,28,17,20,19,6.19,12.58,1.82,2,2,20176,19979,18892,1,1,1,15681,14766,13988,11685,10810,10250,3980,3940,3726,15,16,12,35,36,29,7.2,2.0,2.03,15695,24,14273,45,22,1760,2278,1404,41,59
"""490351133071""","""Salt Lake City, UT""",1.00,1468.00,362.00,86.18,36,43,41,19,24,23,17,20,18,6.16,25.86,1.83,2,2,16613,16416,15330,3,3,3,15091,14173,13389,11769,10890,10329,3277,3237,3023,45,46,37,112,115,91,8.5,5.4,4.20,23277,23,64056,43,5,1436,1688,490,79,21
"""490351133072""","""Salt Lake City, UT""",1.00,1910.00,524.00,160.86,37,44,42,19,24,23,17,20,19,6.68,21.76,1.91,2,2,17129,16932,15845,2,3,2,15694,14752,13969,12276,11374,10813,3379,3339,3125,39,40,31,96,98,78,6.7,5.2,3.26,22932,74,65344,43,7,1446,1408,1500,58,42
"""490351133073""","""Salt Lake City, UT""",1.00,2423.00,687.00,166.60,37,44,42,19,23,22,18,21,19,6.80,28.03,1.99,2,2,17990,17793,16707,2,2,2,16383,15416,14634,12800,11873,11312,3549,3509,3295,34,35,28,84,86,68,7.9,4.9,4.12,22287,29,59241,44,12,1393,1426,977,93,7
"""490351133081""","""Salt Lake City, UT""",1.00,1616.00,438.00,84.99,35,42,40,19,23,22,16,19,17,6.40,32.98,1.78,2,2,16179,15982,14895,4,4,4,14707,13805,13017,11455,10591,10030,3192,3152,2937,60,62,49,149,154,122,7.4,5.5,5.15,26053,46,58056,43,14,1404,1573,1290,40,60
"""490351133082""","""Salt Lake City, UT""",1.00,1438.00,425.00,160.77,37,45,42,18,23,22,18,21,20,6.10,16.13,2.01,2,2,17789,17592,16505,3,4,3,16447,15477,14691,12884,11953,11392,3509,3469,3255,54,56,44,134,138,110,6.1,5.5,2.64,25420,88,55056,43,7,1392,1450,1183,78,22
"""490351133083""","""Salt Lake City, UT""",1.00,2462.00,709.00,161.16,32,39,36,16,20,19,16,19,17,5.96,26.23,1.77,2,2,16487,16290,15204,4,4,4,14701,13802,13013,11380,10520,9959,3253,3212,2998,68,70,56,169,174,138,7.5,4.9,4.40,24623,39,48952,43,13,1201,1447,1040,39,61
"""490351133091""","""Salt Lake City, UT""",1.00,2396.00,717.00,160.65,34,42,39,18,22,21,16,19,17,5.67,25.30,1.78,2,2,16420,16223,15137,5,5,5,14773,13871,13079,11457,10592,10032,3239,3199,2985,77,79,63,190,196,156,7.3,5.1,4.46,26341,46,44859,43,12,1346,1807,1039,40,60
"""490351133092""","""Salt Lake City, UT""",1.00,1048.00,327.00,160.61,40,49,46,21,26,25,19,23,21,7.04,14.34,2.10,2,2,18696,18499,17413,3,3,3,17254,16255,15469,13513,12553,11992,3688,3648,3434,53,54,43,131,135,107,5.2,5.3,2.04,28115,92,41686,42,11,1586,1678,,94,6
"""490351133093""","""Salt Lake City, UT""",1.00,1686.00,511.00,140.24,42,51,48,23,29,28,18,21,20,6.65,24.22,2.00,2,2,17763,17566,16480,4,4,4,16430,15462,14674,12867,11937,11376,3504,3464,3250,59,61,48,147,151,120,6.3,5.4,3.64,28726,80,44490,42,9,1768,1851,1367,83,17
"""490351133101""","""Salt Lake City, UT""",1.00,498.00,207.00,210.03,34,42,39,16,20,19,19,22,20,5.79,5.70,2.04,2,2,17919,17722,16636,4,4,4,16708,15728,14941,13117,12175,11614,3535,3495,3281,56,58,46,140,144,115,6.0,5.7,0.99,28427,76,50236,42,16,1191,1417,,84,16
"""490351133102""","""Salt Lake City, UT""",1.00,1251.00,517.00,82.10,34,41,38,19,24,23,15,17,15,4.65,29.28,1.58,2,1,15176,14979,13893,7,7,7,13258,12418,11621,10159,9356,8795,2994,2954,2740,105,108,86,261,269,214,8.5,5.5,6.30,27209,8,49698,43,12,1420,1081,1486,16,84
"""490351133103""","""Salt Lake City, UT""",1.00,1044.00,333.00,90.78,40,49,46,22,28,27,18,21,19,6.18,22.66,1.99,2,2,17751,17554,16467,4,4,4,16338,15374,14585,12769,11844,11283,3502,3462,3247,67,69,55,166,171,136,5.7,5.5,3.67,27954,86,47266,42,11,1665,1768,1375,74,26
"""490351133111""","""Salt Lake City, UT""",1.00,2548.00,856.00,397.85,34,41,39,18,22,21,16,19,17,5.56,11.95,1.78,2,2,16324,16127,15040,4,4,3,14721,13818,13032,11446,10582,10021,3220,3180,2966,55,56,45,136,140,111,7.9,5.8,2.15,21374,27,65120,43,15,1328,1380,1285,45,55
"""490351133112""","""Salt Lake City, UT""",1.00,1335.00,565.00,529.25,31,38,35,14,17,17,18,21,19,4.80,5.12,1.94,2,2,17187,16990,15903,3,3,3,15876,14928,14141,12433,11523,10963,3390,3350,3136,52,54,43,130,134,106,6.9,5.8,1.07,25285,54,64413,43,21,1034,1062,978,67,33
"""490351133121""","""Salt Lake City, UT""",1.00,1243.00,279.00,133.21,37,45,42,22,28,27,15,18,16,6.69,14.01,1.61,2,1,15827,15630,14543,4,4,4,13537,12686,11898,10351,9539,8978,3122,3082,2868,63,65,51,156,161,127,7.6,5.7,2.09,22704,0,63887,43,67,1663,,1663,0,100
"""490351133122""","""Salt Lake City, UT""",1.00,980.00,359.00,524.16,27,33,30,11,14,14,16,18,17,5.29,3.62,1.70,2,2,16275,16078,14991,4,4,4,14208,13329,12542,10939,10099,9539,3211,3170,2956,58,60,47,144,148,118,8.1,5.7,0.68,21069,4,67946,43,25,847,,1251,32,68
"""490351133123""","""Salt Lake City, UT""",1.00,1001.00,375.00,235.33,33,40,37,15,19,18,18,21,19,5.86,9.34,1.95,2,2,17349,17152,16066,3,4,3,16000,15048,14261,12524,11609,11049,3423,3382,3168,54,56,44,135,139,110,6.3,5.6,1.59,26495,65,59900,43,21,1145,1198,1044,65,35
"""490351133131""","""Salt Lake City, UT""",1.00,729.00,212.00,107.30,44,54,50,26,32,31,18,21,19,6.68,13.19,2.00,2,2,17737,17540,16454,4,4,4,16386,15419,14632,12830,11902,11341,3499,3459,3245,57,58,46,141,145,115,6.0,5.9,1.98,29311,75,50979,42,18,1936,1854,2214,77,23
"""490351133132""","""Salt Lake City, UT""",1.00,1834.00,718.00,45.10,35,42,40,20,25,24,15,17,16,5.12,81.49,1.61,2,1,15452,15255,14169,4,5,4,13455,12605,11816,10338,9526,8965,3048,3008,2794,69,71,56,170,175,139,7.9,5.6,15.92,29299,7,51918,42,45,1501,,1564,4,96
"""490351133133""","""Salt Lake City, UT""",1.00,2149.00,481.00,64.18,27,33,30,11,14,14,16,18,17,6.11,45.76,1.70,2,2,15720,15523,14436,4,4,4,14067,13190,12403,10906,10068,9507,3101,3061,2847,60,61,49,148,153,121,8.0,5.8,7.49,29581,23,51494,42,21,864,,1120,23,77
"""490351133141""","""Salt Lake City, UT""",1.00,1180.00,424.00,159.16,36,43,40,19,24,23,17,20,18,5.91,15.75,1.81,2,2,16868,16671,15585,5,5,5,15016,14107,13316,11612,10741,10180,3328,3288,3073,76,79,62,190,195,155,8.4,5.8,2.66,28323,11,53586,42,16,1421,1493,1185,77,23
"""490351133142""","""Salt Lake City, UT""",1.00,991.00,407.00,66.90,30,37,34,16,20,19,14,17,15,4.63,28.16,1.57,2,1,14727,14530,13444,6,6,6,13051,12215,11420,10051,9252,8691,2905,2865,2651,95,98,78,236,243,193,8.4,5.8,6.08,28051,14,52029,42,13,1186,,1201,1,99
"""490351134062""","""Salt Lake City, UT""",1.00,2249.00,600.00,161.71,33,40,37,16,20,19,17,20,18,5.84,21.67,1.84,2,2,17161,16964,15878,3,3,3,15227,14308,13524,11799,10919,10358,3385,3345,3131,43,44,35,106,110,87,7.9,4.4,3.71,22493,33,38009,43,7,1213,1342,1051,56,44
"""490351134063""","""Salt Lake City, UT""",1.00,1627.00,431.00,161.01,42,52,49,23,28,27,20,23,21,7.68,20.56,2.16,2,2,19849,19652,18565,2,2,2,17790,16774,15993,13844,12868,12307,3916,3875,3661,30,31,25,76,78,62,4.2,4.1,2.68,21563,100,32643,43,10,1707,1617,2500,90,10
"""490351134081""","""Salt Lake City, UT""",1.00,1951.00,526.00,316.31,39,47,44,19,24,23,20,24,22,7.97,13.26,2.17,2,2,21258,21061,19975,2,2,2,18139,17120,16340,13918,12939,12378,4194,4153,3939,27,28,23,68,70,56,3.6,2.9,1.66,17798,93,16687,44,16,1420,1389,1599,85,15
"""490351134082""","""Salt Lake City, UT""",1.00,2079.00,611.00,174.00,38,46,44,18,23,22,20,23,21,7.88,27.66,2.12,2,2,21402,21205,20119,1,1,1,17862,16856,16078,13629,12663,12102,4222,4182,3967,11,12,9,28,29,23,4.3,2.8,3.51,17909,93,17289,44,9,1388,1422,1241,81,19
"""490351134083""","""Salt Lake City, UT""",1.00,2328.00,616.00,153.71,40,48,45,19,24,23,21,24,22,8.09,32.42,2.21,2,2,22110,21913,20827,1,1,1,18536,17505,16728,14164,13173,12612,4362,4321,4107,11,11,9,27,27,22,4.2,2.6,4.01,16919,98,15427,44,8,1439,1458,,99,1
"""490351134091""","""Salt Lake City, UT""",1.00,1119.00,302.00,321.20,42,51,48,22,27,26,20,24,22,7.73,7.26,2.20,2,2,20905,20708,19622,2,2,2,18296,17267,16485,14143,13153,12592,4124,4084,3869,29,30,24,72,74,58,3.4,3.3,0.94,20586,85,21376,44,25,1641,1789,,92,8
"""490351134092""","""Salt Lake City, UT""",1.00,1925.00,526.00,151.61,41,49,46,20,25,24,20,24,22,8.16,28.30,2.19,2,2,21109,20912,19826,2,2,2,18247,17222,16441,14053,13067,12507,4164,4124,3910,30,31,25,75,77,61,3.8,3.1,3.47,18749,97,20068,44,12,1534,1504,2016,94,6
"""490351134093""","""Salt Lake City, UT""",1.00,2323.00,694.00,169.44,44,53,50,24,30,29,20,24,22,8.08,33.11,2.16,2,2,21529,21332,20246,1,1,1,18159,17140,16363,13900,12922,12361,4247,4207,3992,11,12,9,28,29,23,4.0,2.9,4.10,19106,94,19289,44,11,1787,1830,1414,90,10
"""490351134101""","""Salt Lake City, UT""",1.00,2516.00,625.00,196.44,41,50,47,22,27,26,20,23,21,7.73,24.60,2.16,2,2,19588,19391,18305,2,2,2,17740,16725,15943,13846,12870,12310,3864,3824,3610,29,30,24,73,75,59,4.6,4.1,3.18,25254,90,29067,43,11,1634,1652,1292,95,5
"""490351134102""","""Salt Lake City, UT""",1.00,1477.00,459.00,160.49,40,48,46,21,27,26,19,22,20,6.43,18.38,2.04,2,2,18578,18381,17295,2,3,2,16784,15805,15022,13081,12141,11580,3665,3625,3410,38,39,31,95,98,77,5.3,4.6,2.86,24969,71,34191,43,18,1598,1440,2045,74,26
"""490351134103""","""Salt Lake City, UT""",1.00,1507.00,384.00,160.97,41,50,47,23,28,27,19,22,20,7.23,17.25,2.05,2,2,18683,18486,17399,2,2,2,16902,15918,15135,13181,12237,11676,3686,3645,3431,35,36,28,86,89,71,4.7,4.7,2.39,26522,95,32083,43,9,1697,1693,1708,71,29
"""490351134104""","""Salt Lake City, UT""",1.00,849.00,261.00,125.26,38,47,44,19,24,23,19,23,21,6.79,14.16,2.13,2,2,19294,19097,18011,2,2,2,17509,16502,15719,13667,12699,12138,3806,3766,3552,36,37,29,88,91,72,5.5,4.2,2.08,23421,74,30778,43,11,1432,1519,,94,6
"""490351134111""","""Salt Lake City, UT""",1.00,1321.00,272.00,161.10,43,53,50,24,30,28,20,23,21,8.77,14.80,2.17,2,2,19371,19174,18088,2,2,2,17815,16794,16012,13960,12978,12418,3821,3781,3567,34,35,28,84,87,69,4.6,4.8,1.69,25491,100,40161,43,10,1776,1865,,95,5
"""490351134112""","""Salt Lake City, UT""",1.00,1626.00,477.00,160.30,40,49,46,21,26,25,20,23,21,6.98,20.77,2.16,2,2,19277,19080,17994,2,2,2,17725,16707,15925,13888,12910,12349,3803,3763,3548,34,34,27,83,86,68,4.4,4.9,2.98,27520,100,36227,42,11,1543,1628,,95,5
"""490351134121""","""Salt Lake City, UT""",1.00,1145.00,323.00,68.37,42,51,48,23,29,28,19,23,21,7.80,36.85,2.11,2,2,19727,19530,18444,2,2,2,17480,16478,15697,13562,12599,12039,3892,3851,3637,26,27,21,65,67,53,4.9,3.8,4.72,18776,94,30035,44,7,1725,1997,,86,14
"""490351134142""","""Salt Lake City, UT""",1.00,988.00,265.00,109.96,43,52,49,23,29,27,20,23,21,6.88,16.58,2.14,2,2,20793,20596,19509,2,2,2,17895,16883,16102,13763,12791,12230,4102,4061,3847,30,31,24,74,77,61,4.3,3.1,2.41,17719,99,20753,44,8,1718,2023,,85,15
"""490351134143""","""Salt Lake City, UT""",1.00,1738.00,647.00,168.73,35,43,40,16,20,19,19,23,21,6.72,25.75,2.07,2,2,20311,20114,19028,2,2,2,17301,16313,15531,13265,12316,11756,4007,3966,3752,29,30,24,72,74,59,6.9,2.5,3.83,16659,48,16349,44,9,1205,1284,,94,6
"""490351134144""","""Salt Lake City, UT""",1.00,3571.00,524.00,152.60,43,53,50,23,29,27,20,24,22,8.72,29.93,2.21,2,2,21559,21362,20276,2,2,2,18463,17431,16650,14182,13191,12630,4253,4213,3998,27,28,22,68,70,55,3.3,2.9,3.43,17339,97,18754,44,17,1721,1818,,95,5
"""490351134151""","""Salt Lake City, UT""",1.00,1510.00,412.00,279.50,35,42,40,15,19,18,20,23,21,7.36,10.85,2.11,2,2,20458,20261,19174,1,1,1,17634,16631,15851,13578,12615,12054,4036,3995,3781,20,20,16,50,51,40,4.9,2.9,1.47,15637,76,22120,44,13,1157,1427,,81,19
"""490351134152""","""Salt Lake City, UT""",1.00,2379.00,552.00,232.74,45,55,51,24,30,29,20,24,22,8.95,21.23,2.20,2,2,22146,21949,20863,1,1,1,18482,17453,16676,14103,13115,12555,4369,4328,4114,10,10,8,24,25,19,3.8,2.6,2.37,15862,100,17535,44,11,1835,2018,,91,9
"""490351134153""","""Salt Lake City, UT""",1.00,2316.00,596.00,1413.65,37,45,43,19,24,23,18,22,20,7.61,3.21,1.95,2,2,20418,20221,19134,1,1,1,16564,15610,14831,12519,11605,11045,4028,3987,3773,17,17,13,41,42,33,6.8,2.6,0.42,12277,6,19108,44,54,1434,1258,1789,67,33
"""490351135051""","""Salt Lake City, UT""",1.00,1415.00,404.00,138.38,39,47,44,20,26,25,18,22,20,6.46,18.87,2.00,2,2,18460,18263,17177,2,3,2,16523,15555,14772,12843,11913,11353,3642,3601,3387,39,40,32,96,99,79,4.9,4.5,2.92,26855,68,28571,43,23,1539,1500,1602,62,38
"""490351135052""","""Salt Lake City, UT""",1.00,1607.00,505.00,191.35,42,51,48,22,28,27,19,23,21,6.69,17.66,2.14,2,2,19252,19055,17969,2,3,2,17600,16589,15805,13763,12791,12230,3798,3758,3543,39,40,32,96,99,78,5.0,4.6,2.64,27742,81,28491,43,13,1666,1634,2250,95,5
"""490351135053""","""Salt Lake City, UT""",1.00,1699.00,500.00,171.78,38,47,44,19,23,23,20,23,21,6.88,20.03,2.16,2,2,19801,19604,18517,2,2,2,17776,16761,15980,13842,12866,12305,3906,3866,3652,28,29,23,70,72,58,3.9,3.9,2.91,26258,100,26418,43,11,1412,1579,,89,11
"""490351135054""","""Salt Lake City, UT""",1.00,2219.00,523.00,152.35,38,46,43,20,25,24,18,21,19,7.00,24.02,1.94,2,2,17975,17778,16691,3,3,3,16027,15078,14294,12441,11530,10970,3546,3506,3291,41,42,33,101,104,82,6.3,4.2,3.43,26668,65,25446,43,8,1523,1809,1156,56,44
"""490351135091""","""Salt Lake City, UT""",1.00,2072.00,452.00,151.45,41,50,47,22,27,26,19,22,21,7.38,22.03,2.11,2,2,18458,18261,17175,2,2,2,17242,16240,15457,13564,12602,12041,3641,3601,3387,36,37,29,90,93,73,5.8,5.8,2.98,29388,100,56331,43,9,1645,1831,,90,10
"""490351135093""","""Salt Lake City, UT""",1.00,2921.00,965.00,179.52,34,42,39,18,22,21,17,19,18,5.80,31.19,1.80,2,2,16696,16499,15413,3,3,3,14927,14018,13233,11586,10715,10155,3294,3254,3039,47,49,39,118,121,96,9.1,5.4,5.38,28976,0,59656,43,5,1336,1398,916,87,13
"""490351135094""","""Salt Lake City, UT""",1.00,1454.00,645.00,158.80,37,46,43,22,28,26,15,18,16,5.28,21.44,1.67,2,2,15784,15587,14501,4,4,4,13905,13037,12249,10731,9901,9340,3114,3074,2860,60,62,49,150,154,123,8.4,5.9,4.06,28267,8,55612,43,23,1657,2500,1383,24,76
"""490351135101""","""Salt Lake City, UT""",1.00,1495.00,511.00,136.84,39,47,44,20,25,24,19,22,20,6.37,23.80,2.05,2,2,17869,17672,16585,3,3,3,16744,15761,14976,13173,12229,11668,3525,3485,3271,46,47,38,114,118,93,7.2,5.8,3.73,29565,59,43724,42,10,1524,1534,1300,96,4
"""490351135102""","""Salt Lake City, UT""",1.00,754.00,256.00,134.63,42,51,48,23,29,27,19,22,20,7.00,13.32,2.09,2,2,18231,18034,16947,2,3,2,17039,16045,15261,13404,12449,11888,3596,3556,3342,39,40,31,96,98,78,6.0,5.7,1.90,30073,94,48349,42,8,1718,1990,,86,14
"""490351135103""","""Salt Lake City, UT""",1.00,946.00,259.00,187.02,42,51,48,22,28,27,19,23,21,6.67,9.23,2.15,2,2,18900,18703,17617,2,3,2,17589,16575,15792,13822,12847,12286,3729,3688,3474,38,39,31,95,98,78,4.8,5.6,1.38,30114,94,44965,42,19,1673,1813,,92,8
"""490351135111""","""Salt Lake City, UT""",1.00,2050.00,706.00,223.75,38,46,44,21,26,25,17,20,19,6.04,19.05,1.91,2,2,16851,16654,15568,3,3,3,15634,14693,13909,12266,11364,10803,3324,3284,3070,44,46,36,110,113,90,7.6,5.7,3.16,30604,58,50528,43,10,1567,1632,1455,63,37
"""490351135112""","""Salt Lake City, UT""",1.00,1606.00,488.00,157.73,37,45,42,18,23,22,19,22,20,6.56,20.30,2.07,2,2,17889,17692,16605,2,2,2,16877,15887,15104,13311,12360,11799,3529,3489,3275,38,39,31,93,96,76,7.0,5.6,3.09,30550,82,49562,43,7,1358,1453,,93,7
"""490351135121""","""Salt Lake City, UT""",1.00,2160.00,972.00,284.35,32,39,37,16,20,20,16,19,17,4.84,16.56,1.72,2,2,16354,16157,15071,3,3,3,14341,13456,12671,11070,10224,9663,3226,3186,2972,44,46,36,110,113,90,8.6,5.5,3.42,30890,4,54412,43,22,1231,1292,1178,47,53
"""490351135122""","""Salt Lake City, UT""",1.00,1765.00,880.00,177.70,33,40,37,18,23,22,15,17,15,4.41,21.86,1.57,2,1,15077,14880,13793,3,4,3,13099,12262,11475,10071,9272,8711,2974,2934,2720,54,56,44,134,138,110,8.7,5.3,4.95,31395,0,58988,43,20,1383,,1383,0,100
"""490351135131""","""Salt Lake City, UT""",1.00,1407.00,431.00,166.39,37,45,43,18,23,22,19,22,20,6.61,17.12,2.10,2,2,18568,18371,17285,2,3,2,17161,16164,15381,13460,12502,11941,3663,3623,3408,38,39,31,95,98,77,5.4,5.4,2.59,28709,94,41389,42,9,1391,1603,,87,13
"""490351135132""","""Salt Lake City, UT""",1.00,1774.00,583.00,224.04,34,42,39,18,23,22,16,19,17,5.74,14.93,1.77,2,2,16256,16059,14972,3,3,3,14598,13700,12914,11339,10480,9919,3207,3167,2953,52,54,43,129,133,106,7.6,5.3,2.60,28239,37,36742,42,12,1362,1890,1159,28,72
"""490351135133""","""Salt Lake City, UT""",1.00,2930.00,1001.00,302.90,38,46,43,21,27,25,17,20,18,5.63,18.60,1.81,2,2,16758,16561,15475,3,3,3,14998,14086,13301,11647,10774,10213,3306,3266,3052,45,46,37,111,115,91,7.2,5.2,3.30,28694,35,39816,43,22,1596,2147,1239,39,61
"""490351135141""","""Salt Lake City, UT""",1.00,1840.00,648.00,149.38,31,38,35,16,20,19,15,18,16,4.88,21.15,1.67,2,2,15764,15567,14480,4,4,3,13922,13053,12266,10757,9925,9365,3110,3070,2855,56,58,46,139,143,113,7.8,5.6,4.34,29974,16,47242,42,37,1178,,1334,12,88
"""490351135143""","""Salt Lake City, UT""",1.00,967.00,425.00,92.21,37,45,42,21,26,25,17,19,18,5.33,24.57,1.81,2,2,16465,16268,15181,3,3,3,14896,13986,13202,11604,10733,10173,3248,3208,2994,44,45,36,109,112,89,8.8,5.7,4.61,30475,12,54326,43,8,1554,1606,1396,75,25
"""490351135144""","""Salt Lake City, UT""",1.00,2156.00,820.00,77.70,33,40,37,18,23,22,14,17,15,4.33,45.68,1.58,2,1,14350,14153,13067,4,4,3,13040,12198,11412,10154,9350,8790,2831,2791,2577,55,57,45,137,141,112,8.8,6.1,10.55,31003,13,59499,42,7,1365,1667,1322,13,87
"""490351135151""","""Salt Lake City, UT""",1.00,1958.00,593.00,380.21,46,56,53,27,34,32,19,23,21,6.61,10.31,2.12,2,2,18676,18479,17392,2,2,2,17347,16341,15560,13634,12668,12107,3684,3644,3430,29,29,23,71,73,58,4.3,6.0,1.56,29228,97,46801,42,22,2023,2121,1463,85,15
"""490351135152""","""Salt Lake City, UT""",1.00,1601.00,718.00,178.17,39,47,45,20,25,24,19,22,20,5.60,22.57,2.09,2,2,18219,18022,16935,3,3,3,17070,16075,15290,13433,12476,11915,3594,3554,3340,43,45,35,108,111,88,6.7,5.7,4.03,28949,66,42965,42,12,1519,1519,,100,0
"""490351135153""","""Salt Lake City, UT""",1.00,3205.00,980.00,332.67,39,47,44,21,27,26,18,21,19,6.26,18.45,1.94,2,2,17367,17170,16084,3,3,3,15921,14972,14188,12453,11542,10981,3426,3386,3172,42,44,35,105,108,86,6.8,5.7,2.95,28432,54,40667,42,15,1598,1669,1453,67,33
"""490351135201""","""Salt Lake City, UT""",1.00,2317.00,920.00,348.50,38,46,43,20,25,24,18,21,19,5.94,15.68,1.95,2,2,17544,17347,16260,3,3,3,16014,15061,14277,12510,11597,11036,3461,3421,3206,43,44,35,106,110,87,6.6,5.5,2.64,29020,49,40863,42,22,1489,1578,1312,67,33
"""490351135202""","""Salt Lake City, UT""",1.00,1859.00,512.00,157.95,40,48,45,21,26,25,19,22,21,7.52,24.38,2.10,2,2,18660,18463,17376,2,2,2,17202,16204,15422,13488,12529,11968,3681,3641,3427,33,34,27,82,84,67,4.9,5.3,3.24,28793,100,41594,42,10,1550,1464,2012,84,16
"""490351135211""","""Salt Lake City, UT""",1.00,2048.00,567.00,206.02,41,49,47,22,27,26,19,22,20,6.77,18.65,2.09,2,2,18681,18484,17398,2,2,2,17166,16169,15387,13444,12487,11926,3685,3645,3431,37,38,30,91,94,74,5.0,5.2,2.75,28654,92,33595,42,9,1630,1629,1638,85,15
"""490351135212""","""Salt Lake City, UT""",1.00,1615.00,407.00,115.61,36,44,41,17,22,21,19,22,20,6.58,23.17,2.08,2,2,18903,18706,17620,2,2,2,17115,16123,15340,13349,12396,11835,3729,3689,3475,37,38,30,92,94,75,4.4,5.0,3.52,28495,100,30441,42,10,1302,1698,,77,23
"""490351135213""","""Salt Lake City, UT""",1.00,2273.00,514.00,156.42,44,54,51,25,31,30,19,23,21,7.15,23.51,2.14,2,2,19030,18833,17747,3,3,2,17513,16503,15720,13719,12749,12188,3754,3714,3500,40,41,32,98,101,80,5.2,4.9,3.29,28480,84,29581,42,10,1874,1950,,96,4
"""490351135214""","""Salt Lake City, UT""",1.00,1421.00,424.00,176.35,42,51,48,23,29,27,19,22,20,6.78,16.31,2.06,2,2,18667,18470,17383,3,3,2,16954,15967,15184,13232,12285,11724,3682,3642,3428,39,40,32,97,100,79,5.4,4.7,2.40,28521,71,27979,43,15,1720,1723,1709,80,20
"""490351135221""","""Salt Lake City, UT""",1.00,1216.00,412.00,172.87,39,48,45,20,25,24,19,23,21,6.53,15.56,2.12,2,2,18715,18518,17432,2,2,2,17336,16332,15549,13607,12642,12081,3692,3652,3437,37,38,30,92,94,75,5.7,5.3,2.38,29026,73,38494,43,16,1502,1579,,95,5
"""490351135222""","""Salt Lake City, UT""",1.00,1931.00,618.00,320.59,43,52,49,23,28,27,20,24,22,7.13,13.74,2.21,2,2,19642,19445,18358,2,2,2,18071,17041,16258,14161,13170,12609,3875,3834,3620,35,36,29,87,90,71,3.6,5.3,1.93,28821,100,36128,42,20,1704,1732,,98,2
"""490351135231""","""Salt Lake City, UT""",1.00,1686.00,588.00,245.29,40,49,46,21,26,25,19,23,21,6.55,15.71,2.10,2,2,18973,18776,17690,2,2,2,17249,16251,15469,13469,12511,11950,3743,3703,3488,37,38,30,92,94,75,5.3,4.7,2.40,28069,81,28365,43,11,1590,1539,1907,86,14
"""490351135232""","""Salt Lake City, UT""",1.00,1266.00,421.00,142.73,40,48,45,21,26,25,19,22,20,6.76,19.93,2.04,2,2,18642,18445,17359,2,3,2,16846,15865,15082,13131,12188,11627,3678,3637,3423,38,39,31,95,98,77,5.3,4.5,2.95,28083,83,27014,43,10,1581,1630,1439,74,26
"""490351135233""","""Salt Lake City, UT""",1.00,1725.00,477.00,171.67,41,50,47,22,27,26,19,23,21,7.71,21.42,2.14,2,2,19488,19291,18204,2,2,2,17595,16586,15804,13717,12747,12187,3844,3804,3590,33,34,27,83,86,68,4.2,4.3,2.78,27755,95,26629,43,12,1648,1621,1843,88,12
"""490351135234""","""Salt Lake City, UT""",1.00,1339.00,394.00,92.21,36,44,41,17,22,21,19,22,20,6.51,27.82,2.08,2,2,18714,18517,17430,3,3,3,17115,16122,15338,13383,12429,11868,3692,3651,3437,40,41,33,99,102,81,5.9,4.7,4.27,28143,84,29268,43,6,1313,1466,,90,10
"""490351135261""","""Salt Lake City, UT""",1.00,3087.00,852.00,1177.84,44,53,50,23,28,27,21,25,23,8.68,6.28,2.27,2,2,22423,22226,21140,1,1,1,18987,17938,17159,14548,13539,12979,4424,4383,4169,15,15,12,37,38,30,2.3,2.2,0.72,14397,100,13859,44,34,1694,1841,,92,8
"""490351135262""","""Salt Lake City, UT""",1.00,2201.00,363.00,126.01,42,51,48,23,28,27,19,22,21,8.58,24.71,2.06,2,2,20080,19883,18796,2,2,2,17225,16238,15457,13234,12286,11726,3961,3921,3707,30,31,25,75,77,61,4.0,2.7,2.88,22005,98,17872,44,10,1714,1700,1739,64,36
"""490351135263""","""Salt Lake City, UT""",1.00,1099.00,249.00,143.25,38,46,43,18,23,22,20,23,21,8.57,14.89,2.15,2,2,20586,20389,19302,2,2,2,17883,16870,16088,13792,12818,12258,4061,4021,3806,30,31,24,74,76,60,4.0,3.0,1.74,21569,97,17915,44,10,1359,1619,,84,16
"""490351135271""","""Salt Lake City, UT""",1.00,1647.00,457.00,110.24,39,47,44,19,24,23,20,23,21,7.26,30.10,2.13,2,2,20298,20101,19015,2,2,2,17730,16721,15940,13696,12727,12166,4004,3964,3750,30,31,24,74,76,60,4.9,2.8,4.15,22747,80,18619,44,11,1434,1560,,92,8
"""490351135272""","""Salt Lake City, UT""",1.00,1325.00,415.00,112.56,44,54,51,24,30,29,20,24,22,7.54,27.78,2.19,2,2,20605,20408,19322,2,2,2,18175,17148,16368,14085,13098,12537,4065,4024,3810,25,26,21,62,64,51,4.2,2.9,3.69,24264,100,20133,44,8,1811,1833,,99,1
"""490351135273""","""Salt Lake City, UT""",1.00,1289.00,372.00,78.87,38,46,43,19,24,23,19,22,20,7.33,34.58,2.06,2,2,19239,19042,17956,2,2,2,17076,16089,15307,13249,12301,11741,3795,3755,3541,31,32,25,77,80,63,6.5,3.1,4.72,25351,66,21470,44,7,1420,1582,,90,10
"""490351135281""","""Salt Lake City, UT""",1.00,2486.00,815.00,116.43,43,53,50,23,29,28,20,24,22,7.50,52.50,2.17,2,2,20806,20609,19523,2,2,2,18061,17042,16261,13930,12950,12389,4105,4064,3850,27,28,22,67,69,55,4.5,2.5,7.00,22196,98,18274,44,7,1758,1809,,97,3
"""490351135282""","""Salt Lake City, UT""",1.00,1012.00,291.00,74.59,33,40,37,13,17,16,19,23,21,7.72,30.11,2.11,2,2,20217,20020,18934,2,2,2,17565,16563,15783,13553,12590,12030,3988,3948,3734,24,25,20,60,62,49,4.5,2.7,3.90,23398,100,20398,44,7,1012,1232,,82,18
"""490351135283""","""Salt Lake City, UT""",1.00,1687.00,488.00,112.91,40,48,45,20,25,24,20,23,21,7.65,33.07,2.12,2,2,20324,20127,19041,2,2,2,17648,16643,15863,13614,12649,12088,4009,3969,3755,24,25,20,61,63,50,4.6,2.5,4.32,22965,97,20753,44,8,1521,1788,,85,15
"""490351135321""","""Salt Lake City, UT""",1.00,1559.00,486.00,157.50,41,50,47,22,28,27,19,23,21,6.83,21.07,2.13,2,2,19088,18891,17804,2,2,2,17452,16446,15663,13649,12682,12121,3766,3725,3511,37,39,31,93,96,76,5.1,4.9,3.09,28050,92,32021,43,9,1664,1813,,92,8
"""490351135322""","""Salt Lake City, UT""",1.00,1378.00,494.00,162.66,48,58,55,28,35,34,20,23,21,6.79,20.61,2.17,2,2,19496,19299,18212,2,2,2,17822,16802,16019,13938,12958,12397,3846,3806,3591,38,39,31,94,96,77,4.6,4.9,3.04,28152,98,30796,43,9,2100,2110,1679,98,2
"""490351135331""","""Salt Lake City, UT""",1.00,2277.00,773.00,313.88,43,53,50,24,30,29,19,22,20,6.64,16.36,2.11,2,2,18343,18146,17059,2,2,2,17180,16179,15397,13530,12569,12008,3619,3578,3364,31,32,25,77,79,63,6.1,5.3,2.46,29333,76,43086,42,12,1820,1904,,96,4
"""490351135332""","""Salt Lake City, UT""",1.00,1401.00,444.00,271.30,48,58,55,28,35,33,20,24,22,7.23,11.84,2.20,2,2,19790,19593,18507,2,2,2,18060,17031,16249,14122,13133,12573,3904,3864,3650,33,34,27,82,85,67,3.2,5.3,1.64,28049,94,34484,42,34,2078,2197,,95,5
"""490351135333""","""Salt Lake City, UT""",1.00,1010.00,294.00,147.34,46,56,53,26,33,31,20,23,21,6.95,13.87,2.17,2,2,19547,19350,18263,2,2,2,17827,16807,16025,13938,12957,12397,3856,3816,3601,34,34,27,83,86,68,4.2,5.0,2.00,27845,100,32496,43,12,1958,2086,,94,6
"""490351135361""","""Salt Lake City, UT""",1.00,2170.00,635.00,180.39,39,47,44,20,25,24,18,22,20,6.84,24.07,2.02,2,2,18215,18018,16932,2,3,2,16627,15651,14868,12994,12058,11497,3593,3553,3339,39,40,32,96,99,79,5.5,4.9,3.52,27984,78,33328,42,11,1511,1631,1188,73,27
"""490351135362""","""Salt Lake City, UT""",1.00,1471.00,459.00,141.91,36,43,41,19,24,23,16,19,17,5.69,18.40,1.78,2,2,16735,16538,15452,4,4,3,14788,13886,13100,11431,10568,10007,3301,3261,3047,55,57,45,137,141,112,7.4,5.0,3.23,28295,27,31509,42,18,1457,1859,1248,34,66
"""490351135371""","""Salt Lake City, UT""",1.00,1613.00,412.00,160.88,41,50,47,22,28,27,19,22,20,7.64,19.57,2.07,2,2,18288,18091,17004,2,2,2,16911,15923,15140,13268,12319,11758,3608,3567,3353,36,37,29,88,91,72,5.8,5.2,2.56,28217,90,37733,42,7,1660,1665,1634,83,17
"""490351135372""","""Salt Lake City, UT""",1.00,2072.00,636.00,161.23,41,50,47,23,29,28,18,21,19,6.92,27.29,1.98,2,2,17816,17619,16533,3,3,3,16277,15314,14531,12721,11798,11237,3515,3474,3260,41,42,33,101,104,83,5.7,5.3,3.94,28447,81,34646,42,9,1727,1920,1383,64,36
"""490351135381""","""Salt Lake City, UT""",1.00,1424.00,395.00,136.51,43,52,49,23,29,28,20,23,21,7.32,21.17,2.17,2,2,19932,19735,18649,2,2,2,17931,16909,16128,13967,12986,12425,3932,3892,3677,31,32,26,77,80,63,4.6,3.8,2.89,24942,94,24889,43,9,1740,1781,,98,2
"""490351135382""","""Salt Lake City, UT""",1.00,1291.00,343.00,106.97,41,50,47,21,26,25,20,24,22,7.75,24.84,2.18,2,2,20282,20085,18998,2,2,2,18024,17002,16221,13996,13013,12452,4001,3961,3746,28,28,23,69,70,56,4.2,3.5,3.21,23487,99,23075,43,8,1592,1655,,96,4
"""490351135391""","""Salt Lake City, UT""",1.00,3141.00,544.00,233.54,41,50,47,21,27,26,20,24,22,9.16,21.34,2.19,2,2,20574,20377,19290,2,2,2,18125,17100,16319,14040,13055,12494,4059,4018,3804,26,27,22,65,67,54,3.7,3.0,2.33,23011,100,21749,44,12,1602,1736,,92,8
"""490351135392""","""Salt Lake City, UT""",1.00,2226.00,598.00,164.37,41,49,46,21,27,26,19,23,21,7.92,28.81,2.12,2,2,19650,19453,18367,2,2,2,17515,16511,15729,13608,12644,12083,3876,3836,3622,30,31,24,75,77,61,4.8,3.5,3.64,25370,91,23536,43,8,1600,1621,1460,87,13
"""490351135401""","""Salt Lake City, UT""",1.00,3347.00,787.00,309.00,48,59,56,28,35,34,20,24,22,8.61,21.93,2.19,2,2,22093,21896,20809,1,1,1,18440,17413,16636,14071,13085,12524,4358,4318,4104,11,11,9,26,27,21,5.1,2.2,2.55,16515,82,13996,45,9,2103,2144,,98,2
"""490351135402""","""Salt Lake City, UT""",1.00,2941.00,804.00,311.05,48,58,55,28,35,33,20,24,22,8.40,21.71,2.17,2,2,21209,21012,19926,2,2,1,18141,17121,16341,13933,12953,12392,4184,4144,3929,24,24,19,58,60,48,3.5,2.3,2.58,21111,100,16699,44,13,2079,2101,1941,86,14
"""490351135411""","""Salt Lake City, UT""",1.00,2455.00,589.00,395.42,48,58,55,27,34,33,20,24,22,8.57,12.77,2.20,2,2,21810,21613,20527,1,1,1,18447,17418,16639,14126,13137,12576,4303,4262,4048,19,19,15,47,48,38,3.1,2.5,1.49,16527,94,14282,45,22,2050,2082,1837,87,13
"""490351135421""","""Salt Lake City, UT""",1.00,3799.00,1140.00,999.51,46,56,53,25,31,30,21,25,23,8.06,9.20,2.26,2,2,22395,22198,21111,1,1,1,18940,17893,17115,14506,13499,12939,4418,4377,4163,16,16,13,39,41,32,2.8,1.8,1.14,16923,93,14487,45,31,1888,1901,1628,95,5
"""490351135431""","""Salt Lake City, UT""",1.00,2293.00,596.00,215.44,44,53,50,24,29,28,20,24,22,7.89,21.82,2.20,2,2,21188,20991,19904,1,1,1,18299,17272,16492,14097,13110,12549,4180,4139,3925,22,23,18,55,57,45,4.0,2.2,2.77,21226,100,20484,45,10,1772,1876,,94,6
"""490351135432""","""Salt Lake City, UT""",1.00,2187.00,617.00,429.29,43,52,49,23,28,27,21,24,22,8.33,11.97,2.23,2,2,21423,21226,20139,1,1,1,18567,17528,16749,14320,13322,12761,4226,4186,3971,20,21,17,50,51,41,3.4,2.2,1.44,21961,100,19683,45,16,1695,1761,,96,4
"""490351135441""","""Salt Lake City, UT""",1.00,2013.00,546.00,272.45,44,54,50,24,30,29,20,24,22,8.60,17.23,2.20,2,2,20949,20752,19666,1,2,1,18263,17236,16456,14107,13119,12559,4133,4092,3878,23,24,19,58,60,47,3.7,2.7,2.00,20326,100,19689,44,10,1788,1903,,94,6
"""490351135442""","""Salt Lake City, UT""",1.00,2419.00,613.00,192.26,42,51,48,21,27,26,20,24,22,8.84,28.20,2.19,2,2,21923,21726,20640,1,1,1,18395,17369,16591,14059,13073,12512,4325,4284,4070,11,11,9,27,27,22,3.5,2.8,3.19,18009,98,17815,44,13,1605,1578,1861,90,10
"""490351135451""","""Salt Lake City, UT""",1.00,3187.00,811.00,3770.14,49,60,57,28,35,34,21,25,23,9.02,1.94,2.30,2,2,22696,22499,21412,1,1,1,19291,18231,17453,14799,13779,13218,4477,4437,4222,15,15,12,37,38,30,1.9,2.6,0.22,13341,91,14124,44,77,2115,2132,1914,92,8
"""490351136001""","""Salt Lake City, UT""",1.00,1397.00,458.00,140.16,42,51,48,23,28,27,19,23,21,6.82,22.29,2.11,2,2,19079,18882,17796,2,2,2,17327,16326,15544,13526,12565,12004,3764,3723,3509,37,38,30,91,94,75,4.9,4.5,3.27,28414,98,27273,43,6,1712,2005,,85,15
"""490351136002""","""Salt Lake City, UT""",1.00,835.00,264.00,138.89,35,42,39,15,19,18,20,23,21,6.94,13.19,2.19,2,2,19708,19511,18424,2,2,2,17961,16937,16154,14038,13053,12492,3888,3847,3633,36,37,29,88,91,72,4.3,4.5,1.90,28257,100,26221,43,9,1127,1162,,97,3
"""490351136003""","""Salt Lake City, UT""",1.00,2014.00,644.00,101.14,40,48,45,20,25,24,19,23,21,6.28,39.99,2.14,2,2,19430,19233,18147,2,2,2,17588,16578,15796,13724,12754,12193,3833,3793,3578,30,31,25,76,78,62,4.8,4.0,6.37,27573,100,25664,43,6,1521,1494,1952,94,6
"""490351136004""","""Salt Lake City, UT""",1.00,1033.00,331.00,99.01,40,49,46,22,27,26,18,22,20,6.70,22.40,2.02,2,2,18449,18252,17166,2,2,2,16642,15668,14885,12965,12030,11470,3640,3599,3385,37,38,30,93,95,75,5.8,4.4,3.34,27767,87,24895,43,5,1632,1638,1619,71,29
"""490351137011""","""Salt Lake City, UT""",1.00,1878.00,523.00,111.82,37,45,42,17,22,21,19,23,21,7.70,36.01,2.13,2,2,19692,19495,18408,2,2,2,17598,16590,15808,13683,12715,12154,3885,3844,3630,30,31,24,75,77,61,4.5,3.8,4.68,26673,100,23804,43,7,1310,1473,,89,11
"""490351137012""","""Salt Lake City, UT""",1.00,892.00,266.00,91.26,38,46,44,19,24,23,19,23,21,6.71,19.55,2.13,2,2,19111,18914,17827,2,3,2,17468,16462,15678,13659,12692,12131,3770,3730,3515,39,40,32,96,99,79,5.6,4.4,2.91,27870,86,25576,43,6,1422,1495,,95,5
"""490351137013""","""Salt Lake City, UT""",1.00,1196.00,431.00,101.09,39,48,45,20,26,25,19,22,20,6.84,29.18,2.08,2,2,19042,18845,17758,2,2,2,17121,16130,15348,13330,12378,11817,3756,3716,3502,34,35,28,86,88,70,5.0,4.2,4.26,27178,97,25476,43,6,1538,1466,1836,81,19
"""490351137021""","""Salt Lake City, UT""",1.00,1519.00,463.00,130.81,43,52,49,23,29,28,19,23,21,7.02,24.84,2.13,2,2,19449,19252,18166,2,2,2,17519,16513,15731,13647,12680,12120,3837,3796,3582,35,37,29,88,91,72,4.6,4.3,3.54,27557,99,24345,43,7,1748,1817,1250,88,12
"""490351137022""","""Salt Lake City, UT""",1.00,1134.00,349.00,83.18,41,50,47,23,28,27,19,22,20,6.99,29.31,2.07,2,2,19234,19037,17950,2,2,2,17107,16117,15336,13284,12334,11774,3794,3754,3540,28,29,23,70,72,57,4.4,3.9,4.20,27044,100,23943,43,8,1694,1520,2179,74,26
"""490351138011""","""Salt Lake City, UT""",1.00,2063.00,673.00,151.47,44,54,50,25,31,30,19,22,21,6.87,30.53,2.07,2,2,19717,19520,18434,2,2,2,17188,16199,15417,13265,12316,11756,3890,3849,3635,33,34,27,81,84,66,4.1,3.6,4.44,23726,99,20564,44,9,1874,1930,1747,69,31
"""490351138012""","""Salt Lake City, UT""",1.00,2364.00,493.00,89.82,37,44,42,18,22,21,19,22,20,7.69,42.22,2.04,2,2,19428,19231,18145,2,2,2,16996,16014,15233,13132,12189,11629,3833,3792,3578,32,33,26,79,81,65,4.8,3.4,5.49,23717,99,20473,43,5,1340,1385,1233,71,29
"""490351138013""","""Salt Lake City, UT""",1.00,754.00,234.00,78.35,34,42,39,15,19,18,20,23,21,6.89,20.57,2.13,2,2,19886,19689,18602,2,2,2,17650,16642,15859,13693,12724,12164,3923,3883,3668,34,35,27,83,86,68,4.2,3.9,2.99,25384,100,21708,43,8,1121,1311,,85,15
"""490351138014""","""Salt Lake City, UT""",1.00,781.00,211.00,74.66,39,47,44,20,25,24,19,22,20,7.59,21.46,2.06,2,2,19672,19475,18389,2,2,2,17138,16152,15370,13225,12279,11718,3881,3840,3626,32,33,26,80,82,65,4.3,3.4,2.83,23089,100,19971,44,7,1485,1531,1391,67,33
"""490351138021""","""Salt Lake City, UT""",1.00,1294.00,386.00,119.84,35,43,40,17,21,20,19,22,20,6.53,21.03,2.03,2,2,18761,18564,17477,2,2,2,16791,15813,15031,13058,12119,11558,3701,3661,3446,32,33,26,80,83,66,5.6,3.7,3.22,26633,85,23662,43,6,1264,1371,976,73,27
"""490351138022""","""Salt Lake City, UT""",1.00,1422.00,425.00,100.37,37,45,42,18,22,21,19,23,21,7.08,29.97,2.11,2,2,19361,19164,18078,2,2,2,17425,16422,15640,13571,12608,12047,3819,3779,3565,34,36,28,86,88,70,5.0,4.1,4.23,26970,98,23601,43,5,1341,1292,1709,88,12
"""490351138023""","""Salt Lake City, UT""",1.00,1068.00,415.00,176.85,35,43,40,17,21,20,19,22,20,5.94,13.95,2.02,2,2,18883,18686,17600,3,3,3,16720,15747,14963,12954,12020,11459,3725,3685,3471,41,42,34,102,105,83,7.2,3.9,2.35,25920,32,22518,43,13,1275,1400,,91,9
"""490351138041""","""Salt Lake City, UT""",1.00,3853.00,1164.00,201.19,43,53,49,24,29,28,20,23,21,7.57,43.80,2.12,2,2,20242,20045,18958,2,2,2,17659,16653,15871,13632,12666,12105,3993,3953,3739,33,34,27,83,86,68,4.3,3.2,5.79,23431,97,19142,44,8,1774,1772,1783,85,15
"""490351138042""","""Salt Lake City, UT""",1.00,1393.00,348.00,105.60,38,46,43,18,22,21,20,23,21,8.24,27.17,2.16,2,2,20381,20184,19098,2,2,2,17939,16921,16140,13888,12910,12349,4021,3980,3766,30,31,25,75,77,61,4.1,3.3,3.30,24216,100,19962,44,9,1346,1482,,91,9
"""490351138051""","""Salt Lake City, UT""",1.00,1341.00,407.00,76.83,37,45,43,18,22,21,20,23,21,7.24,38.36,2.14,2,2,19947,19750,18663,2,2,2,17717,16706,15924,13746,12775,12214,3935,3895,3680,36,37,29,89,91,72,4.2,3.9,5.30,25705,98,21690,43,9,1339,1493,,90,10
"""490351138052""","""Salt Lake City, UT""",1.00,833.00,278.00,103.76,32,39,36,16,20,19,16,19,17,5.95,15.94,1.75,2,2,16961,16764,15677,3,3,3,14628,13735,12950,11235,10381,9820,3346,3306,3092,47,49,39,118,121,96,7.2,3.8,2.68,26657,29,22710,43,15,1192,,1404,15,85
"""490351138053""","""Salt Lake City, UT""",1.00,2017.00,480.00,254.14,39,47,44,19,24,23,20,23,21,8.10,15.29,2.15,2,2,20343,20146,19059,2,2,2,17857,16843,16062,13817,12842,12281,4013,3973,3758,27,28,22,68,70,55,3.1,3.5,1.89,25795,100,21373,44,20,1430,1806,,79,21
"""490351139031""","""Salt Lake City, UT""",1.00,2141.00,694.00,320.78,38,46,43,18,23,22,20,23,21,7.18,15.54,2.13,2,2,21470,21273,20187,1,1,1,17928,16921,16139,13660,12693,12132,4235,4195,3981,33,34,27,31,32,25,3.6,2.0,2.16,12611,77,11579,44,29,1363,1413,1194,77,23
"""490351139032""","""Salt Lake City, UT""",1.00,1923.00,620.00,237.95,47,57,54,26,33,31,20,24,22,7.92,20.64,2.19,2,2,22401,22204,21117,1,1,1,18505,17479,16700,14069,13083,12522,4419,4378,4164,17,18,14,16,17,13,3.3,2.5,2.61,15013,99,13761,44,16,1964,2004,1689,87,13
"""490351139033""","""Salt Lake City, UT""",1.00,1629.00,435.00,418.84,44,53,50,23,29,27,21,25,23,8.76,9.10,2.24,2,2,22827,22630,21543,1,1,1,18924,17881,17104,14412,13409,12848,4503,4463,4248,9,10,8,23,24,19,3.1,2.6,1.04,12809,69,13235,44,60,1719,1785,,96,4
"""490351139041""","""Salt Lake City, UT""",1.00,1661.00,453.00,120.59,41,49,46,20,25,24,21,24,22,,,2.22,2,2,21837,21640,20554,1,2,1,18559,17525,16745,14228,13234,12674,4308,4267,4053,23,24,19,57,58,46,3.4,2.2,3.76,16570,100,14726,44,13,1501,1545,,97,3
"""490351139042""","""Salt Lake City, UT""",1.00,603.00,210.00,82.29,40,49,46,20,25,24,20,24,22,7.49,19.11,2.18,2,2,21400,21203,20116,1,1,1,18248,17226,16443,13987,13004,12443,4222,4181,3967,40,41,33,38,39,31,4.4,2.1,2.55,16069,96,14112,44,7,1513,1613,,94,6
"""490351139043""","""Salt Lake City, UT""",1.00,2425.00,585.00,119.21,42,51,48,21,27,26,20,24,22,8.31,40.78,2.17,2,2,21547,21350,20263,1,1,1,18244,17224,16440,13954,12973,12412,4251,4210,3996,39,41,32,37,38,30,3.9,2.0,4.91,15370,97,13342,44,11,1609,1753,,92,8
"""490351139044""","""Salt Lake City, UT""",1.00,2720.00,787.00,159.40,39,47,44,20,25,24,19,23,21,7.59,37.45,2.07,2,2,20718,20521,19435,2,2,2,17449,16459,15675,13319,12368,11807,4087,4047,3833,43,44,35,40,42,33,5.6,2.0,4.94,14131,69,12168,44,10,1475,1462,1536,82,18
"""490351139051""","""Salt Lake City, UT""",1.00,1343.00,373.00,131.78,38,46,43,18,23,22,20,23,21,7.89,22.32,2.12,2,2,21134,20937,19850,1,1,1,17809,16805,16021,13601,12636,12076,4169,4129,3914,39,40,32,36,37,30,3.8,2.2,2.83,16888,100,14701,44,9,1369,1785,,77,23
"""490351139052""","""Salt Lake City, UT""",1.00,2338.00,562.00,188.59,43,52,49,23,29,28,20,23,21,8.61,25.65,2.13,2,2,21281,21084,19997,2,2,1,17911,16904,16120,13671,12703,12142,4198,4158,3943,42,43,34,39,40,32,3.9,2.1,2.98,15621,95,13472,44,11,1742,1679,1992,80,20
"""490351139053""","""Salt Lake City, UT""",1.00,1526.00,477.00,324.56,40,48,46,19,23,22,21,25,23,8.25,12.13,2.27,2,2,23036,22839,21753,1,1,1,19120,18070,17293,14563,13553,12993,4544,4504,4290,12,13,10,31,32,25,2.7,2.5,1.47,14423,100,13401,44,23,1409,1442,,98,2
"""490351139054""","""Salt Lake City, UT""",1.00,1662.00,525.00,320.70,42,51,48,22,28,27,19,23,21,7.74,12.67,2.09,2,2,20929,20732,19646,1,1,1,17555,16560,15781,13407,12451,11891,4129,4088,3874,19,20,16,48,50,39,5.2,1.9,1.64,13321,71,11777,44,12,1660,1771,1281,77,23
"""490351139061""","""Salt Lake City, UT""",1.00,2008.00,627.00,39527.65,39,47,44,17,22,21,22,26,24,8.25,0.13,2.31,2,2,23634,23437,22350,1,1,1,19514,18451,17674,14843,13820,13259,4662,4622,4407,9,9,7,23,23,19,1.0,3.1,0.02,3493,61,13475,44,541,1313,1482,939,69,31
"""490351139062""","""Salt Lake City, UT""",1.00,2056.00,611.00,167.26,39,47,44,21,26,25,18,21,19,7.24,26.43,1.87,2,2,19449,19252,18165,2,2,2,15865,14937,14153,11984,11095,10535,3837,3796,3582,44,45,36,41,42,33,7.1,1.9,3.65,11388,41,10486,44,9,1592,1403,1730,42,58
"""490351139063""","""Salt Lake City, UT""",1.00,862.00,285.00,96.23,35,42,39,16,20,19,19,22,20,6.60,19.56,2.01,2,2,20541,20345,19258,1,1,1,16993,16021,15240,12909,11977,11416,4052,4012,3798,31,32,26,30,30,24,5.6,1.8,2.96,10002,84,9538,44,5,1187,1247,1103,58,42
"""490351139081""","""Salt Lake City, UT""",1.00,1596.00,464.00,153.09,39,47,44,18,23,22,21,24,22,8.22,24.91,2.21,2,2,22165,21968,20882,1,1,1,18600,17567,16786,14199,13207,12646,4373,4332,4118,28,28,22,26,27,21,4.0,1.7,3.03,10208,95,9644,44,10,1388,1447,,96,4
"""490351139082""","""Salt Lake City, UT""",1.00,1120.00,483.00,140.58,40,49,46,20,25,24,20,24,22,7.06,24.27,2.19,2,2,21770,21573,20486,1,1,1,18373,17348,16565,14043,13057,12497,4295,4254,4040,35,36,29,33,34,27,4.4,1.9,3.44,12171,96,10929,44,8,1487,1575,,94,6
"""490351139083""","""Salt Lake City, UT""",1.00,1662.00,547.00,162.15,41,49,47,22,28,27,19,22,20,7.11,23.99,1.97,2,2,20213,20016,18930,1,1,1,16703,15742,14959,12677,11756,11195,3988,3947,3733,38,39,31,35,37,29,6.3,1.9,3.37,11761,56,10668,44,10,1667,1833,1405,61,39
"""490351139091""","""Salt Lake City, UT""",1.00,4794.00,1229.00,35099.24,56,68,64,32,40,39,24,28,26,9.65,0.34,2.50,2,2,26353,26156,25069,0,0,0,21261,20141,19365,16057,14977,14417,5199,5158,4944,6,6,5,13,14,11,0.0,2.2,0.04,5410,98,6632,44,638,2425,2437,,100,0
"""490351140001""","""Salt Lake City, UT""",1.00,1427.00,696.00,86.50,46,57,54,32,40,39,14,17,15,3.53,28.40,1.58,2,1,12845,12648,11561,9,10,9,12802,11964,11159,10122,9320,8759,2534,2494,2280,146,150,120,363,373,297,9.2,9.0,8.05,37140,6,103744,38,7,2427,3048,1770,51,49
"""490351140002""","""Salt Lake City, UT""",1.00,634.00,389.00,129.76,39,47,45,24,30,29,15,17,16,2.89,8.68,1.66,2,2,13601,13404,12317,8,8,8,13488,12624,11823,10682,9854,9294,2683,2643,2429,122,126,100,304,312,249,9.1,8.9,3.00,37788,2,105965,38,9,1804,2543,,71,29
"""490351140003""","""Salt Lake City, UT""",1.00,1557.00,967.00,562.91,31,38,35,17,22,21,14,16,15,2.27,3.90,1.57,2,1,12620,12423,11337,7,7,7,12652,11816,11019,10055,9257,8696,2490,2450,2236,107,110,87,266,273,217,8.8,8.7,1.72,34510,17,104638,39,11,1303,2657,1122,12,88
"""490351141001""","""Salt Lake City, UT""",1.00,1767.00,1093.00,237.48,39,47,44,24,30,29,14,17,15,3.12,14.35,1.58,2,1,13382,13185,12099,10,10,10,12973,12133,11325,10176,9372,8811,2640,2600,2386,157,161,128,390,400,319,8.6,8.1,4.60,36594,21,55177,40,8,1827,2194,1768,14,86
"""490351141002""","""Salt Lake City, UT""",1.00,1522.00,601.00,356.35,51,62,59,32,40,39,19,22,20,5.73,9.66,2.07,2,2,17456,17259,16173,6,6,5,16849,15860,15067,13319,12368,11807,3444,3404,3189,87,89,71,215,221,175,4.3,8.1,1.69,32293,94,44064,39,21,2418,2496,1868,88,12
"""490351142001""","""Salt Lake City, UT""",1.00,2289.00,829.00,405.29,43,53,50,25,31,30,18,22,20,6.44,13.18,2.01,2,2,18120,17923,16836,3,3,3,16509,15539,14753,12883,11952,11391,3575,3534,3320,51,53,42,127,131,104,6.6,4.8,2.05,28608,63,41617,43,14,1894,1933,1701,83,17
"""490351142002""","""Salt Lake City, UT""",1.00,3112.00,943.00,830.64,48,59,56,29,36,35,19,23,21,7.24,8.22,2.11,2,2,19568,19371,18285,2,3,2,17428,16428,15645,13530,12568,12008,3860,3820,3606,38,39,31,95,98,78,4.4,3.8,1.14,25719,82,44250,45,31,2187,2336,1482,83,17
"""490351143011""","""Salt Lake City, UT""",1.00,638.00,329.00,22.67,37,45,42,22,28,27,15,17,16,4.51,65.39,1.58,2,1,15874,15677,14590,3,3,3,13326,12485,11698,10142,9340,8779,3132,3091,2877,52,53,42,129,132,105,8.4,3.2,14.51,24716,9,27951,44,8,1682,,1682,0,100
"""490351143012""","""Salt Lake City, UT""",1.00,864.00,374.00,35.05,33,40,37,18,23,22,14,17,15,3.97,42.35,1.53,1,1,15533,15336,14250,4,4,3,12952,12125,11339,9832,9044,8484,3064,3024,2810,55,57,45,137,141,112,8.9,3.4,10.67,25187,0,27938,43,3,1368,,1454,6,94
"""490351143013""","""Salt Lake City, UT""",1.00,2605.00,690.00,169.82,39,48,45,20,26,25,19,22,20,6.85,27.82,2.07,2,2,19138,18941,17855,2,2,2,17100,16110,15328,13293,12343,11782,3775,3735,3521,31,32,26,78,80,64,5.2,3.9,4.06,26157,100,26342,43,5,1541,1462,1842,79,21
"""490351143014""","""Salt Lake City, UT""",1.00,569.00,291.00,32.45,38,46,43,22,27,26,16,19,17,5.62,50.44,1.69,2,2,17088,16891,15804,3,3,2,14242,13368,12585,10831,9996,9436,3371,3331,3117,40,41,33,99,102,81,8.7,3.1,8.97,24724,0,27503,44,5,1655,1590,1723,51,49
"""490351143021""","""Salt Lake City, UT""",1.00,2414.00,845.00,291.22,38,46,43,20,24,23,18,21,20,6.24,18.10,1.97,2,2,19033,18836,17749,2,2,2,16409,15451,14670,12625,11706,11145,3755,3714,3500,30,31,24,74,77,61,7.5,3.0,2.90,22903,32,22855,44,11,1468,1806,,81,19
"""490351143031""","""Salt Lake City, UT""",1.00,3058.00,968.00,417.94,46,57,53,27,34,33,19,23,21,7.08,16.41,2.03,2,2,21311,21114,20028,1,1,1,17276,16297,15518,13056,12117,11556,4204,4164,3949,16,16,13,39,41,32,6.2,1.7,2.32,15305,60,14226,46,10,2048,2301,1502,68,32
"""490351143032""","""Salt Lake City, UT""",1.00,2579.00,667.00,786.07,49,60,56,28,34,33,21,25,23,8.86,7.52,2.27,2,2,23745,23548,22461,0,1,0,19277,18226,17449,14585,13574,13014,4684,4644,4429,8,8,6,19,19,15,4.4,0.8,0.85,12131,75,15837,48,20,2070,2188,,95,5
"""490351143033""","""Salt Lake City, UT""",1.00,3448.00,904.00,481.07,50,61,58,29,36,34,21,25,23,8.43,15.84,2.28,2,2,23428,23231,22145,1,1,1,19295,18241,17464,14665,13651,13090,4622,4581,4367,8,9,7,21,22,17,4.1,1.1,1.88,16364,100,18707,48,9,2154,2154,,100,0
"""490351143041""","""Salt Lake City, UT""",1.00,2709.00,564.00,250.41,49,60,56,28,35,34,21,25,23,8.77,19.74,2.25,2,2,22048,21851,20765,1,1,1,18796,17753,16974,14429,13426,12865,4350,4309,4095,18,18,15,44,45,36,4.0,1.5,2.25,19266,100,19090,46,10,2102,2102,,100,0
"""490351143042""","""Salt Lake City, UT""",1.00,1500.00,568.00,223.07,44,54,51,26,33,32,18,21,19,7.20,18.34,1.92,2,2,19705,19508,18421,2,2,2,16244,15299,14519,12332,11427,10866,3887,3847,3633,24,25,20,60,62,49,6.5,1.3,2.55,18233,53,17918,46,12,1979,2095,1898,41,59
"""490351143043""","""Salt Lake City, UT""",1.00,2262.00,844.00,240.89,40,49,46,23,29,28,17,20,18,6.82,23.89,1.83,2,2,18846,18649,17562,2,2,2,15510,14592,13811,11762,10884,10323,3718,3678,3463,30,31,25,75,77,61,7.9,1.8,3.50,20209,25,19317,45,8,1747,2147,1356,49,51
"""490351145001""","""Salt Lake City, UT""",1.00,1870.00,554.00,169.40,40,49,46,21,26,25,19,22,20,7.02,22.94,2.06,2,2,19132,18935,17849,1,1,1,17020,16034,15254,13225,12278,11717,3774,3734,3520,21,22,18,53,55,44,5.8,3.8,3.27,18246,84,33320,44,6,1591,1617,1497,78,22
"""490351145002""","""Salt Lake City, UT""",1.00,2163.00,435.00,84.34,42,52,49,24,30,29,19,22,20,8.11,41.81,2.04,2,2,18801,18604,17518,1,2,1,16828,15848,15068,13096,12155,11595,3709,3669,3454,23,24,19,57,59,47,5.2,4.2,5.16,20316,97,43661,44,6,1792,1658,2095,69,31
"""490351145003""","""Salt Lake City, UT""",1.00,4499.00,1265.00,10349.17,41,49,46,22,28,27,18,21,20,7.40,0.90,1.98,2,2,18678,18481,17394,2,2,2,16454,15491,14708,12732,11808,11248,3685,3644,3430,37,38,30,92,95,75,5.8,5.2,0.12,12805,33,90403,45,52,1681,1809,1545,52,48
"""490351146011""","""Salt Lake City, UT""",1.00,1113.00,437.00,136.06,43,52,49,23,29,28,20,23,21,7.20,23.12,2.14,2,2,20928,20731,19644,1,1,1,17858,16848,16071,13719,12749,12188,4129,4088,3874,11,11,9,26,27,21,4.2,3.6,3.21,17805,87,30541,44,15,1754,2060,,85,15
"""490351146012""","""Salt Lake City, UT""",1.00,2297.00,763.00,340.61,45,54,51,25,31,30,20,24,22,7.11,15.93,2.17,2,2,20734,20537,19450,1,1,1,18036,17016,16239,13935,12955,12395,4090,4050,3836,10,11,9,26,27,21,4.9,3.9,2.24,17690,77,36845,44,15,1853,1924,,96,4
"""490351146013""","""Salt Lake City, UT""",1.00,1473.00,383.00,255.06,50,61,57,30,37,36,20,23,21,8.35,12.54,2.15,2,2,20834,20637,19551,1,1,1,17931,16917,16139,13808,12834,12273,4110,4070,3855,13,14,11,33,34,27,4.5,3.8,1.50,18457,77,30642,43,20,2237,2280,1870,90,10
"""490351147002""","""Salt Lake City, UT""",1.00,2236.00,744.00,202.05,37,45,42,18,23,22,19,22,20,6.23,22.94,2.10,2,2,18327,18130,17044,3,3,3,17160,16161,15376,13497,12537,11976,3615,3575,3361,48,49,39,118,122,97,5.2,7.7,3.68,18960,99,39625,41,7,1370,1540,,89,11
"""490351148001""","""Salt Lake City, UT""",1.00,1626.00,617.00,6006.07,73,89,85,51,64,62,21,25,23,6.94,0.71,2.33,2,2,21409,21212,20126,2,2,2,19188,18122,17341,14937,13910,13349,4224,4183,3969,28,29,23,70,72,57,0.4,8.0,0.10,9104,89,21402,39,501,3865,4001,,97,3
"""490351148002""","""Salt Lake City, UT""",1.00,809.00,313.00,123.11,72,89,85,53,66,64,19,23,21,6.09,15.48,2.15,2,2,17622,17425,16339,3,3,3,17294,16282,15499,13776,12803,12242,3476,3436,3222,42,43,34,104,107,85,4.9,9.0,2.54,21963,100,46797,38,14,4001,4001,,100,0
"""490351148003""","""Salt Lake City, UT""",1.00,1444.00,409.00,232.87,62,76,72,45,56,54,18,21,19,5.66,9.94,1.98,2,2,15681,15484,14398,5,6,5,15917,14955,14162,12740,11815,11255,3093,3053,2839,84,86,68,208,214,170,6.3,9.1,1.76,23077,87,79056,37,9,3355,4001,,84,16
"""490351151071""","""Salt Lake City, UT""",1.00,3967.00,1010.00,4429.58,59,73,69,37,46,44,23,27,25,9.75,2.22,2.39,2,2,25949,25752,24665,0,0,0,20502,19413,18637,15378,14330,13770,5119,5078,4864,5,5,4,11,12,9,1.6,1.0,0.23,6349,93,6407,46,87,2757,2844,,97,3
"""490351151072""","""Salt Lake City, UT""",1.00,1208.00,324.00,134.76,71,88,83,50,62,60,22,26,24,9.64,23.17,2.29,2,2,24269,24072,22986,1,1,1,19501,18444,17668,14707,13691,13130,4788,4747,4533,6,7,5,15,16,12,3.0,1.4,2.40,11892,100,10210,46,19,3733,3733,,100,0
"""490351151073""","""Salt Lake City, UT""",1.00,1456.00,308.00,101.72,48,58,55,27,33,32,21,25,23,8.74,26.47,2.24,2,2,23413,23216,22130,1,1,1,19003,17962,17185,14377,13376,12815,4619,4578,4364,7,7,6,16,17,14,4.3,1.6,3.03,13199,100,11239,46,7,2007,2007,,100,0
"""490351151081""","""Salt Lake City, UT""",1.00,2279.00,754.00,112.94,42,51,48,24,30,28,18,22,20,7.68,51.30,1.92,2,2,21072,20875,19788,1,1,1,16493,15548,14771,12325,11421,10860,4157,4116,3902,10,11,9,24,25,20,8.3,1.9,6.68,13186,19,11353,45,4,1783,1839,1482,84,16
"""490351151082""","""Salt Lake City, UT""",1.00,5354.00,1726.00,4106.24,55,67,63,33,41,39,22,26,24,8.50,3.57,2.34,2,2,24536,24339,23253,0,1,0,19884,18811,18035,15037,14006,13445,4840,4800,4585,6,6,5,14,14,11,2.2,1.8,0.42,10124,87,9634,45,70,2461,2461,,100,0
"""490351151091""","""Salt Lake City, UT""",1.00,6762.00,2431.00,8771.76,48,58,55,27,34,33,20,24,22,7.92,2.20,2.12,2,2,23377,23180,22094,1,1,1,18222,17217,16440,13604,12639,12078,4612,4571,4357,7,7,5,16,16,13,4.1,0.9,0.28,11331,29,13104,48,175,2058,2119,1952,63,37
"""490351152101""","""Salt Lake City, UT""",1.00,8793.00,2881.00,1908.52,50,61,57,30,38,36,19,23,21,7.27,10.98,2.08,2,2,20918,20721,19634,1,1,1,17487,16495,15717,13346,12393,11832,4127,4086,3872,15,16,13,36,37,29,5.9,2.0,1.51,17208,68,16856,46,11,2275,2368,1623,87,13
"""490351152111""","""Salt Lake City, UT""",1.00,2547.00,768.00,2476.53,52,63,60,30,38,37,21,25,23,8.30,2.57,2.25,2,2,23733,23536,22449,1,1,1,19136,18092,17315,14445,13441,12880,4682,4641,4427,9,9,7,21,22,17,4.1,1.1,0.31,10793,67,12298,47,33,2291,2343,,98,2
"""490351152112""","""Salt Lake City, UT""",1.00,1703.00,470.00,246.26,49,60,56,28,36,34,21,24,22,8.39,16.00,2.22,2,2,22036,21839,20753,2,2,2,18603,17569,16789,14234,13239,12679,4347,4307,4092,22,23,18,52,54,42,3.8,1.7,1.91,19114,100,20750,46,12,2137,2137,,100,0
"""490351152113""","""Salt Lake City, UT""",1.00,2792.00,725.00,1835.05,38,46,44,21,26,25,18,21,19,7.25,2.86,1.83,2,2,20389,20192,19106,1,1,1,15823,14903,14125,11784,10905,10344,4022,3982,3768,16,17,13,38,39,31,6.4,0.9,0.40,13905,18,18261,48,48,1548,2184,1429,16,84
"""490379781003""",,1.00,854.00,276.00,3098.59,54,67,38,22,28,15,32,39,23,8.48,0.76,2.00,2,2,25194,24997,24874,0,0,0,16593,16243,17297,11616,11305,12386,4970,4931,4905,7,7,6,6,7,6,2.0,3.7,0.09,319,84,473,37,72,957,1467,,65,35
"""490379781001""",,1.00,1369.00,551.00,1408257.04,78,97,55,35,44,24,43,53,31,11.91,0.00,2.62,3,3,36162,35965,35842,0,0,0,22364,22014,23264,15227,14915,16192,7133,7095,7068,4,4,4,4,4,4,0.0,0.0,0.00,570,90,289,55,2642,1525,1585,,96,4
"""490379782001""",,1.00,315.00,123.00,2273405.21,,,,,,,40,49,29,10.13,0.00,2.49,2,3,31856,31659,31535,0,0,0,20729,20379,21586,14442,14131,15365,6284,6245,6219,3,3,3,3,3,2,5.0,0.3,0.00,127,86,335,43,4910,,,,92,8
"""490379420001""",,1.00,1828.00,481.00,176161.27,62,76,44,28,35,19,34,42,25,9.05,0.02,2.16,2,2,26057,25860,25737,1,1,1,17711,17362,18465,12554,12243,13375,5140,5101,5075,17,17,15,16,16,14,0.5,7.0,0.00,503,61,468,36,947,1203,1323,669,82,18
"""490379420002""",,1.00,1513.00,402.00,372561.67,56,70,40,19,23,13,38,46,27,10.73,0.01,2.32,2,2,31162,30965,30841,1,1,1,19613,19264,20416,13452,13141,14321,6147,6108,6082,14,15,13,14,14,13,0.3,0.8,0.00,416,70,75,44,1052,815,920,,89,11
"""490379421001""",,1.00,1707.00,466.00,331006.81,,,,,,,39,47,28,10.71,0.02,2.40,2,2,31534,31337,31214,0,0,0,20146,19796,20975,13920,13609,14814,6221,6182,6155,6,6,6,6,6,5,0.0,0.3,0.00,472,76,206,44,3559,,,,90,10
"""490379421002""",,1.00,962.00,260.00,401107.56,42,51,30,6,7,4,36,44,26,11.50,0.01,2.08,2,2,33461,33264,33140,0,0,0,18690,18340,19419,12084,11772,12879,6601,6562,6535,6,6,5,5,6,5,0.0,0.1,0.00,266,92,4,42,10028,258,,685,62,38
"""490379781002""",,1.00,1632.00,486.00,15277.43,67,83,47,31,39,21,36,44,26,9.71,0.31,2.24,2,2,28834,28637,28513,0,0,0,18721,18371,19502,13027,12716,13873,5688,5649,5623,6,7,6,6,6,5,0.2,0.8,0.03,513,92,444,42,436,1346,1386,1149,83,17
"""490379782002""",,1.00,1387.00,440.00,8384.28,60,75,43,26,33,18,34,42,25,9.62,0.51,2.14,2,2,27231,27034,26910,0,0,0,17819,17469,18568,12444,12132,13258,5372,5333,5307,4,4,3,3,4,3,1.4,0.3,0.05,504,76,512,44,186,1134,1375,525,72,28
"""490379782003""",,1.00,2101.00,716.00,15248.24,64,79,45,31,39,21,33,41,24,8.71,0.41,2.12,2,2,25123,24926,24802,0,0,0,17286,16936,18029,12326,12015,13135,4956,4917,4891,4,5,4,4,4,4,1.5,0.7,0.05,959,78,1331,42,157,1343,1480,967,73,27
"""490379782004""",,1.00,856.00,256.00,155.92,58,72,41,29,37,20,29,35,21,7.93,13.02,1.83,2,2,22521,22324,22200,0,0,0,15090,14740,15742,10640,10329,11358,4442,4404,4378,7,7,6,7,7,6,6.6,0.7,1.64,899,58,1315,42,6,1277,1559,829,61,39
"""490399723004""",,1.00,463.00,173.00,998.65,54,66,46,26,32,22,29,34,24,9.57,1.66,2.14,2,2,26886,26689,26137,0,0,0,18382,17364,17953,13073,12092,12793,5302,5265,5154,7,7,6,6,7,5,2.5,2.0,0.17,349,87,673,40,40,1368,1382,1313,79,21
"""490399724012""",,1.00,770.00,366.00,194.06,46,56,39,21,26,18,26,30,21,7.67,14.47,1.93,2,2,23880,23683,23131,0,0,0,16544,15590,16115,11827,10909,11546,4709,4672,4561,9,9,7,8,8,7,5.3,0.8,1.89,999,70,1394,44,10,1111,1360,908,45,55
"""490399724022""",,1.00,2203.00,475.00,234.35,42,51,36,17,22,15,25,29,21,9.02,18.29,1.87,2,2,23414,23217,22665,0,0,0,16075,15140,15646,11449,10551,11169,4617,4580,4469,10,10,8,9,9,8,6.4,0.7,2.03,1009,52,1391,45,9,937,1383,635,40,60
"""490399721023""",,1.00,1012.00,376.00,22048.09,57,69,48,24,30,20,33,39,28,10.24,0.17,2.42,2,2,31776,31579,31028,0,0,0,21106,19998,20678,14834,13762,14553,6266,6229,6119,7,7,6,6,6,5,0.2,0.2,0.02,518,94,235,46,374,1273,1330,,96,4
"""490399722002""",,1.00,1360.00,492.00,8457.13,52,62,44,20,25,17,31,37,26,10.13,0.59,2.32,2,2,29385,29188,28636,0,0,0,20018,18942,19589,14217,13177,13937,5795,5758,5647,7,7,6,6,6,5,1.4,0.4,0.06,661,90,705,45,110,1094,1121,760,92,8
"""490399725002""",,1.00,2004.00,618.00,7592.08,55,67,47,24,31,21,31,37,26,10.66,0.87,2.29,2,2,29971,29774,29222,0,0,0,19936,18869,19507,14020,12990,13739,5910,5873,5763,6,6,5,5,6,5,1.7,0.1,0.08,692,90,475,49,77,1310,1378,1075,78,22
"""490399721011""",,1.00,1382.00,495.00,69215.59,63,77,54,31,39,27,32,38,27,9.86,0.07,2.42,2,2,30347,30150,29598,0,0,0,20830,19722,20401,14839,13767,14559,5984,5947,5837,7,7,6,6,7,5,0.1,0.8,0.01,613,96,561,43,577,1665,1728,,96,4
"""490399721012""",,1.00,1499.00,406.00,364.47,49,59,41,21,26,18,28,33,23,9.47,10.54,2.08,2,2,26955,26758,26207,0,0,0,18053,17052,17624,12730,11767,12450,5316,5278,5168,7,7,6,7,7,6,4.7,0.3,1.11,607,91,698,46,6,1114,1297,673,71,29
"""490399721013""",,1.00,1704.00,595.00,57522.40,58,70,49,25,32,22,32,38,27,10.40,0.11,2.39,2,2,31102,30905,30353,0,0,0,20798,19699,20370,14659,13596,14378,6133,6096,5986,7,7,6,6,6,5,0.3,0.3,0.01,712,93,199,45,316,1360,1383,1045,93,7
"""490399721021""",,1.00,819.00,304.00,2398.73,55,66,46,22,27,19,33,39,28,11.02,1.40,2.41,2,2,32737,32540,31989,0,0,0,21195,20092,20766,14735,13668,14454,6456,6419,6308,4,5,4,4,4,3,1.7,0.1,0.13,500,98,474,54,59,1167,1200,886,89,11
"""490399721022""",,1.00,1571.00,488.00,21667.48,55,67,47,25,31,21,31,36,26,9.84,0.22,2.29,2,2,29131,28934,28382,0,0,0,19756,18690,19327,14005,12976,13725,5744,5708,5597,6,6,5,6,6,5,0.9,0.2,0.02,699,84,795,48,241,1314,1422,1118,65,35
"""490399721024""",,1.00,827.00,291.00,105407.18,62,76,53,29,36,25,33,40,28,11.13,0.03,2.48,2,2,31884,31687,31136,0,0,0,21491,20364,21062,15198,14108,14917,6287,6251,6140,6,6,5,5,6,5,0.0,0.2,0.00,463,90,403,47,967,1543,1720,,90,10
"""490399722001""",,1.00,2414.00,747.00,148114.67,54,65,45,22,27,18,32,38,27,10.40,0.05,2.42,2,2,29790,29593,29041,0,0,0,20673,19567,20245,14792,13723,14512,5875,5838,5727,7,7,6,6,7,5,0.1,0.3,0.01,918,88,967,47,597,1155,1198,909,85,15
"""490399723001""",,1.00,2088.00,186.00,222701.33,48,59,41,18,23,16,30,36,25,,,2.27,2,2,27611,27414,26862,0,0,0,19367,18306,18938,13916,12891,13636,5445,5408,5297,7,7,6,6,7,5,0.0,2.4,0.00,246,87,711,40,1475,987,1268,660,54,46
"""490399723002""",,1.00,1504.00,344.00,2991.10,52,63,44,21,27,18,31,37,26,10.27,1.18,2.29,2,2,30075,29878,29326,0,0,0,19956,18890,19528,14020,12990,13740,5931,5894,5783,6,6,5,5,6,5,0.8,0.3,0.12,509,100,370,46,130,1137,1134,1149,80,20
"""490399723003""",,1.00,1538.00,479.00,6395.22,54,65,45,23,28,19,31,37,26,10.51,0.79,2.31,2,2,29583,29386,28834,0,0,0,20000,18927,19572,14161,13124,13881,5834,5797,5686,6,6,5,5,6,5,1.8,0.3,0.07,628,86,984,48,86,1218,1287,764,87,13
"""490399724011""",,1.00,757.00,257.00,15518.67,53,64,45,25,31,21,28,33,23,9.09,0.15,2.12,2,2,25882,25685,25134,0,0,0,18067,17055,17639,12956,11981,12676,5104,5067,4956,7,8,6,7,7,6,0.8,1.7,0.02,442,79,882,41,317,1326,1430,1257,40,60
"""490399724021""",,1.00,2428.00,699.00,19893.09,62,76,53,30,38,26,32,38,27,10.91,0.38,2.37,2,2,30430,30233,29681,0,0,0,20515,19424,20087,14509,13454,14228,6001,5964,5853,6,6,5,6,6,5,0.5,0.1,0.04,862,81,667,49,432,1628,1800,923,80,20
"""490399725001""",,1.00,1337.00,456.00,29671.00,49,60,42,19,24,16,30,36,25,9.37,0.14,2.27,2,2,28426,28229,27677,0,0,0,19528,18467,19100,13916,12892,13636,5605,5568,5458,7,7,6,6,7,6,0.4,0.7,0.02,566,83,481,43,406,1026,1178,604,73,27
"""490399725003""",,1.00,1136.00,370.00,276169.42,62,75,52,29,36,25,33,39,28,10.30,0.01,2.44,2,2,31443,31246,30695,0,0,0,21145,20032,20717,14938,13861,14658,6201,6164,6053,7,7,6,6,6,5,0.0,0.4,0.00,424,93,163,43,1367,1550,1629,948,88,12
"""490419755001""",,1.00,788.00,308.00,11291.11,52,63,46,21,26,19,31,37,27,10.20,0.28,2.37,2,2,31486,31289,31061,0,0,0,20706,19616,20494,14493,13439,14364,6209,6172,6125,5,5,4,4,5,4,0.7,0.1,0.03,515,94,333,50,188,1163,1219,850,85,15
"""490419751001""",,1.00,1100.00,354.00,268909.27,59,71,52,27,34,24,31,37,28,10.84,0.01,2.45,2,2,30824,30627,30399,0,0,0,21084,19967,20871,15000,13920,14871,6078,6042,5995,5,6,5,5,5,5,0.0,0.4,0.00,376,86,843,46,1478,1521,1615,907,87,13
"""490419751002""",,1.00,1425.00,542.00,3932.77,50,61,44,22,27,20,28,33,25,9.16,1.26,2.19,2,2,27437,27240,27013,0,0,0,18840,17804,18627,13423,12424,13294,5411,5373,5327,6,7,6,6,6,5,1.8,1.0,0.14,624,92,687,43,67,1226,1263,1040,83,17
"""490419751003""",,1.00,1130.00,461.00,2366.20,46,56,41,20,24,17,27,32,24,8.80,1.72,2.08,2,2,26538,26341,26113,0,0,0,17967,16967,17755,12728,11764,12599,5233,5196,5149,6,6,6,6,6,5,3.5,0.5,0.19,551,60,1040,46,49,1092,1355,577,66,34
"""490419751004""",,1.00,926.00,327.00,64585.40,55,66,49,23,28,20,32,38,28,11.71,0.06,2.45,2,2,32720,32523,32296,0,0,0,21458,20341,21245,15001,13921,14872,6452,6416,6369,5,5,4,4,5,4,0.2,0.1,0.01,382,89,275,48,482,1270,1300,781,94,6
"""490419752001""",,1.00,1263.00,406.00,576149.20,50,61,44,19,24,17,31,37,27,10.13,0.01,2.42,2,2,29883,29686,29458,0,0,0,20720,19613,20507,14821,13750,14693,5893,5856,5809,6,6,6,6,6,5,0.1,0.6,0.00,426,87,736,44,1331,1074,1120,843,83,17
"""490419752002""",,1.00,1537.00,558.00,34563.28,52,63,46,22,27,19,30,36,27,10.42,0.17,2.34,2,2,30485,30288,30060,0,0,0,20359,19276,20146,14341,13294,14212,6011,5975,5928,6,7,6,6,6,6,0.3,0.5,0.02,685,98,151,42,293,1213,1272,,95,5
"""490419753001""",,1.00,869.00,287.00,33069.82,54,66,48,25,31,22,30,35,26,9.57,0.08,2.33,2,2,28287,28090,27862,0,0,0,19825,18747,19612,14240,13199,14112,5578,5541,5494,6,6,6,6,6,5,0.1,1.6,0.01,478,90,769,41,570,1369,1423,939,89,11
"""490419753002""",,1.00,1022.00,419.00,186.22,47,56,41,23,29,21,23,27,21,7.10,15.97,1.86,2,2,21629,21432,21205,0,0,0,15648,14717,15435,11372,10478,11244,4265,4228,4181,11,11,10,10,11,9,6.1,2.7,2.25,1843,65,2271,41,6,1296,1784,685,56,44
"""490419753003""",,1.00,845.00,270.00,325.83,45,54,40,20,25,18,24,29,21,7.92,6.56,1.94,2,2,22231,22034,21807,0,0,0,16262,15305,16049,11868,10948,11739,4384,4347,4300,10,10,9,9,10,9,5.4,2.6,0.83,2013,66,2388,41,11,1137,1188,1038,66,34
"""490419753004""",,1.00,2099.00,642.00,512.51,47,57,42,22,28,20,25,30,22,8.12,10.17,2.01,2,2,23285,23088,22861,0,0,0,16895,15917,16682,12292,11351,12164,4592,4554,4508,11,11,10,10,11,10,4.2,2.1,1.25,1787,79,2119,42,14,1229,1407,721,74,26
"""490419754001""",,1.00,1386.00,492.00,259.39,45,55,40,21,26,19,25,29,22,7.61,14.43,1.96,2,2,22532,22335,22108,0,0,0,16471,15507,16258,12018,11091,11890,4443,4406,4360,10,10,9,9,9,8,4.7,2.8,1.90,1828,92,2289,41,6,1159,1326,788,69,31
"""490419754002""",,1.00,1188.00,349.00,2728.45,43,52,38,18,22,16,26,30,23,8.24,1.05,2.03,2,2,24004,23807,23579,0,0,0,17151,16167,16938,12410,11463,12281,4733,4696,4650,8,8,7,7,8,7,3.2,2.9,0.13,726,66,1607,40,49,989,1176,614,67,33
"""490419754003""",,1.00,1669.00,443.00,9514.40,51,62,45,24,30,21,27,32,24,9.30,0.43,2.13,2,2,25506,25309,25082,0,0,0,18065,17049,17852,13028,12049,12899,5030,4993,4946,7,8,7,7,7,6,2.3,1.5,0.05,856,70,1364,42,101,1330,1467,980,72,28
"""490419755002""",,1.00,939.00,278.00,194459.95,54,66,48,21,27,19,33,39,29,12.79,0.02,2.49,2,2,34847,34650,34422,0,0,0,22128,20998,21915,15252,14159,15124,6872,6835,6788,4,4,4,4,4,3,0.0,0.0,0.00,316,89,96,54,1099,1194,1330,758,76,24
"""490419755003""",,1.00,1981.00,719.00,6152.39,53,64,47,23,29,20,30,35,26,10.12,1.18,2.28,2,2,29821,29624,29396,0,0,0,19863,18799,19650,13976,12949,13848,5881,5844,5797,6,6,6,6,6,5,1.9,0.3,0.12,850,84,422,46,81,1283,1337,,96,4
"""490419755004""",,1.00,1500.00,541.00,13670.15,51,61,45,21,27,19,29,35,26,9.75,0.39,2.25,2,2,29109,28912,28685,0,0,0,19543,18488,19330,13796,12778,13668,5740,5703,5657,6,7,6,6,6,6,1.0,0.4,0.04,693,81,275,44,220,1191,1438,,83,17
"""490490013001""","""Provo-Orem, UT""",1.00,0.00,0.00,139.40,,,,,,,,,,,,,,,,,,,,,,,,,,,,,,,,,,,,,,0.00,,,,,,,,,,
"""490490027024""","""Provo-Orem, UT""",1.00,0.00,0.00,2315.74,,,,,,,,,,,,,,,,,,,,,,,,,,,,,,,,,,,,,,0.00,,,,,,,,,,
"""490490022092""","""Provo-Orem, UT""",1.00,0.00,0.00,422.26,,,,,,,,,,,,,,,,,,,,,,,,,,,,,,,,,,,,,,0.00,,,,,,,,,,
"""490490101313""","""Provo-Orem, UT""",1.00,0.00,0.00,377.94,,,,,,,,,,,,,,,,,,,,,,,,,,,,,,,,,,,,,,0.00,,,,,,,,,,
"""490490102211""","""Provo-Orem, UT""",1.00,14.00,0.00,305.86,,,,,,,,,,,,,,,,,,,,,,,,,,,,,,,,,,,,,,0.00,,,,,,,,,,
"""490490101283""","""Provo-Orem, UT""",1.00,0.00,0.00,349.83,,,,,,,,,,,,,,,,,,,,,,,,,,,,,,,,,,,,,,0.00,,,,,,,,,,
"""490490014031""","""Provo-Orem, UT""",1.00,0.00,0.00,26.29,,,,,,,,,,,,,,,,,,,,,,,,,,,,,,,,,,,,,,0.00,,,,,,,,,,
"""490519801001""","""Heber, UT""",1.00,0.00,0.00,445.12,,,,,,,,,,,,,,,,,,,,,,,,,,,,,,,,,,,,,,0.00,,,,,,,,,,
