blkgrp,cbsa,blkgrps,population,households,land_acres,ht_ami,ht_80ami,ht_nmi,h_ami,h_80ami,h_nmi,t_ami,t_80ami,t_nmi,co2_per_hh_local,co2_per_acre_local,autos_per_hh_ami,autos_per_hh_80ami,autos_per_hh_nmi,vmt_per_hh_ami,vmt_per_hh_80ami,vmt_per_hh_nmi,pct_transit_commuters_ami,pct_transit_commuters_80ami,pct_transit_commuters_nmi,t_cost_ami,t_cost_80ami,t_cost_nmi,auto_ownership_cost_ami,auto_ownership_cost_80ami,auto_ownership_cost_nmi,vmt_cost_ami,vmt_cost_80ami,vmt_cost_nmi,transit_cost_ami,transit_cost_80ami,transit_cost_nmi,transit_trips_ami,transit_trips_80ami,transit_trips_nmi,compact_ndx,emp_ovrll_ndx,res_density,gross_hh_density,hh_gravity,frac_sfd,emp_gravity,emp_ndx,block_size,intersection_density,avg_block_perimeter_meters,h_cost,median_smoc,median_gross_rent,pct_owner_occupied_hu,pct_renter_occupied_hu
"""490379782003""",,1.00,2155.00,492.00,15248.24,68,80,52,32,40,25,36,40,27,12.18,0.39,2.02,2,2,27021,24510,25345,0,1,1,14943,13203,14782,10998,9616,11074,3937,3573,3693,8,14,15,6,12,13,2.0,4.6,1.45,0.03,987,81,1839,80,109,12,2242,1105,1281,595,74,26
"""490490102184""","""Provo-Orem, UT""",1.00,2690.00,602.00,491.00,71,84,77,43,54,49,28,30,27,12.45,15.27,2.29,2,2,28115,25193,24599,0,0,0,17144,14943,14785,13046,11272,11201,4098,3671,3584,0,0,0,0,0,0,2.1,0.7,1.32,1.23,9597,94,11512,89,12,121,912,2210,2210,,99,1
"""490490101084""","""Provo-Orem, UT""",1.00,1858.00,424.00,286.03,60,70,64,32,40,37,28,30,27,13.51,20.03,2.27,2,2,28414,25458,24846,0,0,0,17104,14940,14790,12961,11231,11170,4142,3709,3620,2,0,0,2,0,0,2.4,0.5,2.47,1.48,7251,84,10256,89,18,93,1125,1645,1645,,96,4
"""490399723004""",,1.00,511.00,166.00,1024.74,53,64,50,24,30,23,29,33,27,11.01,1.78,2.03,2,2,25412,22984,25066,1,1,1,14738,13445,14801,11024,10081,11137,3703,3349,3652,11,15,12,10,12,10,2.9,0.6,0.80,0.16,826,93,1187,81,29,35,1299,1011,1080,840,71,29
"""490050014012""","""Logan, UT-ID""",1.00,1859.00,439.00,788.76,57,67,51,25,32,24,31,35,27,12.13,6.75,2.17,2,2,26852,24353,24986,0,0,0,15728,14169,14804,11812,10612,11156,3913,3549,3641,4,8,8,3,7,6,2.5,0.3,1.53,0.56,2610,93,2612,84,25,58,1082,1059,1095,904,81,19
"""490532717021""","""St. George, UT""",1.00,1616.00,425.00,9737.22,55,65,52,26,32,24,29,33,27,11.80,0.52,2.02,2,2,25703,23145,25342,0,0,0,14754,13562,14805,11009,10190,11112,3745,3373,3693,0,0,0,0,0,0,2.8,1.7,1.03,0.04,1897,75,2729,83,122,11,2622,1079,,1079,64,36
"""490111263051""","""Ogden-Clearfield, UT""",1.00,2386.00,702.00,3764.39,56,65,63,29,37,35,26,29,28,11.67,2.18,2.26,2,2,27154,24567,25192,0,0,0,16890,14633,15021,12928,11051,11347,3958,3580,3671,4,3,3,3,3,3,0.9,3.0,2.06,0.19,3776,96,4604,85,62,19,1541,1556,1556,,92,8
"""490479402012""","""Vernal, UT""",1.00,872.00,262.00,25672.35,49,57,57,24,30,30,25,27,27,10.74,0.11,2.17,2,2,27023,24370,24909,3,2,2,16400,14573,14809,12412,10981,11139,3939,3551,3630,49,41,41,42,35,35,1.9,3.7,0.21,0.01,401,65,557,76,313,6,4500,1339,1572,779,71,29
"""490211102002""","""Cedar City, UT""",1.00,1990.00,497.00,1517.36,63,74,51,29,37,24,34,37,28,12.25,4.01,2.05,2,2,26455,23964,25433,0,0,1,14993,13139,14820,11131,9637,11104,3855,3493,3706,7,9,10,6,7,9,1.8,1.8,0.82,0.33,1940,97,1264,80,47,40,1713,1068,1098,957,79,21
"""490070001002""","""Price, UT""",1.00,2635.00,942.00,18691.30,56,65,49,25,31,21,31,34,28,10.95,0.55,2.00,2,2,24733,22135,25121,1,1,1,14496,12756,14828,10872,9512,11146,3604,3226,3660,20,18,22,17,15,18,2.3,1.8,0.81,0.05,997,68,948,79,128,10,2559,962,1072,620,76,24
"""490490016011""","""Provo-Orem, UT""",1.00,657.00,186.00,66.55,33,38,35,15,18,17,18,20,18,6.29,17.59,1.51,1,1,18019,15750,15409,11,10,9,11450,9863,9885,8628,7393,7476,2627,2295,2245,196,175,164,177,158,148,9.3,4.0,17.02,2.80,18464,0,29416,91,8,289,844,753,,753,0,100
"""490490031043""","""Provo-Orem, UT""",1.00,1428.00,316.00,281.55,67,80,73,40,50,46,28,30,28,12.94,14.53,2.28,2,2,28116,25376,24840,0,0,0,17106,14962,14837,13008,11264,11218,4098,3698,3620,0,0,0,0,0,0,2.9,0.1,1.77,1.12,5001,95,4290,87,11,144,1070,2053,2200,1096,87,13
"""490490101113""","""Provo-Orem, UT""",1.00,2670.00,580.00,1068.67,54,64,59,27,34,31,27,30,28,12.63,6.86,2.26,2,2,28180,25497,24997,0,0,0,16983,14929,14837,12876,11214,11195,4108,3715,3642,0,0,0,0,0,0,3.0,0.3,2.65,0.54,6400,94,6107,88,22,49,1107,1396,1336,1590,77,23
"""490211107022""","""Cedar City, UT""",1.00,3776.00,1255.00,8869.02,68,80,55,34,43,28,34,38,28,10.87,1.54,2.04,2,2,26456,23826,25388,0,0,0,14980,13172,14838,11125,9699,11138,3855,3473,3699,0,0,0,0,0,0,2.9,0.6,2.12,0.14,1697,73,2224,83,72,18,1986,1249,1372,911,73,27
"""490050012011""","""Logan, UT-ID""",1.00,2018.00,505.00,879.74,63,75,57,32,40,30,32,35,28,12.59,7.23,2.19,2,2,26892,24278,24942,0,0,0,15846,14186,14839,11928,10647,11204,3919,3538,3634,0,1,1,0,1,1,1.6,1.7,1.24,0.57,4944,98,5553,86,21,68,1274,1330,1357,864,94,6
"""490490102162""","""Provo-Orem, UT""",1.00,1468.00,380.00,350.12,67,79,72,39,48,45,28,30,28,11.25,12.21,2.29,2,2,28253,25362,24778,0,0,0,17185,14992,14839,13066,11296,11229,4118,3696,3610,0,0,0,0,0,0,2.0,0.8,1.83,1.09,8670,96,10411,89,13,120,1066,2000,2000,,97,3
"""490490102172""","""Provo-Orem, UT""",1.00,1451.00,292.00,1490.43,77,93,85,50,63,57,27,30,28,12.81,2.51,2.25,2,2,28139,25506,25024,0,0,0,16954,14922,14841,12853,11205,11194,4102,3717,3646,0,0,0,0,0,0,2.8,1.5,1.06,0.20,6090,100,7362,87,22,59,1155,2580,2435,3022,75,25
"""490490102093""","""Provo-Orem, UT""",1.00,1068.00,278.00,595.97,66,78,71,38,48,44,28,30,28,10.97,5.12,2.31,2,2,27822,25096,24544,0,0,0,17254,15010,14842,13198,11354,11266,4056,3657,3576,0,0,0,0,0,0,2.0,1.4,0.87,0.47,7986,97,8242,88,19,81,1183,1961,1961,,91,9
"""490439643031""","""Summit Park, UT""",1.00,1435.00,484.00,6298.82,49,59,80,31,38,52,18,21,28,11.64,0.89,2.24,2,2,26471,23742,25212,1,0,0,16631,15118,14843,12772,11657,11169,3859,3461,3674,0,0,0,53,14,21,1.3,3.3,1.00,0.08,2319,82,3301,83,210,9,3416,2334,2454,1953,76,24
"""490211102004""","""Cedar City, UT""",1.00,1838.00,536.00,1481.52,64,74,52,30,37,24,34,37,28,11.26,4.07,2.07,2,2,26219,23552,25083,1,1,1,15084,13139,14843,11252,9696,11175,3820,3433,3655,12,10,13,10,8,11,1.7,2.0,1.34,0.36,2195,92,1306,80,24,43,1239,1083,1083,,93,7
"""490279741002""",,1.00,1055.00,301.00,1593.31,36,42,34,7,8,6,29,34,28,10.75,2.03,2.09,2,2,25892,23443,25053,0,0,0,15126,13860,14875,11353,10444,11224,3773,3416,3650,0,0,0,0,0,0,4.3,0.0,2.26,0.19,960,79,1369,84,28,44,1156,280,,280,60,40
"""490039608023""","""Ogden-Clearfield, UT""",1.00,1535.00,453.00,790.23,56,65,63,30,37,35,26,28,28,11.74,6.73,2.23,2,2,26921,24251,24898,1,1,1,16716,14493,14877,12741,10916,11204,3924,3534,3628,51,43,44,46,39,40,2.1,0.4,1.58,0.57,2327,91,2026,83,24,73,1361,1571,1683,688,89,11
"""490490006042""","""Provo-Orem, UT""",1.00,1578.00,353.00,553.68,69,82,75,42,52,48,28,30,28,13.37,8.52,2.29,2,2,28259,25339,24749,0,0,0,17212,15028,14879,13093,11336,11272,4119,3692,3606,0,0,0,0,0,0,2.1,1.1,1.82,0.64,8952,94,13045,90,14,135,771,2144,2144,,97,3
"""490490001052""","""Provo-Orem, UT""",1.00,1907.00,473.00,416.04,57,67,62,30,37,34,28,30,28,12.19,13.86,2.29,2,2,28234,25411,24866,0,0,0,17165,15012,14881,13049,11309,11257,4116,3703,3623,0,0,0,0,0,0,2.2,0.5,2.11,1.14,9902,100,11435,90,17,109,1046,1530,1541,1433,90,10
"""490490015032""","""Provo-Orem, UT""",1.00,1680.00,491.00,933.73,58,68,62,30,38,34,28,30,28,11.15,5.86,2.27,2,2,28329,25463,24898,0,0,0,17112,15010,14886,12983,11300,11259,4130,3710,3628,0,0,0,0,0,0,2.1,1.7,2.09,0.53,10052,92,14493,90,31,53,1297,1549,1548,1553,88,12
"""490572104021""","""Ogden-Clearfield, UT""",1.00,3853.00,1027.00,1955.50,58,68,65,32,40,38,26,28,28,12.46,6.54,2.24,2,2,27151,24419,25081,0,0,0,16746,14519,14903,12774,10957,11243,3958,3558,3655,14,4,6,12,4,5,1.1,2.7,1.00,0.53,4661,99,5544,86,35,38,1797,1696,1704,1583,94,6
"""490490101072""","""Provo-Orem, UT""",1.00,1468.00,307.00,2134.90,68,81,74,41,51,47,28,31,28,12.63,1.82,2.29,2,2,28376,25485,24863,0,0,0,17200,15109,14980,13063,11395,11357,4136,3713,3623,0,0,0,0,0,0,2.9,0.4,0.39,0.14,4022,73,3629,86,23,55,934,2095,2095,,90,10
"""490490102092""","""Provo-Orem, UT""",1.00,1197.00,331.00,393.28,77,92,84,49,61,56,28,31,28,12.66,10.65,2.30,2,2,28943,26070,25468,0,0,0,17371,15204,15052,13152,11405,11341,4219,3799,3711,0,0,0,0,0,0,1.1,1.9,0.99,0.84,6465,98,6481,87,33,104,1534,2531,2531,,97,3
"""490451307026""","""Salt Lake City, UT""",1.00,270.00,100.00,1571.57,68,81,75,41,51,47,27,30,28,11.33,0.72,2.25,2,2,27002,24523,25089,0,0,0,16765,14732,15059,12827,11157,11402,3936,3573,3656,2,2,2,2,2,2,1.6,2.3,1.24,0.06,2963,100,3365,84,98,18,1971,2111,2111,,70,30
"""490039608022""","""Ogden-Clearfield, UT""",1.00,1261.00,407.00,558.02,51,59,57,24,31,29,27,29,28,11.64,8.49,2.27,2,2,27233,24494,25158,1,1,1,16944,14667,15060,12938,11071,11366,3970,3569,3666,36,27,29,33,24,26,1.5,0.4,1.86,0.73,2797,96,2766,84,21,87,1223,1299,1284,1604,95,5
"""490572104035""","""Ogden-Clearfield, UT""",1.00,1400.00,452.00,1058.40,61,72,69,34,43,41,26,29,28,12.14,5.18,2.24,2,2,27761,24880,25580,0,0,0,16839,14712,15075,12792,11087,11348,4047,3625,3727,0,0,0,0,0,0,1.3,1.8,0.86,0.43,3445,97,4073,85,23,45,1124,1827,1827,,97,3
"""490490104071""","""Provo-Orem, UT""",1.00,1286.00,341.00,1509.89,58,68,62,30,37,34,28,31,28,11.84,2.67,2.35,2,2,28127,25424,24868,1,1,1,17545,15304,15138,13432,11590,11505,4100,3705,3624,13,10,9,12,9,8,2.1,0.3,0.98,0.23,3747,90,3767,86,26,53,1318,1526,1552,1336,88,12
"""490050014011""","""Logan, UT-ID""",1.00,1267.00,346.00,1725.08,60,71,54,28,35,26,32,36,28,12.05,2.42,2.22,2,2,27231,24550,25213,1,1,1,16067,14505,15141,12088,10916,11455,3968,3577,3674,11,12,13,9,10,11,2.2,0.2,2.19,0.20,1828,77,1887,83,38,36,1385,1163,1163,,89,11
"""490111253031""","""Ogden-Clearfield, UT""",1.00,3110.00,895.00,2474.02,58,69,66,32,40,38,26,29,28,12.10,4.38,2.26,2,2,27510,24598,25307,0,0,0,16889,14800,15154,12879,11216,11467,4010,3584,3687,0,0,0,0,0,0,1.2,1.7,1.01,0.36,6811,93,5092,86,45,25,1651,1688,1688,,94,6
"""490490101122""","""Provo-Orem, UT""",1.00,2820.00,723.00,5019.03,56,66,60,28,35,32,28,31,28,12.16,1.75,2.38,2,2,27531,24907,24406,0,0,0,17593,15371,15215,13580,11741,11659,4013,3629,3556,0,0,0,0,0,0,2.5,0.1,2.16,0.14,6567,88,14346,92,38,24,1608,1429,1455,1328,80,20
"""490572104033""","""Ogden-Clearfield, UT""",1.00,1826.00,515.00,1361.30,48,56,54,22,27,26,27,29,28,11.96,4.53,2.26,2,2,27992,25117,25815,0,0,0,16995,14874,15234,12914,11214,11473,4080,3660,3762,0,0,0,0,0,0,1.1,1.5,1.08,0.38,2884,97,3121,84,32,46,1036,1161,1161,,97,3
"""490572105053""","""Ogden-Clearfield, UT""",1.00,3161.00,1047.00,3549.38,56,66,63,29,37,35,27,29,28,11.97,3.53,2.27,2,2,27748,24915,25603,0,0,0,16993,14939,15284,12948,11308,11554,4045,3630,3731,0,0,0,0,0,0,1.3,1.3,0.55,0.29,6274,97,6225,87,58,20,2085,1560,1659,900,87,13
"""490351128101""","""Salt Lake City, UT""",1.00,2463.00,577.00,1203.34,71,84,78,43,54,50,27,30,28,13.42,6.43,2.28,2,2,27779,24789,25526,0,0,0,17049,14918,15296,12999,11306,11577,4049,3612,3719,0,0,0,0,0,0,0.8,2.0,0.47,0.48,7828,96,9410,88,46,43,1660,2248,2248,,99,1
"""490490022071""","""Provo-Orem, UT""",1.00,1021.00,304.00,3372.52,54,63,58,26,32,30,28,31,28,11.39,1.03,2.36,2,2,28121,25510,24995,0,0,0,17550,15435,15301,13451,11718,11659,4099,3717,3642,0,0,0,0,0,0,1.7,0.2,0.76,0.09,6374,80,8519,89,198,14,4010,1327,1631,504,73,27
"""490050011012""","""Logan, UT-ID""",1.00,1160.00,364.00,597.50,74,89,68,42,53,39,32,36,28,12.02,7.32,2.22,2,2,27995,25149,25875,0,0,0,16174,14670,15301,12095,11006,11531,4079,3665,3770,0,0,0,0,0,0,0.8,1.3,1.12,0.61,4861,100,5570,86,37,61,1564,1767,1767,,98,2
"""490351152091""","""Salt Lake City, UT""",1.00,2989.00,759.00,4299.89,62,73,68,35,43,40,28,30,28,12.29,2.17,2.31,2,2,26128,23608,24203,5,5,5,17120,14886,15302,13175,11315,11644,3809,3440,3527,136,131,132,122,118,119,0.9,2.6,2.24,0.18,9345,99,11646,88,74,17,1784,1798,1805,1735,90,10
"""490351128103""","""Salt Lake City, UT""",1.00,1911.00,478.00,886.21,70,84,78,43,54,49,27,30,28,13.39,7.22,2.28,2,2,27922,24986,25701,0,0,0,17075,14934,15308,13005,11293,11563,4070,3641,3745,0,0,0,0,0,0,1.0,1.2,0.67,0.54,6507,100,8490,88,33,53,1569,2220,2220,,97,3
"""490279741004""",,1.00,892.00,309.00,848.52,50,58,47,19,24,18,30,35,29,10.88,3.96,2.18,2,2,26305,23524,25308,0,0,0,15719,14287,15361,11886,10859,11674,3833,3428,3688,0,0,0,0,0,0,3.0,0.0,3.32,0.36,1256,83,1848,85,13,71,794,820,809,908,89,11
"""490490101041""","""Provo-Orem, UT""",1.00,1214.00,306.00,1002.44,58,68,62,29,36,33,29,31,29,12.36,3.77,2.38,2,2,28624,25887,25316,0,0,0,17787,15558,15400,13615,11786,11711,4173,3772,3689,0,0,0,0,0,0,1.6,0.2,2.92,0.31,3334,100,2893,85,20,64,875,1495,1495,,93,7
"""490490101111""","""Provo-Orem, UT""",1.00,2647.00,597.00,1213.46,63,75,69,35,43,40,29,31,29,12.71,6.25,2.36,2,2,29132,26243,25642,0,0,0,17709,15547,15402,13463,11723,11666,4247,3824,3736,0,0,0,0,0,0,1.3,0.3,1.81,0.49,5932,94,5786,87,34,45,1893,1794,1794,,95,5
"""490572105042""","""Ogden-Clearfield, UT""",1.00,2787.00,791.00,2640.49,62,73,70,35,43,41,27,30,29,12.92,3.87,2.29,2,2,28148,25241,25948,0,0,0,17205,15072,15432,13096,11394,11651,4103,3678,3781,6,0,0,5,0,0,0.5,2.2,0.55,0.30,3636,100,3034,83,51,20,1686,1849,1849,,100,0
"""490490030022""","""Provo-Orem, UT""",1.00,1023.00,357.00,1120.15,53,63,57,25,31,29,29,31,29,11.03,3.52,2.36,2,2,28866,26061,25509,0,0,0,17660,15548,15433,13452,11750,11716,4208,3797,3717,0,0,0,0,0,0,2.0,0.1,2.50,0.32,6294,94,5932,88,30,36,1028,1285,1349,891,86,14
"""490490103032""","""Provo-Orem, UT""",1.00,1917.00,495.00,1603.46,65,77,70,36,45,41,29,31,29,12.64,3.90,2.36,2,2,29149,26403,25852,0,0,0,17695,15573,15454,13445,11726,11687,4249,3847,3767,0,0,0,0,0,0,1.6,0.2,1.11,0.31,3799,100,3475,86,32,45,1436,1862,1893,1648,87,13
"""490490101031""","""Provo-Orem, UT""",1.00,4005.00,876.00,1673.73,55,65,59,27,33,31,29,32,29,12.81,6.70,2.36,2,2,29429,26635,26045,0,0,0,17764,15623,15485,13475,11742,11690,4290,3881,3795,0,0,0,0,0,0,0.9,0.3,3.04,0.52,3309,98,2504,84,51,30,1676,1372,1372,,93,7
"""490490022073""","""Provo-Orem, UT""",1.00,1081.00,302.00,946.12,51,59,54,22,27,25,29,32,29,11.63,3.71,2.43,2,2,28413,25695,25153,0,0,0,18017,15688,15494,13876,11944,11829,4142,3744,3665,0,0,0,0,0,0,1.2,0.2,2.35,0.32,7738,99,16038,92,41,37,1721,1133,1152,921,92,8
"""490490031042""","""Provo-Orem, UT""",1.00,1617.00,406.00,1138.50,70,83,76,41,52,48,29,32,29,12.45,4.44,2.39,2,2,28936,26096,25513,0,0,0,17853,15650,15504,13635,11847,11786,4218,3802,3718,0,0,0,0,0,0,1.6,0.1,1.80,0.36,4522,100,4162,87,15,79,835,2135,2135,,97,3
"""490490104112""","""Provo-Orem, UT""",1.00,1348.00,324.00,734.19,63,74,68,34,42,39,29,32,29,12.85,5.67,2.39,2,2,29236,26396,25792,0,0,0,17887,15681,15527,13625,11835,11769,4262,3846,3758,0,0,0,0,0,0,1.2,0.1,1.29,0.44,3000,99,2586,85,21,71,1149,1752,1752,,99,1
"""490111261043""","""Ogden-Clearfield, UT""",1.00,4537.00,980.00,4248.89,63,74,71,35,44,42,27,30,29,13.75,3.17,2.33,2,2,28172,25216,25935,0,0,0,17413,15295,15651,13306,11621,11872,4107,3674,3779,0,0,0,0,0,0,0.3,2.0,1.76,0.23,6203,100,6109,86,75,17,1769,1880,1880,,98,2
"""490490016032""","""Provo-Orem, UT""",1.00,1281.00,0.00,84.37,,,,,,,,,,,,,,,,,,,,,,,,,,,,,,,,,,,,5.5,,0.00,0.00,,,,,,,1418,,,,,
"""490572104032""","""Ogden-Clearfield, UT""",1.00,929.00,281.00,2049.75,60,71,67,32,41,38,27,30,29,11.48,1.57,2.33,2,2,28397,25478,26188,0,0,0,17440,15310,15669,13301,11598,11853,4139,3712,3816,0,0,0,0,0,0,0.5,2.0,0.37,0.14,2855,100,3533,84,48,21,1894,1724,1724,,100,0
"""490490103051""","""Provo-Orem, UT""",1.00,1015.00,291.00,1792.57,73,87,80,44,55,51,29,32,29,11.62,1.89,2.40,2,2,29299,26459,25862,0,0,0,17948,15809,15674,13677,11954,11906,4271,3855,3768,0,0,0,0,0,0,1.0,0.4,0.34,0.16,4657,97,3830,86,46,36,1840,2270,2270,,94,6
"""490490104102""","""Provo-Orem, UT""",1.00,1077.00,269.00,1269.95,58,68,62,29,36,33,29,32,29,12.16,2.58,2.42,2,2,29172,26383,25810,0,0,0,18042,15880,15750,13790,12036,11989,4252,3844,3761,0,0,0,0,0,0,1.6,0.0,2.23,0.21,3011,98,2463,86,22,57,1227,1472,1500,1146,92,8
"""490490101032""","""Provo-Orem, UT""",1.00,1462.00,366.00,2393.82,53,62,57,24,30,27,29,32,29,12.18,1.86,2.42,2,2,29482,26571,25934,0,0,0,18132,15948,15796,13834,12077,12017,4298,3872,3779,0,0,0,0,0,0,1.1,0.1,2.50,0.15,2656,90,2588,85,31,46,1078,1233,1233,,100,0
"""490299701002""","""Ogden-Clearfield, UT""",1.00,2403.00,799.00,17056.95,54,64,61,27,33,32,27,30,29,11.92,0.56,2.33,2,2,28437,25692,26357,0,0,0,17478,15479,15807,13330,11736,11967,4145,3744,3841,3,0,0,2,0,0,0.6,1.2,1.36,0.05,1397,93,1785,82,174,9,2694,1415,1530,826,84,16
"""490490101101""","""Provo-Orem, UT""",1.00,1006.00,214.00,1095.50,59,69,63,30,37,34,29,32,29,13.21,2.58,2.44,2,2,29330,26401,25797,0,0,0,18200,16020,15875,13924,12173,12116,4275,3847,3759,0,0,0,0,0,0,0.7,0.3,0.30,0.20,7913,100,8231,89,44,27,2020,1525,1525,,98,2
"""490490101051""","""Provo-Orem, UT""",1.00,2049.00,497.00,2381.22,,,,,,,30,33,30,12.67,2.64,2.44,2,2,29832,26934,26302,0,0,0,18269,16108,15959,13921,12184,12126,4349,3925,3833,0,0,0,0,0,0,0.5,0.2,2.14,0.21,3128,93,2718,85,72,27,1628,,,,98,2
"""490351128181""","""Salt Lake City, UT""",1.00,2855.00,0.00,765.89,,,,,,,,,,,,,,,,,,,,,,,,,,,,,,,,,,,,4.4,,0.00,0.00,,,,,,,2178,,,,,
"""490490105042""","""Provo-Orem, UT""",1.00,1353.00,412.00,9067.38,64,76,70,34,42,39,30,33,31,12.14,0.55,2.51,2,2,30019,27242,26673,0,0,0,18683,16577,16467,14307,12608,12580,4376,3970,3887,0,0,0,0,0,0,0.6,0.1,0.08,0.05,2422,100,2536,85,88,14,2359,1750,1750,,89,11
"""490490105031""","""Provo-Orem, UT""",1.00,586.00,227.00,8034.21,60,71,65,30,37,34,30,34,31,10.75,0.30,2.51,2,2,30213,27469,26910,0,0,0,18725,16673,16576,14321,12670,12655,4404,4003,3921,0,0,0,0,0,0,0.3,0.2,0.06,0.03,1983,100,2731,85,211,7,3494,1547,1645,992,85,15
"""490459800001""","""Salt Lake City, UT""",1.00,0.00,0.00,79891.39,,,,,,,,,,,,,,,,,,,,,,,,,,,,,,,,,,,,1.6,,0.00,0.00,,,,,,,10804,,,,,
"""490490016023""","""Provo-Orem, UT""",1.00,1454.00,0.00,31.28,,,,,,,,,,,,,,,,,,,,,,,,,,,,,,,,,,,,6.4,,0.41,0.00,,,,,,286,1139,,,,,
"""490499801001""","""Provo-Orem, UT""",1.00,0.00,0.00,19583.73,,,,,,,,,,,,,,,,,,,,,,,,,,,,,,,,,,,,4.7,,0.00,0.00,,,,,,,1391,,,,,
"""490279742002""",,1.00,702.00,264.00,199962.54,56,67,53,24,30,23,32,37,30,10.71,0.01,2.29,2,2,26279,23613,25263,2,2,2,16321,15134,16064,12451,11656,12343,3829,3441,3681,41,37,40,35,31,34,1.2,0.4,0.10,0.00,262,66,319,76,439,3,5077,1042,1042,,77,23
"""490519604002""","""Heber, UT""",1.00,3539.00,1112.00,6606.83,53,63,62,28,35,35,25,28,28,12.09,2.04,2.25,2,2,28022,25301,25453,0,0,0,16931,14948,15028,12846,11261,11319,4085,3687,3709,0,0,0,0,0,0,2.7,0.3,1.27,0.17,3411,82,3592,86,63,22,1961,1550,1800,899,72,28
"""490139406003""",,1.00,1801.00,616.00,137752.24,51,60,57,24,29,27,28,31,30,10.99,0.05,2.30,2,2,26351,23582,25621,2,2,2,17036,15179,16060,13154,11710,12289,3841,3436,3733,41,33,37,35,28,32,0.4,1.0,0.08,0.00,324,73,383,76,565,3,5641,1199,1257,895,84,16
"""490351011021""","""Salt Lake City, UT""",1.00,1414.00,856.00,25.25,36,42,39,20,25,23,15,16,15,4.48,151.85,1.19,1,1,13737,11768,12165,29,26,27,9530,8066,8307,6809,5696,5855,2002,1715,1773,718,655,679,648,590,613,9.3,8.7,36.64,33.90,31565,0,96047,93,13,127,1047,1049,,1049,5,95
"""490351008003""","""Salt Lake City, UT""",1.00,929.00,500.00,69.60,29,34,32,14,17,16,16,17,16,3.68,26.47,1.23,1,1,14040,12122,12500,27,25,26,9743,8334,8548,7011,5931,6070,2047,1766,1821,685,637,656,618,574,592,9.3,8.7,15.79,7.18,28277,0,91042,92,12,147,884,717,,717,1,99
"""490351019002""","""Salt Lake City, UT""",1.00,1011.00,559.00,86.44,29,34,32,13,17,16,16,17,16,4.53,29.29,1.26,1,1,14187,12231,12621,23,21,22,9844,8385,8605,7209,6066,6215,2068,1782,1839,567,537,551,511,484,497,9.3,8.8,13.13,6.47,34860,4,93519,92,11,141,845,698,,698,4,96
"""490351011012""","""Salt Lake City, UT""",1.00,1088.00,607.00,60.55,34,39,36,17,21,19,17,18,17,5.19,52.00,1.38,1,1,15351,13415,13793,14,13,14,10456,8820,9077,7864,6528,6721,2238,1955,2010,355,336,346,320,303,312,9.3,8.9,12.29,10.02,31543,16,87110,92,4,275,511,870,1216,813,14,86
"""490351017003""","""Salt Lake City, UT""",1.00,900.00,529.00,43.32,33,37,35,16,20,18,17,18,17,5.60,68.41,1.36,1,1,15440,13431,13845,17,16,16,10463,8838,9107,7791,6486,6682,2251,1957,2017,421,395,408,380,357,368,9.2,9.0,11.00,12.21,33655,10,76939,91,9,266,773,818,1557,694,14,86
"""490351023002""","""Salt Lake City, UT""",1.00,1298.00,937.00,144.26,27,31,29,11,13,12,17,18,17,3.76,24.39,1.34,1,1,15318,13232,13674,21,20,20,10426,8869,9137,7659,6447,6634,2233,1928,1992,535,494,510,482,446,460,9.2,8.5,16.02,6.50,33529,2,98303,93,12,115,886,549,944,478,15,85
"""490351021001""","""Salt Lake City, UT""",1.00,1364.00,1079.00,115.36,28,32,30,12,15,13,16,17,16,4.60,43.01,1.29,1,1,14566,12562,12973,23,22,22,10086,8594,8844,7375,6219,6391,2123,1830,1890,588,545,562,530,491,507,9.1,8.7,10.71,9.35,34199,4,98829,93,14,150,966,602,,602,11,89
"""490351025001""","""Salt Lake City, UT""",1.00,3106.00,1839.00,455.74,35,41,38,19,23,22,16,17,17,4.88,19.68,1.28,1,1,14639,12764,13133,27,25,25,10107,8682,8911,7307,6203,6360,2134,1860,1914,666,619,638,600,558,575,9.3,8.5,17.65,4.04,27764,1,91000,93,9,105,851,972,1665,914,8,92
"""490351019001""","""Salt Lake City, UT""",1.00,1486.00,880.00,86.41,31,35,33,14,18,17,16,17,17,4.14,42.12,1.31,1,1,15306,13161,13624,22,21,21,10245,8696,8953,7462,6264,6438,2231,1918,1985,552,515,530,497,464,478,9.1,8.8,11.15,10.18,33568,2,92448,92,14,156,965,743,1210,667,14,86
"""490351016001""","""Salt Lake City, UT""",1.00,645.00,414.00,43.84,31,35,33,14,18,16,17,18,17,5.03,47.47,1.34,1,1,15169,13299,13662,18,17,18,10290,8712,8958,7623,6339,6522,2211,1938,1991,456,435,446,411,392,402,9.1,9.2,15.82,9.44,29626,19,62391,90,6,190,692,728,,728,12,88
"""490351014002""","""Salt Lake City, UT""",1.00,1681.00,648.00,336.09,30,34,32,13,17,15,16,18,17,5.19,10.01,1.32,1,1,15527,13622,14005,18,17,18,10244,8740,8973,7527,6324,6488,2263,1985,2041,454,432,444,409,390,400,9.0,9.3,10.12,1.93,25240,4,55789,89,22,99,1117,693,,693,0,100
"""490351011023""","""Salt Lake City, UT""",1.00,982.00,632.00,45.54,35,40,38,18,23,21,17,17,17,4.63,64.25,1.34,1,1,15447,13386,13819,19,17,18,10345,8693,8982,7625,6312,6523,2252,1950,2014,468,430,445,422,388,401,9.3,8.8,18.97,13.88,31679,6,94071,92,5,253,543,955,1531,777,24,76
"""490351008001""","""Salt Lake City, UT""",1.00,1008.00,460.00,62.88,32,37,35,16,20,18,17,18,17,5.55,40.63,1.31,1,1,15633,13542,13988,24,22,23,10341,8790,9057,7469,6266,6452,2279,1973,2038,593,551,567,535,497,511,9.1,8.8,9.65,7.32,29796,8,93471,92,6,274,628,809,894,780,26,74
"""490351014003""","""Salt Lake City, UT""",1.00,2380.00,269.00,640.29,33,38,35,16,20,18,17,18,17,,,1.33,1,1,15716,13813,14196,20,19,20,10393,8944,9156,7600,6453,6597,2291,2013,2068,502,478,490,453,431,442,9.0,9.5,13.01,0.42,20180,4,52913,89,19,105,1086,828,,828,0,100
"""490490101102""","""Provo-Orem, UT""",1.00,824.00,211.00,294.19,64,76,70,36,45,41,29,32,29,13.05,9.36,2.37,2,2,29193,26304,25723,0,0,0,17766,15603,15463,13510,11771,11715,4255,3833,3748,0,0,0,0,0,0,1.0,0.3,1.07,0.72,7889,100,9135,89,42,46,1573,1839,1839,,94,6
"""490490105032""","""Provo-Orem, UT""",1.00,2936.00,534.00,13854.57,50,58,53,21,27,25,28,31,29,10.44,0.40,2.32,2,2,29106,26275,25701,0,0,0,17503,15537,15455,13260,11708,11710,4243,3829,3745,0,0,0,0,0,0,2.4,0.2,2.02,0.04,3291,71,5355,87,106,8,2483,1107,1191,836,76,24
"""490351116002""","""Salt Lake City, UT""",1.00,1647.00,723.00,421.95,34,39,36,17,21,19,17,18,17,5.28,9.05,1.39,1,1,15643,13963,14263,17,16,17,10671,9104,9347,7964,6656,6847,2280,2035,2078,427,413,422,385,373,381,9.2,8.5,12.90,1.71,27807,9,64384,91,11,94,930,860,,860,3,97
"""490351135144""","""Salt Lake City, UT""",1.00,1981.00,744.00,75.31,34,39,36,17,21,19,17,18,17,6.22,61.44,1.42,1,1,16420,14152,14642,11,10,11,10779,9070,9348,8106,6755,6950,2394,2062,2134,279,252,264,252,228,238,9.4,8.5,35.98,9.88,27839,0,59333,91,4,359,572,856,,856,17,83
"""490351008002""","""Salt Lake City, UT""",1.00,596.00,374.00,46.32,39,46,43,22,27,25,17,18,17,4.52,36.51,1.34,1,1,16589,14341,14850,24,22,23,10675,9052,9351,7658,6411,6618,2418,2090,2164,599,552,568,540,497,513,8.9,8.7,32.73,8.07,29097,5,92561,92,7,235,696,1140,1193,1110,36,64
"""490351135122""","""Salt Lake City, UT""",1.00,1442.00,701.00,177.70,36,41,39,18,23,21,17,18,17,5.94,23.42,1.42,1,1,16600,14465,14909,10,9,10,10762,9134,9389,8090,6796,6974,2420,2108,2172,252,231,242,228,208,218,9.2,8.2,9.95,3.94,26982,0,57211,91,18,94,1071,956,,956,1,99
"""490351005005""","""Salt Lake City, UT""",1.00,1512.00,595.00,68.58,34,39,37,17,21,19,17,18,17,6.11,53.02,1.42,1,1,16845,14688,15143,10,9,10,10809,9160,9404,8097,6787,6953,2455,2140,2207,256,233,244,231,210,220,9.4,8.5,14.75,8.68,18973,0,41784,90,5,553,861,863,,863,5,95
"""490351015003""","""Salt Lake City, UT""",1.00,1231.00,517.00,57.50,41,48,45,24,30,28,17,18,17,5.73,51.56,1.42,1,1,16021,14029,14440,15,14,14,10798,9138,9420,8093,6750,6960,2335,2044,2104,369,344,356,333,310,321,8.9,9.2,8.90,8.99,30421,19,67767,91,10,222,821,1238,2729,871,20,80
"""490351015004""","""Salt Lake City, UT""",1.00,542.00,253.00,44.15,36,41,39,18,23,21,17,18,18,,,1.40,1,1,16400,14366,14794,18,17,17,10816,9174,9452,7977,6657,6861,2391,2093,2156,449,424,435,405,382,392,8.7,9.4,9.64,5.73,28157,23,64790,90,7,217,729,954,1833,625,27,73
"""490039604003""","""Ogden-Clearfield, UT""",1.00,1426.00,442.00,18778.85,46,54,51,19,24,23,27,30,29,11.67,0.27,2.28,2,2,27955,25305,25946,0,0,0,17075,15142,15460,13000,11455,11679,4075,3687,3781,0,0,0,0,0,0,1.7,1.6,0.42,0.02,1270,87,2067,82,114,7,2931,1020,1118,747,74,26
"""490351017002""","""Salt Lake City, UT""",1.00,995.00,518.00,43.35,33,37,35,15,19,17,17,18,18,5.33,63.74,1.41,1,1,16363,14218,14687,17,16,16,10880,9176,9480,8075,6715,6937,2385,2072,2140,420,390,403,379,352,363,8.9,9.0,14.12,11.95,32889,13,76154,91,7,340,711,782,944,716,29,71
"""490351119061""","""Salt Lake City, UT""",1.00,2655.00,963.00,121.59,37,42,40,19,24,22,17,19,18,6.71,53.15,1.42,1,1,16349,14264,14707,16,15,16,10874,9214,9492,8084,6750,6953,2383,2078,2143,408,386,396,368,348,358,9.1,8.4,11.26,7.92,31204,8,65817,92,10,205,926,988,1168,950,18,82
"""490351029001""","""Salt Lake City, UT""",1.00,2078.00,1000.00,326.48,27,31,29,10,12,11,18,19,18,4.23,12.96,1.43,1,1,15902,14049,14403,17,16,17,10901,9309,9557,8152,6850,7036,2318,2047,2099,431,412,422,389,372,380,9.0,8.1,8.72,3.06,27938,19,82607,93,7,196,738,500,883,436,14,86
"""490351017001""","""Salt Lake City, UT""",1.00,1446.00,814.00,86.59,33,38,36,15,19,18,18,19,18,5.66,53.23,1.42,1,1,16726,14512,15007,17,16,17,10951,9264,9562,8080,6745,6959,2438,2115,2187,433,404,417,391,365,376,8.8,9.0,14.99,9.40,31714,10,73417,91,11,229,845,800,,800,28,72
"""490351016002""","""Salt Lake City, UT""",1.00,1503.00,763.00,58.42,36,42,39,18,23,21,18,19,18,6.00,78.33,1.45,1,1,16355,14367,14776,14,13,14,11027,9301,9600,8288,6876,7104,2384,2093,2153,355,332,343,320,299,309,8.8,9.1,19.21,13.06,31787,25,66585,91,6,242,683,959,1329,819,27,73
"""490490018012""","""Provo-Orem, UT""",1.00,1272.00,393.00,31.43,30,35,32,12,15,14,18,19,18,7.36,92.08,1.48,1,1,17200,14974,14658,13,12,11,11197,9617,9645,8457,7225,7312,2507,2182,2136,233,210,197,210,189,178,9.5,4.6,14.99,12.50,21356,3,32539,91,5,285,581,634,,634,0,100
"""490351023001""","""Salt Lake City, UT""",1.00,1518.00,583.00,57.71,33,38,35,15,19,17,18,19,18,6.41,64.75,1.46,1,1,16467,14388,14819,13,12,12,11053,9369,9646,8331,6970,7174,2400,2097,2159,322,303,312,291,273,282,8.9,8.5,14.85,10.10,34158,22,95086,93,8,266,773,783,1337,630,22,78
"""490351020001""","""Salt Lake City, UT""",1.00,873.00,460.00,129.65,34,40,37,17,21,19,18,19,18,5.74,20.35,1.44,1,1,16201,14139,14567,19,18,18,11026,9399,9664,8200,6891,7085,2362,2060,2123,465,448,456,419,404,411,8.8,8.7,8.36,3.55,35470,24,93339,93,6,183,657,862,1224,721,28,72
"""490351121002""","""Salt Lake City, UT""",1.00,3047.00,1152.00,753.08,35,40,38,17,21,20,18,19,18,6.81,10.42,1.43,1,1,16180,14466,14782,19,18,19,11004,9411,9672,8169,6843,7049,2359,2108,2154,476,460,469,430,415,423,8.9,8.8,14.95,1.53,28832,15,61932,91,10,116,922,884,1418,789,15,85
"""490351011022""","""Salt Lake City, UT""",1.00,1283.00,638.00,67.44,31,36,34,14,17,16,18,19,18,6.14,58.06,1.45,1,1,17038,14878,15348,15,14,14,11124,9367,9685,8261,6851,7089,2484,2168,2236,379,349,360,342,314,325,8.8,8.8,11.17,9.46,28793,17,88161,92,5,247,617,701,,701,37,63
"""490351018001""","""Salt Lake City, UT""",1.00,1527.00,619.00,85.79,35,41,38,18,22,20,18,19,18,6.47,46.69,1.45,1,1,16722,14613,15067,16,15,15,11114,9412,9708,8281,6906,7127,2438,2129,2196,396,377,386,357,340,348,8.8,8.9,11.46,7.22,34293,18,76573,92,10,194,787,910,,910,29,71
"""490351148001""","""Salt Lake City, UT""",1.00,1378.00,469.00,5788.19,98,118,109,71,89,82,27,29,28,11.31,0.92,2.24,2,2,26289,23723,24368,0,0,0,16613,14424,14854,12769,10962,11297,3832,3457,3551,11,6,6,10,5,6,0.1,8.1,0.85,0.08,7175,93,16064,86,362,8,3799,3674,3674,,95,5
"""490351125023""","""Salt Lake City, UT""",1.00,2233.00,1019.00,163.37,40,47,44,22,27,25,19,20,19,6.67,41.60,1.54,1,1,17894,15624,16125,7,7,7,11598,9801,10108,8803,7358,7582,2608,2277,2350,186,167,176,168,150,159,9.2,7.2,12.26,6.24,26953,0,42452,91,9,173,800,1132,1359,1082,18,82
"""490351020003""","""Salt Lake City, UT""",1.00,858.00,446.00,44.17,33,37,35,15,18,17,18,19,18,5.84,59.02,1.47,1,1,16427,14566,14915,14,13,13,11135,9469,9726,8401,7016,7216,2395,2122,2173,339,331,337,306,299,304,8.7,8.5,10.35,10.10,34635,39,90481,93,7,275,695,760,1101,677,20,80
"""490351119062""","""Salt Lake City, UT""",1.00,1534.00,678.00,129.57,36,42,40,19,23,21,18,19,18,6.20,32.42,1.47,1,1,16431,14491,14877,14,14,14,11133,9464,9735,8382,7011,7217,2395,2112,2168,356,342,350,321,308,316,8.8,8.6,10.06,5.23,31162,24,64940,91,9,232,796,963,1388,863,19,81
"""490351133062""","""Salt Lake City, UT""",1.00,2050.00,1056.00,109.87,34,39,36,16,20,18,18,19,18,5.68,54.57,1.49,1,1,16768,14713,15125,9,8,8,11171,9480,9748,8507,7134,7331,2444,2144,2204,220,203,213,199,183,192,9.2,6.7,38.10,9.61,26897,4,49423,92,16,157,977,820,,820,3,97
"""490490018011""","""Provo-Orem, UT""",1.00,1525.00,464.00,31.66,32,37,34,14,17,16,18,20,18,7.09,103.95,1.50,1,1,17497,15214,14871,14,12,11,11362,9761,9776,8563,7326,7406,2551,2217,2167,248,218,202,224,196,183,9.4,4.6,14.10,14.66,21839,0,33176,91,8,323,736,711,,711,0,100
"""490351133063""","""Salt Lake City, UT""",1.00,1399.00,510.00,122.16,37,42,40,19,23,21,18,19,18,6.96,29.06,1.47,1,1,16747,14634,15064,13,12,12,11174,9521,9778,8418,7090,7275,2441,2132,2195,315,298,308,285,269,278,9.1,6.7,15.34,4.17,26304,9,47640,92,9,288,1049,963,1604,887,11,89
"""490351014001""","""Salt Lake City, UT""",1.00,868.00,271.00,1722.33,39,46,43,21,27,25,18,19,18,7.03,1.11,1.42,1,1,18325,16273,16715,13,12,12,11092,9546,9790,8104,6878,7047,2671,2371,2436,316,297,307,285,268,277,8.3,9.5,5.03,0.16,12152,10,39933,87,51,25,1466,1113,4001,793,10,90
"""490490018013""","""Provo-Orem, UT""",1.00,1147.00,342.00,31.33,29,33,30,10,13,12,18,20,18,7.57,82.65,1.51,1,1,17469,15253,14940,11,10,10,11391,9775,9792,8642,7369,7444,2546,2223,2177,203,183,170,183,165,154,9.4,4.7,16.52,10.92,20289,5,31440,91,5,306,581,533,,533,2,98
"""490351117022""","""Salt Lake City, UT""",1.00,1186.00,321.00,75.82,35,41,38,17,22,20,18,19,18,7.14,30.22,1.47,1,1,16980,14919,15352,13,13,13,11222,9517,9798,8413,7021,7233,2475,2174,2237,334,322,329,301,290,297,9.1,8.0,6.63,4.23,29469,12,65552,92,7,236,656,893,1297,786,21,79
"""490351007003""","""Salt Lake City, UT""",1.00,843.00,421.00,62.23,35,40,37,16,21,19,18,19,18,5.42,36.68,1.47,1,1,17224,15154,15582,13,12,13,11220,9517,9799,8384,7004,7214,2511,2208,2270,325,305,314,293,275,284,8.7,8.7,8.12,6.76,25575,22,76755,92,9,237,771,854,1412,682,24,76
"""490490014011""","""Provo-Orem, UT""",1.00,351.00,79.00,82.08,,,,,,,18,20,18,9.01,8.67,1.52,1,1,17559,15340,15023,9,8,7,11376,9787,9815,8659,7410,7494,2560,2235,2189,158,142,132,142,128,119,9.5,3.7,9.23,0.96,18323,0,30365,92,5,258,643,,,,0,100
"""490451308001""","""Salt Lake City, UT""",1.00,638.00,189.00,1299.33,48,55,52,21,26,24,27,30,28,11.35,1.65,2.26,2,2,27756,25066,25719,1,1,1,16940,14821,15188,12890,11165,11437,4046,3652,3748,5,4,4,4,3,4,1.2,2.1,1.52,0.15,1722,96,1834,82,62,19,2155,1063,1063,,87,13
"""490351015002""","""Salt Lake City, UT""",1.00,778.00,320.00,58.35,33,38,36,15,19,17,18,19,18,6.05,33.17,1.47,1,1,17088,15031,15465,14,13,14,11250,9551,9839,8403,7023,7239,2491,2190,2253,357,338,347,322,305,313,8.5,9.2,10.89,5.48,28865,28,65919,90,10,211,811,781,,781,29,71
"""490230101002""","""Provo-Orem, UT""",1.00,1335.00,374.00,10971.69,54,63,57,24,30,28,30,33,30,12.21,0.42,2.44,2,2,29771,27047,26447,1,0,0,18282,16211,16095,13932,12265,12235,4340,3941,3854,9,5,6,8,4,5,0.4,0.8,1.19,0.03,850,96,1089,80,134,10,2260,1241,1258,1075,91,9
"""490479682001""","""Vernal, UT""",1.00,2991.00,908.00,579942.91,52,62,62,26,32,32,27,30,30,11.62,0.02,2.40,2,2,27612,24908,25451,3,2,2,17748,15869,16098,13675,12200,12349,4025,3629,3709,48,40,40,41,34,34,0.7,1.5,0.09,0.00,294,72,371,76,580,3,4613,1428,1495,1181,79,21
"""490532701004""","""St. George, UT""",1.00,1477.00,517.00,41990.69,58,69,54,26,32,24,32,37,30,10.05,0.12,2.25,2,2,26553,23879,26051,1,1,1,16144,14891,16103,12267,11404,12299,3869,3480,3796,8,7,8,19,17,20,0.5,0.6,0.98,0.01,606,86,617,78,251,4,2829,1088,1150,733,85,15
"""490351015001""","""Salt Lake City, UT""",1.00,757.00,349.00,43.62,33,38,36,15,19,17,18,19,18,6.28,50.26,1.46,1,1,17892,15595,16124,16,15,15,11339,9570,9893,8327,6921,7156,2608,2272,2350,404,377,388,365,340,350,8.4,9.4,11.50,8.00,26432,22,64054,90,7,290,702,772,838,720,44,56
"""490490018021""","""Provo-Orem, UT""",1.00,1057.00,311.00,32.58,34,39,36,15,19,17,19,20,18,7.20,68.76,1.54,1,1,17456,15242,14928,12,11,10,11532,9906,9916,8778,7496,7565,2545,2221,2175,209,189,176,189,170,159,9.3,4.4,16.05,9.55,21673,9,32765,91,5,216,593,776,,776,5,95
"""490351012002""","""Salt Lake City, UT""",1.00,917.00,434.00,64.20,41,47,44,22,28,26,18,19,18,6.68,45.12,1.51,1,1,17275,15249,15670,12,11,11,11418,9640,9942,8611,7141,7375,2518,2222,2283,289,277,284,261,250,256,8.7,9.2,7.86,6.76,27539,33,61675,90,4,299,510,1163,1678,894,34,66
"""490572009003""","""Ogden-Clearfield, UT""",1.00,581.00,290.00,80.56,24,27,26,7,8,8,18,19,18,4.21,15.16,1.46,1,1,17123,15057,15548,10,10,10,11291,9645,9944,8346,7031,7254,2496,2194,2265,448,420,424,404,379,383,9.1,7.3,7.12,3.60,17592,10,29662,89,10,159,815,348,,348,4,96
"""490490016012""","""Provo-Orem, UT""",1.00,2255.00,396.00,83.52,33,38,35,14,18,16,19,20,18,7.12,33.76,1.52,1,1,18222,15933,15585,11,10,9,11519,9935,9955,8667,7436,7517,2656,2322,2271,195,177,167,176,160,151,9.2,4.3,16.26,4.74,20845,4,31631,91,12,153,922,738,,738,2,98
"""490351133053""","""Salt Lake City, UT""",1.00,3315.00,839.00,642.88,39,45,42,20,25,24,18,19,18,7.84,10.23,1.47,1,1,18249,16100,16566,13,12,13,11361,9686,9961,8375,7032,7232,2660,2346,2414,326,308,316,294,277,285,8.8,8.2,5.10,1.31,19673,2,64230,92,19,99,1114,1057,,1057,15,85
"""490490018014""","""Provo-Orem, UT""",1.00,2020.00,580.00,36.35,31,35,32,12,15,14,19,20,19,7.84,125.02,1.57,1,1,17459,15265,14959,10,8,8,11669,9987,9987,8952,7612,7670,2545,2224,2180,172,151,137,155,136,124,9.4,4.6,16.88,15.96,19517,7,29425,91,4,370,512,614,,614,5,95
"""490351124041""","""Salt Lake City, UT""",1.00,1745.00,750.00,219.14,36,42,39,18,23,21,18,20,19,6.22,21.29,1.50,1,1,17040,15170,15532,14,14,14,11412,9739,10002,8571,7178,7382,2484,2211,2263,358,350,357,323,316,322,9.0,6.3,15.10,3.42,26283,14,45605,92,10,140,1083,938,1286,893,11,89
"""490490019002""","""Provo-Orem, UT""",1.00,1198.00,522.00,80.37,32,36,33,13,16,15,19,20,19,6.43,41.75,1.55,1,1,17875,15610,15273,11,10,9,11630,10002,10007,8834,7557,7623,2606,2275,2225,191,171,159,172,154,143,9.2,4.3,12.22,6.49,22336,6,33800,92,9,215,728,669,,669,4,96
"""490490019003""","""Provo-Orem, UT""",1.00,2094.00,874.00,70.34,34,39,36,15,18,17,19,20,19,6.38,79.33,1.55,1,1,17638,15405,15082,12,11,10,11662,10009,10008,8872,7567,7627,2571,2245,2198,220,197,183,198,177,165,9.3,4.2,13.89,12.43,21980,10,32981,92,5,200,592,761,896,748,8,92
"""490351029002""","""Salt Lake City, UT""",1.00,1532.00,609.00,302.66,38,44,41,19,24,22,18,20,19,4.67,9.39,1.50,1,1,16341,14571,14896,17,16,17,11373,9764,10010,8569,7233,7423,2382,2123,2171,422,408,416,381,368,375,8.6,8.3,5.55,2.01,27044,35,72713,92,9,163,751,1003,929,1020,18,82
"""490111252001""","""Ogden-Clearfield, UT""",1.00,1359.00,373.00,153.12,39,46,44,21,27,25,18,19,19,7.50,18.27,1.52,1,1,18077,15825,16363,2,1,2,11341,9723,10015,8670,7389,7602,2635,2306,2384,36,28,29,33,26,26,9.4,5.3,3.34,2.44,13669,2,21802,89,5,175,643,1132,,1132,0,100
"""490532713001""","""St. George, UT""",1.00,943.00,218.00,102.90,37,44,35,18,22,17,19,22,19,8.86,18.76,1.33,1,1,17529,15259,17347,5,4,4,9816,8747,10028,7227,6492,7472,2554,2223,2528,34,32,29,83,77,70,9.0,7.3,7.30,2.12,9450,8,21019,88,9,168,806,758,,758,8,92
"""490351011011""","""Salt Lake City, UT""",1.00,890.00,512.00,59.13,39,46,43,21,26,24,19,20,19,6.39,55.35,1.53,1,1,17490,15396,15834,11,10,11,11553,9756,10062,8727,7250,7485,2549,2243,2307,277,263,270,250,237,243,8.6,8.9,10.02,8.66,29586,35,76555,92,4,271,505,1080,1643,748,37,63
"""490351121004""","""Salt Lake City, UT""",1.00,1413.00,510.00,129.03,39,45,42,20,25,23,19,20,19,7.22,28.55,1.49,1,1,17964,15621,16159,17,16,16,11557,9827,10131,8522,7157,7373,2619,2276,2355,416,394,403,375,355,364,8.6,8.5,10.98,3.95,27389,13,55539,91,10,316,947,1053,1125,1012,36,64
"""490351012004""","""Salt Lake City, UT""",1.00,1014.00,556.00,60.31,41,48,45,23,28,26,19,20,19,6.15,56.69,1.54,1,1,17646,15480,15952,11,10,11,11645,9808,10136,8799,7296,7548,2572,2256,2324,274,256,264,247,231,238,8.6,9.0,16.02,9.22,30204,30,70348,91,4,244,510,1174,1896,641,42,58
"""490351119043""","""Salt Lake City, UT""",1.00,1109.00,604.00,85.61,40,46,43,21,26,24,19,20,19,5.42,38.24,1.54,1,1,17682,15467,15963,9,8,8,11569,9735,10071,8774,7281,7536,2577,2254,2326,218,200,209,197,181,188,8.9,8.7,11.54,7.06,31572,9,64302,91,9,314,982,1086,1308,985,31,69
"""490490018022""","""Provo-Orem, UT""",1.00,1619.00,672.00,31.79,32,37,34,13,16,15,19,20,19,6.84,144.62,1.57,1,1,17837,15559,15219,10,9,8,11761,10078,10072,8977,7653,7712,2600,2267,2218,184,157,142,166,142,128,9.4,4.5,22.35,21.14,21316,4,32476,91,5,242,586,676,,676,6,94
"""490490018024""","""Provo-Orem, UT""",1.00,1304.00,368.00,31.15,33,38,35,14,18,16,19,20,19,8.22,97.15,1.57,1,1,17867,15704,15414,8,7,7,11704,10059,10076,8952,7641,7711,2605,2288,2246,147,130,119,133,118,107,9.3,4.3,14.27,11.81,19220,11,29376,91,6,329,772,737,,737,0,100
"""490351117013""","""Salt Lake City, UT""",1.00,1980.00,619.00,72.29,37,42,40,18,23,21,19,20,19,7.55,64.68,1.52,1,1,17465,15396,15832,13,12,12,11521,9784,10078,8661,7240,7463,2546,2243,2307,314,300,308,284,270,278,8.6,8.2,10.28,8.56,29971,22,64514,92,12,195,818,945,1283,832,25,75
"""490351120024""","""Salt Lake City, UT""",1.00,483.00,226.00,98.07,32,36,34,13,17,15,19,20,19,6.03,13.90,1.52,1,1,17389,15366,15783,13,13,13,11533,9809,10093,8666,7245,7462,2535,2239,2300,332,325,331,300,293,298,8.7,8.7,4.55,2.30,29471,27,61075,91,6,222,645,689,,689,28,72
"""490490018023""","""Provo-Orem, UT""",1.00,1729.00,434.00,48.59,30,34,31,11,13,12,19,20,19,8.00,71.49,1.59,1,1,18021,15792,15472,7,6,5,11831,10145,10143,9081,7737,7793,2627,2301,2254,124,107,96,112,97,87,9.4,4.5,15.98,8.93,20271,7,31191,91,5,263,590,548,,548,4,96
"""490351125024""","""Salt Lake City, UT""",1.00,658.00,182.00,99.56,38,43,41,19,24,22,19,20,19,7.88,14.40,1.54,1,1,18248,15896,16423,6,6,6,11618,9842,10145,8801,7384,7602,2660,2316,2393,157,142,150,141,128,135,9.1,6.7,3.17,1.83,28292,0,43857,91,10,134,767,982,,982,20,80
"""490351133102""","""Salt Lake City, UT""",1.00,1221.00,428.00,78.68,36,42,39,17,22,20,19,20,19,5.61,30.51,1.49,1,1,17654,15393,15897,19,18,19,11543,9862,10158,8480,7164,7373,2573,2243,2316,489,455,469,441,410,423,8.7,7.1,8.50,5.44,25196,7,46749,91,16,228,1114,901,1255,763,28,72
"""490351121003""","""Salt Lake City, UT""",1.00,1000.00,395.00,356.41,37,43,40,18,23,21,19,20,19,6.20,6.87,1.52,1,1,17471,15419,15841,14,13,14,11545,9910,10165,8658,7330,7517,2547,2247,2308,340,333,339,307,300,306,8.5,8.7,15.80,1.11,28389,25,61735,91,16,132,1247,958,683,1023,19,81
"""490351120013""","""Salt Lake City, UT""",1.00,872.00,431.00,81.64,33,38,35,14,18,16,19,20,19,6.03,31.81,1.51,1,1,18065,15675,16238,16,15,16,11647,9837,10176,8607,7172,7419,2633,2284,2366,406,381,390,366,344,352,8.6,8.7,6.40,5.28,30252,13,66156,91,6,306,715,737,,737,48,52
"""490572011001""","""Ogden-Clearfield, UT""",1.00,1985.00,879.00,957.00,30,34,33,12,14,14,18,19,19,4.80,4.41,1.48,1,1,17601,15534,16025,12,11,11,11524,9895,10189,8459,7163,7380,2566,2264,2335,499,469,474,450,423,427,9.0,6.7,10.28,0.92,14750,8,30749,90,12,77,941,614,,614,5,95
"""490399721006""",,1.00,1087.00,421.00,57507.93,56,68,53,24,31,23,32,37,30,9.82,0.07,2.25,2,2,26324,23785,25840,1,1,1,16088,14883,16140,12229,11393,12350,3836,3466,3765,23,24,25,20,21,21,1.1,0.3,0.43,0.01,383,90,428,77,146,8,2448,1025,1136,622,78,22
"""490439641012""","""Summit Park, UT""",1.00,787.00,269.00,28724.45,37,45,60,18,22,30,20,23,30,11.07,0.10,2.44,2,2,27576,24705,26290,1,0,0,17958,16562,16142,13938,12960,12311,4020,3601,3831,0,0,0,75,22,18,0.5,1.7,0.86,0.01,1060,89,1410,81,271,5,3672,1354,1517,543,83,17
"""490419753001""",,1.00,953.00,304.00,33071.32,63,74,54,28,35,24,35,38,30,11.03,0.10,2.24,2,2,26273,23625,25921,1,1,1,16040,14211,16146,12190,10748,12347,3828,3444,3777,21,19,22,18,16,19,0.7,0.5,1.91,0.01,429,84,549,78,212,4,1984,1094,1101,1054,86,14
"""490351027012""","""Salt Lake City, UT""",1.00,1651.00,634.00,99.77,36,42,39,17,22,20,19,20,19,6.68,42.48,1.55,1,1,18156,16043,16492,8,7,7,11705,9930,10216,8866,7413,7627,2647,2338,2403,192,179,186,173,162,168,8.9,8.1,21.49,6.35,18598,19,44094,90,5,231,638,899,1161,821,23,77
"""490351119051""","""Salt Lake City, UT""",1.00,1376.00,534.00,123.62,42,49,46,23,29,27,19,20,19,6.79,29.33,1.56,1,1,17726,15650,16094,10,9,10,11724,9894,10221,8894,7377,7633,2584,2280,2345,247,237,243,223,214,219,8.7,8.6,11.85,4.32,31410,23,64361,91,6,337,812,1215,1891,845,35,65
"""490351140001""","""Salt Lake City, UT""",1.00,1945.00,1238.00,779.17,39,45,42,20,25,23,19,20,19,5.75,9.13,1.46,1,1,18003,15794,16296,23,21,22,11558,9918,10234,8355,7082,7309,2624,2301,2375,579,534,550,522,482,496,8.6,8.5,11.39,1.59,29655,7,96672,93,9,120,799,1046,1493,714,43,57
"""490490018031""","""Provo-Orem, UT""",1.00,1378.00,529.00,43.09,33,38,35,14,18,16,19,21,19,6.41,78.70,1.60,1,1,18034,15844,15542,9,8,7,11928,10240,10238,9143,7793,7847,2629,2309,2265,156,138,127,141,125,114,9.2,4.2,11.85,12.28,20888,14,32005,91,5,223,590,728,1050,703,7,93
"""490490106002""","""Provo-Orem, UT""",1.00,2454.00,645.00,71126.89,56,66,60,26,33,30,30,33,30,12.21,0.11,2.46,2,2,29244,26514,25906,1,1,1,18299,16263,16162,14019,12388,12374,4263,3863,3775,17,12,13,15,11,11,1.3,0.2,0.73,0.01,594,83,710,80,87,13,1750,1359,1391,1144,87,13
"""490351018002""","""Salt Lake City, UT""",1.00,1254.00,611.00,69.24,42,48,45,23,28,26,19,20,19,6.55,57.78,1.56,1,1,17579,15541,15965,11,11,11,11742,9943,10252,8893,7401,7643,2562,2265,2326,286,278,283,258,251,255,8.4,8.7,8.38,8.82,34649,38,75139,92,6,268,722,1174,2047,687,36,64
"""490351003081""","""Salt Lake City, UT""",1.00,1585.00,576.00,234.95,33,38,35,14,18,16,19,20,19,6.15,15.07,1.51,1,1,18979,16760,17245,10,9,10,11666,10008,10265,8646,7328,7505,2767,2442,2513,253,238,247,228,215,222,8.5,8.4,4.58,2.45,15126,17,30520,89,20,98,1165,734,1223,629,18,82
"""490490024001""","""Provo-Orem, UT""",1.00,1163.00,407.00,228.88,35,40,37,16,20,18,19,21,19,6.37,11.32,1.58,1,1,18008,15795,15478,14,13,13,11885,10260,10268,9010,7723,7787,2625,2302,2255,250,235,226,225,212,204,9.1,3.5,6.18,1.78,20540,16,30526,92,5,201,564,808,1068,762,15,85
"""490351117011""","""Salt Lake City, UT""",1.00,967.00,309.00,91.33,35,41,38,16,21,19,19,20,19,6.91,23.39,1.56,1,1,17496,15587,15959,12,12,12,11735,10027,10298,8887,7461,7673,2550,2271,2325,298,295,300,269,266,270,8.4,8.3,6.42,3.38,30744,37,66187,92,11,189,919,850,,850,22,78
"""490419752002""",,1.00,1560.00,489.00,34971.95,65,77,56,31,38,26,35,38,30,11.74,0.16,2.24,2,2,26462,23924,26144,1,1,1,16060,14244,16180,12182,10734,12346,3856,3487,3810,22,23,24,19,19,21,0.5,0.5,0.63,0.01,401,94,462,77,232,6,2647,1179,1250,840,83,17
"""490451307011""","""Salt Lake City, UT""",1.00,953.00,237.00,16096.51,68,81,76,40,49,46,29,32,30,12.73,0.19,2.43,2,2,28162,25341,26048,0,0,0,17970,15788,16181,13863,12094,12385,4105,3692,3795,2,1,1,2,1,1,0.1,2.2,0.09,0.01,2165,94,3027,83,169,8,2693,2048,2048,,97,3
"""490351012003""","""Salt Lake City, UT""",1.00,1152.00,619.00,62.79,40,47,44,21,27,25,19,20,19,6.17,60.87,1.56,1,1,18174,15940,16437,10,10,10,11834,9970,10304,8929,7409,7663,2649,2323,2395,256,239,246,230,216,222,8.5,9.0,9.73,9.86,28081,31,63448,91,4,214,504,1111,1489,788,46,54
"""490490014023""","""Provo-Orem, UT""",1.00,1468.00,366.00,66.12,34,39,36,15,19,17,19,21,19,8.62,47.73,1.59,1,1,18669,16441,16117,9,8,8,11954,10307,10310,9067,7762,7822,2721,2396,2348,165,149,139,149,134,125,9.0,3.5,13.52,5.54,18720,10,31073,92,13,310,1091,769,,769,4,96
"""490351020002""","""Salt Lake City, UT""",1.00,814.00,337.00,42.21,38,44,41,19,23,22,19,20,19,6.73,53.77,1.58,1,1,17831,15776,16204,11,11,11,11902,10093,10404,9027,7527,7770,2599,2299,2361,275,267,272,248,241,246,8.3,8.6,7.45,7.98,34657,41,80748,92,7,243,722,974,1330,759,38,62
"""490351124031""","""Salt Lake City, UT""",1.00,3742.00,1566.00,680.58,42,49,46,23,29,27,19,20,19,6.96,16.02,1.55,1,1,18001,15914,16352,15,14,14,11848,10123,10408,8858,7450,7663,2624,2319,2383,366,354,362,330,320,326,8.8,6.1,11.91,2.30,24869,13,38095,91,10,130,962,1193,1188,1194,23,77
"""490351033001""","""Salt Lake City, UT""",1.00,1614.00,572.00,107.45,41,48,45,22,28,25,19,20,19,6.18,32.92,1.55,1,1,17250,15228,15650,15,14,14,11731,10025,10313,8849,7453,7670,2515,2219,2280,368,354,362,332,319,327,8.4,7.7,11.74,5.32,32326,28,47951,91,15,179,1040,1142,1224,1113,26,74
"""490279743003""",,1.00,1661.00,498.00,84178.64,52,62,49,20,25,19,32,37,30,11.55,0.07,2.30,2,2,26801,24247,25848,2,2,2,16454,15226,16184,12519,11664,12388,3905,3533,3766,30,29,30,25,24,26,0.8,0.3,0.84,0.01,304,86,368,77,293,4,3669,853,947,522,78,22
"""490050007021""","""Logan, UT-ID""",1.00,189.00,68.00,124.65,39,46,35,17,22,16,22,24,19,7.55,4.12,1.46,1,1,19803,17566,18170,4,4,4,10930,9764,10336,7966,7133,7616,2886,2560,2648,78,71,73,66,61,62,8.5,3.9,0.80,0.55,10215,0,14746,89,62,82,2344,726,,726,0,100
"""490479682002""","""Vernal, UT""",1.00,2883.00,901.00,62552.23,51,60,60,25,31,30,27,30,30,11.81,0.17,2.41,2,2,28367,25618,26170,2,2,2,17947,15942,16185,13776,12180,12343,4135,3733,3813,36,28,29,31,24,25,0.1,1.8,0.43,0.01,385,91,481,77,319,6,3877,1365,1404,993,90,10
"""490490016031""","""Provo-Orem, UT""",1.00,2454.00,655.00,78.92,33,38,35,14,17,16,19,21,19,6.85,56.84,1.60,1,1,18965,16680,16327,7,6,5,12017,10340,10340,9124,7800,7864,2765,2430,2379,128,109,97,116,98,88,9.3,3.7,14.86,8.30,15210,3,23036,90,9,146,932,706,,706,3,97
"""490351114004""","""Salt Lake City, UT""",1.00,1277.00,562.00,90.01,34,39,37,15,19,18,19,20,19,5.94,37.11,1.55,1,1,18077,15802,16310,13,12,12,11822,10041,10346,8866,7433,7657,2635,2303,2377,320,306,313,289,276,282,8.6,8.1,10.64,6.24,29619,26,69920,92,5,263,661,796,939,702,40,60
"""490351116004""","""Salt Lake City, UT""",1.00,1539.00,414.00,262.09,38,44,41,19,23,22,19,20,19,7.82,12.36,1.54,1,1,18278,16081,16551,12,11,12,11759,10081,10350,8796,7450,7644,2664,2343,2412,298,288,294,269,259,265,8.4,8.3,12.61,1.58,25620,22,63559,92,19,125,1306,968,919,983,23,77
"""490351120023""","""Salt Lake City, UT""",1.00,1796.00,898.00,119.16,39,45,42,20,25,23,19,20,19,6.13,46.19,1.58,1,1,18493,16143,16671,6,5,5,11861,10034,10354,9023,7554,7789,2696,2352,2429,142,128,136,128,115,122,8.7,8.4,20.71,7.54,28814,15,55143,91,9,220,782,1032,1282,920,31,69
"""490572101002""","""Ogden-Clearfield, UT""",1.00,3020.00,957.00,59988.98,60,71,68,32,40,38,28,31,30,11.19,0.18,2.40,2,2,28455,25628,26315,0,0,0,17880,15864,16191,13727,12129,12357,4148,3734,3834,5,0,0,4,0,0,0.3,2.1,0.40,0.02,2394,93,2543,83,231,7,2511,1699,1763,1208,89,11
"""490439642013""","""Summit Park, UT""",1.00,1727.00,558.00,23441.44,40,48,65,21,26,35,20,23,30,12.26,0.29,2.44,2,2,27902,25016,26598,1,0,0,18021,16583,16192,13954,12936,12316,4067,3647,3876,0,0,0,53,0,0,0.3,1.1,0.94,0.02,1113,96,1607,82,209,8,3142,1585,1667,1050,87,13
"""490111252002""","""Ogden-Clearfield, UT""",1.00,1991.00,530.00,5906.22,38,45,43,20,25,24,18,20,19,8.50,0.76,1.55,1,1,19550,17493,17981,2,2,2,11733,10069,10368,8838,7475,7704,2850,2549,2620,45,45,45,41,41,40,8.8,4.9,3.06,0.09,9220,8,11959,87,19,53,1056,1059,,1059,3,97
"""490351135362""","""Salt Lake City, UT""",1.00,1878.00,532.00,131.20,38,44,41,19,23,22,19,20,19,7.46,30.25,1.57,1,1,18463,16235,16713,7,7,7,11845,10068,10369,8975,7533,7757,2691,2366,2435,178,169,176,161,153,159,8.7,7.3,6.23,4.06,26571,12,29594,89,16,180,1495,972,1413,857,21,79
"""490439642021""","""Summit Park, UT""",1.00,1222.00,404.00,25168.42,36,43,58,16,21,28,20,23,30,11.95,0.19,2.45,2,2,27680,24782,26397,1,0,0,18017,16598,16198,13981,12986,12351,4035,3613,3846,0,0,0,80,26,23,0.4,0.8,0.95,0.02,827,89,1093,80,252,7,2697,1261,1291,1072,86,14
"""490572013012""","""Ogden-Clearfield, UT""",1.00,1398.00,573.00,80.61,31,35,34,12,15,14,19,20,19,5.95,42.32,1.58,1,1,18030,15938,16435,6,5,5,11899,10110,10433,9016,7561,7808,2628,2322,2395,255,227,231,230,204,208,8.8,7.6,6.99,7.11,17914,23,30734,89,8,214,733,636,915,575,18,82
"""490351111023""","""Salt Lake City, UT""",1.00,1066.00,543.00,79.15,41,47,44,21,27,25,19,20,19,7.36,50.51,1.60,1,1,18668,16517,16984,5,5,5,11965,10123,10443,9124,7600,7848,2721,2407,2475,120,116,121,108,105,109,8.7,8.5,12.45,6.86,28801,20,52596,91,10,299,1026,1106,1169,1081,28,72
"""490351027021""","""Salt Lake City, UT""",1.00,1170.00,364.00,261.19,35,40,37,16,19,18,19,20,19,7.24,10.09,1.56,1,1,18146,16163,16566,13,12,13,11876,10187,10448,8911,7521,7717,2645,2355,2414,320,312,318,289,281,287,8.4,8.3,11.18,1.39,20129,32,45833,90,10,113,865,805,800,807,23,77
"""490351114002""","""Salt Lake City, UT""",1.00,1197.00,467.00,76.14,34,39,36,15,18,17,19,20,19,5.57,34.19,1.57,1,1,17957,15778,16249,13,13,13,11930,10159,10453,8974,7532,7752,2618,2299,2368,338,328,334,305,296,301,8.4,8.0,5.67,6.13,30745,37,64036,92,4,319,606,766,868,697,40,60
"""490351007002""","""Salt Lake City, UT""",1.00,1011.00,508.00,109.34,41,48,45,22,27,25,19,20,19,6.87,31.90,1.57,1,1,18635,16358,16865,11,10,11,11982,10120,10457,8990,7477,7734,2716,2384,2458,276,259,265,249,234,239,8.2,8.8,10.19,4.65,27085,30,83256,92,5,275,573,1132,1496,784,49,51
"""490351125021""","""Salt Lake City, UT""",1.00,1293.00,646.00,97.55,39,45,43,20,25,23,19,20,19,6.42,42.51,1.60,1,1,18546,16154,16706,6,5,6,12010,10107,10458,9150,7616,7878,2703,2354,2434,157,137,146,142,124,132,8.9,7.5,12.38,6.62,27063,3,45328,91,7,241,900,1038,1280,907,35,65
"""490351033002""","""Salt Lake City, UT""",1.00,1351.00,762.00,107.35,40,46,43,21,26,24,19,20,19,5.80,41.15,1.57,1,1,17308,15289,15710,15,14,14,11850,10069,10376,8960,7489,7727,2523,2228,2289,367,352,360,331,318,325,8.4,7.9,8.14,7.10,32906,38,52003,91,5,286,603,1071,1703,682,38,62
"""490490016024""","""Provo-Orem, UT""",1.00,382.00,68.00,208.69,26,29,27,6,8,7,19,21,19,9.20,3.00,1.59,1,1,18696,16577,16305,6,6,6,11894,10337,10381,9063,7817,7905,2725,2415,2376,106,105,101,96,94,91,8.8,4.7,22.74,0.33,20734,22,30759,91,16,110,1172,329,,329,0,100
"""490572012002""","""Ogden-Clearfield, UT""",1.00,784.00,333.00,108.21,30,34,33,11,14,13,18,20,19,5.81,17.88,1.54,1,1,17546,15663,16106,9,9,9,11774,10083,10387,8809,7407,7645,2558,2282,2347,407,393,395,367,355,356,8.7,7.4,7.32,3.08,16814,36,32266,90,7,172,701,596,844,562,12,88
"""490050007023""","""Logan, UT-ID""",1.00,1165.00,410.00,30.50,36,42,32,14,17,13,22,24,19,6.45,86.67,1.53,1,1,18150,16050,16625,5,4,4,11075,9801,10387,8345,7388,7891,2645,2339,2423,86,74,73,73,63,62,9.4,3.7,14.01,13.44,9846,2,13310,88,6,294,528,586,,586,1,99
"""490351018003""","""Salt Lake City, UT""",1.00,643.00,346.00,61.50,42,49,46,23,29,26,19,20,19,6.64,37.34,1.56,1,1,17971,15788,16273,14,13,13,11884,10057,10390,8923,7430,7685,2620,2301,2371,341,327,333,308,295,301,8.3,8.8,9.18,5.63,33969,31,69040,91,7,271,732,1187,1625,819,46,54
"""490351001002""","""Salt Lake City, UT""",1.00,1150.00,440.00,211.35,38,44,41,19,24,22,19,20,19,6.98,14.52,1.53,1,1,17701,15619,16061,18,17,17,11775,10107,10394,8745,7409,7620,2580,2276,2340,450,423,434,406,381,391,8.2,8.6,3.33,2.08,25232,30,78165,92,11,136,922,988,1219,860,36,64
"""490572111001""","""Ogden-Clearfield, UT""",1.00,1550.00,738.00,132.74,31,36,35,13,16,15,19,20,19,6.49,36.06,1.54,1,1,18848,16549,17100,8,7,7,11854,10165,10470,8781,7460,7680,2747,2411,2492,326,293,298,294,264,269,8.9,6.1,8.21,5.56,14230,7,20264,89,15,179,1036,680,940,650,10,90
"""490490028011""","""Provo-Orem, UT""",1.00,2495.00,908.00,74.97,33,38,35,14,17,16,20,21,19,6.23,75.47,1.60,1,1,19540,17198,16835,9,8,7,12116,10465,10478,9113,7823,7899,2848,2506,2453,155,136,126,140,122,114,9.2,2.0,10.54,12.11,15485,2,24574,92,9,205,1037,709,836,704,4,96
"""490351031003""","""Salt Lake City, UT""",1.00,1151.00,530.00,107.75,35,40,37,16,20,18,19,21,19,6.11,30.04,1.58,1,1,17867,15875,16276,13,13,13,11925,10216,10487,8997,7586,7793,2604,2313,2372,323,317,322,291,286,290,8.1,8.2,7.03,4.92,30779,44,70583,92,13,154,900,809,1079,706,28,72
"""490351135141""","""Salt Lake City, UT""",1.00,1524.00,584.00,149.38,38,44,41,19,23,22,19,21,19,7.20,28.16,1.60,1,1,18567,16303,16790,6,6,6,11974,10200,10501,9108,7676,7899,2706,2375,2447,160,149,156,144,134,141,8.5,7.1,6.54,3.91,27755,17,46667,91,21,137,1013,974,,974,23,77
"""490490025001""","""Provo-Orem, UT""",1.00,1215.00,449.00,59.23,36,41,38,16,20,18,20,21,19,6.71,50.87,1.64,1,1,18671,16448,16133,10,9,8,12229,10516,10504,9337,7964,8008,2722,2397,2351,171,156,145,154,140,131,9.0,3.5,8.64,7.58,20134,21,31812,92,5,216,590,821,1556,687,15,85
"""490351119052""","""Salt Lake City, UT""",1.00,2329.00,1087.00,164.93,41,47,44,21,27,25,19,20,19,6.37,42.01,1.59,1,1,18466,16165,16698,11,10,11,12024,10148,10505,9057,7537,7809,2692,2355,2433,275,255,264,248,230,238,8.4,8.3,10.05,6.59,32359,15,63589,92,11,310,882,1114,1297,972,44,56
"""490039604002""","""Ogden-Clearfield, UT""",1.00,1768.00,544.00,15046.72,50,59,56,22,28,26,28,31,30,11.98,0.43,2.42,2,2,28575,25759,26443,0,0,0,17979,15887,16230,13803,12134,12376,4165,3753,3853,11,0,0,10,0,0,0.4,0.4,0.31,0.04,1337,99,1318,82,90,10,2633,1182,1202,875,94,6
"""490351133091""","""Salt Lake City, UT""",1.00,1776.00,556.00,166.17,36,42,39,17,21,19,19,21,20,7.13,23.87,1.58,1,1,18256,16151,16584,12,11,12,11990,10214,10512,9035,7579,7807,2661,2353,2416,294,281,289,265,254,261,8.5,7.5,5.01,3.35,25176,29,42575,91,9,208,790,871,1201,731,30,70
"""490351120012""","""Salt Lake City, UT""",1.00,1243.00,574.00,63.51,44,51,48,24,31,28,20,21,20,6.40,57.84,1.64,1,1,19128,16654,17248,5,5,5,12298,10323,10706,9378,7782,8072,2788,2427,2513,132,114,121,119,103,109,8.5,8.6,14.12,9.04,30653,12,61516,91,7,413,735,1268,1524,1002,51,49
"""490572009002""","""Ogden-Clearfield, UT""",1.00,1691.00,640.00,85.92,31,35,34,12,15,14,19,20,20,5.90,43.95,1.57,1,1,18363,16267,16766,8,7,7,11988,10225,10543,8976,7549,7790,2677,2370,2443,335,306,311,302,276,280,8.6,7.1,8.08,7.45,17055,25,28992,89,11,179,840,626,1139,520,17,83
"""490111256001""","""Ogden-Clearfield, UT""",1.00,163.00,76.00,989.27,30,34,33,11,14,13,19,20,20,7.23,0.56,1.58,1,1,18697,16593,17093,7,7,7,11882,10254,10544,9022,7705,7922,2725,2418,2491,135,131,131,121,118,118,8.9,4.2,1.30,0.08,13834,11,18889,89,14,79,1024,588,,588,5,95
"""490050008001""","""Logan, UT-ID""",1.00,1985.00,653.00,79.21,35,41,32,13,16,12,22,25,20,8.27,68.15,1.55,1,1,18752,16625,17213,4,4,4,11238,9966,10553,8432,7476,7979,2732,2422,2508,74,67,66,63,57,56,9.1,3.8,8.60,8.24,12277,10,19191,90,9,202,729,537,988,510,6,94
"""490351003061""","""Salt Lake City, UT""",1.00,1733.00,485.00,72.11,37,43,40,18,22,20,19,21,20,7.82,52.57,1.57,1,1,19045,16985,17414,11,11,11,12033,10279,10559,8975,7535,7745,2776,2475,2537,283,269,276,255,243,249,8.0,8.6,6.61,6.73,17526,43,39204,89,10,284,865,907,1054,842,31,69
"""490399721003""",,1.00,1072.00,418.00,21666.79,59,70,55,26,33,24,32,37,30,10.01,0.19,2.28,2,2,26697,24034,26133,1,1,1,16324,15011,16263,12416,11492,12435,3890,3502,3808,17,17,20,15,15,17,0.4,0.2,0.88,0.02,513,91,560,79,169,7,2685,1097,1158,625,89,11
"""490351108004""","""Salt Lake City, UT""",1.00,1321.00,655.00,250.30,42,49,46,23,29,27,19,21,20,5.89,15.40,1.59,1,1,18788,16578,17070,8,8,8,12039,10231,10561,9098,7623,7875,2739,2416,2487,202,192,198,182,173,179,8.1,8.5,5.48,2.62,30436,19,57225,91,31,153,1285,1197,1861,870,33,67
"""490170004002""",,1.00,1486.00,491.00,591381.92,61,71,49,24,30,19,37,41,30,11.06,0.01,2.22,2,2,24816,22242,25284,2,2,2,15736,14052,16270,12077,10768,12541,3616,3242,3684,43,42,45,37,36,38,0.7,0.5,0.48,0.00,230,66,273,75,832,2,5284,853,968,453,78,22
"""490451307032""","""Salt Lake City, UT""",1.00,2374.00,643.00,44453.98,66,79,73,37,47,43,29,32,30,12.77,0.18,2.42,2,2,28535,25713,26413,0,0,0,17964,15934,16272,13803,12187,12423,4160,3747,3849,2,0,0,2,0,0,0.2,1.8,0.91,0.01,1601,92,1813,82,223,6,2085,1943,2064,788,91,9
"""490050013003""","""Logan, UT-ID""",1.00,1716.00,458.00,12900.93,67,80,61,33,41,31,34,39,30,12.62,0.45,2.37,2,2,28686,25982,26645,0,0,0,17052,15673,16280,12872,11887,12396,4180,3786,3883,0,0,1,0,0,1,0.2,0.5,0.93,0.04,970,98,1203,81,163,7,2244,1385,1443,826,91,9
"""490111257011""","""Ogden-Clearfield, UT""",1.00,2552.00,846.00,473.09,36,42,40,17,21,20,19,20,20,6.90,12.34,1.59,1,1,19361,17088,17632,11,10,10,12132,10410,10719,9102,7724,7953,2822,2490,2569,208,195,197,187,176,178,8.6,4.7,6.80,1.79,14432,11,21710,90,16,108,1021,897,1238,813,20,80
"""490351116003""","""Salt Lake City, UT""",1.00,2026.00,695.00,339.29,36,42,39,17,21,19,20,21,20,5.74,11.75,1.59,1,1,19502,17014,17604,11,10,11,12193,10409,10740,9071,7673,7909,2843,2479,2565,279,256,266,252,231,240,8.0,7.8,21.06,2.05,24973,6,59557,92,48,62,1934,858,1068,739,36,64
"""490490104113""","""Provo-Orem, UT""",1.00,2172.00,586.00,17459.17,66,78,72,36,45,42,30,33,30,12.16,0.41,2.49,2,2,29737,26954,26358,0,0,0,18548,16416,16291,14214,12488,12450,4335,3927,3841,0,0,0,0,0,0,0.7,0.2,0.43,0.03,1850,100,1782,83,54,20,1215,1871,1899,1426,94,6
"""490351029003""","""Salt Lake City, UT""",1.00,1359.00,721.00,302.65,36,41,38,16,20,19,19,21,20,5.71,13.59,1.59,1,1,17490,15651,16006,16,15,16,12005,10327,10604,9053,7663,7879,2549,2280,2332,402,384,393,362,346,354,7.8,8.4,10.21,2.38,26363,45,73108,92,17,116,1069,842,1118,722,30,70
"""490351101042""","""Salt Lake City, UT""",1.00,915.00,392.00,14249.94,72,86,80,43,54,50,29,32,30,10.90,0.30,2.42,2,2,28743,25832,26553,0,0,0,18001,15953,16304,13811,12189,12435,4190,3764,3869,0,0,0,0,0,0,0.0,4.3,1.26,0.03,3568,98,5584,85,396,5,3470,2232,2232,,95,5
"""490351104013""","""Salt Lake City, UT""",1.00,1682.00,725.00,98.15,44,52,48,25,31,29,20,21,20,5.91,43.67,1.63,1,1,18302,16153,16622,8,7,8,12148,10276,10614,9282,7736,7999,2668,2354,2422,197,186,192,178,168,174,8.5,7.8,9.28,7.39,31547,24,54723,91,9,241,907,1286,1485,1172,36,64
"""490351117024""","""Salt Lake City, UT""",1.00,787.00,359.00,67.24,38,44,41,19,23,21,20,21,20,6.57,35.09,1.62,1,1,17919,16025,16387,10,10,11,12128,10353,10637,9254,7759,7986,2612,2335,2388,262,259,264,236,234,238,8.1,7.8,6.27,5.34,31025,51,62738,92,8,247,866,963,1269,840,29,71
"""490351141001""","""Salt Lake City, UT""",1.00,1037.00,429.00,237.48,39,45,42,19,24,22,19,21,20,7.05,12.73,1.61,1,1,17205,15358,15713,15,14,15,12088,10372,10648,9214,7774,7992,2508,2238,2290,366,361,366,330,325,331,8.3,7.7,4.53,1.81,32830,45,50879,91,8,195,780,1001,1356,862,28,72
"""490490025003""","""Provo-Orem, UT""",1.00,866.00,343.00,63.57,36,42,38,16,20,18,20,22,20,7.56,40.78,1.67,1,1,18680,16469,16158,10,9,9,12416,10675,10652,9514,8111,8145,2723,2400,2354,179,164,153,162,148,138,8.9,2.7,5.96,5.40,18750,24,29915,92,5,252,544,828,1094,765,19,81
"""490050001012""","""Logan, UT-ID""",1.00,1666.00,518.00,18830.24,58,69,53,24,31,23,34,39,30,11.77,0.32,2.37,2,2,28249,25658,26286,0,1,1,17029,15601,16213,12904,11851,12371,4116,3739,3830,9,11,12,7,9,10,0.2,0.3,0.27,0.03,824,97,1010,81,251,4,4019,1024,1065,733,88,12
"""490050013002""","""Logan, UT-ID""",1.00,2248.00,667.00,16552.73,62,74,57,28,35,26,34,39,30,12.46,0.50,2.35,2,2,28618,25930,26614,0,0,0,16963,15611,16215,12793,11833,12337,4170,3778,3878,0,0,0,0,0,0,0.7,0.2,0.67,0.04,2036,96,2614,85,149,9,2483,1190,1282,760,82,18
"""490532712002""","""St. George, UT""",1.00,1321.00,436.00,326.59,38,45,36,17,22,16,21,23,20,7.54,10.07,1.43,1,1,18508,16191,18284,4,3,3,10531,9371,10669,7808,6987,7983,2697,2359,2664,27,25,22,64,60,53,8.6,6.8,5.37,1.34,9410,18,20825,88,8,226,801,737,,737,22,78
"""490351032003""","""Salt Lake City, UT""",1.00,1495.00,863.00,107.16,34,39,37,14,18,17,20,21,20,5.71,45.95,1.60,1,1,18095,16046,16474,15,14,15,12179,10367,10679,9162,7668,7910,2638,2338,2401,379,361,369,342,326,333,7.6,8.2,9.81,8.05,29587,57,67099,92,6,287,668,750,1142,385,48,52
"""490111258082""","""Ogden-Clearfield, UT""",1.00,2843.00,1227.00,344.70,35,40,39,16,20,19,19,20,20,6.98,24.85,1.61,1,1,19265,16993,17537,6,5,5,12109,10368,10681,9187,7788,8021,2808,2476,2555,113,103,105,102,93,94,8.7,5.1,17.66,3.56,15478,17,24579,90,11,147,942,840,1315,743,17,83
"""490490014021""","""Provo-Orem, UT""",1.00,1803.00,626.00,94.95,38,43,40,17,22,20,20,22,20,7.84,51.69,1.66,1,1,19812,17353,16919,10,9,8,12554,10745,10684,9490,8059,8071,2888,2528,2465,176,157,147,158,141,133,9.0,3.5,14.52,6.59,19593,6,29777,92,6,255,676,899,889,903,28,72
"""490351016003""","""Salt Lake City, UT""",1.00,1829.00,658.00,143.42,45,53,50,26,32,30,20,21,20,7.63,34.99,1.63,1,1,17849,15985,16348,12,12,12,12196,10385,10692,9287,7756,8004,2602,2329,2382,307,300,306,277,271,276,7.5,8.9,5.21,4.59,31899,64,61094,91,8,170,753,1333,1720,1068,41,59
"""490351006001""","""Salt Lake City, UT""",1.00,2319.00,572.00,122.49,39,45,42,19,24,22,20,21,20,8.63,40.30,1.60,1,1,19210,16956,17448,12,12,12,12242,10446,10743,9138,7684,7903,2800,2471,2542,304,292,298,274,264,268,7.9,8.5,4.67,4.67,22356,44,59629,91,6,277,751,988,1083,913,44,56
"""490351003062""","""Salt Lake City, UT""",1.00,1728.00,519.00,273.66,38,44,41,18,23,21,20,21,20,7.26,13.76,1.59,1,1,19211,17090,17544,13,13,13,12196,10474,10747,9065,7667,7867,2800,2490,2556,330,317,324,298,286,292,7.9,8.6,6.14,1.90,15963,37,38145,89,12,138,1071,945,1344,756,32,68
"""490050006006""","""Logan, UT-ID""",1.00,1873.00,325.00,41.84,36,42,32,13,17,13,23,25,20,9.11,70.76,1.57,1,1,18946,17032,17578,3,3,3,11358,10122,10702,8545,7587,8090,2761,2482,2561,52,52,51,44,45,43,8.8,3.8,10.03,7.77,11948,28,18406,90,10,184,824,565,,565,0,100
"""490351027022""","""Salt Lake City, UT""",1.00,2844.00,781.00,154.38,38,43,41,18,23,21,20,21,20,7.71,39.00,1.60,1,1,19197,17029,17502,10,10,10,12205,10402,10705,9152,7679,7906,2798,2481,2550,254,242,249,229,219,224,8.2,8.2,5.55,5.06,20472,33,48170,91,10,141,789,933,1119,832,35,65
"""490351114001""","""Salt Lake City, UT""",1.00,1275.00,352.00,94.28,37,43,40,18,22,20,20,21,20,,,1.61,1,1,18023,15880,16344,17,16,17,12218,10452,10753,9166,7728,7955,2627,2314,2382,424,409,416,383,369,376,7.9,7.9,5.38,3.73,31136,44,64704,92,7,231,730,915,950,886,46,54
"""490351104012""","""Salt Lake City, UT""",1.00,599.00,310.00,77.50,42,48,45,22,27,25,20,21,20,6.14,24.56,1.65,1,1,18080,16197,16564,8,8,8,12265,10453,10755,9436,7899,8144,2636,2360,2414,193,194,197,174,175,178,8.2,7.6,3.89,4.00,31921,43,50056,91,11,190,1000,1138,1896,852,27,73
"""490351007001""","""Salt Lake City, UT""",1.00,873.00,410.00,108.41,42,49,46,22,28,26,20,21,20,7.39,27.93,1.62,1,1,19527,17349,17823,9,8,9,12299,10436,10761,9234,7700,7950,2846,2528,2597,218,209,214,197,188,193,8.1,8.6,6.67,3.78,20353,34,50678,90,8,168,787,1151,1617,830,41,59
"""490351114006""","""Salt Lake City, UT""",1.00,1314.00,507.00,93.03,41,47,44,21,26,24,20,21,20,7.39,40.26,1.61,1,1,18189,16048,16513,17,16,17,12250,10448,10763,9166,7696,7935,2651,2338,2406,432,414,421,390,373,380,7.6,8.1,7.09,5.45,29628,52,69413,92,5,186,680,1081,1335,793,53,47
"""490351117012""","""Salt Lake City, UT""",1.00,3197.00,1121.00,172.02,40,46,43,20,25,23,20,21,20,7.55,49.23,1.63,1,1,18616,16390,16885,12,11,11,12290,10430,10769,9285,7767,8026,2714,2388,2460,291,275,282,263,248,255,8.0,8.0,8.21,6.52,31525,34,64889,92,10,275,820,1028,1338,764,46,54
"""490379782001""",,1.00,699.00,327.00,2273343.93,58,68,45,19,24,15,39,44,30,8.71,0.00,2.28,2,2,26764,24282,24898,3,3,3,16332,14764,16379,12382,11171,12696,3900,3539,3628,50,54,55,43,46,47,0.4,1.5,0.20,0.00,198,62,234,74,2273,1,9044,653,749,425,70,30
"""490439642032""","""Summit Park, UT""",1.00,141.00,46.00,418219.72,,,,,,,20,23,30,,,2.52,2,2,25927,23898,24870,3,2,2,18191,17121,16381,14411,13637,12756,3779,3484,3624,1,1,1,150,134,112,1.7,1.0,0.27,0.00,284,97,368,76,756,3,4249,,,,33,67
"""490351114003""","""Salt Lake City, UT""",1.00,971.00,452.00,104.40,39,45,42,19,24,22,20,21,20,6.16,26.68,1.65,1,1,18203,16269,16649,9,9,9,12308,10480,10781,9429,7885,8127,2653,2371,2426,225,224,228,203,202,205,8.2,7.8,5.66,4.33,30636,50,62806,92,6,276,626,1004,1358,817,35,65
"""490050006002""","""Logan, UT-ID""",1.00,1661.00,697.00,172.94,40,46,36,17,21,16,23,25,20,7.14,28.79,1.58,1,1,19806,17618,18221,2,2,2,11494,10204,10796,8575,7604,8110,2886,2567,2655,34,32,32,29,28,27,8.8,4.4,13.07,4.03,11830,14,22179,90,12,137,869,704,1068,657,11,89
"""490050015001""","""Logan, UT-ID""",1.00,995.00,294.00,28453.83,72,86,66,38,47,35,34,39,30,12.11,0.13,2.41,2,2,28287,25594,26243,1,1,1,17249,15785,16403,13115,12042,12565,4122,3729,3824,12,14,14,10,12,12,0.1,0.8,0.16,0.01,990,91,1164,81,266,7,3535,1576,1576,,95,5
"""490351124033""","""Salt Lake City, UT""",1.00,1555.00,618.00,151.08,36,41,38,16,20,18,20,21,20,7.39,30.22,1.63,1,1,18962,16727,17194,9,9,9,12296,10536,10810,9309,7882,8083,2764,2437,2505,223,216,222,201,195,200,8.6,5.3,5.93,4.09,24108,28,39379,92,8,162,928,825,1065,741,26,74
"""490490025004""","""Provo-Orem, UT""",1.00,1516.00,587.00,66.47,35,41,37,15,19,17,20,22,20,7.16,63.25,1.67,1,2,19881,17597,17260,7,6,6,12581,10833,10818,9559,8156,8197,2898,2564,2515,123,113,106,111,102,96,8.9,2.7,10.14,8.83,18102,19,29078,92,7,241,676,770,1263,677,16,84
"""490111258051""","""Ogden-Clearfield, UT""",1.00,848.00,390.00,347.47,35,40,39,16,20,19,19,21,20,7.39,8.29,1.63,1,1,19327,17107,17637,6,5,6,12261,10514,10827,9332,7916,8151,2817,2493,2570,112,105,106,101,95,96,8.6,4.6,21.18,1.12,16141,20,25576,90,12,134,1027,840,,840,18,82
"""490099601001""",,1.00,776.00,263.00,446010.87,51,61,56,24,30,25,27,31,30,9.22,0.01,2.21,2,2,21983,19255,25301,2,2,3,15264,14172,16418,12024,11336,12685,3203,2806,3687,37,30,46,31,26,39,0.5,1.2,0.52,0.00,237,63,295,75,592,2,5397,1135,1144,1069,88,12
"""490111254012""","""Ogden-Clearfield, UT""",1.00,6499.00,1654.00,7204.76,57,68,65,30,38,36,27,30,29,13.17,3.02,2.29,2,2,28234,25409,26095,0,0,0,17197,15114,15464,13082,11412,11662,4116,3702,3802,0,0,0,0,0,0,0.7,1.6,1.36,0.23,3058,100,2931,84,63,17,2990,1611,1631,1372,92,8
"""490351031002""","""Salt Lake City, UT""",1.00,2350.00,818.00,107.40,39,45,42,19,24,22,20,21,20,7.49,57.06,1.66,1,2,18230,16319,16689,10,10,10,12388,10550,10849,9480,7923,8165,2657,2378,2432,251,249,252,226,224,227,7.7,8.2,6.47,7.62,32735,68,69430,92,5,274,609,976,1139,868,40,60
"""490351124024""","""Salt Lake City, UT""",1.00,1549.00,542.00,179.62,38,43,41,18,22,21,20,21,20,7.27,21.95,1.62,1,1,19340,16959,17496,10,10,10,12352,10540,10850,9272,7820,8045,2819,2471,2549,261,249,255,236,225,230,8.5,6.0,7.88,3.02,23278,18,45456,92,9,260,898,923,,923,36,64
"""490351032002""","""Salt Lake City, UT""",1.00,1133.00,556.00,106.81,38,44,41,18,23,21,20,21,20,6.15,31.99,1.63,1,1,18173,16081,16526,16,15,15,12354,10541,10854,9313,7822,8062,2649,2343,2408,391,376,383,353,340,346,7.6,8.0,7.11,5.21,31240,57,65187,92,6,264,671,951,1201,698,50,50
"""490351118022""","""Salt Lake City, UT""",1.00,948.00,524.00,180.40,45,52,49,25,31,28,20,21,20,5.86,17.01,1.66,1,1,18661,16443,16944,9,9,9,12416,10495,10855,9465,7878,8160,2720,2396,2469,231,221,226,208,199,204,8.5,7.4,6.33,2.90,32384,25,50142,91,5,174,601,1279,1308,1250,49,51
"""490379781001""",,1.00,1029.00,428.00,1408482.94,64,76,50,25,31,19,39,44,31,,,2.27,2,2,26877,24510,25217,2,3,3,16331,14761,16437,12373,11140,12713,3916,3573,3674,41,49,50,35,42,42,0.5,1.4,0.09,0.00,210,77,250,74,1408,2,7787,868,989,631,66,34
"""490399721004""",,1.00,1626.00,459.00,69392.97,63,76,59,30,38,28,33,38,31,11.57,0.08,2.31,2,2,26599,24015,26058,1,2,2,16465,15210,16438,12563,11683,12612,3876,3499,3797,27,27,29,23,23,25,0.3,0.4,0.58,0.01,363,93,427,77,315,5,3932,1275,1339,930,84,16
"""490351006004""","""Salt Lake City, UT""",1.00,990.00,424.00,148.79,34,39,37,15,18,17,20,21,20,7.48,21.32,1.58,1,1,20024,17318,18002,17,16,16,12369,10506,10866,9021,7588,7837,2919,2523,2623,429,395,406,387,356,367,8.0,8.5,6.34,2.85,19153,7,41730,90,10,185,903,756,,756,59,41
"""490251302004""",,1.00,1483.00,483.00,104902.27,55,66,52,23,29,22,32,37,30,11.57,0.05,2.25,2,2,25163,22663,25858,2,2,2,15942,14784,16310,12239,11447,12505,3667,3302,3768,36,35,37,31,30,32,0.2,0.6,0.89,0.00,268,85,309,76,719,3,4142,974,913,1203,79,21
"""490050003001""","""Logan, UT-ID""",1.00,1248.00,377.00,17045.21,65,78,60,31,39,29,34,39,30,11.90,0.26,2.37,2,2,28526,25815,26480,0,0,0,17064,15709,16313,12906,11948,12452,4157,3762,3858,2,0,3,2,0,3,0.5,0.2,0.08,0.02,831,91,1032,81,170,4,4402,1316,1411,636,88,12
"""490159763002""",,1.00,1781.00,524.00,171068.45,55,64,50,22,27,20,33,37,31,11.35,0.03,2.31,2,2,26387,23757,25900,2,2,2,16429,14638,16449,12553,11146,12643,3845,3463,3774,31,30,32,26,25,27,0.4,0.4,1.00,0.00,303,81,373,77,508,3,4573,893,937,693,82,18
"""490351119042""","""Salt Lake City, UT""",1.00,1475.00,837.00,136.43,40,46,43,20,25,23,20,21,20,5.98,36.69,1.66,1,2,19344,16955,17515,8,7,7,12464,10522,10899,9453,7876,8165,2820,2471,2552,192,175,182,173,158,164,7.9,8.7,10.53,6.13,31980,25,65225,91,14,244,1136,1041,1224,838,53,47
"""490351113061""","""Salt Lake City, UT""",1.00,1724.00,721.00,216.52,44,52,48,24,30,28,20,21,20,7.55,25.13,1.66,1,2,19543,17419,17866,5,4,5,12420,10599,10900,9458,7950,8181,2849,2538,2603,113,111,116,102,100,104,8.3,7.2,5.72,3.33,21640,29,27763,89,14,133,1152,1255,1594,1140,25,75
"""490351135121""","""Salt Lake City, UT""",1.00,2113.00,937.00,284.35,37,42,39,16,21,19,20,21,20,7.02,23.12,1.64,1,1,19998,17237,17922,6,5,6,12460,10520,10902,9383,7875,8147,2915,2512,2611,162,134,144,146,121,130,8.2,7.4,12.78,3.30,27365,1,52393,91,18,146,1137,854,948,758,51,49
"""490190003003""",,1.00,1790.00,780.00,370468.61,69,81,54,31,39,24,38,42,30,10.15,0.02,2.22,2,2,24800,22314,25540,2,2,3,15754,14037,16315,12096,10742,12547,3614,3252,3721,44,43,47,37,36,40,0.2,1.1,0.67,0.00,212,75,251,74,1032,2,7585,1066,1203,448,82,18
"""490379421001""",,1.00,2455.00,391.00,331006.13,56,65,43,16,20,13,40,45,30,12.90,0.02,2.29,2,2,27391,24784,25315,2,3,3,16516,14793,16316,12480,11133,12575,3991,3613,3689,45,47,52,39,40,44,0.2,1.4,0.20,0.00,201,68,233,74,988,2,5413,567,588,438,86,14
"""490490101033""","""Provo-Orem, UT""",1.00,1746.00,458.00,18316.62,57,67,62,27,34,31,30,33,30,12.47,0.31,2.47,2,2,29803,27135,26598,0,0,0,18436,16403,16318,14092,12449,12442,4344,3954,3876,0,0,0,0,0,0,0.8,0.2,2.28,0.03,1624,100,1954,84,122,12,2310,1403,1403,,81,19
"""490050005011""","""Logan, UT-ID""",1.00,1132.00,402.00,121.61,40,47,36,17,22,16,23,26,20,7.75,25.62,1.61,1,2,19290,17182,17771,2,2,2,11627,10316,10909,8775,7773,8284,2811,2504,2589,42,39,36,35,33,31,8.7,4.1,4.66,3.31,12744,24,24471,90,9,242,751,725,1036,671,15,85
"""490351127003""","""Salt Lake City, UT""",1.00,1347.00,467.00,169.00,38,44,41,18,22,21,20,21,20,7.20,19.90,1.68,1,2,17842,16061,16374,10,11,11,12461,10628,10913,9600,8025,8262,2601,2340,2386,259,264,265,234,238,239,8.3,5.8,5.57,2.76,24172,57,42465,92,2,420,397,929,890,949,34,66
"""490490104092""","""Provo-Orem, UT""",1.00,1329.00,289.00,8990.59,59,69,63,29,36,33,30,33,30,13.27,0.43,2.51,2,2,29500,26754,26152,0,0,0,18651,16472,16329,14345,12572,12516,4300,3898,3811,6,2,2,6,2,2,0.6,0.1,1.44,0.03,1044,96,1057,82,72,19,1645,1471,1471,,93,7
"""490439641021""","""Summit Park, UT""",1.00,945.00,314.00,170329.85,39,47,64,20,24,33,20,23,30,11.90,0.02,2.48,2,2,27220,24564,26006,2,1,1,18137,16854,16331,14169,13273,12541,3968,3581,3789,1,0,0,106,62,54,0.7,1.0,0.07,0.00,554,87,768,79,564,2,5397,1497,1642,1171,69,31
"""490490106001""","""Provo-Orem, UT""",1.00,1586.00,386.00,97429.62,57,67,61,27,34,31,30,33,30,12.12,0.05,2.48,2,2,29287,26589,25999,1,0,1,18433,16421,16333,14152,12538,12536,4269,3874,3788,12,8,9,11,7,8,1.3,0.4,0.14,0.00,680,86,904,80,97,15,1849,1394,1509,767,84,16
"""490490022013""","""Provo-Orem, UT""",1.00,1744.00,555.00,309.02,40,47,43,20,25,23,20,22,20,8.19,14.72,1.66,2,2,20544,18154,17764,7,6,6,12622,10938,10934,9500,8180,8241,2995,2645,2588,127,113,105,114,102,95,8.8,1.3,12.49,1.80,12372,8,20479,91,13,105,1249,1036,1056,1033,13,87
"""490439641011""","""Summit Park, UT""",1.00,1299.00,478.00,194382.72,36,43,58,16,20,28,20,23,30,11.39,0.03,2.48,2,2,27264,24518,26042,2,1,1,18146,16822,16338,14171,13247,12543,3974,3574,3795,1,0,0,117,68,63,0.6,1.1,0.69,0.00,522,86,709,78,434,3,4929,1250,1380,838,76,24
"""490439644024""","""Summit Park, UT""",1.00,1751.00,642.00,213.82,30,35,47,16,20,27,14,15,20,8.93,26.80,1.69,2,2,20293,17701,19005,11,9,11,12583,11226,10941,9622,8642,8168,2958,2580,2769,4,3,3,629,533,626,7.9,6.5,4.10,3.00,4510,25,11313,86,11,157,1042,1219,1664,930,39,61
"""490111258083""","""Ogden-Clearfield, UT""",1.00,643.00,342.00,131.16,37,43,42,18,22,21,19,21,20,6.87,17.91,1.65,1,2,20009,17618,18192,4,4,4,12420,10617,10942,9421,7976,8216,2917,2567,2651,82,74,75,74,67,68,8.6,5.1,4.94,2.61,14782,16,23297,90,9,118,832,954,897,974,26,74
"""490351034002""","""Salt Lake City, UT""",1.00,1313.00,669.00,107.84,40,46,43,20,24,23,20,21,20,6.57,40.74,1.67,1,2,18580,16492,16938,10,9,10,12495,10616,10947,9546,7979,8240,2708,2403,2468,241,235,239,217,212,216,7.9,8.1,6.80,6.20,33551,48,55511,91,7,279,723,1013,1427,674,45,55
"""490319601001""",,1.00,897.00,257.00,73935.47,68,81,47,25,32,17,43,49,30,11.44,0.04,2.21,2,2,26400,23968,25766,2,2,2,15293,14214,16341,11415,10685,12550,3848,3494,3754,30,35,36,25,30,31,0.6,0.3,0.28,0.00,250,85,285,76,411,3,3989,760,800,625,77,23
"""490050013001""","""Logan, UT-ID""",1.00,2090.00,622.00,19184.91,74,89,67,40,50,37,34,39,30,12.03,0.39,2.38,2,2,28710,25958,26636,0,0,0,17113,15736,16342,12930,11953,12461,4183,3782,3881,0,0,0,0,0,0,0.1,0.7,0.55,0.03,1399,96,1505,82,213,6,2919,1662,1711,1075,92,8
"""490572009001""","""Ogden-Clearfield, UT""",1.00,1698.00,646.00,226.97,33,37,36,13,17,16,20,21,20,7.56,21.50,1.66,1,2,18981,16961,17440,5,5,5,12459,10623,10952,9493,7957,8217,2767,2471,2541,199,195,194,179,176,175,8.5,6.7,5.02,2.85,16525,39,29325,90,5,240,600,703,793,672,26,74
"""490050001021""","""Logan, UT-ID""",1.00,948.00,307.00,24614.59,56,67,51,22,28,21,34,39,30,11.50,0.14,2.38,2,2,28261,25694,26314,1,1,1,17061,15754,16347,12929,11996,12496,4118,3744,3834,14,14,16,12,12,14,0.5,0.2,0.09,0.01,461,95,559,79,209,3,3484,928,976,714,82,18
"""490351123012""","""Salt Lake City, UT""",1.00,1586.00,576.00,245.20,40,47,44,20,25,23,20,21,20,7.34,17.24,1.64,1,1,18996,16844,17309,12,12,12,12437,10655,10955,9365,7904,8131,2769,2454,2522,303,297,301,273,268,272,7.6,8.6,7.01,2.35,28425,45,60404,91,14,133,1081,1049,1456,779,40,60
"""490572002021""","""Ogden-Clearfield, UT""",1.00,1605.00,636.00,268.52,35,40,39,16,20,19,19,21,20,7.13,16.89,1.63,1,1,19226,17013,17541,7,7,7,12410,10637,10955,9295,7868,8105,2803,2479,2556,312,291,294,282,262,265,8.8,3.8,7.78,2.37,13840,13,13556,88,12,155,925,832,,832,17,83
"""490111258011""","""Ogden-Clearfield, UT""",1.00,2726.00,1131.00,373.72,36,42,40,17,21,20,19,21,20,6.99,21.17,1.65,1,2,19622,17350,17894,7,7,7,12434,10641,10963,9437,7987,8227,2860,2528,2607,137,126,128,123,114,115,8.5,4.4,7.35,3.03,16005,20,25309,90,12,127,1092,900,1159,817,24,76
"""490490014024""","""Provo-Orem, UT""",1.00,1135.00,301.00,148.44,37,42,39,16,20,19,21,22,20,8.30,16.84,1.69,2,2,20023,17738,17384,7,7,6,12728,10991,10963,9676,8284,8315,2919,2585,2533,133,122,115,120,110,104,8.4,3.9,5.92,2.03,19453,25,30409,91,15,160,1214,836,1328,711,20,80
"""490351003082""","""Salt Lake City, UT""",1.00,2550.00,760.00,101.40,42,49,46,22,28,26,20,21,20,8.71,65.27,1.63,1,1,20504,18138,18661,7,7,7,12468,10679,10966,9294,7870,8072,2989,2643,2719,185,167,175,167,150,158,8.0,8.2,7.01,7.49,14011,36,28709,89,10,284,871,1147,1509,943,36,64
"""490351135143""","""Salt Lake City, UT""",1.00,1274.00,427.00,96.40,37,43,40,17,21,20,20,21,20,7.77,34.41,1.65,1,2,20127,17154,17916,8,7,7,12565,10562,10968,9425,7887,8172,2934,2500,2611,207,175,185,186,158,167,8.2,7.8,8.33,4.43,27317,2,51850,91,7,297,887,884,863,926,67,33
"""490532714002""","""St. George, UT""",1.00,1094.00,361.00,110.13,37,44,35,16,20,15,21,24,20,8.22,26.93,1.47,1,2,19278,17082,19122,3,3,3,10813,9653,10969,7981,7141,8163,2809,2489,2786,23,23,19,57,56,47,8.3,7.6,4.40,3.28,9153,37,19078,87,7,221,701,675,,675,25,75
"""490572013022""","""Ogden-Clearfield, UT""",1.00,1394.00,407.00,80.16,34,39,37,14,18,17,20,21,20,7.76,39.40,1.64,1,1,19272,17140,17648,6,6,6,12477,10640,10970,9391,7882,8136,2809,2498,2571,276,260,262,249,235,237,8.2,7.7,5.30,5.08,17134,41,26105,89,6,255,666,763,941,682,31,69
"""490111254033""","""Ogden-Clearfield, UT""",1.00,4672.00,1158.00,46265.29,56,66,63,28,35,33,28,31,30,13.11,0.33,2.43,2,2,28575,25698,26397,0,0,0,18059,16036,16365,13893,12292,12518,4165,3745,3846,0,0,0,0,0,0,0.2,1.2,1.72,0.03,4033,94,4490,85,321,3,6725,1474,1448,1678,89,11
"""490351049002""","""Salt Lake City, UT""",1.00,1808.00,626.00,100.38,42,49,46,22,27,25,20,21,20,7.89,49.22,1.67,1,2,18558,16459,16908,11,11,11,12505,10645,10971,9519,7974,8230,2705,2398,2464,281,272,278,254,246,251,7.9,7.6,6.12,6.24,32679,47,55223,92,8,211,787,1131,1476,854,45,55
"""490351118012""","""Salt Lake City, UT""",1.00,2379.00,925.00,173.96,40,46,43,20,25,23,20,21,20,7.25,38.54,1.67,1,2,19280,16873,17446,9,8,8,12560,10588,10978,9531,7929,8228,2810,2459,2542,218,201,208,197,181,187,8.1,7.9,8.77,5.32,33328,20,60017,92,9,353,721,1021,1095,925,56,44
"""490039604001""","""Ogden-Clearfield, UT""",1.00,1576.00,538.00,128742.70,47,55,53,19,23,22,28,31,30,11.71,0.05,2.42,2,2,28144,25512,26149,1,1,1,17977,16065,16368,13832,12314,12523,4103,3717,3810,42,33,35,38,30,31,0.4,0.7,0.06,0.00,523,87,680,79,519,2,6527,994,1156,480,76,24
"""490351128172""","""Salt Lake City, UT""",1.00,2988.00,1187.00,1296.79,45,53,50,25,32,29,20,22,20,8.21,7.51,1.65,1,2,19655,17527,17965,8,7,8,12448,10712,10980,9392,7970,8170,2865,2554,2618,191,188,192,172,169,173,8.3,5.2,5.63,0.92,18106,24,43717,92,19,75,1259,1319,1683,1233,19,81
"""490490018032""","""Provo-Orem, UT""",1.00,934.00,381.00,76.77,36,42,39,16,20,18,21,22,20,7.36,36.55,1.70,2,2,20097,17889,17582,6,6,5,12765,10997,10981,9734,8292,8325,2930,2607,2562,101,98,94,92,89,85,8.7,4.1,6.06,4.96,19517,33,30025,91,6,258,619,819,1305,698,20,80
"""490439643071""","""Summit Park, UT""",1.00,288.00,186.00,334.99,33,39,53,19,24,32,14,15,20,6.87,3.81,1.68,2,1,20807,18063,19505,6,4,5,12642,11259,10990,9607,8625,8146,3033,2633,2842,2,1,2,338,253,309,8.4,4.5,3.44,0.56,4024,0,7150,85,18,92,1003,1443,1245,1526,30,70
"""490351126101""","""Salt Lake City, UT""",1.00,1671.00,679.00,159.61,42,49,46,22,27,25,20,21,20,7.10,30.20,1.66,1,2,18952,16766,17251,12,12,12,12527,10657,10994,9460,7923,8182,2763,2443,2514,305,292,299,275,263,269,8.4,5.8,9.20,4.25,26911,24,38895,91,8,196,831,1129,1409,927,42,58
"""490251301003""",,1.00,1055.00,322.00,101357.39,56,67,53,24,30,22,33,38,31,11.63,0.04,2.31,2,2,25446,22974,26142,2,2,2,16327,15168,16699,12591,11792,12861,3708,3348,3809,29,28,29,24,24,25,0.2,0.3,0.40,0.00,319,91,353,77,600,3,4792,994,1045,803,79,21
"""490351123011""","""Salt Lake City, UT""",1.00,830.00,327.00,46.08,37,43,40,17,21,20,20,21,20,7.75,55.02,1.63,1,2,20665,17712,18420,5,4,4,12458,10689,10995,9328,8018,8211,3012,2581,2684,118,90,100,107,81,91,7.9,8.5,14.79,7.10,28622,21,58813,91,12,182,1118,889,889,,55,45
"""490351119033""","""Salt Lake City, UT""",1.00,1423.00,638.00,168.37,41,48,45,21,26,24,20,21,20,6.65,25.20,1.69,1,2,18843,16769,17205,6,6,6,12550,10656,10995,9644,8058,8330,2747,2443,2507,159,154,158,143,139,142,7.8,8.3,7.79,3.79,33098,45,66291,92,12,179,874,1096,1389,885,42,58
"""490351115001""","""Salt Lake City, UT""",1.00,1820.00,710.00,1861.61,34,40,37,15,18,17,20,22,20,6.75,2.57,1.66,1,2,18173,16469,16778,13,12,13,12426,10715,10998,9455,8004,8237,2649,2400,2445,322,310,317,290,280,286,7.9,8.2,17.82,0.38,22901,41,67812,92,14,103,1026,752,798,734,28,72
"""490419751004""",,1.00,1069.00,365.00,63072.23,63,73,54,27,34,23,36,40,31,11.45,0.07,2.34,2,2,26620,23969,26240,1,1,2,16618,14730,16704,12712,11210,12850,3879,3494,3824,27,26,30,23,22,26,0.1,0.7,0.81,0.01,301,96,364,76,203,6,2564,1036,1040,963,94,6
"""490279741001""",,1.00,1811.00,515.00,297730.07,54,65,52,21,27,21,33,38,31,12.04,0.02,2.39,2,2,26933,24510,26048,1,2,2,16934,15772,16705,12983,12173,12881,3924,3571,3795,26,28,28,23,24,24,0.4,0.3,0.31,0.00,289,94,364,77,515,3,4356,922,994,746,71,29
"""490351134061""","""Salt Lake City, UT""",1.00,2160.00,678.00,161.26,39,45,42,18,23,21,20,21,20,7.76,32.63,1.67,1,2,19753,17555,18023,6,5,6,12564,10678,11010,9540,7986,8244,2879,2558,2626,144,134,140,130,121,126,7.8,8.0,6.26,4.20,22461,36,42278,90,15,111,1477,956,1151,838,38,62
"""490050005012""","""Logan, UT-ID""",1.00,1371.00,559.00,121.64,38,45,34,15,19,14,23,26,20,7.08,32.53,1.63,1,2,19292,17179,17770,4,3,3,11750,10439,11032,8871,7874,8383,2811,2503,2589,69,62,60,58,53,51,8.6,3.5,7.13,4.60,12607,27,22363,90,9,132,778,625,903,569,17,83
"""490351111021""","""Salt Lake City, UT""",1.00,2228.00,1086.00,169.94,41,47,44,21,26,24,20,21,20,6.90,44.10,1.68,1,2,19800,17411,17972,6,5,6,12644,10652,11037,9606,7978,8275,2886,2537,2619,152,136,143,137,123,129,7.9,8.5,8.10,6.39,26677,26,51196,90,8,203,819,1070,1296,790,55,45
"""490050008003""","""Logan, UT-ID""",1.00,934.00,414.00,166.87,38,45,34,15,19,14,23,26,20,7.04,17.47,1.62,1,2,19413,17312,17899,5,4,4,11741,10447,11039,8830,7845,8353,2829,2523,2608,82,79,77,70,68,66,8.5,3.5,3.65,2.48,12752,28,21393,90,9,153,755,622,,622,17,83
"""490572104041""","""Ogden-Clearfield, UT""",1.00,887.00,321.00,3651.46,56,66,63,29,36,34,27,30,29,11.65,1.02,2.29,2,2,28060,25329,25991,0,0,0,17140,15136,15469,13050,11445,11682,4090,3691,3787,0,0,0,0,0,0,1.5,1.0,0.20,0.09,3108,95,3844,85,74,8,2535,1542,1670,1036,80,20
"""490490011082""","""Provo-Orem, UT""",1.00,1936.00,670.00,179.30,37,43,39,16,20,19,21,22,20,7.58,28.31,1.73,2,2,19800,17593,17275,5,5,4,12883,11083,11045,9900,8432,8449,2886,2563,2517,97,87,79,87,79,71,8.7,2.5,7.55,3.74,17553,24,29864,92,8,200,754,834,1045,787,18,82
"""490490020002""","""Provo-Orem, UT""",1.00,2536.00,846.00,118.90,39,45,41,18,23,21,21,22,21,8.33,59.27,1.73,2,2,20164,17881,17534,6,6,5,12911,11094,11051,9862,8388,8401,2939,2605,2555,110,101,95,99,91,85,8.6,4.0,8.66,7.12,21518,29,32374,92,7,161,697,935,1272,822,25,75
"""490351129142""","""Salt Lake City, UT""",1.00,2509.00,974.00,132.99,42,49,46,22,27,25,20,22,21,7.59,55.59,1.69,1,2,19325,17062,17553,6,6,6,12643,10716,11056,9666,8081,8343,2817,2486,2558,160,149,155,144,134,140,8.4,6.5,14.82,7.32,24973,30,32962,90,6,298,687,1125,1589,798,41,59
"""490351049001""","""Salt Lake City, UT""",1.00,762.00,329.00,91.29,40,46,43,19,24,22,20,22,21,7.54,27.16,1.68,1,2,18600,16504,16953,13,12,12,12605,10728,11062,9576,8015,8278,2711,2405,2470,318,309,314,286,279,283,7.7,7.9,5.40,3.60,32166,52,60053,92,5,273,716,1006,1155,844,52,48
"""490572016002""","""Ogden-Clearfield, UT""",1.00,1136.00,477.00,92.48,34,39,38,15,18,17,20,21,21,7.41,38.24,1.65,1,1,19827,17566,18107,7,6,7,12594,10729,11065,9400,7893,8146,2890,2560,2638,304,276,281,274,249,253,8.0,8.0,5.78,5.16,16367,34,25023,88,10,166,856,777,1050,622,36,64
"""490490023001""","""Provo-Orem, UT""",1.00,1262.00,339.00,121.01,39,45,42,18,23,21,21,22,21,9.19,25.75,1.71,2,2,20778,18390,18008,4,4,4,12835,11089,11073,9734,8342,8386,3029,2680,2624,73,67,63,65,61,57,8.8,2.7,7.34,2.80,16910,18,23383,91,7,222,934,947,1022,927,21,79
"""490159765003""",,1.00,1244.00,401.00,1654221.31,55,64,51,22,27,20,33,37,31,10.71,0.00,2.33,2,2,25452,22953,25009,3,3,3,16414,14750,16502,12656,11357,12811,3709,3346,3644,49,47,47,42,40,40,0.4,1.0,0.89,0.00,223,71,271,75,1654,1,6632,896,1071,504,69,31
"""490351035003""","""Salt Lake City, UT""",1.00,1505.00,576.00,108.31,43,50,46,22,28,26,20,22,21,7.54,40.11,1.70,1,2,18949,16837,17292,8,8,8,12656,10728,11075,9683,8066,8344,2762,2453,2520,211,208,211,190,187,190,7.7,8.4,6.47,5.32,34143,51,65079,92,6,189,644,1164,1443,873,51,49
"""490379420002""",,1.00,1417.00,366.00,372586.47,69,81,52,28,35,22,41,45,31,11.15,0.01,2.35,2,2,27580,24884,25348,2,2,3,16829,15009,16504,12766,11338,12760,4019,3627,3694,44,44,51,37,37,43,0.3,1.6,0.09,0.00,202,69,231,74,373,5,3917,981,994,625,96,4
"""490111269016""","""Ogden-Clearfield, UT""",1.00,443.00,164.00,254.67,35,41,39,16,19,18,20,21,21,7.40,4.76,1.67,1,2,19706,17696,18172,6,6,6,12518,10767,11078,9534,8074,8317,2873,2578,2648,111,115,114,100,104,102,8.4,5.8,3.41,0.64,14843,36,20357,89,9,152,942,826,,826,20,80
"""490451307012""","""Salt Lake City, UT""",1.00,1605.00,415.00,20681.45,57,67,63,28,35,32,29,32,31,12.67,0.25,2.46,2,2,28859,25987,26700,0,0,0,18224,16161,16511,14017,12375,12620,4207,3787,3891,0,0,0,0,0,0,0.0,2.3,2.20,0.02,2287,99,2758,83,291,5,2640,1437,1437,,95,5
"""490039608011""","""Ogden-Clearfield, UT""",1.00,691.00,244.00,22564.19,52,61,58,23,29,28,29,32,31,11.49,0.12,2.46,2,2,28611,25807,26488,0,0,0,18230,16179,16512,14045,12416,12647,4171,3760,3860,15,3,5,14,3,5,0.2,0.9,0.50,0.01,1421,96,1447,81,178,5,2922,1243,1292,753,91,9
"""490490009011""","""Provo-Orem, UT""",1.00,1637.00,612.00,115.16,38,44,40,17,21,19,21,22,21,7.34,38.99,1.73,2,2,20426,18118,17762,5,4,4,12953,11137,11096,9889,8419,8436,2978,2640,2588,87,78,72,78,71,65,8.7,3.4,9.37,5.31,18225,24,28725,91,7,228,690,870,1246,756,23,77
"""490490007031""","""Provo-Orem, UT""",1.00,1855.00,623.00,124.02,39,45,41,18,22,21,21,23,21,8.14,40.87,1.72,2,2,20796,18381,17975,5,5,4,12975,11159,11108,9847,8396,8412,3031,2678,2619,96,84,77,87,76,70,8.7,3.1,9.81,5.02,17337,16,27373,91,10,289,863,926,1230,825,25,75
"""490011001001""",,1.00,525.00,220.00,326215.78,53,63,49,19,24,18,33,39,31,9.74,0.01,2.36,2,2,26295,24010,25563,2,2,2,16732,15616,16536,12869,12083,12777,3831,3499,3725,32,35,34,27,30,29,1.1,0.3,0.29,0.00,264,90,315,76,417,3,4644,816,816,,62,38
"""490490019001""","""Provo-Orem, UT""",1.00,1492.00,177.00,128.94,35,40,37,14,17,16,21,22,21,7.98,10.96,1.72,2,2,19960,17698,17361,7,7,6,12881,11136,11111,9845,8439,8468,2910,2579,2530,126,119,113,114,107,102,8.3,4.4,7.44,1.37,22117,35,34134,92,12,149,876,719,,719,24,76
"""490351110022""","""Salt Lake City, UT""",1.00,2062.00,915.00,214.65,46,53,50,25,32,29,20,22,21,7.10,30.27,1.70,1,2,19720,17655,18090,4,4,4,12692,10779,11112,9717,8107,8373,2875,2573,2636,101,99,103,91,90,93,8.1,7.5,15.01,4.26,22969,36,35370,90,10,230,1006,1318,1824,1040,36,64
"""490351124042""","""Salt Lake City, UT""",1.00,2727.00,999.00,322.90,40,46,43,20,25,23,20,22,21,7.62,23.58,1.67,1,2,18600,16711,17082,14,14,14,12609,10818,11116,9543,8034,8273,2711,2435,2489,355,349,354,320,314,319,7.9,5.9,4.60,3.09,26450,44,40778,91,12,172,1010,1025,1198,935,34,66
"""490532701003""","""St. George, UT""",1.00,1841.00,517.00,59354.46,64,77,61,32,40,30,33,38,31,12.03,0.10,2.32,2,2,26842,24274,26386,1,1,1,16567,15338,16546,12648,11793,12692,3911,3537,3845,8,8,8,19,19,20,0.1,0.4,0.67,0.01,485,98,490,78,373,3,3511,1343,1392,1103,83,17
"""490532703003""","""St. George, UT""",1.00,2504.00,753.00,32278.07,64,77,61,32,40,30,33,38,31,12.34,0.29,2.32,2,2,27265,24594,26791,0,0,0,16599,15325,16546,12624,11739,12640,3973,3584,3904,2,2,3,5,4,7,0.0,0.5,0.49,0.02,784,100,932,80,419,3,4140,1345,1310,1606,88,12
"""490351028021""","""Salt Lake City, UT""",1.00,1241.00,349.00,744.05,40,46,43,19,24,22,20,22,21,7.12,3.34,1.67,1,2,19247,17278,17668,9,9,9,12576,10868,11121,9538,8115,8310,2806,2518,2574,233,235,237,210,212,214,7.7,8.3,3.44,0.47,21892,47,65265,92,18,74,1229,1002,1141,957,24,76
"""490299701001""","""Ogden-Clearfield, UT""",1.00,3269.00,867.00,220943.40,65,78,74,37,46,43,29,32,31,12.46,0.05,2.46,2,2,28424,25701,26361,1,1,1,18202,16247,16558,14040,12489,12703,4143,3745,3841,18,13,14,16,11,12,0.2,1.3,0.78,0.00,695,89,916,79,497,3,4272,1952,2108,1176,83,17
"""490211107013""","""Cedar City, UT""",1.00,809.00,320.00,122.01,38,43,31,12,15,10,25,27,21,7.62,19.99,1.49,1,2,20565,18181,19682,2,1,1,11110,9632,11133,8086,6959,8244,2997,2650,2868,28,22,21,24,19,17,8.5,5.1,4.09,2.62,6009,14,6916,85,14,189,1087,447,,447,20,80
"""490351028023""","""Salt Lake City, UT""",1.00,2327.00,546.00,409.79,42,49,46,22,28,25,20,22,21,9.20,12.26,1.65,1,2,20391,18113,18623,8,8,8,12630,10844,11145,9448,8003,8225,2972,2639,2714,209,201,206,189,181,186,7.4,8.5,7.53,1.33,18790,33,55838,91,29,73,1455,1143,1490,943,37,63
"""490559791001""",,1.00,1367.00,420.00,158451.05,65,76,50,25,31,19,40,44,31,11.66,0.03,2.26,2,2,26154,23632,26074,1,1,1,16142,14376,16468,12316,10914,12650,3811,3445,3799,15,17,18,13,14,16,0.5,0.7,0.32,0.00,643,84,711,79,419,3,4011,853,934,544,79,21
"""490351133083""","""Salt Lake City, UT""",1.00,1337.00,498.00,161.16,39,45,42,19,23,22,20,22,21,7.57,23.40,1.67,1,2,20035,17664,18197,10,9,9,12703,10816,11158,9536,8012,8269,2921,2574,2652,247,231,238,222,208,214,7.7,7.9,4.50,3.09,23236,32,47867,91,13,179,1007,970,1151,804,48,52
"""490351112021""","""Salt Lake City, UT""",1.00,2733.00,1012.00,373.56,42,49,46,21,27,25,20,22,21,8.05,21.80,1.70,1,2,19876,17663,18148,4,4,4,12743,10827,11171,9734,8145,8415,2897,2574,2644,112,108,112,101,97,101,7.9,7.5,15.75,2.71,26141,32,39156,90,14,154,1223,1113,1370,940,40,60
"""490351119041""","""Salt Lake City, UT""",1.00,921.00,423.00,104.05,42,48,45,21,26,24,21,22,21,7.61,30.93,1.71,1,2,19901,17508,18076,7,6,6,12803,10789,11186,9736,8083,8393,2901,2551,2634,166,155,159,150,140,144,7.6,8.6,7.34,4.07,31662,31,66207,91,9,172,920,1091,1188,929,63,37
"""490111269023""","""Ogden-Clearfield, UT""",1.00,2649.00,934.00,288.95,40,46,45,20,25,24,20,21,21,8.25,26.67,1.70,1,2,19989,17886,18386,6,6,6,12704,10862,11191,9680,8149,8405,2914,2606,2679,110,107,107,99,96,96,8.2,5.7,5.59,3.23,14565,35,18307,88,8,217,761,1070,1229,1005,29,71
"""490211106001""","""Cedar City, UT""",1.00,600.00,339.00,133.68,38,43,31,12,15,10,25,28,21,7.83,19.85,1.50,1,2,20501,18412,19812,1,1,0,11135,9683,11195,8138,6988,8303,2987,2684,2887,9,11,5,8,10,5,8.4,5.9,4.01,2.54,5879,36,7978,85,8,154,748,446,,446,14,86
"""490351135134""","""Salt Lake City, UT""",1.00,2963.00,909.00,224.04,41,48,45,21,26,24,21,22,21,8.56,34.73,1.71,2,2,19527,17373,17819,5,5,5,12761,10872,11195,9781,8212,8465,2846,2531,2597,134,128,134,121,116,120,7.9,6.9,14.13,4.06,26043,42,35441,90,11,160,1063,1074,1470,849,36,64
"""490351126122""","""Salt Lake City, UT""",1.00,1514.00,659.00,230.48,41,47,44,20,26,24,20,22,21,6.94,19.83,1.69,2,2,20053,17552,18117,7,7,7,12724,10894,11200,9622,8168,8385,2923,2558,2640,179,169,175,161,152,158,8.2,6.0,7.53,2.86,23805,28,35035,91,8,214,770,1058,1225,940,41,59
"""490532702002""","""St. George, UT""",1.00,1919.00,538.00,190262.09,60,72,56,27,34,25,33,38,31,11.92,0.03,2.35,2,2,26596,24009,26119,1,1,2,16675,15479,16662,12789,11970,12846,3875,3498,3806,10,10,11,25,25,26,0.3,0.4,0.76,0.00,346,89,400,77,446,3,3501,1135,1206,826,81,19
"""490532701002""","""St. George, UT""",1.00,648.00,295.00,69673.39,67,81,63,34,43,32,33,38,31,9.95,0.04,2.34,2,2,26664,24173,26251,1,1,1,16648,15478,16666,12755,11947,12832,3885,3522,3825,8,9,9,20,21,21,0.3,0.2,0.13,0.00,455,95,428,78,524,3,4662,1439,1630,857,75,25
"""490490017023""","""Provo-Orem, UT""",1.00,1569.00,346.00,75.16,44,51,47,23,28,26,21,23,21,8.85,40.75,1.77,2,2,19930,17758,17459,4,4,3,13085,11245,11206,10108,8591,8604,2905,2588,2544,72,66,59,65,59,53,8.5,4.2,6.75,4.60,17958,41,25536,91,4,324,580,1174,,1174,25,75
"""490351038002""","""Salt Lake City, UT""",1.00,1367.00,493.00,106.20,47,55,51,27,33,31,21,22,21,8.00,37.14,1.70,1,2,18983,16898,17344,11,11,11,12755,10875,11206,9705,8137,8398,2767,2462,2527,283,276,281,255,249,253,7.5,7.7,4.84,4.64,31347,53,44699,91,9,182,796,1375,1662,1116,47,53
"""490399721001""",,1.00,1465.00,475.00,127455.27,63,76,59,30,37,28,33,38,31,11.40,0.04,2.35,2,2,26784,24084,26188,1,1,1,16703,15469,16679,12779,11940,12840,3903,3509,3816,21,19,23,18,17,20,0.3,0.3,0.31,0.00,408,86,486,78,312,6,3478,1258,1298,955,88,12
"""490490020001""","""Provo-Orem, UT""",1.00,1368.00,314.00,70.38,40,47,43,19,24,22,21,23,21,9.84,43.91,1.68,2,2,21702,19154,18754,2,2,1,12778,11175,11209,9576,8357,8453,3164,2791,2733,39,27,22,35,25,20,8.6,3.5,4.57,4.46,20098,22,27644,91,12,246,1051,996,,996,20,80
"""490050008004""","""Logan, UT-ID""",1.00,988.00,485.00,89.64,43,51,39,19,24,18,24,26,21,7.05,38.16,1.67,1,2,19715,17392,18021,4,3,3,12009,10606,11214,9065,8013,8532,2873,2534,2626,71,59,56,60,50,48,8.6,3.5,7.96,5.41,12366,18,19878,90,6,236,607,810,1232,614,32,68
"""490351035002""","""Salt Lake City, UT""",1.00,1625.00,738.00,109.27,46,54,50,25,32,29,21,22,21,7.65,51.70,1.72,2,2,19129,17007,17466,9,9,9,12805,10866,11216,9791,8169,8448,2788,2478,2545,225,218,222,203,197,200,7.3,8.5,5.95,6.75,33555,60,59148,91,7,269,713,1321,1767,788,54,46
"""490351108002""","""Salt Lake City, UT""",1.00,1356.00,636.00,303.37,45,53,49,25,31,28,21,22,21,6.85,14.36,1.70,1,2,20164,17930,18431,6,5,6,12792,10868,11220,9708,8117,8392,2939,2613,2686,144,138,142,130,124,128,7.6,8.3,5.89,2.10,24019,35,43939,90,14,106,1060,1275,1664,940,46,54
"""490351135091""","""Salt Lake City, UT""",1.00,3302.00,1131.00,221.57,35,40,37,14,18,17,21,22,21,8.25,42.13,1.69,1,2,20576,17581,18358,8,6,7,12878,10776,11220,9676,8055,8373,2999,2562,2675,203,160,173,183,144,156,8.1,7.0,8.50,5.10,25416,0,55588,92,5,315,705,744,695,899,76,24
"""490351049003""","""Salt Lake City, UT""",1.00,731.00,336.00,133.51,40,47,44,20,25,23,21,22,21,6.81,17.14,1.71,2,2,18825,16880,17265,10,10,10,12760,10926,11223,9761,8206,8446,2744,2460,2516,255,260,262,230,235,236,7.7,7.7,5.20,2.52,31940,62,59009,92,7,235,681,1020,1355,803,39,61
"""490351133081""","""Salt Lake City, UT""",1.00,1810.00,399.00,84.99,39,45,42,18,23,21,21,22,21,8.77,41.17,1.71,2,2,19385,17339,17757,8,7,7,12783,10894,11225,9763,8186,8449,2826,2526,2587,195,182,188,176,164,170,7.3,7.3,4.40,4.69,23894,54,56459,92,12,226,1293,942,,942,43,57
"""490351133072""","""Salt Lake City, UT""",1.00,1940.00,507.00,127.99,40,46,43,19,24,22,21,22,21,9.37,37.12,1.72,2,2,20809,18626,19074,4,4,4,12979,11068,11383,9835,8243,8492,3033,2714,2779,110,111,112,99,100,101,7.4,8.2,4.17,3.96,21431,59,62599,92,8,175,858,998,1138,893,43,57
"""490050005022""","""Logan, UT-ID""",1.00,2382.00,819.00,513.56,44,52,40,20,25,19,24,27,21,9.09,14.50,1.65,1,2,21548,19113,19768,1,1,1,12136,10786,11390,8976,7983,8493,3140,2785,2880,20,17,17,17,15,14,8.2,3.4,6.83,1.59,10610,12,22953,91,22,98,1072,838,1049,761,27,73
"""490351033003""","""Salt Lake City, UT""",1.00,1226.00,608.00,107.70,43,50,46,22,27,25,21,22,21,6.95,39.26,1.74,2,2,19095,17001,17451,12,11,12,12988,11033,11392,9907,8268,8556,2783,2477,2543,298,288,293,269,260,264,6.8,8.0,5.76,5.65,33115,70,57758,91,6,250,635,1137,1417,671,63,38
"""490572008003""","""Ogden-Clearfield, UT""",1.00,1256.00,357.00,106.99,37,42,41,16,20,19,20,22,21,8.65,28.85,1.71,2,2,19925,17856,18348,6,6,6,12919,11060,11392,9757,8207,8467,2905,2602,2673,258,252,251,233,227,227,7.6,7.6,4.57,3.34,17882,60,28328,89,7,173,713,871,1121,733,36,64
"""490351043002""","""Salt Lake City, UT""",1.00,1495.00,636.00,131.97,47,55,51,26,32,30,21,22,21,7.59,36.60,1.73,2,2,20654,18428,18924,4,4,4,12985,11058,11393,9872,8273,8532,3011,2685,2757,103,100,103,92,90,93,7.7,8.0,11.56,4.82,20179,42,26267,88,9,237,977,1342,1780,998,44,56
"""490351126054""","""Salt Lake City, UT""",1.00,746.00,412.00,545.21,37,43,40,16,20,19,21,22,21,6.06,4.58,1.70,2,2,20429,18014,18572,10,10,10,12920,11068,11400,9684,8201,8444,2978,2625,2706,258,243,249,233,219,225,7.9,6.1,7.17,0.76,20285,19,47112,92,17,96,1433,846,979,742,44,56
"""490351119031""","""Salt Lake City, UT""",1.00,1908.00,835.00,173.71,44,51,48,23,29,27,21,22,21,7.82,37.58,1.74,2,2,19950,17580,18140,7,7,7,13028,10998,11402,9943,8272,8590,2908,2562,2643,177,164,169,160,148,153,7.3,8.3,7.55,4.81,33223,37,63817,92,10,221,837,1215,1387,891,65,35
"""490572018002""","""Ogden-Clearfield, UT""",1.00,867.00,328.00,134.48,34,38,37,14,17,16,20,21,21,7.28,17.75,1.70,1,2,19402,17449,17910,6,6,6,12786,10936,11266,9695,8133,8396,2828,2542,2610,263,261,260,237,236,235,7.9,7.0,3.79,2.44,16075,58,29121,89,5,190,624,720,820,675,31,69
"""490351107012""","""Salt Lake City, UT""",1.00,2455.00,863.00,168.32,44,51,48,23,29,27,21,22,21,7.93,40.64,1.74,2,2,19321,17228,17677,5,4,5,12885,10900,11268,9951,8279,8578,2816,2510,2576,117,110,114,106,100,103,7.4,8.3,5.67,5.13,31417,52,63136,92,8,278,792,1204,1392,1000,52,48
"""490351118013""","""Salt Lake City, UT""",1.00,1569.00,601.00,170.12,43,50,46,22,28,26,21,22,21,6.78,23.95,1.73,2,2,19138,17040,17488,7,7,7,12861,10921,11273,9902,8273,8556,2790,2483,2548,170,165,169,153,149,153,7.6,7.8,4.79,3.53,33078,50,57195,92,8,256,718,1146,1490,816,49,51
"""490351117023""","""Salt Lake City, UT""",1.00,1469.00,515.00,109.38,42,49,46,21,27,25,21,22,21,7.91,37.22,1.74,2,2,19131,17101,17521,7,6,7,12889,10940,11286,9937,8286,8568,2789,2492,2553,163,162,165,147,146,149,7.7,7.5,4.52,4.71,31983,55,58707,92,6,312,699,1104,1320,907,48,52
"""490490017021""","""Provo-Orem, UT""",1.00,1401.00,400.00,66.32,37,42,39,16,20,18,21,23,21,9.46,57.08,1.75,2,2,20936,18758,18461,4,4,4,13094,11310,11291,9973,8509,8538,3052,2733,2690,70,67,63,63,61,57,8.2,4.0,8.57,6.03,17866,41,26905,91,11,318,929,808,1174,722,19,81
"""490490017022""","""Provo-Orem, UT""",1.00,1609.00,443.00,175.70,42,49,45,21,27,24,21,23,21,9.30,23.46,1.71,2,2,21607,19156,18790,1,0,0,12919,11263,11291,9757,8465,8551,3150,2791,2738,13,7,2,11,6,2,8.7,3.8,16.23,2.52,15053,30,21383,90,4,270,539,1094,,1094,25,75
"""490230102002""","""Provo-Orem, UT""",1.00,3051.00,705.00,180116.70,53,63,58,23,29,27,30,34,31,13.07,0.05,2.53,2,2,29527,26873,26294,1,1,1,18783,16809,16728,14461,12880,12883,4304,3916,3831,18,13,14,15,11,12,0.2,0.3,0.60,0.00,519,91,666,79,403,3,3807,1193,1308,645,83,17
"""490050008002""","""Logan, UT-ID""",1.00,1074.00,389.00,101.13,36,41,32,12,15,11,24,27,21,7.43,28.57,1.66,1,2,19915,17849,18428,4,4,4,12038,10718,11313,9060,8045,8558,2902,2601,2685,76,72,70,64,61,60,8.1,3.9,5.48,3.85,12628,41,21424,90,11,133,853,492,,492,22,78
"""490399722001""",,1.00,2164.00,671.00,147887.28,59,71,55,26,33,24,33,39,31,11.18,0.05,2.35,2,2,26939,24271,26391,1,1,1,16745,15502,16736,12807,11953,12875,3925,3537,3845,13,12,16,11,11,13,0.3,0.4,0.44,0.00,594,93,660,79,243,5,3313,1095,1162,610,88,12
"""490050003002""","""Logan, UT-ID""",1.00,1151.00,332.00,23324.36,66,80,61,32,39,29,35,40,31,12.07,0.17,2.45,2,2,28746,25994,26657,0,0,1,17526,16128,16737,13328,12333,12843,4189,3788,3884,9,7,10,8,6,8,0.1,0.3,0.43,0.01,630,99,757,80,148,5,2869,1324,1324,,97,3
"""490351111012""","""Salt Lake City, UT""",1.00,2338.00,1014.00,261.98,44,51,48,24,29,27,21,22,21,7.44,28.79,1.72,1,2,20516,17830,18511,6,5,6,12993,10868,11318,9847,8135,8479,2991,2598,2697,155,135,141,140,122,127,7.4,8.7,5.25,3.87,30106,21,61261,91,5,347,608,1219,1283,941,81,19
"""490351103002""","""Salt Lake City, UT""",1.00,533.00,294.00,93.81,36,42,39,16,20,18,21,22,21,,,1.72,2,2,19759,17731,18148,6,6,6,12871,11005,11319,9842,8271,8521,2880,2584,2644,149,150,153,134,135,138,7.6,7.3,3.75,3.13,25695,49,32828,90,16,232,1297,816,,816,35,65
"""490572012001""","""Ogden-Clearfield, UT""",1.00,1490.00,470.00,185.87,34,39,37,14,17,16,20,22,21,7.63,19.30,1.72,2,2,19519,17614,18063,4,4,4,12854,10989,11320,9844,8262,8528,2845,2567,2632,165,160,160,149,145,144,7.6,6.9,4.29,2.53,14758,64,32782,90,7,172,739,734,748,728,29,71
"""490351123023""","""Salt Lake City, UT""",1.00,2194.00,795.00,298.87,42,49,45,21,26,24,21,22,21,7.83,20.82,1.71,2,2,19606,17483,17929,10,9,10,12869,11008,11322,9772,8224,8469,2858,2547,2613,239,237,240,216,214,216,7.5,7.7,11.25,2.66,27123,53,52369,91,10,163,934,1099,1296,948,43,57
"""490050001022""","""Logan, UT-ID""",1.00,715.00,204.00,28773.74,62,75,57,28,35,26,35,40,31,12.33,0.09,2.45,2,2,28501,25807,26447,1,1,1,17496,16156,16754,13323,12377,12879,4153,3760,3854,20,18,21,17,16,18,0.1,0.6,0.51,0.01,517,95,539,78,294,3,3720,1159,1174,950,93,7
"""490351112012""","""Salt Lake City, UT""",1.00,1938.00,753.00,171.02,45,53,49,24,31,28,21,22,21,8.35,36.78,1.73,2,2,20198,17896,18413,4,4,4,12933,10966,11327,9883,8258,8540,2944,2608,2683,105,100,104,95,90,94,7.7,7.9,5.83,4.40,27164,36,43565,90,11,128,1087,1269,1574,979,49,51
"""490050005021""","""Logan, UT-ID""",1.00,3803.00,1178.00,744.94,45,53,41,21,26,19,24,27,21,9.41,14.88,1.64,1,2,21563,19168,19808,1,1,1,12077,10725,11329,8912,7912,8422,3142,2793,2886,23,21,20,20,17,17,8.4,3.6,8.52,1.58,7978,10,17494,89,18,81,1125,875,955,848,25,75
"""490351124032""","""Salt Lake City, UT""",1.00,819.00,282.00,570.50,37,42,39,16,20,18,21,22,21,,,1.70,2,2,19919,17718,18190,9,9,9,12817,11041,11337,9690,8240,8463,2904,2582,2651,224,219,224,202,198,202,7.9,5.2,8.54,0.49,22561,24,38689,92,32,58,1576,824,,824,28,72
"""490050006005""","""Logan, UT-ID""",1.00,1144.00,361.00,83.10,40,46,36,16,20,15,24,27,21,8.83,38.36,1.66,1,2,20542,18389,18984,2,2,2,12078,10738,11337,9048,8022,8536,2993,2679,2766,36,36,35,31,31,30,8.3,4.2,6.18,4.34,12278,32,20927,90,10,200,820,658,,658,22,78
"""490490013003""","""Provo-Orem, UT""",1.00,2099.00,655.00,201.70,37,43,39,16,20,18,21,23,21,8.43,27.38,1.78,2,2,20541,18271,17922,6,6,5,13255,11398,11338,10151,8636,8633,2994,2662,2611,110,100,93,99,90,84,8.4,2.9,5.44,3.25,17918,31,30155,92,8,169,766,820,1103,704,29,71
"""490111269014""","""Ogden-Clearfield, UT""",1.00,1204.00,449.00,105.64,39,45,43,19,24,22,20,22,21,7.73,32.86,1.69,1,2,21039,18543,19144,8,8,8,12873,11000,11338,9643,8148,8395,3067,2702,2790,163,151,153,147,136,138,7.8,6.7,6.32,4.25,15550,19,20914,88,21,218,1303,1006,1143,902,43,57
"""490490023003""","""Provo-Orem, UT""",1.00,1207.00,366.00,80.96,37,43,39,16,20,18,21,23,21,8.36,37.78,1.78,2,2,20005,17772,17445,10,9,8,13246,11396,11340,10157,8648,8648,2916,2590,2542,172,159,150,155,143,135,8.2,2.9,5.78,4.52,19301,45,28005,92,5,229,601,814,987,718,36,64
"""490050007022""","""Logan, UT-ID""",1.00,1621.00,40.00,247.77,35,41,31,11,14,10,24,27,21,9.17,1.48,1.63,1,2,20457,18600,19130,2,3,3,11912,10778,11344,8890,8015,8505,2981,2710,2787,40,53,51,34,45,44,7.7,3.7,2.55,0.16,10945,43,14796,89,50,155,1541,467,,467,0,100
"""490490007061""","""Provo-Orem, UT""",1.00,752.00,279.00,53.47,41,48,44,20,25,23,21,23,21,8.72,45.51,1.75,2,2,22005,19376,18872,6,5,4,13284,11422,11345,9973,8514,8519,3208,2823,2750,103,85,76,93,76,69,8.6,2.9,11.47,5.22,12499,6,21399,91,11,287,1141,1022,1093,985,34,66
"""490532714001""","""St. George, UT""",1.00,629.00,284.00,78.93,46,54,43,24,30,22,22,25,21,7.61,27.37,1.54,1,2,19993,17544,19691,2,2,2,11308,10026,11349,8378,7455,8466,2913,2556,2869,17,15,13,42,36,31,7.9,7.5,4.29,3.60,9539,31,20577,88,8,211,711,1007,1200,863,43,57
"""490572103034""","""Ogden-Clearfield, UT""",1.00,1070.00,345.00,1658.38,59,69,66,32,40,38,27,29,28,11.44,2.38,2.30,2,2,27453,24833,25466,0,0,0,17142,14870,15259,13132,11243,11540,4002,3618,3711,9,9,8,8,8,8,0.7,1.8,0.95,0.21,3422,100,3066,84,56,36,1958,1714,1714,,94,6
"""490351135153""","""Salt Lake City, UT""",1.00,1894.00,764.00,319.30,44,50,47,23,28,26,21,22,21,7.71,18.44,1.73,2,2,20048,17756,18259,5,5,5,12954,11015,11361,9905,8306,8576,2922,2587,2661,127,121,125,115,109,113,7.8,7.2,6.09,2.39,25790,39,38656,90,9,192,864,1175,1532,862,47,53
"""490111269011""","""Ogden-Clearfield, UT""",1.00,893.00,397.00,134.26,37,43,41,17,21,20,20,22,21,7.74,22.89,1.72,2,2,20530,18401,18908,5,5,5,12892,11034,11366,9802,8259,8516,2993,2681,2755,97,95,94,87,85,85,7.8,6.8,4.89,2.96,15219,44,19490,88,11,195,1008,910,1070,829,34,66
"""490111267003""","""Ogden-Clearfield, UT""",1.00,907.00,395.00,88.03,36,41,40,16,20,18,20,22,21,7.52,33.73,1.73,2,2,20258,18063,18587,5,5,5,12945,11026,11370,9899,8306,8573,2953,2632,2708,93,88,88,83,79,80,8.0,6.5,8.38,4.49,14766,42,17943,88,5,240,591,830,951,746,41,59
"""490351120022""","""Salt Lake City, UT""",1.00,787.00,352.00,117.99,42,48,45,21,26,24,21,22,21,7.03,20.97,1.73,2,2,20343,17948,18492,5,4,5,12958,11036,11382,9875,8309,8572,2965,2615,2695,118,112,115,106,101,104,7.5,8.1,3.84,2.98,28012,41,53555,91,13,194,992,1077,,1077,50,50
"""490170003002""",,1.00,1311.00,396.00,511590.91,64,75,52,25,32,20,39,43,32,10.50,0.01,2.34,2,2,25676,23106,26185,1,1,1,16523,14751,17068,12760,11361,13228,3741,3368,3815,22,22,25,18,19,21,0.1,2.1,0.19,0.00,685,91,644,78,520,3,4597,895,926,706,86,14
"""490419751001""",,1.00,794.00,268.00,268623.00,64,75,55,28,34,24,37,41,32,11.40,0.01,2.41,2,2,26414,23714,26003,2,2,2,16993,15142,17083,13108,11652,13256,3849,3457,3789,36,34,38,31,29,33,0.1,0.8,0.81,0.00,243,84,295,75,548,3,4548,1061,1061,,93,7
"""490139403001""",,1.00,1927.00,768.00,1518674.19,51,60,56,21,27,24,30,33,32,9.52,0.00,2.48,2,2,26689,23869,25943,2,1,2,18106,16244,17086,14181,12739,13275,3890,3478,3780,34,27,31,29,23,26,0.1,0.7,0.14,0.00,394,73,460,77,1519,1,6423,1080,1076,1108,86,14
"""490211101001""","""Cedar City, UT""",1.00,607.00,231.00,210564.99,64,74,52,24,31,20,39,44,32,10.69,0.01,2.42,2,2,27228,24733,26143,2,2,2,17190,15377,17089,13194,11742,13247,3968,3605,3809,28,30,32,24,26,27,0.1,0.4,0.46,0.00,283,93,319,76,597,3,5136,893,945,678,81,19
"""490451306001""","""Salt Lake City, UT""",1.00,275.00,105.00,2766661.90,44,52,48,14,18,16,30,34,32,10.86,0.00,2.56,2,2,27242,24652,25287,2,2,2,18620,16847,17099,14638,13245,13404,3971,3592,3685,11,10,11,10,9,10,0.3,1.0,0.08,0.00,281,68,363,76,2767,1,8586,733,,733,68,32
"""490419752001""",,1.00,1335.00,438.00,576245.65,60,71,52,24,30,20,37,41,32,10.80,0.01,2.41,2,2,26373,23828,26022,2,2,2,16985,15181,17110,13106,11672,13280,3843,3473,3792,36,36,38,30,30,32,0.1,0.8,0.27,0.00,240,90,289,75,576,3,4711,916,971,626,84,16
"""490532702001""","""St. George, UT""",1.00,1054.00,373.00,155189.24,64,77,60,30,38,28,34,39,32,11.49,0.03,2.43,2,2,26965,24367,26487,1,1,1,17138,15929,17112,13200,12370,13243,3929,3551,3859,9,8,9,21,21,23,0.0,0.4,0.47,0.00,382,97,435,77,599,3,4200,1270,1335,895,85,15
"""490039601002""","""Ogden-Clearfield, UT""",1.00,1577.00,501.00,160080.18,54,64,61,25,31,29,30,33,32,11.63,0.04,2.56,2,2,28713,25899,26583,1,1,1,18846,16820,17141,14615,13015,13233,4186,3774,3873,45,31,34,41,28,31,0.0,0.4,0.43,0.00,463,90,598,78,550,2,4757,1317,1367,694,93,7
"""490279743001""",,1.00,822.00,303.00,189029.54,55,66,52,21,27,20,34,39,32,11.14,0.02,2.47,2,2,27287,24680,26304,2,1,2,17446,16199,17160,13442,12576,13299,3976,3596,3833,28,27,29,24,23,25,0.1,0.4,0.43,0.00,329,96,351,76,391,3,3763,920,974,565,87,13
"""490572008002""","""Ogden-Clearfield, UT""",1.00,1569.00,710.00,106.45,34,38,37,13,17,16,20,22,21,7.12,47.46,1.74,2,2,20286,18183,18683,3,3,3,12991,11086,11426,9906,8322,8588,2957,2649,2722,127,115,116,115,103,105,7.5,7.4,7.36,6.67,17398,58,27269,89,10,150,802,702,954,564,35,65
"""490351120011""","""Salt Lake City, UT""",1.00,1331.00,505.00,210.77,44,51,48,23,29,27,21,22,21,7.59,18.18,1.73,2,2,19460,17353,17811,11,11,11,12997,11072,11427,9872,8266,8549,2837,2528,2595,289,278,283,260,251,255,6.8,8.7,3.18,2.40,30372,61,63458,91,10,170,908,1193,1366,945,59,41
"""490159765001""",,1.00,1156.00,385.00,485596.07,58,67,53,23,29,21,35,39,32,10.80,0.01,2.45,2,2,26570,23846,26002,2,2,2,17225,15382,17198,13315,11871,13369,3872,3476,3789,38,35,40,33,30,34,0.0,0.9,0.48,0.00,237,82,282,75,979,1,5306,955,989,561,92,8
"""490532703001""","""St. George, UT""",1.00,1905.00,511.00,283.74,44,51,41,21,27,20,22,25,21,8.55,15.41,1.55,1,2,20014,17655,19744,3,3,3,11389,10103,11432,8451,7509,8536,2916,2572,2877,22,21,18,52,50,44,7.8,7.4,3.76,1.80,8588,37,16507,87,7,210,675,899,1068,773,43,57
"""490050004011""","""Logan, UT-ID""",1.00,2330.00,898.00,657.01,46,54,41,22,27,20,24,27,21,8.17,11.17,1.65,1,2,21837,19474,20105,1,1,1,12169,10836,11436,8961,7972,8481,3182,2838,2930,26,26,26,22,22,22,8.1,4.0,4.44,1.37,8483,16,16316,89,23,65,1161,902,977,876,26,74
"""490490027011""","""Provo-Orem, UT""",1.00,317.00,119.00,42.32,38,44,40,17,21,19,21,23,21,8.24,23.17,1.78,2,2,21027,18868,18583,3,3,3,13251,11455,11439,10134,8652,8680,3065,2749,2708,52,53,51,47,48,46,8.2,3.6,4.51,2.81,17419,45,27673,91,8,227,821,854,,854,20,80
"""490490012021""","""Provo-Orem, UT""",1.00,2114.00,678.00,152.23,39,45,41,17,21,20,22,23,21,8.60,38.30,1.80,2,2,20819,18488,18111,6,6,5,13414,11519,11442,10263,8722,8709,3035,2694,2639,115,103,95,104,93,85,8.4,2.5,7.86,4.45,17247,29,28654,92,7,214,691,879,1112,760,34,66
"""490351107023""","""Salt Lake City, UT""",1.00,1269.00,468.00,136.33,46,54,50,25,31,29,21,22,21,7.96,27.33,1.75,2,2,20026,17873,18343,5,5,5,13046,11084,11443,10002,8358,8646,2919,2604,2673,125,122,125,113,110,113,7.2,8.3,5.45,3.43,29112,50,54735,91,14,211,1049,1303,1612,988,50,50
"""490351126055""","""Salt Lake City, UT""",1.00,2726.00,1168.00,456.06,43,50,47,22,28,26,21,22,21,8.57,21.96,1.74,2,2,20882,18401,18969,3,2,2,13038,11106,11447,9928,8368,8621,3044,2681,2764,66,57,62,60,51,56,8.0,5.7,5.36,2.56,19416,25,43929,92,10,163,841,1151,1332,1010,44,56
"""490159762001""",,1.00,707.00,273.00,187469.69,59,69,54,25,31,23,34,38,31,10.30,0.01,2.37,2,2,26496,23743,25939,2,2,2,16799,14962,16781,12907,11474,12969,3861,3461,3780,31,27,32,26,23,28,0.2,0.5,0.26,0.00,313,77,388,77,527,3,4041,1039,1093,563,90,10
"""490139406004""",,1.00,916.00,271.00,129842.22,55,65,61,26,33,30,29,32,31,11.90,0.02,2.44,2,2,26768,23809,25955,2,1,2,17844,15893,16784,13906,12397,12968,3902,3469,3782,36,27,33,31,23,28,0.1,0.9,0.03,0.00,341,73,413,77,615,3,6058,1329,1329,,98,2
"""490230102003""","""Provo-Orem, UT""",1.00,987.00,311.00,409866.22,49,58,53,19,24,22,30,34,31,10.78,0.01,2.53,2,2,28861,26330,25787,2,2,2,18704,16828,16784,14467,12964,12998,4207,3837,3757,30,27,28,26,23,24,0.5,0.5,0.77,0.00,334,87,417,77,544,3,4574,994,1089,739,73,27
"""490479683021""","""Vernal, UT""",1.00,1237.00,414.00,302341.25,54,64,64,26,33,33,28,31,31,11.94,0.02,2.51,2,2,28141,25417,25963,2,2,2,18499,16556,16785,14353,12817,12966,4102,3704,3783,44,36,37,37,31,31,0.1,1.2,0.14,0.00,279,84,348,76,713,2,4983,1470,1567,888,86,14
"""490230102001""","""Provo-Orem, UT""",1.00,860.00,331.00,1568102.28,49,58,53,18,23,21,31,35,32,10.57,0.00,2.61,2,2,28978,26425,25858,2,2,2,19150,17308,17267,14888,13422,13462,4224,3850,3768,38,36,37,33,30,31,0.1,0.8,1.06,0.00,266,83,337,76,1568,1,7134,951,1052,650,75,25
"""490490109001""","""Provo-Orem, UT""",1.00,386.00,131.00,95061.40,98,119,109,67,84,77,31,35,32,11.53,0.02,2.64,2,2,30162,27279,26652,0,0,0,19476,17386,17275,15079,13412,13391,4397,3975,3884,0,0,0,0,0,0,0.1,1.7,0.34,0.00,2557,94,3974,85,178,8,2131,3456,3456,,96,4
"""490351129161""","""Salt Lake City, UT""",1.00,2029.00,674.00,132.35,43,50,47,22,28,26,21,22,21,8.37,42.63,1.74,2,2,19932,17786,18233,9,9,9,13050,11126,11460,9917,8319,8581,2906,2592,2657,227,216,222,204,195,201,7.8,4.9,24.15,5.09,21032,44,28179,91,8,285,872,1156,1368,993,43,57
"""490070005001""","""Price, UT""",1.00,1656.00,603.00,271834.39,71,84,63,36,45,31,35,39,31,11.39,0.03,2.34,2,2,25755,23040,26137,1,1,2,16509,14667,16831,12730,11286,12995,3753,3358,3808,26,23,28,22,19,24,0.1,0.5,0.60,0.00,350,82,440,77,407,4,4264,1406,1406,,92,8
"""490039601003""","""Ogden-Clearfield, UT""",1.00,515.00,173.00,2931352.10,45,53,51,17,21,20,29,33,31,10.50,0.00,2.50,2,2,26910,24501,25081,3,3,3,18289,16583,16835,14272,12924,13091,3923,3570,3655,94,89,90,85,81,81,0.4,1.2,0.07,0.00,230,75,287,75,2931,1,10953,888,972,775,57,43
"""490490102112""","""Provo-Orem, UT""",1.00,155.00,36.00,16150.50,,,,,,,32,35,32,13.68,0.03,2.66,2,2,30186,27281,26649,0,0,0,19564,17438,17314,15164,13463,13431,4400,3975,3883,0,0,0,0,0,0,0.0,2.0,0.17,0.00,3472,100,4585,85,170,7,2179,,,,100,0
"""490159762002""",,1.00,911.00,271.00,315501.25,62,73,58,28,35,26,35,39,32,11.50,0.01,2.46,2,2,26717,24055,26191,2,2,2,17325,15491,17317,13397,11952,13464,3893,3506,3816,35,33,37,29,28,31,0.0,0.8,0.30,0.00,253,88,307,75,1092,2,5687,1148,1213,609,89,11
"""490319601002""",,1.00,968.00,300.00,411464.63,72,86,50,26,33,18,45,53,32,10.96,0.01,2.39,2,2,26892,24346,26123,2,2,2,16314,15198,17330,12364,11616,13486,3920,3549,3806,30,34,38,26,29,33,0.0,0.7,0.28,0.00,232,90,275,75,619,2,4968,792,817,563,90,10
"""490070006001""","""Price, UT""",1.00,1482.00,631.00,468933.46,51,59,45,16,20,14,35,39,31,9.89,0.01,2.34,2,2,25662,23237,26020,2,2,2,16523,14783,16840,12747,11359,13011,3739,3387,3791,36,37,38,31,31,32,0.1,1.0,2.17,0.00,259,91,310,75,1214,1,6457,613,632,549,78,22
"""490451307031""","""Salt Lake City, UT""",1.00,1120.00,393.00,442405.94,54,63,59,24,30,28,30,33,31,11.06,0.01,2.52,2,2,28220,25516,26181,1,1,1,18481,16540,16841,14362,12818,13022,4114,3718,3815,5,4,4,5,3,4,0.4,0.9,0.12,0.00,579,84,799,79,442,4,4581,1248,1393,633,81,19
"""490419755002""",,1.00,1059.00,322.00,194537.91,64,75,55,28,35,24,36,40,31,11.86,0.02,2.36,2,2,26368,23821,26023,2,2,2,16725,14915,16848,12850,11410,13021,3842,3472,3792,33,33,35,28,28,30,0.2,0.5,0.29,0.00,265,91,304,76,402,3,4417,1069,1098,919,84,16
"""490572104031""","""Ogden-Clearfield, UT""",1.00,1540.00,463.00,57213.24,54,64,61,25,32,30,29,32,31,12.88,0.10,2.51,2,2,28961,26131,26819,0,0,0,18573,16526,16855,14351,12719,12947,4222,3808,3908,0,0,0,0,0,0,0.1,1.2,0.15,0.01,1728,100,2137,83,286,2,4753,1346,1346,,92,8
"""490170004001""",,1.00,1142.00,455.00,2208718.59,67,79,54,29,36,23,38,43,31,10.02,0.00,2.33,2,2,24898,22312,25347,3,3,3,16346,14662,16862,12670,11363,13119,3628,3252,3693,48,47,50,41,40,43,0.1,1.1,0.30,0.00,206,68,244,74,2209,1,9394,1026,1117,664,80,20
"""490532701001""","""St. George, UT""",1.00,1432.00,515.00,295917.96,62,75,59,29,36,27,33,39,31,10.18,0.02,2.38,2,2,26649,24140,26243,1,1,1,16840,15717,16877,12950,12193,13046,3883,3518,3824,6,7,7,15,17,16,0.3,0.1,0.32,0.00,377,87,487,79,908,2,5402,1227,1443,703,71,29
"""490351010002""","""Salt Lake City, UT""",1.00,2243.00,876.00,209.13,49,57,53,28,35,32,21,22,21,8.04,33.70,1.75,2,2,20170,18007,18475,7,7,7,13131,11127,11485,10014,8330,8618,2940,2624,2692,177,173,175,160,156,158,6.7,8.9,5.10,4.19,24103,73,54751,90,4,195,526,1439,1694,996,63,37
"""490490104111""","""Provo-Orem, UT""",1.00,1536.00,375.00,46410.38,63,75,69,33,41,37,31,34,31,13.34,0.11,2.58,2,2,30053,27284,26669,0,0,0,19119,17017,16902,14732,13040,13013,4381,3976,3886,6,1,3,5,1,2,0.2,0.1,0.93,0.01,810,97,931,81,138,9,1801,1680,1676,1750,94,6
"""490050010022""","""Logan, UT-ID""",1.00,1029.00,302.00,140.50,45,52,40,20,25,19,24,27,21,8.40,18.05,1.69,2,2,20559,18483,19066,1,1,1,12220,10890,11488,9202,8171,8686,2996,2693,2778,22,26,24,19,23,21,8.3,2.9,4.95,2.15,11481,36,19616,90,9,141,767,849,1512,688,20,80
"""490490101071""","""Provo-Orem, UT""",1.00,1003.00,280.00,156312.70,56,66,60,24,30,28,32,35,32,13.12,0.02,2.65,2,2,30161,27378,26775,0,0,0,19548,17473,17373,15151,13483,13471,4397,3989,3901,0,0,0,0,0,0,0.3,0.1,0.79,0.00,1056,95,1406,82,156,9,2400,1251,1245,1313,91,9
"""490559791002""",,1.00,1355.00,552.00,1416643.27,74,87,56,32,40,24,42,47,32,10.34,0.00,2.43,2,2,26083,23571,25958,2,2,2,17073,15300,17393,13230,11822,13566,3801,3436,3782,42,42,45,36,36,38,0.0,1.3,0.26,0.00,203,87,242,74,1665,1,7137,1078,1169,544,86,14
"""490379421002""",,1.00,905.00,167.00,401074.00,68,79,52,25,31,19,43,48,32,12.38,0.01,2.49,2,2,27967,25310,25809,2,2,3,17670,15889,17402,13555,12159,13593,4075,3689,3761,40,41,48,34,35,41,0.0,1.4,0.04,0.00,203,75,235,74,3288,1,14424,868,892,488,94,6
"""490490020003""","""Provo-Orem, UT""",1.00,833.00,346.00,97.65,40,46,42,18,23,21,22,23,21,7.10,25.17,1.80,2,2,21178,18745,18326,7,6,6,13471,11572,11493,10260,8725,8712,3087,2731,2670,124,116,111,112,104,100,8.2,3.7,7.51,3.54,20731,32,29083,91,6,203,630,949,1348,657,42,58
"""490351026001""","""Salt Lake City, UT""",1.00,877.00,240.00,231.90,39,45,42,18,22,21,21,22,21,7.43,7.69,1.74,2,2,18678,16678,17084,14,13,13,12990,11194,11493,9923,8437,8669,2723,2430,2489,344,327,334,311,295,301,6.8,8.3,2.88,1.03,23723,73,65290,92,7,122,745,926,1072,779,50,50
"""490532703004""","""St. George, UT""",1.00,2116.00,853.00,382767.96,68,82,64,33,42,31,34,40,32,9.13,0.02,2.48,2,2,27176,24505,26663,1,1,1,17479,16267,17427,13511,12689,13533,3960,3571,3885,8,7,9,19,18,21,0.0,0.3,0.97,0.00,391,95,451,78,1267,1,6962,1412,1448,1114,89,11
"""490399725003""",,1.00,830.00,285.00,278103.04,62,75,58,28,35,26,35,40,32,10.34,0.01,2.49,2,3,27041,24404,26482,1,1,1,17490,16292,17490,13530,12715,13608,3940,3556,3859,21,20,24,18,17,20,0.0,0.3,0.45,0.00,400,95,417,77,530,2,5340,1160,1190,944,88,12
"""490519405002""","""Heber, UT""",1.00,1067.00,289.00,73625.39,54,63,63,24,30,30,29,33,33,13.41,0.05,2.66,2,2,29891,26998,27157,0,0,0,19563,17469,17545,15204,13535,13588,4357,3934,3957,1,0,0,1,0,0,0.0,0.4,0.34,0.00,1261,99,1692,82,515,2,4098,1346,1352,1156,97,3
"""490211105003""","""Cedar City, UT""",1.00,3775.00,1232.00,449.67,48,56,39,22,27,18,26,28,21,8.95,24.52,1.55,1,2,21337,18881,20383,2,1,1,11557,9970,11502,8418,7195,8510,3109,2752,2970,30,23,22,25,20,19,8.1,6.7,4.87,2.74,4590,25,5604,83,9,172,922,795,939,704,39,61
"""490532714003""","""St. George, UT""",1.00,1956.00,835.00,380.65,45,53,42,22,28,21,23,25,21,7.57,16.60,1.56,1,2,20048,17662,19791,2,2,2,11436,10174,11503,8498,7584,8605,2921,2574,2884,17,16,14,41,39,33,7.9,7.1,5.00,2.19,9963,39,17659,87,6,234,644,932,971,902,43,57
"""490279743002""",,1.00,1049.00,403.00,998443.94,56,68,53,22,27,21,35,40,33,10.34,0.00,2.55,2,3,27220,24663,26255,2,2,2,17875,16694,17620,13875,13067,13759,3966,3594,3826,34,33,35,29,28,30,0.0,0.6,0.29,0.00,243,95,295,76,990,2,6022,932,963,778,83,17
"""490279742003""",,1.00,893.00,365.00,2435378.39,60,72,57,25,32,24,35,41,33,10.75,0.00,2.55,2,3,26893,24382,25950,2,2,2,17843,16740,17625,13886,13149,13805,3919,3553,3781,38,38,39,33,32,33,0.0,0.7,0.03,0.00,233,87,284,75,2435,1,9935,1086,1182,783,76,24
"""490039601001""","""Ogden-Clearfield, UT""",1.00,803.00,250.00,252156.30,52,61,58,22,27,26,30,34,33,11.98,0.01,2.65,2,3,28675,25879,26558,2,1,2,19356,17336,17650,15112,13516,13728,4180,3771,3870,64,50,53,58,45,47,0.0,0.8,0.29,0.00,341,93,429,77,1046,2,5675,1156,1188,575,95,5
"""490490023002""","""Provo-Orem, UT""",1.00,1581.00,645.00,123.91,37,43,39,16,20,18,22,23,21,7.22,37.57,1.80,2,2,20826,18567,18231,6,6,6,13439,11569,11517,10290,8757,8760,3036,2705,2656,113,107,101,102,96,91,8.2,3.1,5.24,5.21,18504,44,26027,91,5,196,619,809,1030,697,34,66
"""490351041001""","""Salt Lake City, UT""",1.00,1535.00,526.00,139.45,58,68,64,37,46,42,21,22,21,8.50,32.06,1.74,2,2,20564,18232,18777,9,8,8,13147,11140,11518,9936,8280,8574,2998,2657,2736,213,203,207,193,183,187,6.7,9.0,5.46,3.77,23167,55,43309,89,7,217,729,1896,2375,884,68,32
"""490532713002""","""St. George, UT""",1.00,1335.00,357.00,204.03,44,52,42,21,27,20,23,25,21,8.26,14.46,1.56,1,2,20195,17790,19921,4,3,3,11461,10203,11518,8492,7587,8593,2943,2592,2903,26,24,22,63,58,54,7.6,7.2,4.80,1.75,9530,39,21718,88,9,150,795,906,1029,813,43,57
"""490572015001""","""Ogden-Clearfield, UT""",1.00,1121.00,477.00,92.72,48,56,53,27,34,32,21,22,21,6.56,33.75,1.73,2,2,20393,18202,18725,6,5,6,13100,11173,11518,9876,8285,8553,2973,2652,2728,252,235,237,227,212,214,7.5,7.5,7.85,5.14,15613,55,20985,88,6,262,681,1442,1442,,45,55
"""490479402011""","""Vernal, UT""",1.00,743.00,261.00,1674168.16,53,63,63,24,30,29,29,33,33,10.68,0.00,2.71,3,3,28306,25420,25983,3,2,2,19639,17650,17864,15461,13904,14035,4126,3704,3786,52,41,43,45,35,37,0.0,1.2,0.02,0.00,224,78,273,75,1674,2,7366,1319,1319,,98,2
"""490111267001""","""Ogden-Clearfield, UT""",1.00,1567.00,591.00,158.23,39,45,44,19,23,22,21,22,21,8.24,30.77,1.74,2,2,21304,18698,19328,6,5,5,13137,11165,11522,9917,8338,8601,3105,2725,2816,115,102,104,104,92,94,7.9,6.3,6.06,3.74,14679,18,19400,88,9,170,800,995,1040,942,54,46
"""490351108001""","""Salt Lake City, UT""",1.00,1288.00,524.00,113.34,44,51,48,23,29,27,21,22,21,7.88,36.42,1.74,2,2,20888,18345,18956,6,6,6,13139,11136,11522,9935,8318,8611,3045,2673,2762,159,144,150,143,130,135,7.2,8.3,4.31,4.62,25010,33,47367,90,14,197,1030,1205,1316,1024,62,38
"""490351126114""","""Salt Lake City, UT""",1.00,2392.00,826.00,172.15,47,54,51,26,32,30,21,22,21,8.24,39.54,1.77,2,2,20423,18075,18601,3,2,3,13137,11179,11525,10095,8484,8749,2977,2634,2710,65,61,65,58,55,58,8.0,6.3,9.52,4.80,25539,36,35276,91,7,335,805,1328,1642,1063,46,54
"""490111269015""","""Ogden-Clearfield, UT""",1.00,1561.00,569.00,160.44,39,45,44,19,23,22,21,22,21,8.08,28.66,1.74,2,2,21019,18721,19271,5,5,5,13086,11184,11525,9918,8358,8617,3064,2728,2808,104,99,99,94,89,90,7.8,6.0,5.81,3.55,15144,35,20410,89,11,223,1039,998,1341,764,41,59
"""490490005093""","""Provo-Orem, UT""",1.00,1238.00,426.00,161.00,40,46,42,18,23,21,22,23,21,7.16,18.95,1.79,2,2,21542,19121,18710,5,5,4,13430,11581,11527,10196,8711,8723,3140,2786,2726,94,84,78,85,76,71,8.5,1.2,7.23,2.65,12319,19,18061,91,8,160,802,943,958,936,30,70
"""490351030002""","""Salt Lake City, UT""",1.00,1318.00,593.00,108.33,41,48,45,20,25,23,21,22,21,7.27,39.80,1.75,2,2,19774,17515,18018,10,10,10,13145,11166,11527,10002,8363,8648,2882,2552,2625,260,251,254,234,226,229,6.6,8.2,6.32,5.47,31390,69,82309,93,6,236,670,1049,1182,781,67,33
"""490111260013""","""Ogden-Clearfield, UT""",1.00,648.00,323.00,281.84,32,36,35,12,15,14,20,22,21,6.46,7.41,1.73,2,2,20511,18286,18818,8,8,8,13008,11214,11531,9866,8403,8642,2990,2664,2742,152,147,147,137,132,133,8.0,3.1,1.63,1.15,13874,31,16434,89,16,127,1182,617,,617,27,73
"""490059801001""","""Logan, UT-ID""",1.00,118.00,50.00,454155.33,,,,,,,37,43,33,10.60,0.00,2.64,2,3,28360,25727,26364,1,1,1,18506,17305,17882,14360,13544,14025,4132,3749,3842,13,13,15,11,11,13,0.2,0.7,0.51,0.00,587,88,762,79,573,3,4835,,,,82,18
"""490572006001""","""Ogden-Clearfield, UT""",1.00,807.00,287.00,135.74,38,44,42,17,22,20,20,22,21,6.92,14.62,1.73,2,2,20623,18365,18905,4,4,4,13048,11208,11535,9870,8366,8615,3006,2676,2755,171,167,166,155,150,150,8.2,4.6,5.41,2.11,15156,33,14888,88,10,160,972,919,1083,847,30,70
"""490490109002""","""Provo-Orem, UT""",1.00,827.00,230.00,496498.85,72,86,79,39,49,45,32,36,33,12.66,0.01,2.75,3,3,30195,27474,26878,0,0,0,20084,18057,17975,15676,14051,14054,4402,4003,3916,6,3,4,5,3,4,0.0,0.3,0.16,0.00,744,97,961,80,497,6,3995,2029,2135,1156,89,11
"""490251301001""",,1.00,508.00,219.00,2202106.75,60,72,57,25,31,23,36,42,34,9.16,0.00,2.60,2,3,25446,22764,26159,2,2,2,17910,16760,18258,14162,13406,14404,3708,3317,3812,41,37,43,35,31,37,0.0,1.3,0.17,0.00,217,88,256,74,2202,1,9028,1025,1025,,94,6
"""490572112021""","""Ogden-Clearfield, UT""",1.00,806.00,359.00,150.79,39,45,44,19,23,22,21,22,21,7.66,18.24,1.70,2,2,20974,18488,19087,7,6,7,13088,11200,11540,9731,8228,8477,3057,2694,2781,299,278,281,270,251,254,7.8,7.2,5.09,2.38,14462,31,17643,87,8,179,830,992,,992,48,52
"""490439642031""","""Summit Park, UT""",1.00,67.00,35.00,173446.11,,,,,,,22,26,34,5.83,0.00,2.84,3,3,28111,25097,26841,2,1,1,20291,18893,18395,16193,15234,14483,4098,3658,3911,1,0,0,110,50,48,0.0,0.8,0.11,0.00,501,97,694,79,467,4,3589,,,,100,0
"""490351116001""","""Salt Lake City, UT""",1.00,1680.00,641.00,648.79,43,50,47,22,28,26,21,22,21,7.20,7.11,1.72,2,2,19805,17731,18186,15,14,14,13062,11184,11541,9808,8250,8534,2887,2584,2650,367,351,357,331,316,322,7.1,8.5,6.68,0.99,27903,42,66016,92,14,126,997,1150,1442,753,58,42
"""490011002001""",,1.00,912.00,239.00,1316360.30,70,84,65,32,40,30,37,44,34,13.29,0.00,2.71,3,3,27473,24773,26615,2,2,2,18767,17539,18540,14732,13900,14630,4003,3610,3878,32,29,32,27,25,27,0.0,0.4,0.08,0.00,247,97,296,76,1317,2,7146,1353,1353,,96,4
"""490572005005""","""Ogden-Clearfield, UT""",1.00,1261.00,379.00,96.48,34,38,37,13,17,16,20,22,21,8.32,32.68,1.75,2,2,20009,18104,18553,4,4,4,13072,11214,11542,10002,8417,8682,2917,2638,2703,154,160,157,139,144,141,7.7,5.5,3.97,3.93,15786,66,23788,90,6,179,665,702,781,674,26,74
"""490532707004""","""St. George, UT""",1.00,2844.00,1016.00,426.78,43,51,41,21,26,20,23,25,21,8.20,19.52,1.57,1,2,19634,17530,19476,4,4,3,11447,10222,11548,8560,7641,8688,2861,2554,2838,26,27,22,64,64,55,7.9,5.1,4.74,2.38,7615,44,7856,86,9,198,806,883,1009,831,29,71
"""490490025002""","""Provo-Orem, UT""",1.00,1228.00,454.00,66.38,39,45,41,17,21,20,22,23,21,7.62,52.09,1.81,2,2,21096,18783,18428,6,6,6,13545,11620,11549,10361,8779,8765,3075,2737,2685,109,104,99,98,94,89,8.2,3.6,8.33,6.84,18648,46,29821,92,4,328,472,879,1095,726,41,59
"""490211102003""","""Cedar City, UT""",1.00,2560.00,644.00,245581.22,73,86,59,34,43,28,39,43,31,12.60,0.03,2.40,2,2,27365,24692,26166,2,2,2,17083,15218,16927,13066,11590,13082,3987,3599,3813,30,29,32,25,24,28,0.0,0.4,0.91,0.00,292,85,337,76,657,2,5079,1248,1293,804,91,9
"""490211107021""","""Cedar City, UT""",1.00,1003.00,378.00,99411.92,65,76,53,26,32,21,39,43,31,10.25,0.04,2.40,2,2,27553,24913,26393,1,1,1,17094,15219,16940,13059,11568,13071,4015,3631,3846,20,20,24,17,17,20,0.1,0.3,0.35,0.00,372,91,433,77,473,3,4433,946,967,775,89,11
"""490399723001""",,1.00,3328.00,309.00,222640.28,63,76,59,29,37,27,33,39,31,10.42,0.01,2.38,2,2,26641,24218,26235,1,1,1,16853,15728,16959,12948,12173,13111,3882,3529,3823,23,27,25,20,23,21,0.3,0.3,0.15,0.00,334,100,404,77,455,3,4496,1231,1231,,73,27
"""490299702001""","""Ogden-Clearfield, UT""",1.00,1293.00,414.00,139994.65,57,67,64,27,34,32,29,33,32,11.86,0.04,2.53,2,2,28847,26041,26722,0,0,0,18670,16663,16982,14464,12869,13088,4205,3794,3894,1,0,0,1,0,0,0.1,2.1,0.14,0.00,1597,97,2190,82,443,3,3798,1457,1512,1021,89,11
"""490351006005""","""Salt Lake City, UT""",1.00,1354.00,394.00,94.77,40,46,43,19,23,21,21,23,21,,,1.73,2,2,19829,17695,18145,14,13,13,13108,11252,11560,9871,8340,8577,2890,2578,2644,346,333,339,312,301,305,6.0,8.5,3.45,4.16,23741,83,66796,92,9,189,880,964,878,1075,57,43
"""490351135051""","""Salt Lake City, UT""",1.00,1704.00,443.00,138.38,43,50,47,22,27,25,21,23,21,9.79,31.33,1.75,2,2,20573,18308,18798,6,6,6,13130,11229,11562,9984,8418,8675,2999,2668,2739,147,143,147,133,129,133,7.3,7.0,5.30,3.20,24953,43,26912,89,23,162,1219,1134,1462,899,42,58
"""490339501002""",,1.00,1144.00,273.00,429330.30,56,67,52,22,27,21,34,40,32,12.57,0.01,2.43,2,2,27635,25012,26083,1,1,1,17286,16125,17008,13237,12458,13182,4027,3645,3801,22,23,26,19,20,22,0.3,1.0,0.39,0.00,400,85,520,77,437,3,4844,925,988,608,84,16
"""490490008023""","""Provo-Orem, UT""",1.00,2171.00,640.00,149.54,41,48,43,19,24,22,22,24,21,8.17,34.98,1.81,2,2,21994,19363,18854,6,5,4,13634,11679,11565,10327,8772,8739,3206,2821,2747,100,86,79,91,77,71,8.2,3.6,6.26,4.28,18905,16,29576,91,9,257,799,988,1035,947,47,53
"""490211103001""","""Cedar City, UT""",1.00,1897.00,625.00,693530.81,75,89,61,36,45,29,39,44,32,11.57,0.01,2.42,2,2,27151,24551,26000,2,2,2,17133,15317,17020,13146,11708,13198,3956,3579,3789,30,30,33,26,26,28,0.1,0.3,0.60,0.00,278,82,330,76,744,2,5068,1325,1364,1122,84,16
"""490351133071""","""Salt Lake City, UT""",1.00,1308.00,259.00,77.35,41,47,44,20,25,23,21,22,21,10.14,33.94,1.76,2,2,20867,18353,18950,6,6,6,13233,11169,11567,10038,8355,8662,3042,2674,2761,153,140,144,138,126,130,7.2,8.0,5.78,3.35,21775,40,62592,92,5,323,676,1027,,1027,72,28
"""490490005092""","""Provo-Orem, UT""",1.00,1726.00,737.00,306.36,44,51,47,22,27,25,22,23,21,7.91,19.02,1.78,2,2,22305,19706,19219,5,4,3,13474,11637,11569,10141,8701,8712,3251,2871,2800,81,64,56,73,58,51,8.4,0.7,5.82,2.41,12281,3,18911,91,24,92,1105,1127,1205,1098,27,73
"""490351134062""","""Salt Lake City, UT""",1.00,2538.00,693.00,161.71,37,42,39,15,19,18,21,22,21,8.95,38.37,1.76,2,2,21017,18487,19082,4,4,4,13234,11173,11571,10063,8388,8693,3064,2694,2781,107,91,97,97,82,88,7.4,7.9,5.32,4.29,21429,35,37032,90,7,261,711,800,,800,65,35
"""490572112022""","""Ogden-Clearfield, UT""",1.00,4421.00,1874.00,1058.36,43,50,48,22,28,26,21,22,22,8.02,14.19,1.75,2,2,21787,19277,19882,4,4,4,13326,11388,11736,9965,8415,8671,3176,2809,2897,185,165,168,167,148,151,7.4,7.2,4.48,1.77,12368,30,14175,87,14,103,966,1172,1395,952,50,50
"""490211105004""","""Cedar City, UT""",1.00,1806.00,505.00,326.69,45,52,37,19,23,15,26,29,21,,,1.55,1,2,21542,19229,20709,0,0,0,11577,10056,11583,8429,7245,8560,3139,2803,3017,9,9,6,8,7,5,7.9,5.9,3.73,1.55,6089,34,8080,85,13,129,985,678,1277,441,28,72
"""490111264062""","""Ogden-Clearfield, UT""",1.00,2611.00,900.00,250.60,41,47,46,20,25,24,21,22,22,8.19,29.43,1.77,2,2,20508,18475,18957,4,4,4,13181,11255,11598,10115,8487,8760,2989,2692,2762,76,76,76,69,69,68,7.8,5.3,5.70,3.59,13199,52,18568,89,6,166,727,1078,1458,852,37,63
"""490351032001""","""Salt Lake City, UT""",1.00,1824.00,764.00,106.61,46,53,50,24,30,28,21,23,22,7.77,55.72,1.76,2,2,19728,17475,17986,11,11,11,13229,11213,11599,10068,8397,8703,2876,2546,2621,286,270,275,258,243,248,6.3,8.0,5.74,7.17,32365,68,62093,92,6,276,680,1262,1410,869,73,27
"""490490014014""","""Provo-Orem, UT""",1.00,348.00,67.00,291.25,,,,,,,22,24,22,,,1.77,2,2,22923,20087,19498,5,4,3,13557,11690,11603,10133,8700,8707,3341,2927,2841,83,63,56,75,57,50,8.4,1.1,10.57,0.23,11510,0,22184,92,9,92,878,,,,46,54
"""490490011081""","""Provo-Orem, UT""",1.00,1330.00,539.00,90.15,40,46,42,18,22,20,22,24,22,7.71,46.08,1.80,2,2,22128,19499,18998,6,5,5,13604,11705,11607,10273,8775,8759,3226,2841,2768,105,88,80,95,79,73,8.1,2.6,6.22,5.98,18511,12,32240,92,23,185,1368,909,867,935,39,61
"""490490104061""","""Provo-Orem, UT""",1.00,1483.00,347.00,3964.96,63,74,68,34,42,39,29,32,29,13.09,1.15,2.45,2,2,28773,26113,25575,0,0,0,18166,15913,15750,13972,12108,12023,4194,3805,3727,0,0,0,0,0,0,1.3,0.1,0.74,0.09,3307,99,3881,86,48,22,1615,1731,1731,,87,13
"""490351048003""","""Salt Lake City, UT""",1.00,771.00,471.00,94.23,48,56,52,27,33,31,21,23,22,5.86,29.27,1.76,2,2,20225,17617,18264,10,10,10,13278,11204,11622,10075,8397,8716,2948,2567,2661,255,240,245,230,216,221,7.3,7.3,8.34,5.00,31764,35,48216,91,4,258,552,1380,1497,911,80,20
"""490451306002""","""Salt Lake City, UT""",1.00,1213.00,422.00,1829.46,31,35,33,10,12,11,21,23,22,9.07,2.09,1.70,2,2,22359,20078,20586,3,3,3,12999,11426,11624,9724,8487,8609,3259,2926,3000,15,14,15,14,12,13,8.0,1.9,2.67,0.23,485,19,537,77,32,44,1063,511,,511,17,83
"""490351135201""","""Salt Lake City, UT""",1.00,2135.00,800.00,346.14,44,51,47,22,28,26,21,23,22,8.07,18.65,1.77,2,2,20277,18162,18599,5,5,5,13217,11293,11630,10130,8516,8786,2956,2646,2710,131,130,133,118,117,120,7.1,7.1,6.40,2.31,26775,53,38928,91,19,139,1220,1158,1308,1048,42,58
"""490351030001""","""Salt Lake City, UT""",1.00,1632.00,625.00,216.12,43,50,47,22,28,25,21,23,22,7.65,22.13,1.77,2,2,19850,17657,18140,8,8,8,13233,11275,11631,10127,8492,8776,2894,2573,2643,213,211,212,192,190,192,6.8,8.3,6.39,2.89,33604,62,75441,92,10,169,921,1142,1359,832,59,41
"""490572003001""","""Ogden-Clearfield, UT""",1.00,1371.00,458.00,1711.28,37,43,42,17,21,20,21,22,22,8.63,2.31,1.74,2,2,21591,19524,20015,0,1,1,13076,11331,11636,9916,8457,8696,3147,2845,2916,12,28,23,11,26,21,8.1,2.1,1.48,0.27,8172,33,14583,90,19,60,1244,900,,900,12,88
"""490351003063""","""Salt Lake City, UT""",1.00,1897.00,524.00,98.93,43,50,47,22,28,25,21,23,22,9.53,50.45,1.74,2,2,21263,18733,19337,10,9,9,13260,11278,11643,9921,8328,8598,3100,2730,2818,240,221,227,216,199,205,6.5,8.7,8.24,5.30,16883,54,37317,89,6,336,806,1141,1172,1066,71,29
"""490351047003""","""Salt Lake City, UT""",1.00,1271.00,628.00,189.36,45,53,49,24,30,28,21,23,22,7.07,23.43,1.75,2,2,20001,17565,18151,13,12,12,13249,11260,11651,10014,8399,8698,2916,2560,2645,319,302,309,288,272,278,7.0,7.5,5.87,3.32,32377,42,49467,91,8,176,727,1242,1429,779,71,29
"""490351133074""","""Salt Lake City, UT""",1.00,1363.00,312.00,843.23,43,50,47,22,27,25,21,23,22,9.95,3.68,1.75,2,2,22294,19913,20449,1,1,1,13252,11319,11659,9976,8389,8652,3250,2902,2980,26,28,27,23,25,24,6.8,9.0,6.26,0.37,16829,44,77155,91,22,60,1294,1129,1299,959,50,50
"""490351111024""","""Salt Lake City, UT""",1.00,1943.00,850.00,286.75,50,58,54,28,35,33,21,23,22,7.54,22.35,1.79,2,2,20640,18470,18946,3,3,3,13293,11295,11659,10211,8531,8824,3009,2691,2761,73,73,74,66,66,67,6.8,8.5,4.90,2.96,26772,58,49687,90,13,174,1029,1460,1716,1164,54,46
"""490351138033""","""Salt Lake City, UT""",1.00,2218.00,606.00,173.88,46,53,50,24,30,28,21,23,22,9.06,31.59,1.79,2,2,20116,18042,18455,4,4,4,13271,11340,11662,10237,8608,8867,2932,2629,2689,101,103,106,91,93,96,7.7,5.3,11.41,3.49,24673,53,20685,89,9,206,804,1259,1476,1133,37,63
"""490351003073""","""Salt Lake City, UT""",1.00,1354.00,326.00,144.77,46,54,50,25,31,28,21,23,22,9.51,21.41,1.75,2,2,21474,19098,19631,4,4,4,13247,11351,11665,10009,8470,8702,3130,2783,2861,108,98,103,97,88,93,7.2,8.2,5.79,2.25,13172,53,27831,88,7,186,895,1276,1596,939,51,49
"""490111258071""","""Ogden-Clearfield, UT""",1.00,1914.00,777.00,246.86,41,48,46,20,26,24,21,22,22,8.33,26.21,1.76,2,2,21387,18936,19525,2,2,2,13205,11332,11666,10042,8535,8782,3118,2759,2845,45,37,38,41,34,35,7.9,4.5,14.38,3.15,14146,30,19795,89,13,135,1199,1086,1335,941,37,63
"""490351118021""","""Salt Lake City, UT""",1.00,1441.00,568.00,115.32,44,51,47,22,28,26,21,23,22,7.49,36.88,1.80,2,2,19707,17643,18081,6,6,7,13315,11304,11671,10279,8572,8873,2873,2571,2635,163,162,164,147,146,148,7.0,7.4,5.10,4.93,32875,66,55121,92,7,305,711,1154,1407,810,58,42
"""490490014022""","""Provo-Orem, UT""",1.00,1471.00,349.00,108.06,38,44,40,16,20,18,22,24,22,9.62,31.07,1.82,2,2,21507,19109,18705,6,5,5,13652,11754,11672,10408,8872,8856,3135,2784,2726,109,98,91,98,88,82,7.9,3.2,5.25,3.23,18490,34,31060,92,12,172,1123,826,1234,572,38,62
"""490351125033""","""Salt Lake City, UT""",1.00,2140.00,757.00,146.15,45,53,49,24,30,28,21,23,22,7.95,41.16,1.77,2,2,20388,17863,18448,9,9,9,13280,11325,11677,10077,8502,8763,2972,2603,2688,231,220,225,208,199,203,7.5,6.0,6.30,5.18,27778,45,41568,91,5,258,652,1243,1417,956,62,38
"""490351135142""","""Salt Lake City, UT""",1.00,1782.00,667.00,134.74,42,48,45,20,25,23,21,23,22,7.68,38.01,1.77,2,2,21238,18330,19066,5,4,4,13334,11257,11679,10116,8486,8794,3096,2671,2778,122,100,107,110,90,96,7.1,7.9,5.66,4.95,27589,23,52368,91,10,275,1029,1042,1145,712,76,24
"""490279741003""",,1.00,1459.00,506.00,3965.82,56,67,53,25,31,24,31,36,29,10.90,1.39,2.23,2,2,26853,24157,25872,0,0,0,16070,14695,15737,12157,11175,11967,3913,3520,3770,0,0,0,0,0,0,2.1,0.0,1.45,0.13,598,87,838,82,34,37,1428,1081,1154,655,85,15
"""490111260011""","""Ogden-Clearfield, UT""",1.00,1304.00,463.00,404.22,36,42,40,16,20,18,21,22,22,8.53,9.77,1.74,2,2,21464,18711,19378,10,9,9,13278,11349,11697,9952,8445,8692,3129,2726,2824,197,177,181,178,160,163,8.1,2.7,4.20,1.15,13751,4,19040,90,12,133,1073,829,821,838,52,48
"""490351010001""","""Salt Lake City, UT""",1.00,975.00,464.00,132.92,53,62,58,31,39,36,22,23,22,7.52,26.26,1.80,2,2,20780,18468,18994,4,4,4,13378,11324,11703,10254,8542,8843,3029,2691,2768,95,91,93,86,82,84,6.5,9.0,5.57,3.49,24523,67,53212,90,5,178,529,1620,1868,1074,69,31
"""490490008012""","""Provo-Orem, UT""",1.00,1561.00,404.00,95.54,40,46,42,18,22,21,22,24,22,9.06,38.31,1.84,2,2,21851,19331,18874,5,4,4,13799,11819,11710,10527,8926,8889,3185,2817,2750,87,76,70,78,69,63,8.1,3.5,7.58,4.23,18275,29,28348,91,6,322,640,925,1047,809,49,51
"""490572016003""","""Ogden-Clearfield, UT""",1.00,1414.00,462.00,157.34,41,47,45,20,25,24,21,22,22,8.83,25.94,1.75,2,2,20948,18612,19172,6,6,6,13341,11361,11717,10018,8401,8672,3054,2712,2794,269,248,251,243,223,226,7.2,7.9,5.12,2.94,15751,52,23450,88,7,264,686,1057,1164,925,55,45
"""490439644022""","""Summit Park, UT""",1.00,887.00,360.00,905.36,31,37,50,16,20,28,15,16,22,8.02,3.19,1.78,2,2,21914,19126,20588,8,6,8,13375,12009,11728,10178,9219,8725,3194,2788,3000,3,2,3,459,366,456,7.0,6.5,4.52,0.40,4147,24,12211,86,34,63,1520,1246,,1246,48,52
"""490351114005""","""Salt Lake City, UT""",1.00,817.00,280.00,74.62,46,54,51,25,31,29,21,23,22,7.92,29.72,1.77,2,2,19780,17532,18030,14,14,14,13313,11395,11728,10082,8500,8758,2883,2555,2627,348,340,343,314,307,309,6.2,8.1,4.89,3.75,29510,78,69818,92,6,232,743,1299,1425,1046,67,33
"""490351129201""","""Salt Lake City, UT""",1.00,1437.00,666.00,160.93,43,50,47,21,27,25,21,23,22,7.12,29.45,1.77,2,2,21191,18711,19275,4,4,4,13292,11404,11729,10091,8576,8813,3089,2726,2809,112,101,107,101,91,97,7.7,4.0,9.89,4.14,19842,28,30299,91,23,176,1077,1112,1350,956,40,60
"""490351111013""","""Salt Lake City, UT""",1.00,1548.00,518.00,153.71,45,52,49,23,29,27,22,23,22,8.83,29.75,1.80,2,2,20498,18326,18793,4,4,4,13388,11369,11734,10299,8597,8892,2988,2670,2738,102,102,103,92,92,93,6.7,8.4,3.63,3.37,28749,68,51555,91,8,229,842,1207,,1207,58,42
"""490351107024""","""Salt Lake City, UT""",1.00,1315.00,463.00,129.92,49,58,54,28,35,32,21,23,22,8.09,28.82,1.79,2,2,20800,18426,18973,4,4,4,13370,11358,11734,10228,8567,8862,3032,2685,2765,110,105,108,99,95,97,6.8,8.3,4.44,3.56,28879,51,54050,91,12,232,1022,1446,1776,927,61,39
"""490351034003""","""Salt Lake City, UT""",1.00,1199.00,548.00,107.83,47,54,51,25,31,29,22,23,22,7.71,39.19,1.80,2,2,19958,17777,18260,8,8,8,13387,11357,11735,10285,8576,8882,2909,2590,2661,193,190,192,174,171,173,6.6,8.1,6.03,5.08,33973,69,59979,91,6,208,696,1298,1615,681,66,34
"""490351143001""","""Salt Lake City, UT""",1.00,4242.00,1251.00,227.53,46,54,50,25,31,28,22,23,22,8.98,49.36,1.82,2,2,20280,18026,18508,3,3,3,13416,11375,11738,10380,8671,8961,2956,2627,2697,80,77,80,72,69,72,7.9,5.4,11.12,5.50,23884,47,24871,90,4,299,622,1273,1444,1081,53,47
"""490351039001""","""Salt Lake City, UT""",1.00,1240.00,484.00,108.02,47,55,51,25,32,29,22,23,22,8.47,37.96,1.80,2,2,20611,18476,18940,5,5,5,13382,11382,11739,10254,8568,8855,3004,2692,2760,123,122,124,111,110,112,6.8,8.2,5.09,4.48,24496,66,32606,89,8,250,825,1314,1677,859,56,44
"""490351012001""","""Salt Lake City, UT""",1.00,1040.00,458.00,242.64,54,63,59,32,40,37,22,23,22,8.42,15.89,1.78,2,2,20924,18604,19142,7,7,7,13372,11378,11753,10141,8496,8789,3050,2711,2789,181,171,175,164,155,158,5.9,9.3,6.03,1.89,24078,64,53204,89,13,124,677,1659,1952,1058,67,33
"""490490012023""","""Provo-Orem, UT""",1.00,1270.00,429.00,103.08,40,46,42,18,22,20,22,24,22,8.55,35.60,1.85,2,2,21523,19211,18853,4,4,3,13757,11831,11760,10552,8969,8954,3137,2799,2747,67,63,58,61,57,53,8.1,2.8,6.43,4.16,17899,42,28896,92,6,279,732,913,1063,827,37,63
"""490351133052""","""Salt Lake City, UT""",1.00,1589.00,658.00,529.38,41,48,45,20,25,23,21,23,22,7.79,9.69,1.75,2,2,21012,18560,19146,11,11,11,13338,11382,11761,9990,8412,8699,3063,2704,2790,285,265,272,257,239,245,7.0,7.7,4.92,1.24,22844,32,61786,92,16,89,924,1031,1137,844,64,36
"""490351003072""","""Salt Lake City, UT""",1.00,1900.00,404.00,87.16,44,51,47,22,28,25,22,23,22,10.40,48.22,1.76,2,2,21721,19373,19887,5,5,5,13376,11444,11763,10073,8495,8734,3166,2823,2898,137,126,131,123,114,118,6.8,8.1,5.03,4.63,12013,66,25792,88,5,279,632,1143,1107,1190,56,44
"""490451307033""","""Salt Lake City, UT""",1.00,4405.00,1179.00,138319.35,55,64,60,27,34,31,28,31,29,12.08,0.10,2.36,2,2,27629,24903,25589,1,1,1,17489,15391,15760,13455,11756,12026,4027,3629,3729,7,6,6,6,5,5,0.8,1.6,1.40,0.01,800,81,1031,80,161,8,2824,1389,1418,1170,88,12
"""490351026002""","""Salt Lake City, UT""",1.00,1018.00,304.00,139.92,41,47,44,20,24,23,21,23,22,8.12,17.63,1.79,2,2,19553,17496,17923,11,10,10,13353,11432,11767,10231,8627,8894,2850,2549,2612,272,256,262,245,230,236,5.7,8.1,4.25,2.17,23923,92,66768,92,6,214,733,1015,1049,957,63,37
"""490351122023""","""Salt Lake City, UT""",1.00,874.00,380.00,201.06,44,51,48,22,28,26,21,23,22,7.38,13.94,1.74,2,2,20721,18280,18872,15,14,15,13364,11370,11769,9960,8343,8649,3020,2664,2750,384,363,370,346,327,333,7.2,6.9,6.36,1.89,25727,29,47759,91,9,202,868,1154,1279,816,73,27
"""490351129213""","""Salt Lake City, UT""",1.00,1982.00,623.00,315.94,45,53,49,24,30,27,21,23,22,8.56,16.88,1.76,2,2,20406,18259,18708,11,10,11,13312,11457,11770,10070,8537,8778,2975,2661,2726,267,260,265,241,235,239,7.4,4.3,10.75,1.97,20146,42,26262,91,20,87,1106,1233,1483,1078,38,62
"""490490009013""","""Provo-Orem, UT""",1.00,1958.00,511.00,119.32,39,46,42,18,22,20,22,24,22,9.16,39.22,1.79,2,2,22633,20043,19628,1,1,0,13540,11791,11783,10220,8859,8916,3299,2920,2860,21,11,6,19,10,6,8.2,3.1,6.22,4.28,17763,36,29153,92,5,311,611,904,1094,789,38,62
"""490532713003""","""St. George, UT""",1.00,1469.00,440.00,129.93,45,53,43,22,28,21,23,26,22,9.48,32.10,1.60,1,2,20617,18235,20373,3,3,2,11733,10449,11788,8710,7774,8803,3004,2657,2969,20,18,16,47,43,39,7.2,7.5,4.19,3.39,9870,54,21035,88,7,207,723,933,1189,683,49,51
"""490351107011""","""Salt Lake City, UT""",1.00,1547.00,609.00,154.72,49,57,53,27,34,31,22,23,22,8.04,31.65,1.81,2,2,20693,18334,18885,5,5,5,13460,11392,11796,10311,8596,8916,3016,2671,2752,133,125,128,120,113,116,6.6,8.3,4.49,3.94,30434,52,58965,91,10,228,904,1409,1550,1096,69,31
"""490351133051""","""Salt Lake City, UT""",1.00,2150.00,670.00,397.73,42,49,46,21,26,24,22,23,22,8.66,14.59,1.77,2,2,21030,18811,19305,8,8,8,13398,11448,11798,10126,8510,8785,3066,2741,2813,206,197,200,186,178,181,6.6,8.1,3.87,1.68,19460,54,63861,92,14,117,1167,1080,1168,966,57,43
"""490351133082""","""Salt Lake City, UT""",1.00,2337.00,590.00,160.77,45,52,48,23,29,26,22,23,22,9.36,34.33,1.80,2,2,20178,18119,18542,8,8,8,13440,11439,11803,10286,8600,8897,2941,2640,2702,213,199,205,192,179,184,5.8,7.6,3.44,3.67,23760,85,52249,91,7,207,769,1187,1277,1028,64,36
"""490490009012""","""Provo-Orem, UT""",1.00,2074.00,679.00,182.14,42,48,44,19,24,22,22,24,22,8.38,31.24,1.85,2,2,22133,19606,19149,4,4,3,13884,11911,11805,10581,8988,8953,3226,2857,2790,76,67,62,69,60,56,8.0,3.3,5.72,3.73,18600,30,29485,92,8,246,737,1002,1311,726,47,53
"""490351048004""","""Salt Lake City, UT""",1.00,1527.00,620.00,140.47,46,53,50,24,30,28,22,23,22,8.25,36.39,1.80,2,2,20004,17847,18318,9,9,9,13414,11454,11806,10282,8640,8921,2916,2601,2669,216,213,216,195,192,195,6.6,7.3,4.41,4.41,32369,65,52268,92,12,214,990,1253,1440,1010,57,43
"""490351103003""","""Salt Lake City, UT""",1.00,1023.00,447.00,107.99,51,60,56,30,37,34,22,23,22,7.96,32.94,1.82,2,2,20520,18353,18825,3,3,3,13480,11435,11806,10413,8682,8984,2991,2674,2743,76,78,80,69,70,72,7.2,7.5,3.99,4.14,26997,59,34438,90,6,296,569,1542,2038,878,57,43
"""490572016001""","""Ogden-Clearfield, UT""",1.00,954.00,303.00,73.35,41,47,46,20,25,24,21,22,22,9.22,38.08,1.80,2,2,20923,18697,19229,4,3,3,13471,11445,11808,10261,8575,8859,3050,2724,2802,160,146,148,144,131,133,6.8,8.0,4.02,4.13,17188,68,27345,89,6,227,641,1061,1049,1076,56,44
"""490490011052""","""Provo-Orem, UT""",1.00,2083.00,555.00,183.78,42,49,45,20,25,23,22,24,22,9.63,29.07,1.82,2,2,21813,19513,19157,8,7,7,13709,11872,11821,10393,8903,8910,3180,2843,2791,136,126,120,123,114,108,7.5,2.5,7.43,3.02,14465,43,28986,92,18,185,1273,1042,1349,893,33,67
"""490351125022""","""Salt Lake City, UT""",1.00,1138.00,459.00,119.50,46,53,50,24,30,28,22,23,22,8.24,31.66,1.81,2,2,21317,18583,19266,4,3,3,13516,11401,11832,10311,8612,8938,3107,2708,2807,98,82,87,88,74,78,7.1,7.2,6.33,3.84,27743,26,48454,91,10,323,882,1250,1371,891,75,25
"""490572112013""","""Ogden-Clearfield, UT""",1.00,2374.00,926.00,297.34,41,47,45,20,25,23,21,23,22,8.34,25.98,1.77,2,2,21790,19364,19948,4,3,3,13444,11481,11833,10110,8520,8784,3176,2822,2907,157,140,142,142,126,128,7.5,6.9,6.00,3.11,10905,39,11911,86,9,162,871,1053,1388,716,50,50
"""490070003003""","""Price, UT""",1.00,731.00,331.00,725.19,39,44,34,14,18,12,24,27,22,8.01,3.66,1.54,1,2,21167,19123,21542,1,1,1,11488,10030,11834,8379,7216,8671,3084,2787,3139,25,27,24,21,23,20,7.3,6.7,2.93,0.46,2162,46,3313,81,20,76,1086,553,1272,284,27,73
"""490351034001""","""Salt Lake City, UT""",1.00,1352.00,585.00,108.60,48,56,53,27,33,31,22,23,22,7.67,41.32,1.81,2,2,20112,17949,18424,8,8,8,13477,11474,11841,10344,8662,8957,2932,2615,2685,201,197,200,182,177,180,6.1,8.1,5.48,5.39,32523,75,51376,91,10,172,1036,1383,1546,1102,63,37
"""490351138023""","""Salt Lake City, UT""",1.00,1308.00,281.00,176.85,39,44,42,17,21,20,22,23,22,9.66,15.35,1.78,2,2,21250,18571,19224,7,7,7,13472,11444,11842,10189,8571,8867,3098,2706,2801,185,167,175,167,151,157,7.5,5.2,4.71,1.59,24120,21,20681,89,11,185,1090,881,796,1034,64,36
"""490572004001""","""Ogden-Clearfield, UT""",1.00,860.00,338.00,476.01,37,43,41,16,20,19,21,23,22,7.33,5.21,1.78,2,2,20832,18758,19251,4,4,4,13368,11531,11853,10149,8618,8869,3037,2733,2805,183,180,179,165,162,161,7.6,4.2,2.99,0.71,12587,49,23858,90,15,77,964,847,988,794,28,72
"""490050006001""","""Logan, UT-ID""",1.00,225.00,69.00,97.00,33,37,29,8,9,7,25,28,22,,,1.73,2,2,21453,19535,20081,1,1,1,12545,11266,11856,9406,8392,8905,3126,2847,2926,14,27,25,12,23,21,7.6,4.2,4.59,0.71,11354,60,18575,89,14,185,1004,318,,318,17,83
"""490111264042""","""Ogden-Clearfield, UT""",1.00,1642.00,532.00,300.19,41,48,46,20,25,24,21,23,22,9.30,16.48,1.79,2,2,21965,19671,20221,4,4,4,13495,11550,11896,10213,8608,8874,3202,2866,2946,79,75,76,72,68,68,7.3,5.9,6.04,1.77,11669,40,20011,89,15,75,1154,1068,1308,866,46,54
"""490351135132""","""Salt Lake City, UT""",1.00,937.00,322.00,156.55,42,49,46,20,25,23,22,23,22,8.16,16.79,1.82,2,2,20793,18488,18995,4,4,4,13542,11543,11910,10409,8754,9043,3031,2694,2768,102,95,99,92,86,89,6.7,7.3,3.20,2.06,26947,57,40119,91,14,155,901,1054,,1054,56,44
"""490351027013""","""Salt Lake City, UT""",1.00,1831.00,531.00,155.27,42,48,45,20,25,23,22,23,22,8.98,30.71,1.83,2,2,20825,18780,19199,4,4,4,13596,11589,11926,10461,8749,9025,3036,2736,2797,100,103,103,90,93,93,6.3,8.0,4.17,3.42,20815,88,51320,91,4,194,562,1022,1102,913,57,43
"""490351043001""","""Salt Lake City, UT""",1.00,1522.00,540.00,136.37,48,56,52,26,33,30,22,23,22,9.32,36.91,1.81,2,2,21519,19181,19715,4,4,4,13578,11568,11929,10340,8674,8955,3137,2795,2873,101,100,102,91,90,92,6.7,8.2,5.46,3.96,21720,60,29195,89,8,263,693,1355,1781,690,61,39
"""490351143002""","""Salt Lake City, UT""",1.00,2521.00,1064.00,1482.93,47,54,51,25,31,29,22,23,22,8.22,5.90,1.80,2,2,22004,19276,19945,4,4,4,13560,11541,11937,10251,8644,8936,3207,2809,2906,102,88,94,92,80,85,7.3,5.0,7.25,0.72,21128,16,23100,90,23,58,1133,1287,1410,1097,61,39
"""490490007063""","""Provo-Orem, UT""",1.00,1786.00,649.00,181.08,46,54,49,24,30,27,23,24,22,8.74,31.33,1.86,2,2,22471,20048,19642,2,2,2,13954,12016,11938,10635,9056,9042,3276,2921,2862,43,38,34,39,34,30,7.9,3.3,12.35,3.58,14432,41,23872,91,7,265,723,1218,1316,1148,42,58
"""490490028021""","""Provo-Orem, UT""",1.00,1609.00,491.00,432.08,40,46,42,17,22,20,23,24,22,9.12,10.36,1.85,2,2,22953,20197,19625,8,6,6,14069,12080,11940,10586,9025,8980,3346,2943,2860,137,112,100,123,101,90,8.1,1.0,6.17,1.14,12693,7,21378,92,10,121,1076,899,978,808,54,46
"""490351125013""","""Salt Lake City, UT""",1.00,1643.00,526.00,201.27,45,52,49,23,29,27,22,23,22,8.35,21.81,1.81,2,2,20533,18343,18816,9,9,9,13574,11594,11947,10359,8702,8983,2993,2673,2742,222,220,222,200,198,200,6.7,6.8,3.01,2.61,27168,64,48771,92,9,194,850,1206,1349,1008,58,42
"""490572106003""","""Ogden-Clearfield, UT""",1.00,1808.00,620.00,130.34,41,48,46,20,25,24,21,23,22,8.21,39.05,1.79,2,2,21492,19234,19774,5,5,5,13554,11604,11952,10208,8600,8867,3133,2803,2881,214,202,203,193,182,183,7.2,5.9,6.98,4.76,13427,54,17709,88,9,285,907,1062,1270,882,46,54
"""490050009001""","""Logan, UT-ID""",1.00,1318.00,547.00,171.14,45,53,40,20,24,18,25,28,22,8.61,27.53,1.76,2,2,21671,19356,19983,2,2,2,12764,11338,11953,9576,8488,9013,3158,2820,2912,30,29,28,26,25,24,7.8,3.1,5.41,3.20,12017,36,18192,90,10,224,954,820,1092,646,39,61
"""490111267002""","""Ogden-Clearfield, UT""",1.00,996.00,370.00,190.19,41,48,46,20,25,24,21,23,22,8.57,16.68,1.81,2,2,21500,19277,19808,5,5,5,13560,11608,11955,10327,8700,8971,3134,2809,2886,99,98,98,89,89,88,7.1,6.5,3.37,1.95,15115,58,20114,88,8,168,770,1057,1381,739,49,51
"""490039603001""","""Ogden-Clearfield, UT""",1.00,1483.00,544.00,5630.06,54,64,61,27,34,32,27,30,29,10.71,1.03,2.35,2,2,28203,25359,26050,0,0,0,17524,15441,15788,13412,11746,11992,4111,3695,3796,0,0,0,0,0,0,1.3,0.1,0.45,0.10,1538,90,1551,83,48,12,1914,1435,1526,498,91,9
"""490490011072""","""Provo-Orem, UT""",1.00,2308.00,707.00,200.32,52,61,56,29,37,34,23,24,22,8.24,29.08,1.87,2,2,22103,19797,19445,3,3,3,13935,12027,11962,10661,9094,9083,3222,2885,2833,51,48,45,46,44,40,7.5,3.2,4.61,3.53,18521,49,30294,92,13,224,1026,1507,2013,1232,35,65
"""490490012012""","""Provo-Orem, UT""",1.00,2305.00,786.00,396.26,43,50,46,21,26,24,22,24,22,8.34,16.55,1.86,2,2,21890,19556,19178,5,5,4,13924,12034,11963,10642,9101,9093,3191,2850,2794,92,83,76,83,75,69,7.7,1.7,9.26,1.98,14900,38,23412,92,14,120,1119,1058,1395,876,35,65
"""490351131052""","""Salt Lake City, UT""",1.00,3946.00,994.00,12822.84,63,75,69,35,44,40,28,31,29,12.99,1.01,2.34,2,2,28445,25649,26325,0,0,0,17491,15454,15792,13345,11716,11956,4146,3737,3836,0,0,0,0,0,0,0.5,1.8,1.14,0.08,3132,98,3763,84,142,8,2537,1805,1890,1233,87,13
"""490351037002""","""Salt Lake City, UT""",1.00,1334.00,561.00,110.89,54,63,59,32,39,36,22,23,22,7.89,39.90,1.84,2,2,20375,18265,18719,7,7,7,13649,11599,11971,10515,8773,9078,2970,2661,2728,164,164,166,148,148,149,6.0,8.1,5.37,5.06,31091,85,47616,91,6,212,697,1638,1828,1263,66,34
"""490351035001""","""Salt Lake City, UT""",1.00,879.00,347.00,107.05,67,80,74,45,56,52,22,23,22,8.06,26.13,1.83,2,2,20284,18126,18600,9,9,9,13619,11601,11972,10441,8741,9041,2957,2641,2710,222,219,221,200,197,199,5.7,8.6,4.25,3.24,32117,82,54833,91,9,191,906,2339,3022,888,68,32
"""490439642022""","""Summit Park, UT""",1.00,1780.00,562.00,29177.68,37,44,59,18,22,30,19,22,29,12.05,0.23,2.38,2,2,27428,24714,26167,1,0,0,17608,16234,15798,13609,12632,11985,3998,3603,3813,0,0,0,65,20,12,0.9,1.1,0.69,0.02,1090,93,1328,81,223,7,2931,1345,1438,1081,74,26
"""490451307024""","""Salt Lake City, UT""",1.00,4032.00,1095.00,8133.21,52,61,57,25,31,29,27,30,28,12.27,1.65,2.24,2,2,27282,24717,25318,0,0,0,16783,14692,15045,12805,11090,11355,3977,3602,3689,1,0,1,1,0,0,1.7,1.1,2.93,0.13,2888,94,2745,84,81,19,1603,1289,1250,1409,76,24
"""490351027011""","""Salt Lake City, UT""",1.00,1662.00,486.00,91.05,42,49,46,20,26,24,22,23,22,8.77,46.82,1.83,2,2,21212,18999,19482,5,5,5,13671,11615,11979,10462,8734,9025,3092,2768,2839,118,113,115,106,102,104,6.0,8.0,4.42,5.34,19563,83,46638,91,4,260,544,1059,1061,1056,67,33
"""490490022012""","""Provo-Orem, UT""",1.00,2964.00,377.00,291.56,48,57,52,26,32,30,23,24,22,9.83,12.70,1.84,2,2,22310,19895,19480,9,9,8,13937,12068,12001,10519,9014,9013,3252,2899,2839,166,155,150,150,140,135,7.6,2.3,3.51,1.29,11944,36,25142,92,11,152,1348,1332,1216,1417,42,58
"""490351124023""","""Salt Lake City, UT""",1.00,1975.00,668.00,187.71,43,50,47,21,26,24,22,23,22,8.40,29.88,1.81,2,2,21110,18697,19228,8,8,8,13591,11688,12003,10306,8762,8996,3077,2724,2802,207,201,205,187,182,185,7.1,5.3,5.80,3.56,23747,59,39513,92,7,233,806,1091,1295,857,53,47
"""490351135133""","""Salt Lake City, UT""",1.00,1341.00,331.00,146.35,45,53,49,23,29,27,22,23,22,10.10,22.85,1.83,2,2,21162,18769,19304,4,4,4,13631,11648,12010,10444,8817,9097,3085,2735,2813,103,96,100,93,87,90,6.4,7.3,3.13,2.26,27111,56,38938,90,21,171,1545,1218,1477,889,56,44
"""490351135101""","""Salt Lake City, UT""",1.00,1586.00,484.00,136.84,46,53,49,23,29,27,22,23,22,9.51,33.63,1.83,2,2,21259,18648,19275,7,6,6,13701,11598,12013,10432,8725,9044,3099,2717,2809,169,156,160,153,140,145,6.8,6.8,4.85,3.54,27111,43,41480,91,7,267,938,1217,1216,1219,76,24
"""490439644021""","""Summit Park, UT""",1.00,657.00,292.00,2202.19,33,40,54,18,23,31,15,17,22,8.72,1.16,1.83,2,2,22246,19507,20926,6,4,6,13680,12338,12020,10435,9494,8969,3243,2843,3049,2,1,2,326,241,333,7.1,4.1,1.43,0.13,2218,22,8796,87,38,55,1567,1407,,1407,42,58
"""490351005002""","""Salt Lake City, UT""",1.00,1219.00,454.00,99.51,42,48,45,20,25,23,22,23,22,8.02,36.60,1.81,2,2,21727,19226,19817,7,6,6,13693,11649,12028,10357,8691,8980,3167,2801,2888,169,156,160,152,141,145,5.8,8.6,5.43,4.56,20124,67,45739,90,7,238,756,1024,1024,,75,25
"""490351125012""","""Salt Lake City, UT""",1.00,1572.00,556.00,140.77,51,60,56,29,36,33,22,23,22,8.81,34.78,1.85,2,2,20982,18644,19167,4,4,4,13704,11651,12029,10543,8835,9134,3059,2717,2793,103,99,101,93,89,91,6.7,7.1,4.25,3.95,28002,62,50054,92,7,246,850,1504,1568,1392,64,36
"""490111258081""","""Ogden-Clearfield, UT""",1.00,2374.00,1016.00,314.93,39,45,43,18,22,21,21,23,22,8.58,27.68,1.82,2,2,22070,19522,20136,3,3,3,13664,11673,12030,10387,8778,9043,3217,2845,2934,60,51,52,54,46,47,7.3,5.3,13.74,3.23,14675,39,23052,90,10,165,860,932,1157,665,54,46
"""490351133073""","""Salt Lake City, UT""",1.00,3499.00,804.00,199.47,44,51,48,22,28,26,22,23,22,10.52,42.42,1.82,2,2,22365,19621,20296,3,3,3,13750,11608,12037,10402,8676,9003,3260,2859,2957,87,73,76,79,66,69,6.2,8.5,4.63,4.03,20552,41,58363,91,10,231,916,1146,1172,1037,81,19
"""490439643052""","""Summit Park, UT""",1.00,956.00,364.00,2810.21,34,41,55,19,24,32,15,17,22,9.49,1.23,1.82,2,2,22874,20357,21621,2,2,2,13701,12384,12040,10366,9416,8888,3334,2967,3150,1,1,1,136,92,120,6.2,4.3,0.30,0.13,3438,28,6034,85,187,20,3550,1446,2250,1098,30,70
"""490050010023""","""Logan, UT-ID""",1.00,2411.00,676.00,468.78,44,51,39,18,23,17,26,28,22,9.65,13.91,1.76,2,2,22141,19811,20440,1,1,1,12828,11431,12042,9586,8527,9047,3226,2887,2978,15,17,16,13,14,14,7.9,1.7,6.65,1.44,9271,28,14360,90,14,102,989,757,1074,593,34,66
"""490490005081""","""Provo-Orem, UT""",1.00,2444.00,665.00,149.74,43,50,46,21,26,24,23,24,22,9.14,40.57,1.88,2,2,22095,19724,19357,3,2,2,13975,12093,12044,10706,9179,9191,3221,2874,2820,48,40,33,43,36,30,8.2,0.3,6.09,4.44,12682,34,19907,92,8,214,849,1059,1313,953,29,71
"""490351128191""","""Salt Lake City, UT""",1.00,3027.00,959.00,544.44,48,57,53,26,33,31,22,24,22,9.69,17.07,1.81,2,2,22302,19694,20291,2,1,2,13614,11743,12049,10319,8841,9054,3251,2870,2957,44,33,39,40,30,35,7.8,2.2,8.02,1.76,12650,27,27679,92,16,172,1196,1372,1779,1095,40,60
"""490490015041""","""Provo-Orem, UT""",1.00,2246.00,588.00,160.59,48,56,51,25,31,29,23,25,22,9.77,35.76,1.89,2,2,22371,19905,19468,5,4,4,14143,12160,12052,10798,9187,9150,3261,2900,2837,84,72,66,75,65,59,7.3,4.1,5.00,3.66,17964,47,28754,91,9,231,883,1287,1608,948,51,49
"""490572013011""","""Ogden-Clearfield, UT""",1.00,1260.00,476.00,106.98,37,42,41,15,19,18,22,23,22,8.13,36.18,1.83,2,2,21355,19096,19637,4,4,4,13730,11691,12056,10427,8731,9015,3113,2783,2861,190,178,179,172,160,162,6.3,7.6,5.67,4.45,17911,75,27834,89,6,239,645,819,872,738,60,40
"""490111259053""","""Ogden-Clearfield, UT""",1.00,2133.00,772.00,155.86,41,47,45,19,24,23,21,23,22,7.91,39.16,1.83,2,2,21396,19107,19655,5,5,5,13689,11703,12057,10475,8830,9103,3119,2784,2864,95,89,90,86,80,81,7.4,3.6,6.31,4.95,14270,52,15345,89,6,246,682,1034,1034,,49,51
"""490351005003""","""Salt Lake City, UT""",1.00,1364.00,454.00,85.18,38,44,41,16,20,19,22,24,22,8.89,47.40,1.82,2,2,21781,19482,19993,6,5,5,13717,11709,12059,10402,8739,9011,3175,2839,2913,140,131,135,126,118,122,5.4,8.7,6.21,5.33,18792,88,39778,89,7,203,766,832,,832,67,33
"""490351001001""","""Salt Lake City, UT""",1.00,437.00,186.00,765.22,41,47,44,19,23,22,22,23,22,8.70,2.11,1.79,2,2,22365,19934,20517,7,7,7,13667,11688,12059,10233,8616,8899,3260,2905,2990,174,167,170,157,151,153,6.6,8.4,3.42,0.24,14316,35,30786,89,20,73,1720,973,1120,739,61,39
"""490351028013""","""Salt Lake City, UT""",1.00,2392.00,775.00,217.59,42,48,45,20,25,23,22,24,22,8.91,31.73,1.85,2,2,21429,19340,19779,2,2,2,13739,11714,12064,10555,8837,9120,3124,2818,2882,61,59,61,55,54,55,5.6,8.3,4.08,3.56,19038,89,47314,90,9,176,885,1024,1031,1014,58,42
"""490039602002""","""Ogden-Clearfield, UT""",1.00,860.00,314.00,8533.73,46,54,52,19,24,23,27,30,29,10.73,0.39,2.34,2,2,28091,25312,25987,0,0,0,17487,15488,15816,13376,11797,12024,4095,3688,3787,16,3,6,15,3,5,1.4,0.1,0.12,0.04,1211,81,1127,82,135,9,3110,1013,1013,,82,18
"""490139405002""",,1.00,1768.00,587.00,517.08,38,44,42,17,22,20,21,23,22,9.48,10.76,1.67,2,2,22316,19798,21746,1,1,1,12786,11093,12075,9516,8199,8896,3253,2885,3169,17,10,10,14,8,8,7.2,7.0,2.48,1.14,2301,43,4764,83,9,127,751,887,1078,703,49,51
"""490351111032""","""Salt Lake City, UT""",1.00,1701.00,724.00,243.80,49,57,54,27,34,31,22,23,22,7.45,22.13,1.84,2,2,21858,19084,19797,4,4,4,13798,11616,12077,10504,8743,9096,3186,2781,2885,108,92,97,97,83,87,6.2,8.3,7.68,2.97,26712,33,43569,90,10,263,802,1400,1438,1116,88,12
"""490111266002""","""Ogden-Clearfield, UT""",1.00,2108.00,647.00,195.95,42,48,46,20,25,24,22,23,22,8.73,28.82,1.84,2,2,21701,19428,19972,4,4,4,13736,11717,12078,10488,8806,9086,3163,2831,2910,85,81,81,76,73,73,6.9,6.2,6.04,3.30,13558,60,15782,88,6,229,700,1080,1311,778,57,43
"""490351135111""","""Salt Lake City, UT""",1.00,2841.00,782.00,223.75,45,52,48,23,28,26,22,23,22,9.05,31.62,1.85,2,2,21034,18697,19223,5,5,5,13765,11680,12078,10570,8836,9153,3066,2724,2801,129,120,124,116,108,112,6.5,6.9,4.46,3.49,27675,60,47987,92,8,195,799,1167,1227,1040,68,32
"""490572017002""","""Ogden-Clearfield, UT""",1.00,1612.00,548.00,160.14,38,44,42,17,21,20,22,23,22,8.65,29.59,1.84,2,2,21504,19334,19851,3,2,2,13755,11717,12080,10507,8793,9081,3135,2817,2893,113,106,107,102,96,96,6.1,7.7,3.67,3.42,17360,78,29908,89,8,212,753,897,876,923,56,44
"""490351042006""","""Salt Lake City, UT""",1.00,1214.00,580.00,189.98,56,66,61,34,42,39,22,24,22,7.71,23.54,1.79,2,2,23364,20173,20991,2,1,1,13657,11715,12082,10201,8755,8993,3406,2939,3059,50,21,30,45,19,27,6.4,8.3,4.61,3.05,13902,22,22620,88,17,81,1409,1750,1852,1391,78,22
"""490351026003""","""Salt Lake City, UT""",1.00,1979.00,670.00,233.33,41,48,45,19,24,22,22,24,22,8.28,23.77,1.82,2,2,21022,18760,19263,9,9,9,13711,11738,12083,10409,8773,9042,3064,2734,2807,237,232,234,214,209,211,5.8,8.0,3.82,2.87,23436,78,65445,92,9,151,923,1003,1173,684,65,35
"""490572018001""","""Ogden-Clearfield, UT""",1.00,1063.00,413.00,269.58,36,41,40,15,18,17,22,23,22,7.65,11.72,1.86,2,2,21141,19181,19644,1,1,1,13717,11744,12091,10602,8909,9192,3082,2795,2862,33,40,37,30,36,34,6.6,6.0,3.03,1.53,14703,81,28903,90,8,133,700,778,827,745,40,60
"""490351128221""","""Salt Lake City, UT""",1.00,2744.00,972.00,376.74,49,57,53,27,33,31,22,24,22,8.56,22.08,1.81,2,2,21583,18992,19608,9,9,9,13702,11735,12095,10320,8749,9013,3146,2767,2857,236,218,225,213,197,203,7.0,5.0,9.08,2.58,18826,36,38379,92,13,156,1081,1385,1594,1053,61,39
"""490070003004""","""Price, UT""",1.00,1017.00,474.00,174.17,43,49,38,18,22,16,25,27,22,8.60,23.40,1.59,1,2,21003,19001,21385,1,1,1,11739,10161,12096,8668,7379,8970,3060,2770,3116,11,13,10,10,11,8,7.1,6.3,3.45,2.72,3451,64,4853,83,7,195,669,696,950,537,39,61
"""490351040001""","""Salt Lake City, UT""",1.00,1443.00,463.00,129.66,56,66,62,34,42,39,22,24,22,9.13,32.60,1.85,2,2,21301,19113,19598,5,5,5,13796,11725,12102,10574,8824,9129,3105,2785,2856,117,116,117,105,105,106,5.8,8.4,4.39,3.57,22960,81,33811,89,7,202,723,1757,2023,1201,68,32
"""490070006002""","""Price, UT""",1.00,1060.00,416.00,123448.38,53,62,47,20,25,17,33,37,29,10.65,0.04,2.18,2,2,24942,22396,25315,2,2,2,15520,13807,15840,11854,10514,12118,3634,3264,3689,31,29,33,27,24,28,0.9,0.8,0.75,0.00,380,71,462,77,614,2,5144,777,769,801,74,26
"""490490021022""","""Provo-Orem, UT""",1.00,1786.00,573.00,293.09,42,49,45,19,24,22,23,25,22,8.64,16.89,1.91,2,2,22241,19842,19437,2,2,2,14202,12215,12114,10925,9293,9255,3242,2891,2832,35,31,27,31,28,25,7.5,3.5,5.24,1.96,20037,46,28622,91,10,140,971,1002,1083,934,46,54
"""490111269012""","""Ogden-Clearfield, UT""",1.00,1397.00,349.00,84.70,46,54,51,24,31,29,22,23,22,10.08,41.53,1.84,2,2,21822,19709,20212,4,3,3,13743,11766,12116,10495,8827,9105,3181,2872,2945,67,66,66,61,60,60,6.2,6.8,3.21,4.12,15150,77,19637,88,12,205,1028,1300,,1300,49,51
"""490351135054""","""Salt Lake City, UT""",1.00,1594.00,395.00,153.31,42,48,45,19,24,22,22,24,22,9.04,23.30,1.85,2,2,20961,18834,19272,6,6,6,13780,11765,12118,10580,8875,9162,3056,2744,2808,144,146,148,130,132,133,6.7,6.3,4.63,2.58,25474,70,23887,89,8,184,839,1010,1180,812,54,46
"""490572002022""","""Ogden-Clearfield, UT""",1.00,1833.00,874.00,234.77,34,38,37,12,15,14,22,23,22,6.85,25.49,1.83,2,2,21166,18991,19509,4,4,4,13737,11773,12120,10469,8832,9104,3085,2767,2843,183,173,174,165,156,157,7.2,4.1,4.13,3.72,14974,59,15851,89,8,161,741,636,934,405,44,56
"""490572016004""","""Ogden-Clearfield, UT""",1.00,686.00,299.00,69.57,39,44,43,17,21,20,22,23,23,8.19,35.22,1.82,2,2,22096,19519,20142,5,4,4,13831,11750,12125,10409,8723,9005,3221,2844,2935,201,183,186,181,165,168,6.6,7.8,4.42,4.30,16547,51,25748,89,6,222,720,901,989,688,71,29
"""490572108001""","""Ogden-Clearfield, UT""",1.00,938.00,291.00,182.38,37,42,41,15,19,18,22,23,23,8.62,13.76,1.83,2,2,21636,19328,19881,5,4,5,13783,11768,12127,10426,8760,9037,3154,2816,2897,203,192,193,183,173,174,6.9,6.6,3.63,1.60,15801,55,25448,89,9,151,852,811,935,653,56,44
"""490351104022""","""Salt Lake City, UT""",1.00,1168.00,435.00,147.57,43,50,47,21,26,24,22,24,23,8.09,23.85,1.85,2,2,21274,18933,19473,6,6,6,13784,11743,12127,10541,8846,9148,3101,2759,2837,142,138,141,128,125,127,6.3,7.3,4.28,2.95,26662,57,35543,90,13,212,1107,1080,1250,769,65,35
"""490572007001""","""Ogden-Clearfield, UT""",1.00,937.00,440.00,434.40,40,46,44,18,23,21,22,23,23,7.54,7.64,1.82,2,2,22279,19829,20418,2,2,2,13731,11787,12132,10381,8799,9058,3248,2889,2975,103,99,99,93,89,89,7.4,5.0,6.98,1.01,12726,38,12591,87,11,87,915,958,1102,821,49,51
"""490479683011""","""Vernal, UT""",1.00,3425.00,987.00,59797.15,54,64,64,28,35,35,26,29,29,12.23,0.20,2.34,2,2,27980,25384,25917,2,2,2,17498,15577,15820,13383,11846,12012,4079,3699,3776,37,32,32,32,27,27,0.5,1.3,1.10,0.02,333,91,423,76,348,5,3715,1570,1683,1179,78,22
"""490111266001""","""Ogden-Clearfield, UT""",1.00,1849.00,708.00,199.41,45,52,50,23,29,27,22,23,23,8.62,30.59,1.84,2,2,21942,19698,20235,3,3,3,13775,11781,12136,10516,8853,9129,3199,2870,2948,60,58,58,54,52,52,7.0,5.4,5.05,3.55,13369,57,15681,88,9,203,768,1220,1483,959,50,50
"""490351129073""","""Salt Lake City, UT""",1.00,1596.00,549.00,175.22,39,45,43,17,22,20,22,24,23,8.01,25.10,1.81,2,2,21450,18786,19433,11,10,10,13719,11766,12141,10320,8775,9049,3127,2737,2832,272,253,261,245,228,235,6.5,5.9,6.55,3.13,24177,29,31012,90,44,164,1683,904,945,836,62,38
"""490351036002""","""Salt Lake City, UT""",1.00,1298.00,505.00,138.86,59,70,65,37,46,43,22,24,23,8.50,30.92,1.85,2,2,20784,18544,19053,9,9,9,13828,11762,12154,10574,8842,9157,3030,2702,2776,225,218,221,203,196,199,4.9,8.8,4.48,3.64,30124,86,51604,90,10,203,953,1921,2133,1216,77,23
"""490351120021""","""Salt Lake City, UT""",1.00,1290.00,559.00,313.12,47,55,51,25,31,29,22,24,23,7.91,14.11,1.84,2,2,21419,18816,19445,7,7,7,13787,11769,12158,10484,8855,9149,3122,2742,2833,181,172,175,163,155,158,5.7,8.6,3.34,1.79,29923,54,60282,91,21,153,1434,1297,1291,1315,74,26
"""490351129181""","""Salt Lake City, UT""",1.00,2868.00,813.00,257.43,45,52,48,22,28,26,22,24,23,9.73,30.72,1.84,2,2,21875,19347,19929,4,4,4,13794,11819,12170,10493,8897,9158,3189,2819,2904,112,103,108,101,93,97,7.1,4.4,28.29,3.16,19894,41,32995,91,14,152,994,1162,1217,1098,54,46
"""490490029023""","""Provo-Orem, UT""",1.00,1022.00,368.00,150.53,42,49,45,19,24,22,23,25,23,8.61,21.04,1.90,2,2,22127,19835,19491,1,1,1,14117,12216,12173,10865,9301,9312,3225,2890,2840,26,25,21,24,22,19,8.2,0.3,3.46,2.44,9114,41,9779,89,5,225,574,994,1152,921,32,68
"""490351133054""","""Salt Lake City, UT""",1.00,1738.00,443.00,235.33,43,50,47,21,26,24,22,24,23,9.80,18.44,1.83,2,2,21154,18721,19293,11,11,11,13790,11791,12175,10420,8796,9090,3084,2728,2811,286,267,274,258,241,247,6.2,6.9,4.38,1.88,24738,50,57628,92,14,150,1132,1087,1156,921,70,30
"""490490102101""","""Provo-Orem, UT""",1.00,1739.00,390.00,2238.51,,,,,,,29,32,29,12.73,2.22,2.37,2,2,29010,26154,25569,0,0,0,17782,15627,15491,13553,11816,11765,4229,3811,3726,0,0,0,0,0,0,1.2,1.0,1.60,0.17,6385,100,6977,87,29,35,1009,,,,95,5
"""490351103004""","""Salt Lake City, UT""",1.00,805.00,330.00,78.50,54,63,59,32,40,37,22,24,23,8.36,35.13,1.88,2,2,20988,18893,19335,4,4,4,13872,11809,12178,10720,8959,9263,3059,2753,2817,93,97,97,84,87,88,6.1,7.3,4.24,4.20,28284,82,37851,90,8,294,836,1648,1917,1234,61,39
"""490419754001""",,1.00,2264.00,635.00,12326.27,63,74,54,30,37,25,33,37,29,11.12,0.57,2.14,2,2,26175,23584,25918,0,0,0,15433,13606,15567,11619,10168,11790,3814,3438,3777,0,0,0,0,0,0,1.8,0.4,1.10,0.05,1513,91,2012,83,66,16,1813,1142,1294,585,79,21
"""490419755004""",,1.00,1738.00,537.00,13668.90,58,68,50,25,31,21,33,37,29,11.34,0.45,2.14,2,2,25988,23403,25644,2,2,2,15463,13651,15569,11647,10212,11802,3787,3411,3737,29,28,31,25,24,26,1.0,0.7,0.70,0.04,549,84,429,77,163,8,2105,959,1030,606,83,17
"""490532715001""","""St. George, UT""",1.00,3692.00,1394.00,1817.77,50,60,48,26,33,25,24,27,23,8.77,6.72,1.66,1,2,21739,19256,21399,2,2,1,12193,10884,12184,9012,8067,9055,3168,2806,3118,13,12,10,31,30,25,6.5,6.7,5.10,0.77,8425,42,14423,87,29,70,1482,1118,1475,763,50,50
"""490572013023""","""Ogden-Clearfield, UT""",1.00,1471.00,405.00,79.90,38,43,42,16,20,19,22,23,23,9.04,45.83,1.86,2,2,21665,19458,19985,3,3,3,13924,11806,12185,10644,8860,9161,3158,2835,2912,121,111,112,109,100,101,5.6,7.8,5.26,5.07,18068,88,32276,89,6,256,631,856,949,671,67,33
"""490139403003""",,1.00,1564.00,451.00,17503.13,48,56,52,21,26,23,27,30,29,10.78,0.28,2.22,2,2,26317,23629,25630,2,2,2,16522,14638,15573,12653,11168,11809,3836,3443,3735,33,27,30,28,23,26,1.1,0.9,0.53,0.03,399,82,454,77,158,10,2686,1052,1117,744,82,18
"""490211106002""","""Cedar City, UT""",1.00,1067.00,446.00,180.77,50,57,40,22,27,18,28,30,23,8.80,21.70,1.65,1,2,22684,20173,21717,1,0,0,12289,10621,12195,8974,7676,9026,3305,2940,3164,10,5,5,8,4,4,7.1,6.0,3.39,2.47,5274,41,7736,85,11,127,906,788,1091,480,50,50
"""490532711004""","""St. George, UT""",1.00,1746.00,581.00,821.67,46,55,44,22,28,21,24,27,23,9.37,6.62,1.64,1,2,21572,19115,21295,1,1,1,12093,10907,12195,8942,8114,9087,3143,2785,3103,8,7,5,19,17,12,7.2,3.8,3.77,0.71,6918,38,10948,88,21,92,1260,948,,948,38,62
"""490351028022""","""Salt Lake City, UT""",1.00,1619.00,399.00,146.02,44,51,47,21,27,25,22,24,23,10.28,28.09,1.86,2,2,21929,19603,20128,3,2,3,13870,11832,12195,10606,8913,9198,3197,2856,2933,67,62,64,61,56,58,5.6,8.4,3.58,2.73,19493,77,54381,91,9,184,811,1114,1280,790,66,34
"""490490005091""","""Provo-Orem, UT""",1.00,3566.00,1280.00,546.01,46,53,49,23,28,26,23,25,23,8.21,19.25,1.89,2,2,23780,20907,20311,5,4,3,14360,12401,12283,10801,9285,9262,3466,3046,2960,92,70,61,83,63,55,7.9,0.2,4.90,2.34,12203,3,22119,93,24,67,1202,1167,1185,1151,48,52
"""490050010021""","""Logan, UT-ID""",1.00,715.00,335.00,99.43,47,55,42,21,26,20,26,29,23,8.45,28.48,1.80,2,2,22184,19827,20465,2,2,2,13036,11582,12202,9772,8662,9190,3232,2889,2982,32,31,30,27,26,25,7.4,3.2,3.63,3.37,12289,42,20656,90,11,122,849,888,1349,505,45,55
"""490490032012""","""Provo-Orem, UT""",1.00,1646.00,522.00,126.51,41,48,44,18,23,21,23,25,23,8.88,36.63,1.90,2,2,22581,20290,19932,3,3,2,14189,12262,12204,10845,9258,9257,3292,2957,2904,52,48,43,47,43,39,7.9,0.7,5.07,4.13,8191,45,9835,89,6,212,640,948,1218,800,35,65
"""490351128152""","""Salt Lake City, UT""",1.00,3065.00,790.00,9501.52,87,105,97,59,74,69,28,31,29,13.00,1.08,2.31,2,2,27907,24988,25704,0,0,0,17278,15223,15578,13210,11582,11832,4068,3641,3745,0,0,0,0,0,0,0.3,4.6,1.22,0.08,6973,97,9041,86,144,11,1998,3077,3082,3010,94,6
"""490111271001""","""Ogden-Clearfield, UT""",1.00,1291.00,486.00,259.82,37,42,41,15,19,18,22,23,23,8.45,15.81,1.85,2,2,22050,19834,20364,3,3,3,13810,11868,12211,10535,8916,9183,3214,2890,2967,61,61,61,55,55,55,7.3,3.6,2.54,1.87,11144,52,10996,88,10,138,815,814,,814,41,59
"""490532710001""","""St. George, UT""",1.00,1694.00,542.00,11544.10,57,68,54,26,33,25,31,35,29,10.98,0.52,2.16,2,2,26289,23690,25833,1,1,1,15603,14343,15582,11765,10885,11810,3831,3452,3764,7,7,7,17,16,18,1.1,0.4,1.65,0.05,776,87,652,79,148,9,2523,1118,1142,1021,80,20
"""490351117021""","""Salt Lake City, UT""",1.00,1201.00,385.00,166.68,50,58,54,28,34,32,22,24,23,8.95,20.66,1.88,2,2,20565,18444,18903,5,5,5,13887,11830,12214,10760,9014,9330,2998,2687,2754,129,128,130,117,116,117,5.5,7.9,3.37,2.31,32628,81,62870,92,13,230,949,1428,1327,1625,66,34
"""490351036001""","""Salt Lake City, UT""",1.00,1268.00,467.00,116.52,59,69,64,36,45,42,22,24,23,8.62,34.55,1.87,2,2,21247,19009,19515,7,7,7,13931,11826,12220,10660,8883,9203,3097,2770,2844,174,173,174,157,156,157,4.8,8.8,4.55,4.01,27970,92,48187,90,7,182,802,1878,2136,942,78,22
"""490351126103""","""Salt Lake City, UT""",1.00,1470.00,681.00,238.32,44,51,48,22,27,25,22,24,23,7.79,22.27,1.85,2,2,21406,18765,19404,8,8,8,13878,11834,12221,10550,8903,9193,3120,2734,2827,208,197,201,187,178,181,6.8,5.5,4.93,2.86,25665,45,38918,92,7,183,885,1126,1137,1094,73,27
"""490351125031""","""Salt Lake City, UT""",1.00,1329.00,455.00,133.21,51,59,55,28,35,33,22,24,23,9.15,31.27,1.85,2,2,21495,19049,19604,6,6,6,13861,11871,12228,10580,8951,9224,3133,2776,2857,148,145,147,133,131,133,6.4,6.5,4.03,3.42,28284,60,45545,92,13,289,1139,1471,1778,992,61,39
"""490351122022""","""Salt Lake City, UT""",1.00,1234.00,463.00,301.87,40,46,44,18,23,21,22,24,23,7.84,12.02,1.84,2,2,21198,18883,19426,12,12,12,13895,11821,12232,10503,8780,9108,3090,2751,2831,302,289,293,273,261,264,5.9,7.6,18.05,1.53,25624,57,50925,91,7,220,819,939,971,805,81,19
"""490351112023""","""Salt Lake City, UT""",1.00,1863.00,550.00,169.80,54,63,59,31,39,36,22,24,23,9.41,30.49,1.87,2,2,21652,19388,19895,4,4,4,13922,11846,12233,10669,8926,9237,3156,2825,2899,96,95,97,87,86,87,6.0,7.6,3.47,3.24,24650,67,35694,90,13,219,1056,1624,1797,1306,65,35
"""490351047001""","""Salt Lake City, UT""",1.00,1573.00,585.00,156.50,46,54,50,24,30,28,22,24,23,8.80,32.91,1.88,2,2,21585,19291,19805,2,3,3,13915,11864,12233,10710,8988,9283,3146,2811,2886,59,64,64,53,58,58,6.5,7.6,4.88,3.74,28020,70,36155,90,7,188,905,1244,1516,780,63,37
"""490351135092""","""Salt Lake City, UT""",1.00,3586.00,978.00,310.37,48,56,52,25,32,29,22,24,23,9.78,30.83,1.85,2,2,21775,19160,19795,7,6,6,13916,11810,12237,10575,8872,9200,3174,2792,2884,167,146,153,150,132,138,6.1,6.8,6.14,3.15,25759,43,53036,92,14,194,1170,1318,1424,942,78,22
"""490050005014""","""Logan, UT-ID""",1.00,1538.00,500.00,129.63,48,56,43,22,28,21,26,29,23,9.03,34.82,1.79,2,2,22862,20199,20899,1,1,1,13116,11608,12240,9765,8652,9181,3331,2943,3045,19,13,13,16,11,11,7.4,3.7,3.79,3.86,11407,23,24170,91,14,218,945,924,1166,618,56,44
"""490351118011""","""Salt Lake City, UT""",1.00,1413.00,679.00,170.85,49,56,53,26,33,30,22,24,23,7.76,30.86,1.89,2,2,20852,18559,19088,5,5,5,13951,11820,12241,10778,8991,9332,3040,2704,2781,133,125,128,120,112,115,5.5,7.7,3.80,3.97,32507,73,54955,91,9,206,823,1357,1422,1121,78,22
"""490490011031""","""Provo-Orem, UT""",1.00,1073.00,307.00,317.23,47,55,50,24,30,28,23,25,23,9.13,8.84,1.89,2,2,22185,19831,19445,9,9,9,14168,12305,12242,10765,9257,9255,3234,2890,2833,169,159,154,152,144,139,7.2,1.9,12.34,0.97,14847,44,25967,92,18,117,1267,1240,1750,889,41,59
"""490451306003""","""Salt Lake City, UT""",1.00,597.00,247.00,894237.74,34,39,37,12,15,14,22,24,23,9.17,0.00,1.77,2,2,22815,20755,21181,3,3,3,13433,12130,12243,10092,9090,9141,3326,3024,3086,15,15,16,14,14,14,5.9,0.9,2.30,0.00,279,24,357,76,1125,1,4670,620,,620,0,100
"""490211101002""","""Cedar City, UT""",1.00,1577.00,541.00,18353.17,66,77,53,30,37,24,36,40,29,10.98,0.32,2.18,2,2,26661,24071,25536,1,1,1,15746,13910,15591,11837,10377,11843,3885,3509,3721,24,24,27,21,20,23,1.5,0.2,1.05,0.03,456,79,438,78,118,10,2456,1095,1157,824,81,19
"""490351129044""","""Salt Lake City, UT""",1.00,1477.00,432.00,100.50,44,51,48,22,27,25,22,24,23,9.32,40.07,1.88,2,2,21400,19173,19645,4,4,5,13947,11885,12250,10717,8979,9273,3119,2794,2862,111,112,114,100,101,103,6.7,5.7,4.25,4.30,24752,70,24545,90,6,201,743,1117,1241,939,59,41
"""490351133093""","""Salt Lake City, UT""",1.00,1967.00,430.00,140.24,46,53,50,23,29,27,22,24,23,9.53,29.22,1.86,2,2,21274,18983,19485,9,9,9,13919,11877,12250,10597,8893,9190,3101,2766,2839,221,218,220,200,196,198,5.9,7.1,3.18,3.07,26907,73,42537,91,9,233,969,1203,1340,923,67,33
"""490572020001""","""Ogden-Clearfield, UT""",1.00,1738.00,640.00,332.35,36,42,40,15,18,17,22,23,23,8.87,17.09,1.81,2,2,22376,19925,20515,6,6,6,13874,11899,12251,10346,8749,9012,3262,2903,2989,267,246,250,241,222,225,6.1,8.0,2.43,1.93,13240,58,20873,88,16,133,999,775,,775,60,40
"""490490002031""","""Provo-Orem, UT""",1.00,1002.00,364.00,167.45,39,45,41,16,20,18,23,25,23,7.99,17.36,1.90,2,2,22826,20322,19898,3,2,2,14239,12319,12251,10863,9318,9317,3327,2961,2899,48,40,34,44,36,31,8.0,0.4,2.74,2.17,11736,33,21092,92,8,161,736,823,,823,40,60
"""490351126053""","""Salt Lake City, UT""",1.00,757.00,250.00,261.80,46,53,50,23,29,27,22,24,23,9.08,8.67,1.85,2,2,20999,18732,19230,11,10,10,13871,11925,12264,10546,8939,9202,3061,2729,2802,264,256,260,239,231,235,6.5,6.3,3.95,0.95,21013,61,46533,92,10,149,872,1216,1250,1167,59,41
"""490211104001""","""Cedar City, UT""",1.00,731.00,308.00,260.58,43,49,35,15,19,12,28,30,23,8.48,10.02,1.66,2,2,22468,20163,21639,0,0,0,12311,10690,12266,9035,7747,9111,3274,2939,3153,2,4,1,2,4,1,7.1,5.7,3.94,1.18,6460,56,7828,85,9,157,829,546,,546,43,57
"""490351031001""","""Salt Lake City, UT""",1.00,984.00,455.00,107.46,46,54,50,24,30,28,22,24,23,7.77,32.89,1.89,2,2,20838,18516,19052,7,7,7,13993,11852,12268,10783,8985,9321,3038,2698,2776,173,169,170,156,152,153,5.1,8.2,5.60,4.23,33830,84,65610,92,6,304,638,1244,1325,819,84,16
"""490351105003""","""Salt Lake City, UT""",1.00,915.00,367.00,127.23,55,64,60,32,41,37,22,24,23,8.61,24.83,1.86,2,2,21642,19256,19812,6,6,6,13944,11878,12268,10645,8934,9240,3155,2806,2887,144,138,141,130,125,127,6.2,7.1,2.86,2.88,23945,58,30494,90,12,196,936,1682,2190,583,68,32
"""490490104091""","""Provo-Orem, UT""",1.00,1509.00,349.00,2139.16,58,68,62,29,36,33,29,32,29,13.04,2.13,2.40,2,2,28652,25927,25361,0,0,0,17899,15732,15599,13722,11954,11904,4177,3778,3695,0,0,0,0,0,0,2.1,0.0,2.06,0.16,2090,93,1678,84,21,60,906,1502,1540,1212,89,11
"""490490002033""","""Provo-Orem, UT""",1.00,1560.00,512.00,183.07,49,57,52,26,32,30,23,25,23,8.05,22.51,1.93,2,2,22921,20166,19621,4,4,3,14453,12405,12272,11033,9402,9356,3341,2939,2859,80,64,57,72,58,51,8.0,0.4,4.62,2.80,12684,21,21027,92,4,238,647,1327,1296,1375,61,39
"""490479684013""","""Vernal, UT""",1.00,1356.00,388.00,210.60,38,44,44,17,21,21,21,22,23,10.72,19.75,1.81,2,2,23728,21103,21663,0,0,0,13825,11996,12275,10360,8921,9118,3459,3075,3157,7,0,0,6,0,0,7.3,5.3,3.17,1.84,3695,43,7235,85,7,225,686,956,985,925,52,48
"""490351129144""","""Salt Lake City, UT""",1.00,1439.00,500.00,146.19,47,55,51,25,31,29,22,24,23,9.31,31.85,1.86,2,2,21624,19148,19715,8,7,8,13938,11909,12283,10591,8933,9220,3152,2790,2873,195,186,190,176,167,171,6.3,6.2,3.99,3.42,24289,59,33022,90,11,263,964,1284,1277,1298,66,34
"""490351124022""","""Salt Lake City, UT""",1.00,1516.00,507.00,135.10,45,52,49,23,28,26,22,24,23,8.49,31.85,1.86,2,2,21226,18896,19411,8,8,8,13930,11937,12284,10623,8975,9244,3094,2753,2828,213,209,212,192,189,191,6.5,5.2,3.60,3.75,24875,69,40013,92,7,194,771,1173,1407,790,62,38
"""490351041002""","""Salt Lake City, UT""",1.00,1367.00,518.00,117.28,59,69,65,36,46,42,23,24,23,8.19,36.16,1.88,2,2,21607,19241,19797,6,6,6,14031,11865,12285,10730,8914,9251,3150,2804,2885,152,148,148,137,133,134,4.6,8.9,4.49,4.42,25651,88,45910,90,5,240,648,1888,1973,1281,88,12
"""490439644012""","""Summit Park, UT""",1.00,975.00,431.00,3966.39,38,46,62,23,29,40,15,17,23,8.09,0.88,1.87,2,2,22495,19840,21203,4,3,4,13955,12611,12286,10675,9718,9195,3279,2892,3090,1,1,1,223,148,234,6.4,4.3,3.68,0.11,2558,32,7504,86,60,22,1612,1780,2592,1164,43,57
"""490111253011""","""Ogden-Clearfield, UT""",1.00,1341.00,429.00,167.35,39,45,43,17,21,20,22,23,23,8.54,21.90,1.87,2,2,21669,19403,19945,5,5,5,13960,11927,12288,10699,9000,9282,3159,2827,2906,103,100,100,93,90,90,6.8,4.8,3.54,2.56,13958,63,12264,87,5,220,711,905,1051,693,59,41
"""490399722002""",,1.00,1799.00,528.00,8463.03,54,64,50,23,29,22,31,35,29,11.47,0.72,2.16,2,2,26156,23482,25597,1,1,1,15581,14249,15529,11751,10811,11780,3811,3422,3730,18,16,20,16,14,17,1.2,0.6,1.08,0.06,923,88,774,79,72,14,1593,967,1006,672,88,12
"""490039606021""","""Ogden-Clearfield, UT""",1.00,1106.00,308.00,7036.38,51,59,57,24,29,28,27,30,29,12.21,0.53,2.33,2,2,27733,24934,25614,1,0,0,17352,15159,15530,13290,11515,11785,4043,3633,3732,19,10,12,17,9,11,0.6,2.9,1.71,0.04,2691,92,2952,83,88,13,1807,1254,1254,,94,6
"""490211101004""","""Cedar City, UT""",1.00,163.00,94.00,329423.97,64,75,52,28,35,23,36,40,29,,,2.18,2,2,25660,22669,24252,3,2,3,15658,13919,15531,11864,10570,11946,3739,3304,3534,55,45,52,47,38,44,1.7,0.4,0.19,0.00,285,28,318,76,792,2,5437,1036,1106,639,85,15
"""490111266003""","""Ogden-Clearfield, UT""",1.00,1052.00,473.00,206.26,46,53,51,24,30,28,22,23,23,7.69,17.64,1.86,2,2,22697,20003,20655,4,4,4,14001,11919,12293,10610,8933,9210,3309,2915,3010,82,72,74,74,65,66,6.7,5.9,3.63,2.29,13913,33,17214,88,11,224,840,1268,1508,691,71,29
"""490211105001""","""Cedar City, UT""",1.00,2353.00,762.00,396.57,54,63,44,26,32,21,28,31,23,8.54,16.41,1.66,1,2,22876,20432,21893,2,2,1,12406,10723,12293,9041,7717,9076,3333,2978,3190,31,27,27,27,23,23,6.7,6.8,3.93,1.92,3064,47,2967,81,10,178,925,934,1228,569,55,45
"""490351127002""","""Salt Lake City, UT""",1.00,1219.00,378.00,129.98,43,50,47,21,26,24,22,24,23,9.08,26.41,1.87,2,2,21120,18884,19376,8,8,8,13978,11916,12294,10699,8969,9272,3079,2752,2823,200,195,198,181,176,179,6.2,5.9,2.86,2.91,24426,71,38128,91,6,266,612,1089,1230,790,68,32
"""490351145003""","""Salt Lake City, UT""",1.00,2648.00,692.00,10359.64,50,59,55,28,35,32,22,24,23,10.53,0.70,1.84,2,2,23715,21437,21953,0,0,0,13941,11918,12294,10484,8794,9096,3457,3124,3199,0,0,0,0,0,0,5.4,9.3,5.96,0.07,10753,53,75941,91,39,35,1660,1438,1621,1163,60,40
"""490572105062""","""Ogden-Clearfield, UT""",1.00,3132.00,1245.00,379.34,44,51,49,22,28,26,22,23,23,9.08,29.80,1.82,2,2,22462,19845,20477,7,6,7,13966,11932,12297,10386,8764,9031,3274,2892,2984,306,277,282,276,250,255,7.3,4.3,4.99,3.28,10414,24,12937,88,13,103,1207,1182,1236,1102,60,40
"""490351039002""","""Salt Lake City, UT""",1.00,1370.00,412.00,107.49,52,61,57,30,37,34,23,24,23,9.51,36.46,1.89,2,2,21308,19157,19629,5,5,5,14023,11919,12305,10802,9011,9328,3106,2791,2860,115,117,118,104,106,106,5.4,8.0,4.41,3.83,26499,89,35693,90,7,262,729,1545,1571,1484,71,29
"""490351134102""","""Salt Lake City, UT""",1.00,1282.00,347.00,160.49,44,51,47,21,27,25,23,24,23,9.62,20.79,1.87,2,2,21911,19459,20025,5,4,4,14008,11912,12310,10700,8969,9282,3194,2835,2918,115,107,110,103,96,99,5.9,7.6,3.34,2.16,23472,62,32756,90,10,207,932,1103,1082,1155,72,28
"""490572111002""","""Ogden-Clearfield, UT""",1.00,530.00,257.00,109.73,38,44,42,16,20,19,22,23,23,6.23,14.60,1.84,2,2,22141,19553,20178,6,6,6,13982,11955,12318,10487,8864,9131,3227,2849,2940,267,242,247,241,218,222,6.6,6.7,5.05,2.34,14521,51,18548,88,7,234,708,862,1108,338,68,32
"""490532707002""","""St. George, UT""",1.00,1610.00,709.00,399.08,44,52,42,20,25,19,24,27,23,8.05,14.31,1.68,2,2,21385,18967,21093,3,3,2,12273,11000,12322,9137,8217,9231,3116,2764,3074,20,19,17,49,47,42,7.2,3.6,5.06,1.78,6713,45,5650,85,11,168,881,849,1023,695,47,53
"""490351048001""","""Salt Lake City, UT""",1.00,934.00,336.00,111.21,44,51,48,21,27,25,22,24,23,9.16,27.68,1.88,2,2,21880,19466,20024,3,3,3,13993,11948,12324,10738,9043,9338,3189,2836,2918,65,68,69,59,62,62,6.2,7.5,3.03,3.02,28673,63,38290,90,12,236,882,1111,,1111,65,35
"""490351038001""","""Salt Lake City, UT""",1.00,1097.00,436.00,103.41,52,61,57,30,37,34,23,24,23,8.46,35.65,1.89,2,2,20984,18744,19248,7,7,7,14039,11934,12328,10800,9025,9344,3059,2731,2805,180,178,180,163,161,162,5.3,7.7,5.14,4.22,30195,87,42260,90,6,206,760,1546,1607,1347,77,23
"""490351111031""","""Salt Lake City, UT""",1.00,1019.00,458.00,172.86,57,67,63,34,43,40,23,24,23,7.22,19.12,1.88,2,2,22091,19527,20157,5,4,4,14046,11904,12332,10711,8952,9286,3220,2845,2937,115,107,109,104,97,99,5.8,8.0,3.91,2.65,24469,51,37932,90,12,218,1029,1783,1783,,81,19
"""490572105121""","""Ogden-Clearfield, UT""",1.00,1739.00,642.00,1358.82,41,47,45,19,24,23,22,23,23,9.19,4.34,1.85,2,2,22817,20383,20969,2,2,2,13973,11981,12335,10567,8936,9204,3326,2970,3055,79,75,75,72,68,68,6.6,6.5,16.14,0.47,12293,47,17573,88,17,61,1227,1011,1155,833,55,45
"""490351048002""","""Salt Lake City, UT""",1.00,1774.00,719.00,162.01,51,60,56,29,36,33,23,24,23,8.26,36.65,1.91,2,2,20861,18706,19176,5,5,5,14064,11944,12337,10887,9082,9406,3041,2726,2794,136,136,137,122,123,124,5.5,7.3,4.46,4.44,30767,90,43820,91,5,244,649,1483,1559,1273,74,26
"""490351039003""","""Salt Lake City, UT""",1.00,1239.00,459.00,107.76,54,63,59,32,39,36,23,24,23,8.36,35.62,1.90,2,2,21304,19063,19569,4,4,4,14063,11939,12338,10852,9056,9380,3105,2778,2851,105,106,107,95,95,96,5.5,7.8,4.80,4.26,28488,82,39398,90,7,297,758,1637,1769,1258,74,26
"""490351111034""","""Salt Lake City, UT""",1.00,947.00,452.00,167.56,46,53,50,23,29,27,23,24,23,6.70,18.07,1.90,2,2,22021,19245,19945,3,3,3,14116,11875,12342,10819,8996,9358,3210,2804,2906,87,75,77,78,67,70,5.5,8.1,3.89,2.70,26520,50,41405,90,5,313,686,1210,1210,,97,3
"""490111269022""","""Ogden-Clearfield, UT""",1.00,1015.00,339.00,144.86,48,56,54,26,32,31,22,23,23,8.77,20.53,1.87,2,2,22366,19993,20563,4,3,3,14014,11981,12342,10684,9003,9281,3260,2913,2996,69,65,65,62,58,59,6.4,6.1,3.48,2.34,14786,57,18070,88,12,199,943,1375,1433,1288,60,40
"""490351148003""","""Salt Lake City, UT""",1.00,1358.00,320.00,187.71,86,104,96,64,80,73,23,24,23,10.01,17.07,1.87,2,2,21742,19341,19915,9,8,8,14049,11923,12345,10654,8899,9232,3169,2818,2902,226,206,212,204,186,191,2.8,9.5,2.61,1.70,21077,100,52434,89,8,188,734,3299,3299,,96,4
"""490351124021""","""Salt Lake City, UT""",1.00,1309.00,427.00,169.86,45,52,48,22,28,26,23,24,23,8.94,22.47,1.87,2,2,20567,18480,18923,12,12,12,13996,11989,12347,10694,8997,9287,2998,2693,2757,305,300,303,275,270,273,5.9,5.4,3.45,2.51,26073,80,40915,92,7,219,783,1147,1173,1096,66,34
"""490479402013""","""Vernal, UT""",1.00,1135.00,295.00,20271.53,47,55,55,21,26,26,26,29,29,11.65,0.17,2.31,2,2,27765,24887,25453,3,2,2,17276,15312,15547,13182,11650,11802,4047,3626,3709,47,35,37,40,30,31,0.7,2.4,0.19,0.01,406,67,501,76,338,6,4035,1171,1200,911,90,10
"""490111267004""","""Ogden-Clearfield, UT""",1.00,731.00,258.00,93.16,43,50,48,21,26,25,22,23,23,8.08,22.39,1.89,2,2,21945,19646,20197,4,4,4,14073,11977,12351,10793,9035,9329,3199,2863,2943,81,79,79,73,71,71,6.1,6.6,3.66,2.77,15171,74,18843,88,5,220,569,1123,1320,686,69,31
"""490572013021""","""Ogden-Clearfield, UT""",1.00,839.00,368.00,106.22,38,43,41,15,19,18,22,23,23,8.01,27.75,1.87,2,2,21874,19595,20140,5,5,5,14052,11989,12356,10652,8933,9220,3189,2855,2935,212,200,202,191,180,182,5.6,7.6,4.83,3.46,17677,85,26747,89,7,181,710,823,791,883,65,35
"""490351133103""","""Salt Lake City, UT""",1.00,555.00,224.00,88.68,46,54,50,24,29,27,23,24,23,8.24,20.80,1.87,2,2,20753,18559,19037,12,12,12,14002,11993,12366,10665,8993,9290,3025,2704,2774,312,296,302,282,267,272,4.9,7.0,3.10,2.53,25947,88,44326,91,10,188,881,1222,1316,961,74,26
"""490351102005""","""Salt Lake City, UT""",1.00,1358.00,421.00,115.16,50,58,54,27,34,31,23,24,23,9.68,35.40,1.89,2,2,21690,19491,19974,4,4,5,14059,11997,12371,10784,9045,9347,3162,2840,2910,113,111,113,102,100,102,5.5,7.3,3.42,3.66,23471,79,29550,89,13,200,992,1414,1722,868,64,36
"""490351126121""","""Salt Lake City, UT""",1.00,2716.00,900.00,407.67,53,62,58,30,38,35,23,24,23,9.28,20.49,1.88,2,2,22059,19637,20185,3,3,3,14032,12012,12372,10753,9087,9366,3216,2861,2941,64,63,65,57,57,58,6.4,6.4,4.74,2.21,23820,61,31936,90,13,157,983,1575,1548,1616,60,40
"""490490101061""","""Provo-Orem, UT""",1.00,2976.00,579.00,4675.53,60,71,65,32,40,37,29,32,29,13.38,1.66,2.36,2,2,29138,26377,25809,0,0,0,17748,15643,15526,13500,11800,11766,4247,3844,3761,0,0,0,0,0,0,1.7,0.3,1.90,0.12,2761,94,2837,85,33,30,1058,1640,1725,1014,88,12
"""490490034011""","""Provo-Orem, UT""",1.00,941.00,313.00,1908.65,51,59,54,22,28,26,28,31,28,11.47,1.88,2.35,2,2,28425,25574,24949,1,1,1,17596,15339,15151,13434,11601,11505,4144,3726,3635,18,11,11,16,10,10,1.9,0.5,1.85,0.16,3791,78,4302,86,35,37,1195,1149,1149,,95,5
"""490111258072""","""Ogden-Clearfield, UT""",1.00,1047.00,377.00,208.07,38,43,41,16,19,18,22,24,23,8.81,15.96,1.87,2,2,22911,19957,20676,2,2,2,14067,12016,12384,10683,9078,9339,3340,2908,3013,44,30,33,40,27,30,7.1,3.8,3.99,1.81,12932,24,16733,89,8,172,658,827,792,919,72,28
"""490351129162""","""Salt Lake City, UT""",1.00,1852.00,496.00,166.83,48,56,52,25,32,29,23,24,23,9.60,28.55,1.86,2,2,21537,19161,19698,11,11,11,14046,12008,12386,10628,8950,9245,3139,2792,2870,279,266,271,252,240,245,6.2,4.8,4.58,2.97,21387,58,28166,91,9,296,839,1320,1421,1097,69,31
"""490111257012""","""Ogden-Clearfield, UT""",1.00,1379.00,503.00,261.13,41,48,46,19,24,23,22,24,23,8.12,15.64,1.87,2,2,22147,19774,20344,7,6,6,14014,12043,12391,10657,9040,9304,3228,2881,2964,129,122,123,116,110,111,6.3,5.1,4.17,1.93,15815,59,25315,90,16,152,1165,1018,1227,760,55,45
"""490490002045""","""Provo-Orem, UT""",1.00,740.00,277.00,483.07,45,53,48,22,28,25,23,25,23,8.34,4.78,1.90,2,2,23568,20917,20387,9,8,8,14426,12493,12392,10836,9303,9285,3436,3048,2971,155,141,136,140,127,123,7.6,1.1,2.62,0.57,9379,22,15645,90,13,90,993,1136,1315,933,53,47
"""490139406002""",,1.00,2154.00,747.00,113694.32,48,57,53,21,26,24,27,30,29,10.87,0.07,2.23,2,2,26081,23385,25385,2,2,2,16556,14730,15621,12713,11288,11886,3802,3407,3699,41,34,37,35,29,31,1.2,1.3,0.03,0.01,319,72,412,76,321,5,4133,1076,1147,818,78,22
"""490351135371""","""Salt Lake City, UT""",1.00,1230.00,438.00,160.88,45,52,49,22,28,26,23,24,23,8.69,23.65,1.90,2,2,21540,19452,19875,4,4,4,14116,12027,12394,10871,9081,9387,3140,2834,2896,105,111,111,94,100,100,5.5,7.6,3.49,2.72,26452,96,35644,90,7,259,727,1151,1036,1348,63,37
"""490011001002""",,1.00,1797.00,578.00,7609.39,56,66,51,25,31,23,31,35,28,11.20,0.85,2.12,2,2,26456,23839,25637,0,0,0,15424,14080,15152,11564,10603,11410,3855,3474,3736,6,4,6,5,3,5,1.8,2.1,1.10,0.08,1319,89,1507,81,56,20,1549,1048,1155,548,82,18
"""490351047002""","""Salt Lake City, UT""",1.00,2458.00,861.00,185.14,56,65,61,33,41,38,23,24,23,8.60,39.98,1.91,2,2,21002,18793,19286,7,7,7,14118,12007,12402,10880,9094,9416,3062,2738,2810,177,175,176,159,157,159,5.1,7.3,4.61,4.65,30757,90,43309,91,7,176,833,1709,1787,1460,76,24
"""490351135361""","""Salt Lake City, UT""",1.00,2315.00,614.00,180.64,48,56,52,25,32,29,23,24,23,10.20,34.66,1.89,2,2,21881,19498,20035,5,4,5,14122,12015,12411,10817,9062,9377,3190,2841,2919,115,111,114,104,101,103,5.7,7.3,5.48,3.40,26110,72,30744,89,10,191,1155,1311,1462,941,71,29
"""490532711002""","""St. George, UT""",1.00,2147.00,790.00,231.03,56,67,53,32,40,30,24,27,23,8.99,30.73,1.69,2,2,21592,19246,21385,1,1,1,12329,11070,12413,9174,8257,9291,3146,2804,3116,10,8,6,23,20,15,6.8,4.7,4.53,3.42,8019,64,14566,88,8,227,786,1360,1607,1133,48,52
"""490351135152""","""Salt Lake City, UT""",1.00,1099.00,447.00,178.17,45,52,49,22,28,26,23,24,23,8.14,20.43,1.89,2,2,21852,19227,19859,6,5,5,14133,11991,12418,10801,9057,9387,3185,2802,2894,147,133,137,132,120,124,5.7,7.1,8.01,2.51,27407,57,42467,91,8,162,711,1153,1153,,83,17
"""490039608012""","""Ogden-Clearfield, UT""",1.00,1974.00,581.00,15260.94,54,64,61,27,33,31,28,30,29,12.16,0.46,2.38,2,2,27929,25291,25930,1,1,1,17682,15483,15851,13580,11766,12042,4071,3685,3778,31,31,31,28,28,28,0.5,0.5,0.68,0.04,1498,89,1580,82,174,8,2397,1414,1463,968,90,10
"""490050002024""","""Logan, UT-ID""",1.00,1537.00,467.00,2746.18,66,78,60,32,40,30,33,38,29,12.69,2.16,2.33,2,2,28337,25572,26251,0,0,0,16797,15211,15852,12665,11482,12023,4129,3726,3825,2,3,4,2,2,3,0.4,0.3,1.43,0.17,1559,97,1592,82,65,25,1812,1354,1354,,100,0
"""490572017001""","""Ogden-Clearfield, UT""",1.00,1881.00,617.00,147.28,41,47,45,19,23,22,22,24,23,9.30,38.95,1.90,2,2,22365,19996,20565,2,2,2,14196,12038,12424,10853,9059,9359,3260,2914,2997,84,65,68,76,59,62,5.1,7.8,3.98,4.19,17528,79,29555,89,9,196,759,996,1042,871,73,27
"""490572107011""","""Ogden-Clearfield, UT""",1.00,2064.00,876.00,219.68,42,49,47,20,25,24,22,24,23,7.96,31.75,1.87,2,2,22507,19965,20579,4,4,4,14174,12045,12427,10704,8970,9258,3281,2909,2999,190,166,170,171,150,153,6.2,6.7,5.44,3.99,13175,52,15580,87,7,232,772,1066,1154,817,74,26
"""490351111011""","""Salt Lake City, UT""",1.00,1123.00,484.00,284.56,49,57,54,26,33,31,23,24,23,8.19,13.93,1.90,2,2,21858,19371,19961,4,4,4,14148,12009,12427,10852,9081,9412,3186,2823,2909,110,106,107,99,95,96,5.6,7.9,8.27,1.70,27833,63,48156,91,9,231,784,1371,1453,1042,80,20
"""490479684011""","""Vernal, UT""",1.00,1733.00,544.00,1096.10,39,46,46,18,23,23,21,23,23,9.91,4.92,1.80,2,2,24797,22098,22664,1,0,0,13929,12165,12428,10300,8942,9123,3615,3220,3302,14,3,3,12,3,3,6.6,6.0,2.29,0.50,2747,36,5789,84,27,61,1269,1019,1220,821,50,50
"""490351006003""","""Salt Lake City, UT""",1.00,2729.00,583.00,253.99,44,52,48,22,27,25,23,24,23,10.25,23.53,1.87,2,2,21509,19252,19758,11,10,10,14068,12076,12431,10662,9012,9289,3135,2805,2879,271,259,263,244,233,237,4.3,8.5,3.57,2.30,20141,92,43848,90,14,124,937,1133,1075,1278,72,28
"""490211106004""","""Cedar City, UT""",1.00,1120.00,391.00,126.49,55,64,45,26,33,22,29,31,23,9.18,28.38,1.68,2,2,23015,20792,22229,0,0,0,12513,10846,12442,9157,7812,9203,3354,3031,3239,2,4,0,2,3,0,6.5,6.1,4.77,3.09,5111,72,6920,85,8,198,769,966,1337,639,47,53
"""490490028012""","""Provo-Orem, UT""",1.00,2005.00,560.00,1320.14,41,47,43,17,22,20,23,25,23,9.44,4.00,1.90,2,2,23921,21150,20573,9,8,8,14521,12568,12445,10866,9341,9312,3487,3082,2998,168,145,135,152,131,121,7.7,0.3,5.24,0.42,9082,10,18049,92,16,70,1095,896,1023,744,54,46
"""490351108003""","""Salt Lake City, UT""",1.00,1241.00,455.00,173.76,63,75,70,40,51,47,23,24,23,8.41,22.03,1.90,2,2,21878,19409,20001,5,5,5,14187,12013,12449,10872,9068,9415,3189,2828,2914,126,117,120,114,106,108,4.9,8.4,3.13,2.62,27403,70,50768,91,10,202,876,2098,2270,984,87,13
"""490451309001""","""Salt Lake City, UT""",1.00,2661.00,1049.00,624.80,41,48,44,19,23,21,23,24,23,8.45,14.19,1.87,2,2,23134,20414,21068,3,3,3,14062,12121,12452,10673,9133,9368,3372,2975,3070,16,13,14,15,12,13,7.0,3.0,4.96,1.68,6855,34,5645,85,11,146,822,959,1065,807,59,41
"""490572014001""","""Ogden-Clearfield, UT""",1.00,1023.00,371.00,106.49,42,49,47,20,25,24,22,24,23,7.90,27.52,1.89,2,2,21916,19710,20237,4,4,4,14155,12086,12453,10805,9064,9354,3195,2872,2949,156,150,150,140,136,136,5.8,6.5,3.87,3.48,15341,86,17731,88,6,192,622,1057,1094,996,62,38
"""490451310022""","""Salt Lake City, UT""",1.00,2999.00,901.00,345.08,41,47,44,18,23,21,23,24,23,9.34,24.38,1.89,2,2,22614,20345,20822,3,3,3,14089,12162,12455,10779,9184,9408,3296,2965,3034,14,13,13,12,11,12,6.7,4.0,3.33,2.61,7956,72,5968,85,6,183,625,934,1067,806,49,51
"""490572108002""","""Ogden-Clearfield, UT""",1.00,1308.00,423.00,116.78,37,42,41,15,19,18,22,24,23,8.72,31.59,1.89,2,2,22177,19854,20411,4,4,4,14198,12077,12456,10797,9030,9325,3233,2893,2974,168,154,156,152,139,141,5.4,7.3,3.79,3.62,16832,83,28731,89,7,175,717,800,793,816,71,29
"""490111261011""","""Ogden-Clearfield, UT""",1.00,2220.00,785.00,428.82,39,45,43,17,21,20,22,24,23,8.38,15.35,1.88,2,2,22398,19966,20551,5,5,5,14118,12100,12458,10760,9103,9374,3265,2909,2995,94,89,89,84,80,80,7.0,3.2,3.90,1.83,13023,45,13612,89,10,154,842,905,1195,524,57,43
"""490351122013""","""Salt Lake City, UT""",1.00,1124.00,405.00,361.30,48,56,53,26,32,30,23,24,23,7.89,8.84,1.87,2,2,22067,19194,19914,10,9,9,14113,12059,12461,10656,9033,9327,3217,2797,2902,241,229,232,218,206,210,6.0,7.1,3.63,1.12,24601,40,40682,91,13,113,981,1325,1440,775,83,17
"""490572008001""","""Ogden-Clearfield, UT""",1.00,1880.00,680.00,233.20,37,42,41,15,18,17,22,24,23,8.90,25.96,1.88,2,2,22423,20230,20753,2,2,2,14113,12120,12471,10759,9082,9359,3269,2948,3024,86,90,88,77,81,79,6.0,6.4,4.34,2.92,16366,83,22416,89,11,102,827,785,947,616,51,49
"""490572105123""","""Ogden-Clearfield, UT""",1.00,1607.00,586.00,735.70,40,45,44,17,22,21,22,24,23,9.15,7.29,1.87,2,2,22943,20361,20985,4,3,3,14186,12108,12479,10682,9003,9280,3344,2967,3058,159,138,141,143,124,128,6.3,6.3,3.37,0.80,12881,41,20132,89,15,77,1180,924,925,922,68,32
"""490351104021""","""Salt Lake City, UT""",1.00,1550.00,520.00,155.20,55,64,60,32,40,37,23,24,23,8.85,29.66,1.92,2,2,21616,19263,19805,4,4,4,14206,12073,12484,10951,9167,9497,3151,2807,2886,103,98,101,93,89,91,5.2,7.5,3.45,3.35,28763,76,41379,90,11,231,926,1662,1903,883,76,24
"""490111263062""","""Ogden-Clearfield, UT""",1.00,2294.00,1040.00,364.49,45,53,51,23,29,27,22,24,23,8.06,22.99,1.89,2,2,22661,20008,20650,5,4,4,14205,12113,12487,10812,9121,9399,3303,2915,3009,89,77,79,81,70,72,7.1,3.0,5.33,2.85,11518,31,12520,88,8,179,772,1229,1327,1024,68,33
"""490351128232""","""Salt Lake City, UT""",1.00,1640.00,514.00,163.63,51,60,56,28,36,33,23,24,23,9.51,29.87,1.88,2,2,22124,19673,20230,6,6,6,14131,12140,12491,10743,9123,9388,3225,2867,2948,163,151,156,147,136,141,6.5,3.6,2.98,3.14,17473,54,37204,92,15,153,1248,1474,1804,1016,58,42
"""490490101082""","""Provo-Orem, UT""",1.00,3289.00,791.00,533.28,48,57,52,25,31,29,23,25,23,10.30,15.27,1.91,2,2,24247,21779,21338,2,2,2,14487,12568,12499,10914,9360,9359,3535,3174,3109,39,34,31,35,31,28,7.4,1.5,7.69,1.48,5608,39,10044,88,12,105,1115,1287,1392,1209,43,57
"""490351028011""","""Salt Lake City, UT""",1.00,1448.00,411.00,300.14,46,53,50,23,29,27,23,24,23,9.14,12.51,1.90,2,2,21425,19205,19695,8,8,8,14159,12151,12503,10827,9145,9426,3123,2798,2870,209,207,207,188,186,187,5.1,8.1,3.30,1.37,23354,86,64863,92,11,126,985,1193,1235,1105,68,32
"""490039602005""","""Ogden-Clearfield, UT""",1.00,760.00,244.00,2657.07,50,58,55,22,28,26,27,30,29,11.36,1.04,2.32,2,2,28172,25377,26055,1,0,0,17371,15285,15634,13245,11582,11829,4107,3698,3797,20,6,8,18,5,7,0.8,1.0,0.78,0.09,1315,95,1325,81,59,20,1694,1186,1186,,93,7
"""490351119032""","""Salt Lake City, UT""",1.00,1029.00,319.00,169.98,59,69,64,36,45,41,23,24,23,8.34,15.66,1.93,2,2,21330,19063,19575,4,4,4,14228,12094,12505,11011,9209,9545,3109,2778,2852,108,107,108,98,97,97,4.8,8.4,2.89,1.88,32445,85,66172,92,11,203,882,1849,2018,1250,78,22
"""490351040002""","""Salt Lake City, UT""",1.00,1152.00,416.00,107.85,57,67,62,34,42,39,23,24,23,9.07,34.98,1.92,2,2,21823,19485,20031,4,4,4,14262,12085,12505,10969,9138,9477,3181,2839,2919,112,108,109,101,97,98,4.5,8.3,3.78,3.86,25069,88,37171,89,6,326,762,1754,1983,444,85,15
"""490572005003""","""Ogden-Clearfield, UT""",1.00,2608.00,1099.00,330.50,39,44,43,16,21,19,22,24,23,8.40,27.93,1.89,2,2,22626,19843,20518,4,3,3,14260,12129,12512,10793,9096,9375,3298,2891,2990,169,142,147,153,128,133,6.8,4.8,6.13,3.33,15007,35,15911,88,7,225,744,875,883,851,76,24
"""490351136001""","""Salt Lake City, UT""",1.00,1510.00,412.00,140.16,47,55,51,24,30,28,23,24,23,9.25,27.19,1.92,2,2,21486,19437,19844,5,5,5,14243,12157,12520,10989,9197,9500,3132,2832,2892,122,129,129,110,116,116,5.6,6.5,4.00,2.94,26625,98,25222,89,7,256,731,1258,1104,1498,61,39
"""490351147002""","""Salt Lake City, UT""",1.00,2259.00,727.00,202.44,44,51,48,21,27,25,23,24,23,9.51,34.15,1.91,2,2,22469,20137,20666,3,3,3,14243,12142,12521,10882,9132,9430,3275,2934,3011,86,77,80,78,69,72,4.2,8.5,3.76,3.59,15926,99,31437,89,7,177,801,1103,1131,1009,77,23
"""490111251021""","""Ogden-Clearfield, UT""",1.00,1856.00,516.00,7205.70,63,75,72,37,46,43,27,29,28,12.38,0.89,2.30,2,2,27107,24535,25156,0,0,0,17110,14923,15294,13157,11346,11627,3951,3575,3666,1,2,2,1,2,2,1.2,1.8,1.21,0.07,4322,99,4327,85,67,14,1397,1945,2032,1463,85,15
"""490490004001""","""Provo-Orem, UT""",1.00,1650.00,500.00,279.47,43,50,46,20,25,23,23,25,23,9.53,17.05,1.94,2,2,23107,20723,20334,5,5,5,14534,12595,12524,11071,9489,9479,3368,3020,2963,94,87,82,85,78,74,7.4,0.4,2.90,1.79,9641,46,19205,92,10,140,862,1028,1178,918,42,58
"""490351128233""","""Salt Lake City, UT""",1.00,1556.00,707.00,551.75,50,59,55,28,34,32,23,24,23,7.88,10.10,1.87,2,2,22353,19603,20278,9,9,9,14160,12150,12528,10666,9080,9352,3258,2856,2955,235,214,221,212,193,199,6.8,3.1,6.46,1.28,16506,29,35258,92,14,107,947,1430,1522,1234,68,32
"""490572106001""","""Ogden-Clearfield, UT""",1.00,1562.00,648.00,190.48,43,49,47,20,25,24,22,24,23,7.70,26.19,1.88,2,2,22721,20039,20688,6,5,6,14289,12145,12532,10716,8991,9277,3312,2920,3015,262,235,240,236,212,216,6.7,4.9,4.32,3.40,10911,37,17148,89,6,250,829,1069,1004,1283,77,23
"""490490016021""","""Provo-Orem, UT""",1.00,1582.00,0.00,82.62,,,,,,,,,,,,,,,,,,,,,,,,,,,,,,,,,,,,6.0,,0.25,0.00,,,,,,147,1395,,,,,
"""490490027014""","""Provo-Orem, UT""",1.00,367.00,0.00,222.10,,,,,,,,,,,,,,,,,,,,,,,,,,,,,,,,,,,,7.0,,0.00,0.00,,,,,,,493,,,,,
"""490351127004""","""Salt Lake City, UT""",1.00,2126.00,646.00,324.62,48,56,53,25,32,29,23,24,23,9.06,18.03,1.90,2,2,21411,19255,19717,9,9,9,14201,12176,12535,10853,9148,9438,3121,2806,2873,226,222,224,204,200,202,5.4,6.3,2.86,1.99,22776,82,41762,91,12,174,940,1321,1392,1192,65,35
"""490351107021""","""Salt Lake City, UT""",1.00,1044.00,385.00,120.15,55,64,60,32,40,37,23,24,23,8.22,26.33,1.92,2,2,22045,19567,20157,4,4,4,14272,12116,12539,10949,9161,9496,3213,2851,2937,110,104,106,99,93,95,5.1,7.8,3.04,3.20,26904,69,41603,90,11,229,944,1650,1731,1285,82,18
"""490050006004""","""Logan, UT-ID""",1.00,903.00,243.00,78.15,46,54,41,19,24,18,27,30,23,10.14,31.52,1.85,2,2,22752,20543,21146,1,1,1,13411,11919,12544,10075,8900,9439,3315,2993,3081,21,26,24,18,23,21,6.5,4.4,6.01,3.11,11672,72,19303,89,7,254,727,817,893,734,52,48
"""490351111014""","""Salt Lake City, UT""",1.00,1744.00,584.00,224.97,50,58,55,27,34,31,23,24,23,9.20,23.90,1.93,2,2,21933,19566,20108,3,3,3,14279,12138,12546,10995,9202,9530,3197,2851,2930,87,85,86,79,77,78,4.8,8.3,2.87,2.60,27938,83,48194,90,10,188,873,1411,1545,933,78,22
"""490351135103""","""Salt Lake City, UT""",1.00,795.00,218.00,187.02,44,51,47,21,26,24,23,24,23,9.49,11.06,1.91,2,2,21576,19270,19785,7,7,7,14214,12166,12548,10896,9190,9495,3145,2808,2883,172,168,170,155,151,154,5.6,6.8,3.10,1.17,27156,68,43532,91,17,113,1316,1085,1216,818,67,33
"""490532718002""","""St. George, UT""",1.00,1011.00,395.00,110.90,51,60,48,26,32,24,25,28,23,7.77,27.68,1.74,2,2,21441,18929,21125,3,2,2,12589,11183,12555,9446,8408,9461,3124,2758,3078,18,16,16,45,40,38,6.0,5.9,3.75,3.56,9079,70,15706,88,4,473,651,1091,1090,1094,72,28
"""490490008011""","""Provo-Orem, UT""",1.00,2303.00,665.00,187.94,46,53,49,22,28,25,24,26,23,9.59,33.93,1.98,2,2,23688,21100,20626,2,2,2,14773,12690,12560,11277,9579,9521,3453,3075,3005,43,37,33,39,33,30,6.8,3.6,4.12,3.54,15356,55,27473,91,6,300,769,1137,1231,968,64,36
"""490490013002""","""Provo-Orem, UT""",1.00,662.00,219.00,218.83,47,55,50,23,29,27,24,26,23,9.40,9.41,1.99,2,2,22278,20020,19679,5,4,4,14661,12655,12562,11333,9659,9620,3247,2917,2867,81,79,75,73,71,68,6.8,2.6,3.07,1.00,17597,68,29529,92,8,198,812,1201,1380,1026,49,51
"""490572002033""","""Ogden-Clearfield, UT""",1.00,1854.00,569.00,132.15,42,48,46,19,24,23,22,24,23,9.23,39.72,1.90,2,2,22163,19855,20408,4,3,4,14259,12198,12563,10866,9156,9439,3231,2893,2974,162,148,150,146,134,135,6.5,3.7,5.27,4.31,13341,64,11631,88,8,257,768,1026,1026,,58,42
"""490490031053""","""Provo-Orem, UT""",1.00,1551.00,522.00,138.91,39,45,41,16,20,18,24,26,23,9.21,34.62,1.94,2,2,23533,21120,20714,3,2,2,14554,12632,12569,11076,9513,9514,3430,3077,3018,47,41,37,43,37,33,7.6,0.2,4.22,3.76,9300,40,8649,89,13,184,1070,815,983,716,37,63
"""490351028012""","""Salt Lake City, UT""",1.00,2360.00,558.00,169.01,45,52,49,22,27,25,23,24,23,10.07,33.23,1.92,2,2,22419,19945,20529,3,3,3,14309,12172,12573,10965,9197,9511,3268,2906,2991,76,69,70,69,62,63,4.7,8.2,4.15,3.30,20738,83,53382,91,7,182,839,1137,1161,1025,82,18
"""490572004002""","""Ogden-Clearfield, UT""",1.00,1037.00,318.00,112.06,40,46,45,18,22,21,22,24,23,9.46,26.85,1.90,2,2,22202,19879,20436,6,5,5,14327,12208,12586,10844,9080,9374,3236,2897,2978,247,231,233,223,208,211,5.5,6.1,3.69,2.84,15003,81,28764,90,6,160,648,956,954,962,72,28
"""490351128041""","""Salt Lake City, UT""",1.00,1565.00,519.00,160.46,49,58,54,27,33,31,23,25,23,8.76,28.33,1.89,2,2,22611,20133,20693,5,5,5,14242,12245,12590,10811,9181,9442,3296,2934,3015,135,131,133,122,118,120,6.1,5.3,3.75,3.23,19501,66,27971,90,11,195,1084,1374,1723,809,62,38
"""490351042004""","""Salt Lake City, UT""",1.00,1416.00,552.00,184.14,64,76,70,41,51,47,23,24,23,8.85,26.52,1.92,2,2,22573,20186,20749,2,2,2,14334,12179,12591,10984,9183,9511,3290,2941,3023,59,55,57,54,50,51,4.5,8.5,3.42,3.00,20078,81,29968,88,11,163,920,2116,2300,1375,80,20
"""490050001011""","""Logan, UT-ID""",1.00,1833.00,553.00,8863.40,61,72,55,27,34,26,33,38,29,12.01,0.75,2.32,2,2,28064,25506,26130,1,1,1,16743,15252,15875,12644,11522,12053,4089,3717,3807,10,14,14,8,12,12,0.5,0.3,0.92,0.06,1006,95,1132,81,153,8,2324,1150,1212,738,87,13
"""490572107012""","""Ogden-Clearfield, UT""",1.00,817.00,218.00,171.41,44,51,49,22,27,26,22,24,23,10.34,13.15,1.89,2,2,22493,20151,20713,5,5,5,14301,12227,12595,10814,9092,9377,3279,2936,3018,208,199,200,188,179,180,5.9,6.6,3.41,1.27,12084,67,14047,87,8,185,850,1150,1257,933,67,33
"""490572108003""","""Ogden-Clearfield, UT""",1.00,951.00,416.00,92.74,40,46,45,18,22,21,22,24,23,8.79,39.42,1.91,2,2,22808,20439,21008,2,2,2,14347,12215,12595,10920,9139,9437,3325,2978,3061,101,98,97,92,88,88,5.1,7.7,4.09,4.49,16829,88,27156,89,6,247,787,950,1008,795,73,27
"""490111253012""","""Ogden-Clearfield, UT""",1.00,1550.00,515.00,211.66,40,46,45,18,22,21,22,24,23,9.39,22.85,1.92,2,2,22333,20031,20583,5,5,5,14293,12234,12599,10944,9225,9508,3256,2919,2999,94,91,91,85,82,82,6.2,4.3,3.46,2.43,13597,68,11534,87,8,167,964,949,1100,699,62,38
"""490439643032""","""Summit Park, UT""",1.00,1368.00,471.00,1917.59,62,75,101,43,54,74,18,21,28,11.48,2.82,2.25,2,2,26577,23677,25279,1,1,1,16733,15112,14922,12858,11660,11239,3874,3451,3684,0,0,0,79,30,41,1.0,3.4,1.05,0.25,2959,87,3858,84,80,20,2444,3310,3310,,91,9
"""490490032042""","""Provo-Orem, UT""",1.00,1348.00,438.00,135.54,45,53,48,22,27,25,24,26,23,9.53,30.79,1.96,2,2,23099,20923,20621,2,2,2,14611,12653,12603,11206,9565,9562,3367,3049,3005,38,39,36,34,35,33,7.0,1.3,3.26,3.23,8480,75,8661,88,5,189,583,1123,1265,1028,40,60
"""490572014003""","""Ogden-Clearfield, UT""",1.00,1176.00,514.00,187.24,46,53,51,23,29,28,22,24,23,8.85,24.30,1.91,2,2,22265,20003,20544,4,4,4,14317,12234,12603,10883,9141,9430,3246,2915,2994,188,179,180,170,161,162,5.2,7.0,3.60,2.75,15544,89,18615,88,7,191,721,1236,1315,1075,67,33
"""490211104002""","""Cedar City, UT""",1.00,1437.00,261.00,73.75,45,51,36,16,20,13,29,31,23,10.98,38.85,1.71,2,2,23334,20993,22480,0,0,0,12696,11003,12604,9293,7941,9328,3400,3060,3276,3,2,0,3,2,0,6.3,5.6,3.68,3.54,6191,68,7585,85,11,182,1062,571,,571,51,49
"""490111258014""","""Ogden-Clearfield, UT""",1.00,1992.00,650.00,140.14,41,48,46,19,24,22,22,24,23,9.59,44.47,1.92,2,2,22702,20325,20895,2,2,2,14306,12240,12606,10955,9240,9523,3309,2962,3045,42,38,38,38,34,34,6.3,3.8,5.38,4.64,15341,66,25226,91,9,206,981,1006,1050,943,58,42
"""490050009003""","""Logan, UT-ID""",1.00,1058.00,372.00,136.23,47,55,42,20,26,19,27,30,23,9.09,24.81,1.86,2,2,22703,20532,21132,1,1,1,13459,11986,12608,10140,8977,9514,3308,2992,3079,11,17,15,9,15,13,6.8,2.8,3.29,2.73,11677,68,18837,90,9,148,755,857,1074,670,46,54
"""490351135214""","""Salt Lake City, UT""",1.00,1445.00,386.00,171.76,46,53,49,22,28,26,23,25,23,10.30,23.15,1.92,2,2,22199,19671,20263,5,5,5,14319,12201,12610,10956,9214,9533,3236,2866,2953,127,121,124,115,110,112,5.6,6.6,3.94,2.25,26918,62,26260,89,13,175,1150,1165,1192,1083,75,25
"""490572007003""","""Ogden-Clearfield, UT""",1.00,1116.00,452.00,106.23,42,48,46,19,24,23,23,24,23,8.60,36.61,1.93,2,2,22394,20125,20668,2,2,2,14354,12238,12613,11003,9227,9523,3264,2933,3012,87,78,79,78,70,71,5.4,6.2,3.63,4.25,15109,86,16956,88,7,169,678,1018,1033,988,66,34
"""490490020004""","""Provo-Orem, UT""",1.00,2196.00,598.00,207.91,45,53,48,21,27,25,24,26,23,9.99,28.73,1.99,2,2,23715,21014,20484,2,2,2,14858,12763,12618,11358,9664,9599,3457,3062,2985,43,37,34,39,33,31,6.9,3.0,4.49,2.88,18670,45,24176,91,6,237,819,1107,1140,1032,69,31
"""490351037001""","""Salt Lake City, UT""",1.00,1183.00,455.00,107.44,59,69,65,36,45,42,23,25,23,9.19,38.91,1.94,2,2,21917,19535,20092,4,4,4,14391,12193,12619,11103,9253,9598,3195,2847,2928,93,94,93,84,84,84,4.6,8.2,4.96,4.23,29334,88,44146,90,6,220,688,1865,1965,1203,87,13
"""490351142001""","""Salt Lake City, UT""",1.00,2096.00,732.00,405.23,53,62,58,30,37,35,23,25,23,9.23,16.68,1.91,2,2,21844,19422,19986,10,9,9,14319,12215,12619,10892,9152,9471,3184,2830,2912,242,233,236,218,210,213,5.6,6.1,4.20,1.81,24345,64,34710,91,9,164,890,1551,1742,844,79,21
"""490572005004""","""Ogden-Clearfield, UT""",1.00,1046.00,269.00,107.24,43,50,48,21,26,25,22,24,23,9.98,25.03,1.91,2,2,22492,20152,20713,3,3,3,14335,12251,12620,10931,9197,9484,3279,2936,3018,126,118,118,114,106,107,5.9,5.6,3.51,2.51,16101,71,22490,89,10,179,953,1105,1105,,63,37
"""490351133101""","""Salt Lake City, UT""",1.00,861.00,320.00,210.03,46,54,50,23,29,27,23,25,23,7.84,11.94,1.90,2,2,21409,19029,19580,12,11,12,14270,12223,12621,10845,9166,9477,3121,2773,2853,304,285,291,274,257,263,5.0,6.8,3.28,1.52,26340,71,46378,91,12,161,1038,1214,1277,956,80,20
"""490572110002""","""Ogden-Clearfield, UT""",1.00,1561.00,513.00,113.74,41,47,45,19,23,22,22,24,23,8.77,39.53,1.91,2,2,22314,19884,20469,5,4,5,14349,12248,12622,10888,9158,9445,3253,2897,2983,208,192,195,188,173,176,5.6,5.9,4.73,4.51,14600,81,22235,89,4,366,619,991,1048,831,74,26
"""490572105122""","""Ogden-Clearfield, UT""",1.00,1225.00,477.00,228.36,42,49,47,20,25,23,22,24,23,8.17,17.06,1.90,2,2,22904,20464,21051,3,3,3,14329,12254,12623,10856,9150,9431,3339,2982,3067,135,122,124,121,110,112,6.1,5.7,2.77,2.09,12661,60,20647,89,11,165,1066,1052,1277,645,64,36
"""490572109004""","""Ogden-Clearfield, UT""",1.00,1407.00,503.00,205.12,45,52,50,22,28,27,23,24,23,9.16,22.46,1.91,2,2,22810,20339,20934,2,2,2,14352,12251,12625,10928,9202,9487,3325,2964,3050,99,86,87,89,77,79,5.6,7.0,2.92,2.45,14769,72,20436,88,8,146,848,1190,1425,622,71,29
"""490351152092""","""Salt Lake City, UT""",1.00,4363.00,1078.00,2101.31,49,58,54,27,33,31,23,25,23,10.28,5.27,1.88,2,2,23007,20689,21201,6,5,5,14218,12299,12627,10726,9150,9400,3354,3015,3089,138,135,138,125,121,124,6.3,3.4,8.57,0.51,10617,42,14463,89,53,29,1691,1377,1859,999,44,56
"""490490101132""","""Provo-Orem, UT""",1.00,3157.00,724.00,3696.01,62,74,68,34,43,39,28,31,28,12.96,2.54,2.33,2,2,28902,26189,25643,0,0,0,17487,15400,15291,13274,11584,11555,4213,3816,3736,0,0,0,0,0,0,2.0,0.3,1.28,0.20,2933,95,2944,85,29,37,1184,1767,1756,1828,84,16
"""490572003003""","""Ogden-Clearfield, UT""",1.00,1230.00,506.00,299.42,40,45,44,17,21,20,22,24,23,7.69,13.00,1.90,2,2,22579,20145,20730,4,4,4,14303,12274,12633,10825,9169,9440,3291,2935,3021,186,170,172,168,153,156,6.6,3.3,3.32,1.69,13592,48,17815,90,16,156,892,908,908,,56,44
"""490572002042""","""Ogden-Clearfield, UT""",1.00,2321.00,865.00,279.28,40,46,45,18,22,21,22,24,23,8.37,25.92,1.90,2,2,22334,19889,20477,4,4,4,14308,12274,12634,10868,9211,9482,3256,2898,2984,184,165,168,166,149,152,6.9,2.5,3.89,3.10,11639,51,8789,87,8,202,794,952,998,890,58,42
"""490050003003""","""Logan, UT-ID""",1.00,1569.00,447.00,21037.30,55,66,50,23,28,21,33,37,29,10.30,0.22,2.30,2,2,27547,25102,25723,0,0,0,16542,15056,15678,12528,11398,11930,4014,3658,3748,0,0,0,0,0,0,0.8,1.4,0.46,0.02,2441,98,3978,85,151,6,3960,947,947,,78,22
"""490351135232""","""Salt Lake City, UT""",1.00,1508.00,393.00,135.89,47,55,51,24,30,28,23,25,23,10.50,30.36,1.93,2,2,22000,19644,20168,5,5,5,14359,12240,12635,11027,9255,9570,3207,2862,2939,125,123,125,113,111,113,5.6,6.2,9.21,2.89,26613,76,24840,89,9,235,980,1260,1360,1011,71,29
"""490490012011""","""Provo-Orem, UT""",1.00,1905.00,578.00,212.60,49,57,52,25,31,29,24,26,23,9.58,26.05,1.98,2,2,23335,20837,20383,5,4,4,14813,12766,12635,11327,9656,9598,3402,3036,2970,85,73,67,77,66,60,6.5,2.2,3.46,2.72,16006,51,26348,92,15,160,1124,1291,1472,1044,58,42
"""490399725001""",,1.00,1483.00,496.00,29616.59,53,64,50,22,27,20,32,36,29,11.35,0.19,2.21,2,2,26206,23759,25762,2,2,2,15857,14621,15887,12010,11128,12104,3818,3462,3754,28,31,30,24,26,25,0.9,0.3,1.48,0.02,363,95,410,77,185,7,2826,920,999,682,75,25
"""490050004021""","""Logan, UT-ID""",1.00,1889.00,492.00,3557.72,78,94,71,45,57,42,33,37,29,12.93,1.79,2.28,2,2,28277,25491,26193,0,0,0,16513,15059,15680,12393,11344,11863,4120,3714,3817,0,0,0,0,0,0,0.7,1.3,0.47,0.14,3049,100,3414,84,56,28,1845,1897,1958,850,95,5
"""490351111033""","""Salt Lake City, UT""",1.00,2043.00,791.00,260.67,57,67,63,34,42,39,23,25,23,8.95,27.15,1.94,2,2,22171,19841,20379,2,2,2,14391,12220,12639,11097,9268,9608,3232,2891,2969,62,61,62,56,55,56,4.5,8.1,3.38,3.03,26113,83,40496,90,12,265,948,1757,1958,979,80,20
"""490111257021""","""Ogden-Clearfield, UT""",1.00,861.00,228.00,154.03,40,46,44,18,22,21,23,24,23,9.55,14.14,1.93,2,2,22595,20109,20708,4,4,4,14378,12264,12641,11007,9259,9548,3294,2930,3017,78,75,75,70,68,68,6.1,5.3,3.58,1.48,13691,64,22078,89,5,191,703,940,955,897,74,26
"""490351130103""","""Salt Lake City, UT""",1.00,2793.00,1093.00,400.59,59,70,65,36,45,41,23,25,23,8.40,22.91,1.91,2,2,22849,20341,20911,2,2,2,14308,12288,12642,10932,9283,9551,3331,2964,3047,46,41,44,41,37,39,6.2,4.7,3.42,2.73,18633,60,32388,91,15,177,1012,1862,1708,2087,59,41
"""490572020003""","""Ogden-Clearfield, UT""",1.00,2366.00,684.00,385.88,56,66,63,33,42,40,22,24,23,10.68,18.93,1.88,2,2,23364,20801,21420,4,4,4,14329,12277,12642,10746,9090,9361,3406,3031,3121,177,157,160,159,141,144,5.3,7.7,3.58,1.77,11659,62,16256,87,17,158,1068,1780,2169,890,70,30
"""490572109001""","""Ogden-Clearfield, UT""",1.00,1535.00,450.00,233.10,44,50,48,21,26,25,23,24,23,9.52,18.37,1.91,2,2,22782,20331,20921,2,2,2,14350,12275,12643,10925,9218,9499,3321,2963,3048,104,94,96,94,85,86,5.4,7.3,3.35,1.93,16388,76,26048,89,9,137,837,1119,1255,818,69,31
"""490351003071""","""Salt Lake City, UT""",1.00,1993.00,511.00,136.55,47,54,51,24,30,28,23,25,23,10.20,38.17,1.92,2,2,22932,20408,21004,3,3,3,14403,12247,12648,10977,9202,9513,3343,2974,3061,84,71,74,75,64,67,3.8,8.7,4.14,3.74,14903,97,32427,89,5,291,718,1236,1236,,89,11
"""490351005001""","""Salt Lake City, UT""",1.00,1061.00,354.00,90.25,49,58,54,26,33,30,23,25,23,10.09,39.57,1.93,2,2,22671,20232,20800,3,3,3,14415,12247,12651,11033,9229,9548,3305,2948,3031,77,70,72,70,63,65,3.8,8.6,4.41,3.92,18505,100,39456,89,5,326,643,1364,1364,,87,13
"""490050005013""","""Logan, UT-ID""",1.00,1453.00,576.00,300.21,47,55,42,20,25,19,27,30,23,9.18,17.61,1.86,2,2,23402,20994,21642,0,0,0,13514,12028,12654,10099,8962,9495,3410,3059,3153,5,7,6,4,6,5,6.6,3.5,3.79,1.92,10289,52,21592,90,14,121,1004,848,1058,609,53,47
"""490351126052""","""Salt Lake City, UT""",1.00,884.00,325.00,121.65,52,61,57,29,36,34,23,25,23,8.75,23.37,1.91,2,2,21821,19482,20009,9,9,9,14345,12277,12655,10926,9211,9508,3181,2839,2915,238,227,231,215,204,208,4.9,6.1,2.89,2.67,21114,84,40391,91,9,200,823,1507,1507,,75,25
"""490572101001""","""Ogden-Clearfield, UT""",1.00,2927.00,1167.00,159793.85,59,70,67,32,40,37,28,31,29,10.66,0.08,2.35,2,2,28004,25119,25821,1,1,1,17538,15568,15890,13405,11880,12094,4082,3660,3762,50,29,33,46,26,30,0.8,1.7,0.23,0.01,992,70,1218,80,338,6,2936,1681,1681,,86,14
"""490379782004""",,1.00,879.00,265.00,155.92,57,67,44,26,33,20,31,34,24,9.83,16.71,1.73,2,2,23345,20845,21714,2,2,2,12882,11130,12665,9441,8053,9473,3402,3038,3164,40,38,28,34,32,24,6.4,5.2,2.41,1.70,1299,52,2332,81,5,214,596,913,1076,550,69,31
"""490351125011""","""Salt Lake City, UT""",1.00,771.00,330.00,76.41,49,57,53,26,32,30,23,25,24,7.89,34.07,1.94,2,2,22340,19595,20279,3,2,3,14430,12211,12665,11101,9296,9647,3257,2855,2955,73,59,63,66,54,57,5.1,7.1,7.99,4.32,27998,57,48770,91,10,360,1093,1343,1343,,92,8
"""490351129042""","""Salt Lake City, UT""",1.00,3187.00,958.00,270.95,50,58,54,27,33,31,23,25,24,9.77,34.54,1.95,2,2,22119,19839,20339,3,3,3,14418,12265,12667,11113,9295,9622,3224,2891,2964,80,79,81,72,72,73,5.6,5.7,6.63,3.54,24536,78,25975,90,8,198,956,1383,1530,1028,71,29
"""490351113052""","""Salt Lake City, UT""",1.00,2022.00,707.00,220.72,54,63,59,31,39,36,23,25,24,9.01,28.86,1.95,2,2,22315,20026,20545,3,3,3,14441,12255,12672,11113,9263,9603,3253,2918,2994,75,75,75,68,67,68,4.9,7.3,3.65,3.20,22725,84,32112,90,8,252,825,1601,1768,976,79,21
"""490351133061""","""Salt Lake City, UT""",1.00,1501.00,513.00,210.60,44,50,47,21,26,24,23,25,24,9.60,23.37,1.90,2,2,22239,19527,20201,10,9,9,14359,12237,12673,10871,9168,9499,3242,2845,2943,247,224,231,223,202,208,5.1,6.6,4.19,2.44,26249,49,48282,92,18,173,1053,1072,1090,941,88,12
"""490351135052""","""Salt Lake City, UT""",1.00,2337.00,574.00,202.13,49,57,54,26,33,30,23,25,24,10.02,28.46,1.94,2,2,22137,19713,20270,5,5,5,14409,12258,12673,11062,9273,9603,3227,2872,2954,120,113,116,108,102,105,5.1,6.9,3.71,2.84,26255,75,26742,89,11,193,968,1358,1409,1175,78,22
"""490351145001""","""Salt Lake City, UT""",1.00,2561.00,608.00,147.42,47,54,51,24,30,27,23,25,24,10.75,44.35,1.94,2,2,23106,20620,21192,1,1,1,14479,12252,12675,11083,9219,9559,3368,3005,3088,28,28,28,26,25,25,4.9,7.9,4.42,4.12,17760,83,32611,89,5,430,549,1224,1200,1363,85,15
"""490050012013""","""Logan, UT-ID""",1.00,1563.00,503.00,2551.86,63,75,57,31,39,29,32,36,28,11.64,2.29,2.24,2,2,27369,24776,25418,0,0,0,16168,14551,15195,12178,10934,11485,3988,3610,3704,2,6,6,2,6,5,1.3,0.9,0.72,0.20,2532,93,2440,83,38,28,1402,1308,1357,673,93,7
"""490351107022""","""Salt Lake City, UT""",1.00,1511.00,480.00,171.65,54,63,59,30,38,35,23,25,24,9.18,25.68,1.95,2,2,22240,19808,20372,3,2,2,14435,12262,12678,11129,9315,9649,3242,2886,2968,64,60,61,58,54,55,4.5,8.1,3.18,2.80,26573,86,47250,91,9,213,845,1574,1699,991,82,18
"""490351126051""","""Salt Lake City, UT""",1.00,1957.00,624.00,167.39,51,60,56,28,35,32,23,25,24,9.91,36.93,1.93,2,2,22106,19839,20338,6,5,5,14402,12294,12680,11040,9269,9579,3222,2891,2964,140,134,137,126,121,124,4.8,6.3,3.05,3.73,21904,89,38390,91,10,260,966,1443,1452,1420,72,28
"""490351133092""","""Salt Lake City, UT""",1.00,1889.00,399.00,160.61,49,57,53,26,32,30,23,25,24,10.88,27.02,1.93,2,2,21991,19745,20229,8,8,8,14397,12308,12686,10998,9236,9542,3206,2877,2948,194,195,196,175,176,176,4.7,7.4,2.99,2.48,26225,94,38791,90,11,219,918,1337,1425,1115,72,28
"""490351121005""","""Salt Lake City, UT""",1.00,1228.00,480.00,242.47,49,57,54,26,33,30,23,25,24,8.98,17.78,1.93,2,2,22201,19537,20184,7,7,7,14418,12274,12696,10999,9256,9580,3236,2847,2941,183,171,174,165,155,157,4.5,8.3,4.18,1.98,27359,73,51257,91,10,164,906,1357,1326,1652,90,10
"""490111257023""","""Ogden-Clearfield, UT""",1.00,1439.00,402.00,175.03,40,45,44,17,21,20,23,24,24,9.70,22.27,1.93,2,2,22756,20392,20960,3,3,3,14410,12327,12696,11028,9293,9579,3317,2971,3054,65,63,63,58,57,57,6.0,4.9,3.90,2.30,13833,73,20155,89,7,224,713,903,891,927,65,35
"""490050012022""","""Logan, UT-ID""",1.00,3894.00,912.00,2248.92,65,77,59,33,41,31,32,36,28,12.80,5.19,2.24,2,2,27456,24829,25494,0,0,0,16211,14545,15199,12210,10927,11484,4001,3618,3715,0,0,0,0,0,0,1.1,1.0,1.38,0.41,4292,97,4950,86,36,40,1640,1371,1359,1630,96,4
"""490351138021""","""Salt Lake City, UT""",1.00,1399.00,466.00,119.84,42,48,45,19,23,22,23,25,24,8.69,33.77,1.95,2,2,22097,19742,20267,5,5,5,14468,12301,12707,11130,9310,9638,3221,2877,2953,117,114,116,105,103,105,5.5,5.7,5.77,3.89,25158,80,22220,89,6,256,715,972,1043,743,76,24
"""490351122021""","""Salt Lake City, UT""",1.00,1680.00,641.00,396.82,49,57,54,26,33,30,23,25,24,8.82,14.25,1.93,2,2,21574,19279,19806,10,9,9,14406,12303,12709,11022,9266,9592,3145,2809,2886,239,228,231,216,205,208,3.7,8.5,2.73,1.62,26878,91,58066,91,13,145,1171,1352,1395,1119,84,16
"""490351135381""","""Salt Lake City, UT""",1.00,2054.00,482.00,134.41,49,57,53,26,32,30,23,25,24,10.05,36.05,1.94,2,2,22186,19943,20424,5,5,5,14456,12331,12716,11101,9307,9619,3234,2906,2976,121,118,121,109,107,109,4.9,6.2,3.63,3.59,22839,93,23031,89,8,229,940,1326,1400,1151,70,30
"""490351134103""","""Salt Lake City, UT""",1.00,1898.00,461.00,160.97,48,56,52,25,31,28,23,25,24,10.42,29.85,1.94,2,2,22321,20035,20533,4,4,4,14462,12326,12718,11099,9298,9616,3254,2919,2992,109,109,110,98,98,99,4.7,7.4,3.30,2.86,24743,93,30652,89,9,231,930,1277,1234,1394,73,27
"""490351134073""","""Salt Lake City, UT""",1.00,3029.00,656.00,339.70,50,58,55,27,34,31,23,25,24,10.66,20.59,1.95,2,2,22520,20364,20813,2,2,2,14445,12362,12721,11105,9337,9629,3283,2967,3033,57,58,59,52,52,53,5.2,6.0,3.03,1.93,15392,93,19671,89,9,168,739,1395,1441,1323,61,39
"""490351128222""","""Salt Lake City, UT""",1.00,2207.00,666.00,252.94,54,63,59,31,39,36,23,25,24,8.72,22.96,1.91,2,2,22251,19804,20367,9,8,9,14384,12362,12725,10919,9266,9544,3244,2886,2968,221,209,214,199,189,193,5.5,5.1,4.24,2.63,19272,67,32193,91,15,175,1178,1597,1780,1209,68,32
"""490070006003""","""Price, UT""",1.00,1433.00,547.00,51003.35,60,70,53,27,34,24,33,36,29,10.54,0.11,2.14,2,2,25016,22236,25399,2,2,2,15348,13550,15671,11671,10281,11935,3645,3241,3701,33,27,35,28,23,30,1.0,0.7,0.81,0.01,369,64,437,77,276,5,3757,1066,1096,844,88,12
"""490572105041""","""Ogden-Clearfield, UT""",1.00,1999.00,604.00,5170.62,60,71,68,33,41,39,27,30,29,12.28,1.44,2.33,2,2,28284,25411,26110,0,0,0,17407,15324,15672,13281,11622,11867,4123,3703,3804,3,0,0,3,0,0,0.4,2.3,0.42,0.12,3430,98,3022,83,94,11,2680,1745,1745,,95,5
"""490351145002""","""Salt Lake City, UT""",1.00,1493.00,343.00,84.55,48,55,52,24,31,28,23,25,24,11.09,45.00,1.95,2,2,23247,20880,21408,0,1,1,14536,12316,12730,11135,9259,9597,3389,3043,3119,12,14,13,11,13,12,4.2,8.3,3.50,4.06,19385,98,42574,90,6,318,736,1267,1291,1157,82,18
"""490351138022""","""Salt Lake City, UT""",1.00,1459.00,480.00,100.37,44,50,47,20,25,23,23,25,24,9.17,43.85,1.96,2,2,21928,19750,20203,4,4,4,14506,12342,12733,11200,9353,9677,3197,2878,2944,110,111,112,99,100,101,5.1,5.5,4.34,4.78,25445,100,22037,89,5,306,661,1053,1100,934,72,28
"""490279742001""",,1.00,1054.00,364.00,14887.83,56,67,53,25,31,24,31,36,29,11.23,0.27,2.26,2,2,26737,24121,25756,1,1,1,16196,14883,15884,12273,11344,12104,3896,3515,3753,26,24,27,22,21,23,1.0,0.3,0.28,0.02,532,90,412,77,106,12,2771,1056,1106,769,85,15
"""490490017012""","""Provo-Orem, UT""",1.00,2193.00,603.00,205.64,50,58,53,25,32,29,24,26,24,10.05,29.46,2.02,2,2,23377,20977,20570,2,2,2,14955,12863,12736,11509,9774,9711,3408,3057,2997,38,33,28,35,29,25,6.0,4.0,3.29,2.93,16837,75,23814,90,9,181,751,1315,1659,783,61,39
"""490351134101""","""Salt Lake City, UT""",1.00,2340.00,617.00,196.44,47,55,51,24,30,28,23,25,24,9.90,31.09,1.94,2,2,22539,20277,20763,4,4,4,14476,12352,12736,11098,9304,9616,3286,2955,3025,93,94,95,84,85,86,4.7,7.1,3.17,3.14,23129,94,27645,89,11,228,959,1250,1224,1309,70,30
"""490039607021""","""Ogden-Clearfield, UT""",1.00,1566.00,553.00,553.76,38,44,42,15,19,18,23,24,24,9.48,9.47,1.90,2,2,23915,21299,21931,2,1,1,14368,12395,12743,10820,9243,9497,3486,3104,3196,62,49,51,56,44,46,6.8,2.5,4.22,1.00,4881,38,5815,86,16,82,892,821,1025,582,54,46
"""490211104003""","""Cedar City, UT""",1.00,876.00,269.00,79.02,50,58,41,21,26,17,29,32,24,9.92,33.77,1.74,2,2,23315,21095,22537,0,0,0,12858,11127,12752,9458,8048,9468,3397,3075,3284,2,4,0,2,3,0,5.8,5.7,3.70,3.40,6165,88,7310,85,6,267,702,771,,771,55,45
"""490479684022""","""Vernal, UT""",1.00,3400.00,1050.00,2593.66,43,51,51,22,27,27,21,23,24,10.50,4.25,1.85,2,2,25460,22751,23315,1,1,1,14268,12498,12753,10537,9173,9347,3711,3315,3397,20,10,9,17,8,8,5.5,6.7,1.69,0.40,2975,43,5017,83,63,34,1783,1214,1341,1064,54,46
"""490351126181""","""Salt Lake City, UT""",1.00,1276.00,418.00,354.72,64,76,71,41,51,47,23,25,24,9.89,11.66,1.95,2,2,22661,20073,20702,3,2,3,14493,12324,12756,11123,9338,9677,3303,2925,3017,66,61,63,60,55,57,5.1,7.2,8.93,1.18,25312,59,36018,90,15,123,1195,2127,2298,1303,83,17
"""490490027021""","""Provo-Orem, UT""",1.00,3370.00,949.00,294.74,50,58,53,26,32,30,24,26,24,10.55,33.98,2.00,2,2,23997,21476,21028,0,0,0,14930,12869,12759,11426,9740,9695,3498,3129,3064,6,0,0,5,0,0,7.3,0.8,5.70,3.22,10440,45,16471,91,8,278,757,1336,1519,1129,53,47
"""490351135212""","""Salt Lake City, UT""",1.00,1081.00,317.00,115.61,46,53,50,23,29,26,23,25,24,9.76,26.76,1.96,2,2,22187,20032,20484,4,4,4,14516,12377,12765,11180,9351,9673,3234,2919,2985,102,107,107,92,97,97,4.7,7.0,3.42,2.74,26496,98,28451,89,10,244,1125,1182,1196,1151,70,30
"""490351109002""","""Salt Lake City, UT""",1.00,1765.00,624.00,237.99,67,80,74,44,55,50,23,25,24,9.20,24.11,1.95,2,2,22718,20355,20898,3,2,3,14518,12357,12766,11141,9329,9656,3312,2966,3045,66,63,64,59,57,58,4.7,7.3,2.58,2.62,20273,81,28544,89,11,163,1080,2268,2647,980,77,23
"""490351112011""","""Salt Lake City, UT""",1.00,937.00,377.00,170.27,50,58,54,26,33,31,23,25,24,9.18,20.33,1.97,2,2,22246,19957,20474,3,3,3,14552,12345,12768,11232,9361,9708,3243,2908,2983,76,77,77,69,69,69,4.4,7.8,2.88,2.21,24799,93,37400,90,7,199,782,1371,1414,1155,83,17
"""490351131013""","""Salt Lake City, UT""",1.00,3169.00,876.00,258.92,45,52,49,22,27,25,23,25,24,9.94,33.61,1.93,2,2,22492,19918,20519,8,8,8,14495,12380,12775,11007,9281,9584,3279,2902,2990,209,197,201,188,178,182,5.4,4.9,4.22,3.38,20061,69,26055,90,7,213,833,1122,1182,891,79,21
"""490351106004""","""Salt Lake City, UT""",1.00,930.00,304.00,109.16,50,58,54,26,33,30,23,25,24,9.73,27.09,1.95,2,2,22312,19995,20522,5,4,5,14517,12375,12777,11151,9350,9674,3252,2913,2990,114,112,113,103,101,102,4.5,7.3,3.58,2.78,24032,88,32965,90,11,211,863,1360,1585,592,77,23
"""490351123013""","""Salt Lake City, UT""",1.00,1832.00,577.00,268.55,54,63,59,30,38,35,23,25,24,9.83,21.13,1.96,2,2,22299,19889,20451,3,3,3,14521,12363,12780,11188,9386,9720,3251,2898,2980,82,80,80,74,72,72,4.2,8.1,2.37,2.15,27515,83,56806,91,15,163,1140,1573,1724,912,81,19
"""490351105004""","""Salt Lake City, UT""",1.00,1386.00,459.00,155.81,64,76,71,41,51,47,23,25,24,9.08,26.76,1.96,2,2,22180,20004,20475,4,4,4,14523,12401,12786,11189,9383,9698,3233,2915,2983,101,103,104,91,93,94,4.3,7.1,2.76,2.95,24167,100,31329,90,11,246,931,2102,2456,1216,71,29
"""490039605002""","""Ogden-Clearfield, UT""",1.00,1200.00,345.00,36270.62,47,54,52,19,24,23,28,31,30,11.05,0.11,2.38,2,2,27671,25112,25730,1,1,1,17634,15562,15903,13573,11878,12129,4034,3659,3749,27,25,25,24,23,22,0.8,0.7,2.01,0.01,1047,93,1246,81,212,3,4995,1020,1040,950,77,23
"""490519604001""","""Heber, UT""",1.00,2050.00,758.00,59038.21,60,72,71,34,42,42,27,29,29,9.39,0.12,2.40,2,2,27595,24811,24963,1,0,0,17735,15606,15686,13698,11990,12048,4023,3615,3637,14,0,1,12,0,1,0.7,1.2,0.74,0.01,1852,83,2445,83,167,9,2722,1869,1911,1551,88,12
"""490351101032""","""Salt Lake City, UT""",1.00,1187.00,398.00,20393.82,64,76,71,36,45,42,28,31,29,11.54,0.23,2.36,2,2,27384,24865,25488,0,0,0,17485,15272,15688,13494,11649,11975,3992,3623,3714,0,0,0,0,0,0,0.0,4.9,2.10,0.02,3525,100,5749,84,329,5,3242,1875,1875,,92,8
"""490490102141""","""Provo-Orem, UT""",1.00,1519.00,571.00,496.35,47,54,50,23,28,26,24,26,24,8.95,10.29,1.97,2,2,24829,22039,21463,4,3,3,14932,12924,12799,11241,9656,9622,3619,3211,3127,71,56,50,64,50,45,7.0,0.8,8.83,1.15,8095,26,13017,90,17,75,1333,1168,1182,1146,60,40
"""490351006002""","""Salt Lake City, UT""",1.00,789.00,318.00,108.19,42,48,45,18,23,21,23,25,24,8.29,24.36,1.93,2,2,22498,19950,20559,9,8,8,14538,12399,12803,11045,9290,9602,3280,2907,2996,213,203,205,192,183,185,3.3,8.5,3.82,2.94,21343,97,50278,90,7,130,724,947,947,,93,7
"""490351125032""","""Salt Lake City, UT""",1.00,834.00,292.00,112.81,48,55,52,24,30,28,23,25,24,8.32,21.54,1.95,2,2,22042,19524,20122,8,8,8,14540,12391,12806,11127,9350,9676,3213,2845,2932,201,196,198,181,177,178,5.1,6.0,3.61,2.59,27399,71,43876,92,8,243,810,1264,1264,,85,15
"""490490034013""","""Provo-Orem, UT""",1.00,1495.00,369.00,153.72,45,52,48,21,26,24,24,26,24,10.37,24.90,1.99,2,2,23604,21231,20844,3,2,2,14869,12878,12806,11383,9743,9732,3441,3094,3037,45,41,37,41,37,33,7.1,0.5,3.52,2.40,5659,62,5625,87,5,225,542,1084,1351,818,50,50
"""490111269021""","""Ogden-Clearfield, UT""",1.00,1498.00,413.00,171.76,50,58,56,27,34,32,23,24,24,10.18,24.47,1.95,2,2,23147,20726,21308,2,2,2,14569,12429,12809,11152,9367,9663,3374,3020,3105,43,42,42,39,38,38,5.5,6.0,2.64,2.40,14175,72,16045,88,7,246,752,1441,1633,900,74,26
"""490419755001""",,1.00,848.00,316.00,11217.00,60,70,51,26,32,22,34,38,30,10.07,0.28,2.20,2,2,26280,23650,25926,1,1,1,15818,13965,15914,11965,10496,12111,3829,3447,3778,23,22,25,20,19,22,0.7,0.5,0.78,0.03,464,89,463,77,135,8,2066,986,1035,625,88,12
"""490351134132""","""Salt Lake City, UT""",1.00,1422.00,374.00,121.68,50,58,54,27,33,31,23,25,24,10.46,32.14,1.96,2,2,22731,20454,20948,3,3,3,14575,12426,12818,11181,9368,9686,3314,2980,3052,80,78,79,72,70,72,4.3,7.0,3.18,3.07,20119,98,26136,89,10,247,912,1375,1297,1590,73,27
"""490351104011""","""Salt Lake City, UT""",1.00,1293.00,472.00,271.04,71,84,78,47,59,54,23,25,24,8.45,14.72,1.97,2,2,21758,19439,19978,5,4,5,14553,12402,12825,11264,9457,9800,3172,2832,2911,117,112,114,106,101,103,4.2,7.5,1.61,1.74,30465,82,47192,91,17,135,1089,2444,2769,985,82,18
"""490490005042""","""Provo-Orem, UT""",1.00,1580.00,467.00,152.65,45,53,48,21,26,24,24,26,24,9.76,29.85,2.03,2,2,23711,21292,20874,1,1,1,15053,12952,12826,11572,9829,9769,3456,3103,3042,24,20,16,22,18,14,6.7,1.6,2.90,3.06,12009,61,15289,90,7,159,670,1091,1325,775,57,43
"""490490008013""","""Provo-Orem, UT""",1.00,1736.00,538.00,169.55,45,52,48,21,26,24,24,26,24,9.66,30.65,2.05,2,2,23792,21259,20798,1,0,0,15155,12990,12832,11676,9887,9800,3468,3098,3030,11,6,2,9,5,2,6.2,3.6,4.29,3.17,17617,64,28180,91,7,283,761,1066,1138,911,68,32
"""490111270021""","""Ogden-Clearfield, UT""",1.00,6475.00,2053.00,3210.26,47,55,52,24,30,29,23,24,24,10.23,6.54,1.94,2,2,24114,21539,22161,1,1,1,14579,12457,12835,11047,9308,9594,3515,3138,3229,16,11,12,15,10,11,5.5,6.1,4.88,0.64,9650,47,21744,89,20,55,1296,1287,1375,1060,72,28
"""490111270043""","""Ogden-Clearfield, UT""",1.00,921.00,299.00,118.00,47,54,52,24,30,28,23,24,24,9.85,24.95,1.96,2,2,22928,20592,21152,5,5,5,14592,12466,12843,11161,9378,9673,3342,3001,3082,88,88,87,79,79,79,5.1,5.6,3.21,2.53,14576,84,20271,89,7,234,763,1272,1321,1138,73,27
"""490070002001""","""Price, UT""",1.00,2185.00,726.00,836.89,48,55,42,21,26,18,27,29,24,9.50,8.24,1.69,2,2,22617,20370,23011,0,0,0,12495,10849,12847,9196,7876,9491,3296,2969,3353,3,4,3,3,3,2,5.8,6.3,2.96,0.87,3321,72,4840,83,11,103,873,818,870,753,56,44
"""490111255021""","""Ogden-Clearfield, UT""",1.00,1886.00,686.00,185.18,39,44,43,16,20,19,23,24,24,9.23,34.21,1.96,2,2,23001,20518,21116,3,3,3,14601,12472,12849,11186,9426,9715,3353,2990,3077,62,56,57,56,51,52,5.9,3.8,4.09,3.70,13921,64,14789,89,7,200,828,844,891,728,71,29
"""490351135372""","""Salt Lake City, UT""",1.00,2180.00,572.00,161.23,48,55,52,24,30,28,24,25,24,10.67,37.86,1.97,2,2,22546,20262,20766,4,4,4,14637,12438,12854,11262,9395,9737,3287,2952,3026,89,91,91,80,82,82,4.0,7.6,3.40,3.55,26515,100,33050,90,9,195,1043,1254,1234,1338,80,20
"""490439643044""","""Summit Park, UT""",1.00,408.00,204.00,146.18,44,53,72,28,35,48,16,18,24,8.18,11.41,1.97,2,2,23013,19650,21627,6,5,5,14587,12921,12856,11231,10056,9703,3355,2864,3151,2,1,2,356,263,313,5.8,3.5,8.56,1.40,3960,21,4560,84,9,185,933,2160,2160,,94,6
"""490351136004""","""Salt Lake City, UT""",1.00,1514.00,457.00,99.01,45,52,49,22,27,25,24,25,24,9.46,43.66,1.98,2,2,22148,19864,20361,5,5,5,14657,12446,12861,11299,9424,9765,3228,2894,2967,130,128,130,117,116,117,4.5,5.8,4.23,4.62,26449,100,23250,89,5,265,649,1115,1117,1108,82,18
"""490351134063""","""Salt Lake City, UT""",1.00,2052.00,472.00,161.52,48,55,52,24,30,28,24,25,24,11.18,32.67,1.97,2,2,22941,20591,21113,3,3,3,14644,12455,12863,11226,9385,9716,3344,3000,3076,74,70,71,67,63,64,3.8,7.7,3.07,2.92,20206,100,32207,89,9,190,769,1260,1218,1435,81,19
"""490159765002""",,1.00,1029.00,349.00,30469.63,53,62,49,21,26,20,32,35,30,10.70,0.12,2.22,2,2,26174,23508,25657,2,2,2,15926,14114,15921,12077,10656,12147,3814,3426,3739,35,32,36,30,28,31,0.7,0.5,0.78,0.01,296,78,337,76,277,5,2595,876,907,706,85,15
"""490111257022""","""Ogden-Clearfield, UT""",1.00,1464.00,466.00,234.53,41,47,45,18,22,21,23,24,24,9.69,19.26,1.96,2,2,23004,20643,21210,3,3,2,14595,12499,12869,11193,9443,9731,3353,3008,3090,49,48,48,44,43,43,5.8,4.2,4.54,1.99,13296,73,15523,89,8,139,1076,954,1052,767,65,35
"""490351139063""","""Salt Lake City, UT""",1.00,1280.00,363.00,96.19,43,50,47,20,25,23,23,25,24,10.01,37.77,1.94,2,2,23399,21067,21572,4,4,4,14590,12527,12870,11080,9367,9633,3411,3070,3143,99,91,94,89,82,85,5.1,4.7,4.75,3.77,7642,93,9074,86,6,200,654,1023,1117,834,67,33
"""490351005004""","""Salt Lake City, UT""",1.00,776.00,274.00,124.42,47,54,51,23,29,27,23,25,24,9.07,19.98,1.95,2,2,23000,20362,21010,6,5,5,14608,12455,12871,11111,9361,9678,3353,2967,3061,144,128,132,130,115,119,3.3,8.7,4.48,2.20,17983,86,37187,89,10,159,792,1208,1208,,94,6
"""490351135211""","""Salt Lake City, UT""",1.00,2294.00,617.00,206.02,50,58,54,26,33,30,24,25,24,10.15,30.40,1.98,2,2,22474,20135,20660,4,4,4,14661,12446,12872,11288,9417,9765,3276,2934,3010,97,96,97,87,86,87,4.1,7.4,3.40,2.99,26617,95,30748,89,8,186,825,1357,1357,,84,16
"""490490027012""","""Provo-Orem, UT""",1.00,1867.00,495.00,129.18,43,49,45,18,23,21,24,26,24,9.84,37.72,2.04,2,2,23577,21253,20892,1,1,1,15099,12990,12875,11644,9874,9814,3437,3097,3044,18,19,17,16,17,15,6.3,2.3,4.08,3.83,15424,80,23100,91,6,238,676,941,1066,773,57,43
"""490351110021""","""Salt Lake City, UT""",1.00,2017.00,786.00,298.80,53,62,58,29,37,34,24,25,24,9.41,24.76,1.97,2,2,23194,20710,21309,2,2,2,14654,12439,12877,11234,9382,9733,3381,3018,3105,39,39,38,35,35,35,4.6,7.4,3.27,2.63,20989,68,33449,90,13,197,1000,1513,1642,820,84,16
"""490490104062""","""Provo-Orem, UT""",1.00,678.00,260.00,3672.46,54,63,58,26,32,29,28,31,28,10.78,0.76,2.36,2,2,27753,25116,24582,0,0,0,17514,15311,15162,13465,11649,11577,4046,3660,3582,3,2,2,3,2,2,2.9,0.1,0.57,0.07,3753,84,3266,86,26,38,1386,1324,1438,823,82,18
"""490351135131""","""Salt Lake City, UT""",1.00,995.00,358.00,166.39,48,56,53,25,31,29,24,25,24,8.55,18.40,1.98,2,2,22138,19753,20291,5,5,5,14632,12468,12880,11284,9476,9807,3227,2878,2957,121,114,117,109,103,105,4.1,7.1,3.06,2.15,27292,93,41149,91,10,165,862,1291,1349,1030,82,18
"""490399723002""",,1.00,357.00,127.00,2855.68,59,70,55,27,33,25,32,36,30,10.83,0.48,2.23,2,2,26533,23924,25992,1,1,1,16002,14644,15935,12117,11139,12125,3866,3486,3787,19,19,22,16,16,19,0.6,0.4,0.82,0.04,449,100,565,78,77,18,2342,1122,1174,625,91,9
"""490351135392""","""Salt Lake City, UT""",1.00,2019.00,616.00,164.37,44,51,48,21,26,24,24,25,24,9.97,37.37,1.97,2,2,22605,20173,20727,5,5,5,14647,12470,12881,11234,9417,9745,3295,2939,3020,118,114,116,106,102,104,5.0,5.7,4.25,3.75,23496,81,21533,89,8,265,848,1074,1153,768,79,21
"""490111258053""","""Ogden-Clearfield, UT""",1.00,2822.00,842.00,241.26,47,54,52,24,30,28,23,25,24,10.39,36.25,1.95,2,2,23215,20761,21352,2,2,2,14581,12518,12882,11158,9458,9735,3384,3025,3111,39,34,35,35,31,31,5.6,4.3,5.30,3.49,14922,76,20578,90,10,217,801,1263,1425,977,64,36
"""490351135202""","""Salt Lake City, UT""",1.00,2021.00,565.00,160.31,47,55,51,24,30,27,24,25,24,10.37,36.54,1.97,2,2,22579,20081,20665,5,5,5,14664,12448,12884,11250,9407,9755,3291,2926,3011,122,116,117,110,104,106,4.2,7.2,4.10,3.52,26665,83,39079,91,9,224,894,1234,1285,851,88,12
"""490351103005""","""Salt Lake City, UT""",1.00,1203.00,308.00,92.21,62,73,68,38,48,44,24,25,24,10.63,35.49,1.99,2,2,22172,19776,20333,4,4,4,14683,12454,12888,11361,9482,9835,3232,2882,2963,90,90,90,82,81,81,4.2,7.4,4.33,3.34,29245,93,40248,91,6,333,678,1992,1992,,89,11
"""490532706002""","""St. George, UT""",1.00,2777.00,934.00,435.98,52,62,49,27,33,25,25,28,24,8.52,18.25,1.77,2,2,22335,20013,22098,2,2,2,12878,11523,12890,9609,8591,9657,3255,2916,3220,15,15,13,36,36,31,5.5,5.1,5.04,2.14,7706,82,7903,86,9,198,889,1124,1173,1050,60,40
"""490351111022""","""Salt Lake City, UT""",1.00,1124.00,369.00,196.43,50,58,54,26,33,30,24,25,24,8.94,16.79,1.99,2,2,22374,19916,20507,4,3,3,14696,12444,12899,11346,9457,9826,3262,2902,2988,88,86,85,80,77,77,3.4,8.6,2.88,1.88,29258,89,56431,91,9,189,868,1348,1348,,96,4
"""490490007032""","""Provo-Orem, UT""",1.00,2306.00,667.00,164.54,45,53,49,22,27,25,24,26,24,10.08,40.87,1.96,2,2,24843,22278,21872,0,0,0,14833,12941,12899,11204,9693,9712,3621,3246,3187,8,1,0,7,1,0,6.3,3.0,3.64,4.05,16813,75,26690,91,8,261,901,1110,1181,1026,54,46
"""490451310021""","""Salt Lake City, UT""",1.00,927.00,378.00,207.77,44,51,47,20,25,23,23,25,24,9.25,16.84,1.94,2,2,23938,21499,22045,1,1,1,14549,12588,12901,11055,9452,9685,3490,3133,3212,4,3,4,4,3,4,6.2,3.5,3.63,1.82,6729,65,4954,85,10,204,772,1048,1200,857,56,44
"""490351123021""","""Salt Lake City, UT""",1.00,1023.00,355.00,169.68,51,60,56,28,35,32,24,25,24,8.81,18.44,1.99,2,2,22224,19878,20408,4,4,4,14688,12492,12905,11351,9496,9833,3240,2897,2974,97,99,98,88,90,89,4.1,7.8,2.87,2.09,27826,100,51311,91,6,249,672,1434,1514,968,85,15
"""490490031052""","""Provo-Orem, UT""",1.00,1464.00,448.00,168.50,43,50,45,19,23,21,24,26,24,9.50,25.25,2.02,2,2,23638,21274,20892,2,2,2,15008,12992,12910,11522,9853,9830,3446,3100,3044,40,38,35,36,35,32,7.2,0.2,3.71,2.66,9522,59,9385,90,6,213,638,965,1125,817,48,52
"""490351135112""","""Salt Lake City, UT""",1.00,1492.00,412.00,157.73,47,55,51,24,30,27,24,25,24,10.33,26.98,1.99,2,2,22114,19766,20290,4,4,4,14700,12497,12915,11384,9528,9868,3224,2880,2957,93,89,90,84,80,81,4.0,6.9,3.40,2.61,27722,100,48010,92,7,203,784,1229,1207,1353,85,15
"""490572107013""","""Ogden-Clearfield, UT""",1.00,1512.00,533.00,201.56,42,48,46,19,24,22,23,25,24,9.03,23.89,1.95,2,2,23367,20931,21517,3,2,3,14660,12542,12917,11135,9385,9673,3406,3050,3135,119,107,109,107,97,98,5.2,5.8,4.19,2.64,12328,72,11884,87,12,181,967,1008,1105,771,71,29
"""490070003002""","""Price, UT""",1.00,1526.00,486.00,555.79,48,56,42,21,26,18,27,29,24,9.37,8.20,1.70,2,2,22619,20352,23011,0,0,0,12565,10894,12918,9264,7922,9560,3296,2967,3353,5,6,5,5,5,5,5.6,6.4,2.40,0.87,2968,75,4339,83,9,114,817,828,876,756,60,40
"""490490005061""","""Provo-Orem, UT""",1.00,2153.00,666.00,195.65,48,56,51,23,29,27,24,26,24,9.90,33.71,2.02,2,2,24299,21821,21378,3,2,2,15133,13046,12918,11545,9827,9768,3542,3180,3115,46,40,36,42,36,32,6.2,2.1,3.80,3.40,11816,61,17710,90,12,180,936,1206,1509,764,59,41
"""490351136003""","""Salt Lake City, UT""",1.00,1512.00,460.00,101.14,42,48,45,18,23,21,24,25,24,9.20,41.84,1.98,2,2,22385,20061,20575,5,5,5,14718,12503,12922,11326,9453,9796,3263,2923,2998,129,127,128,117,114,116,4.2,6.1,4.15,4.55,25997,100,23756,89,6,266,767,937,937,,84,16
"""490359800001""","""Salt Lake City, UT""",1.00,0.00,0.00,9710.14,,,,,,,,,,,,,,,,,,,,,,,,,,,,,,,,,,,,3.4,,0.00,0.00,,,,,,,2540,,,,,
"""490039603003""","""Ogden-Clearfield, UT""",1.00,672.00,210.00,138.65,38,43,41,15,18,17,23,25,24,8.04,12.18,1.94,2,2,23689,21023,21668,0,0,0,14514,12589,12924,11056,9525,9767,3453,3063,3157,5,0,0,5,0,0,7.0,1.1,2.83,1.51,2754,47,3692,85,4,198,553,785,953,494,63,37
"""490351126083""","""Salt Lake City, UT""",1.00,1441.00,438.00,154.34,53,62,58,29,37,34,24,25,24,10.31,29.27,1.97,2,2,23068,20534,21118,1,2,2,14672,12535,12924,11273,9505,9809,3363,2992,3077,37,38,38,33,35,35,5.3,6.4,3.25,2.84,22966,81,28605,90,6,232,733,1527,1627,1170,78,22
"""490439643082""","""Summit Park, UT""",1.00,673.00,268.00,1022.60,22,26,35,6,8,11,16,18,24,,,1.96,2,2,23553,20761,22251,6,5,6,14630,13175,12927,11195,10148,9683,3433,3026,3242,2,2,2,364,283,355,4.9,6.3,0.64,0.26,3666,51,8496,85,43,41,1808,495,,495,66,34
"""490039607022""","""Ogden-Clearfield, UT""",1.00,886.00,321.00,222.63,39,45,43,16,20,19,23,25,24,9.23,13.31,1.95,2,2,23470,21130,21691,1,1,1,14581,12579,12930,11112,9453,9723,3421,3079,3161,47,46,46,43,42,41,6.4,2.8,2.90,1.44,5668,73,6862,86,6,161,677,860,1025,665,54,46
"""490532711001""","""St. George, UT""",1.00,2081.00,753.00,524.49,47,56,45,22,27,21,26,29,24,8.79,12.61,1.78,2,2,22456,19832,22090,1,1,1,12948,11593,12933,9669,8699,9710,3272,2890,3219,7,5,5,17,12,12,6.0,4.4,3.94,1.44,7210,59,11637,87,8,168,760,926,883,1018,68,32
"""490351129071""","""Salt Lake City, UT""",1.00,1650.00,429.00,145.27,50,59,55,27,33,31,24,25,24,10.19,30.09,1.97,2,2,22363,19987,20517,6,6,6,14673,12542,12934,11250,9472,9784,3260,2912,2990,163,157,160,147,142,144,4.6,5.8,3.69,2.95,24501,91,30231,90,9,248,841,1384,1470,1096,77,23
"""490451311002""","""Salt Lake City, UT""",1.00,1622.00,667.00,409.12,41,47,44,17,22,20,23,25,24,8.22,13.40,1.94,2,2,23896,21377,21954,3,3,3,14581,12612,12937,11082,9483,9723,3483,3115,3199,16,14,15,15,13,14,5.7,3.8,2.52,1.63,7791,65,5446,85,14,115,945,897,966,790,61,39
"""490351138014""","""Salt Lake City, UT""",1.00,912.00,253.00,74.66,45,52,48,21,26,24,24,25,24,9.78,33.15,1.98,2,2,22349,20168,20619,4,4,5,14689,12568,12938,11321,9517,9819,3258,2939,3004,111,113,114,100,102,103,5.0,4.4,3.92,3.39,22171,100,18820,89,7,283,752,1093,1115,1049,66,34
"""490351129182""","""Salt Lake City, UT""",1.00,2861.00,890.00,387.11,52,60,56,28,35,32,24,25,24,9.79,22.50,1.95,2,2,22291,19782,20375,11,11,11,14644,12528,12938,11115,9381,9699,3249,2882,2969,280,265,270,253,239,243,5.0,4.8,3.95,2.30,22366,66,33225,91,11,188,920,1452,1452,,83,17
"""490490016022""","""Provo-Orem, UT""",1.00,0.00,0.00,57.22,,,,,,,,,,,,,,,,,,,,,,,,,,,,,,,,,,,,6.1,,0.00,0.00,,,,,,,1007,,,,,
"""490351135213""","""Salt Lake City, UT""",1.00,1097.00,345.00,161.01,47,54,50,23,29,26,24,25,24,9.89,21.19,1.98,2,2,22534,20099,20657,5,5,5,14713,12519,12941,11309,9473,9811,3285,2929,3010,120,118,119,108,107,107,4.5,7.0,3.64,2.14,26743,86,27575,89,8,163,897,1185,1227,965,84,16
"""490379420001""",,1.00,1663.00,378.00,176162.65,59,68,45,20,26,16,38,43,29,11.38,0.02,2.20,2,2,27026,24356,24842,3,3,3,15965,14205,15699,11977,10606,12025,3938,3550,3620,50,49,54,42,42,46,1.2,1.6,0.22,0.00,203,60,235,74,238,7,3306,707,725,559,89,11
"""490572005001""","""Ogden-Clearfield, UT""",1.00,590.00,236.00,79.38,40,46,44,17,21,20,23,25,24,8.00,23.78,1.96,2,2,22923,20745,21264,3,3,3,14629,12595,12950,11171,9455,9736,3341,3023,3098,116,118,116,105,106,105,4.9,4.4,3.60,2.97,15706,95,18676,89,16,145,1182,886,1058,678,55,45
"""490351137013""","""Salt Lake City, UT""",1.00,1890.00,444.00,101.09,47,54,51,23,29,27,24,25,24,10.95,48.10,1.99,2,2,22583,20328,20812,3,4,4,14736,12553,12952,11357,9501,9829,3292,2962,3033,87,91,91,79,82,82,4.6,5.8,4.20,4.39,25431,100,23380,89,7,279,767,1199,1213,1157,75,25
"""490351134104""","""Salt Lake City, UT""",1.00,1019.00,322.00,125.26,45,52,49,21,27,25,24,25,24,9.47,24.34,1.97,2,2,23187,20515,21164,4,4,4,14728,12509,12953,11245,9428,9774,3380,2989,3084,104,91,95,93,82,85,4.2,7.3,3.65,2.57,21669,71,29442,89,11,199,1073,1104,1104,,91,9
"""490532703002""","""St. George, UT""",1.00,2405.00,724.00,15894.52,44,52,41,18,23,17,26,29,24,8.54,0.39,1.76,2,2,22975,20534,22579,3,3,2,12961,11724,12954,9593,8714,9648,3348,2992,3290,19,18,16,47,44,40,5.6,1.7,2.27,0.05,1620,33,2099,82,130,10,2114,769,,769,47,53
"""490351141002""","""Salt Lake City, UT""",1.00,1342.00,483.00,356.35,56,66,61,32,40,37,24,25,24,8.98,12.17,1.98,2,2,21712,19447,19967,7,7,7,14674,12549,12954,11329,9537,9865,3165,2834,2909,181,179,180,163,161,162,4.1,7.5,3.23,1.36,29374,90,40238,90,14,114,1138,1673,1683,1630,81,19
"""490351122011""","""Salt Lake City, UT""",1.00,2187.00,686.00,326.42,49,57,53,25,31,29,24,25,24,9.30,19.55,1.97,2,2,22404,19919,20493,8,8,8,14698,12560,12957,11223,9454,9766,3266,2902,2986,209,203,205,188,183,185,3.6,8.1,3.09,2.10,25339,100,49422,91,8,249,836,1301,1264,1568,88,12
"""490490014012""","""Provo-Orem, UT""",1.00,1171.00,352.00,459.41,60,71,65,35,44,41,25,26,24,9.49,7.27,2.02,2,2,24483,21735,21171,3,3,2,15185,13113,12958,11555,9898,9829,3569,3167,3085,61,49,44,55,44,39,5.9,2.7,1.82,0.77,16390,40,27546,92,27,104,1403,1827,2077,1276,69,31
"""490351148002""","""Salt Lake City, UT""",1.00,909.00,302.00,123.19,65,77,72,41,52,48,24,25,24,9.95,24.38,1.98,2,2,23569,21136,21708,0,0,0,14720,12557,12960,11282,9474,9794,3436,3080,3163,3,3,3,3,3,2,3.3,8.8,2.44,2.45,18758,99,39083,89,12,130,1187,2139,1992,2879,83,17
"""490490015042""","""Provo-Orem, UT""",1.00,679.00,238.00,156.86,66,78,72,41,52,47,25,26,24,,,2.03,2,2,24656,21926,21371,3,2,2,15221,13116,12960,11579,9881,9808,3594,3195,3114,48,41,38,43,37,35,6.0,3.1,2.24,1.52,16036,46,25162,91,16,171,939,2133,2133,,71,29
"""490351129041""","""Salt Lake City, UT""",1.00,843.00,247.00,76.44,48,56,52,24,30,28,24,25,24,10.00,32.32,2.00,2,2,22585,20384,20853,3,4,4,14771,12556,12964,11396,9495,9836,3292,2970,3039,83,91,89,75,82,81,4.7,6.0,3.86,3.23,25026,100,26062,90,5,268,720,1257,1257,,78,22
"""490490104101""","""Provo-Orem, UT""",1.00,2461.00,597.00,2311.49,55,64,59,26,33,30,28,31,28,12.46,3.22,2.34,2,2,28608,25903,25359,0,0,0,17523,15416,15306,13353,11642,11610,4170,3774,3695,0,0,0,0,0,0,2.5,0.1,1.92,0.26,2702,93,2118,85,19,53,981,1366,1375,1315,84,16
"""490351103006""","""Salt Lake City, UT""",1.00,1144.00,471.00,116.61,51,59,55,27,34,31,24,25,24,8.07,32.58,2.01,2,2,22001,19622,20185,4,4,4,14773,12511,12966,11453,9545,9916,3207,2859,2941,113,107,108,102,96,98,3.2,7.3,4.27,4.04,30930,98,43996,91,8,222,865,1392,1392,,96,4
"""490490021011""","""Provo-Orem, UT""",1.00,2133.00,606.00,246.42,52,61,55,27,34,31,25,26,24,9.75,23.97,2.04,2,2,24102,21523,21037,3,2,2,15214,13107,12967,11654,9929,9861,3513,3136,3065,46,42,40,42,38,36,6.3,2.4,3.20,2.46,16959,58,22095,91,9,192,987,1412,1539,1151,67,33
"""490351104023""","""Salt Lake City, UT""",1.00,1161.00,369.00,129.33,50,57,54,26,32,30,24,25,24,9.34,26.64,1.99,2,2,22433,20021,20586,4,4,4,14765,12536,12971,11386,9512,9865,3270,2917,3000,109,106,107,98,96,96,3.7,7.6,2.84,2.85,26935,94,37785,90,8,242,772,1336,,1336,91,9
"""490351126102""","""Salt Lake City, UT""",1.00,1362.00,402.00,121.68,47,55,51,24,30,27,24,25,24,10.11,33.41,1.97,2,2,22733,20013,20662,5,5,5,14692,12580,12972,11251,9547,9841,3314,2916,3011,126,117,120,114,106,108,5.0,5.9,6.20,3.30,25985,77,37212,91,6,258,710,1227,1189,1450,86,14
"""490351042001""","""Salt Lake City, UT""",1.00,1749.00,673.00,479.75,68,81,75,44,55,51,24,25,24,9.30,13.05,1.96,2,2,23753,21224,21843,2,2,2,14702,12566,12977,11183,9419,9739,3462,3093,3183,56,54,54,50,48,49,4.1,8.1,2.85,1.40,16123,70,22301,88,24,108,1457,2298,2551,1242,81,19
"""490351106003""","""Salt Lake City, UT""",1.00,1249.00,474.00,138.72,54,63,59,30,38,35,24,25,24,9.00,30.74,1.98,2,2,22875,20457,21017,4,4,4,14762,12565,12980,11325,9487,9819,3334,2981,3062,102,97,99,92,87,89,3.8,7.1,3.36,3.42,20708,96,27639,89,8,194,817,1578,1611,1375,86,14
"""490351109001""","""Salt Lake City, UT""",1.00,1297.00,441.00,148.01,54,62,58,30,37,34,24,25,24,9.18,27.36,1.98,2,2,22902,20374,20980,5,5,5,14759,12551,12984,11299,9469,9812,3338,2969,3057,121,113,115,109,102,104,3.7,7.6,2.83,2.98,22687,85,34345,90,11,208,939,1543,1568,1306,90,10
"""490351126161""","""Salt Lake City, UT""",1.00,3170.00,977.00,319.20,57,67,63,34,42,39,24,25,24,9.76,29.87,1.98,2,2,22895,20555,21083,3,3,3,14743,12593,12985,11326,9523,9836,3337,2995,3072,79,75,77,72,68,70,4.3,6.1,3.22,3.06,18261,94,20534,89,9,209,924,1737,1837,1411,77,23
"""490532718001""","""St. George, UT""",1.00,2470.00,1007.00,1132.13,53,63,50,28,35,26,26,29,24,8.39,7.47,1.79,2,2,22713,20152,22350,2,2,1,13039,11657,12987,9717,8710,9720,3310,2936,3257,12,11,10,29,27,25,5.3,5.5,7.08,0.89,8499,61,12332,87,20,95,1160,1175,1357,826,66,34
"""490351106002""","""Salt Lake City, UT""",1.00,1214.00,541.00,141.81,53,62,58,29,37,34,24,25,24,8.69,33.15,1.99,2,2,22924,20488,21057,4,4,4,14786,12569,12994,11336,9480,9821,3342,2985,3068,109,103,105,98,93,95,3.8,6.9,3.57,3.82,20569,93,26662,89,7,235,798,1529,1640,683,88,12
"""490351134133""","""Salt Lake City, UT""",1.00,2484.00,639.00,199.83,50,58,54,26,33,30,24,25,24,10.41,33.28,1.98,2,2,23014,20633,21165,4,4,4,14772,12587,12994,11325,9490,9818,3355,3006,3084,93,91,92,84,82,83,4.2,6.5,3.38,3.20,21740,94,24713,89,9,250,865,1349,1362,1301,79,21
"""490111263063""","""Ogden-Clearfield, UT""",1.00,2184.00,842.00,298.05,50,59,56,27,34,32,23,25,24,8.90,25.14,1.99,2,2,23364,20723,21362,4,3,3,14809,12603,12996,11334,9524,9822,3406,3020,3113,69,60,61,62,54,55,5.5,4.0,5.02,2.83,12444,57,14004,88,7,234,778,1439,1529,950,84,16
"""490351135221""","""Salt Lake City, UT""",1.00,1525.00,453.00,172.87,51,59,55,27,34,31,24,25,24,10.42,27.30,1.99,2,2,22901,20202,20868,4,4,4,14794,12528,12998,11347,9488,9857,3338,2944,3041,109,97,100,98,87,90,3.9,7.3,3.54,2.62,27131,69,37466,90,11,248,1033,1401,1401,,98,2
"""490351134091""","""Salt Lake City, UT""",1.00,2117.00,487.00,321.20,50,59,55,27,33,31,24,25,24,11.04,16.74,1.98,2,2,22936,20558,21095,3,3,3,14708,12612,13002,11290,9551,9859,3343,2996,3074,74,65,69,67,59,63,4.4,5.6,2.12,1.52,17916,78,20026,89,27,116,1287,1375,1421,1270,69,31
"""490351136002""","""Salt Lake City, UT""",1.00,962.00,321.00,138.89,44,50,47,20,25,23,24,25,24,9.45,21.83,1.99,2,2,22535,20142,20683,5,5,5,14774,12595,13007,11357,9529,9862,3285,2935,3014,132,130,132,119,118,119,4.6,6.1,3.54,2.31,26504,87,24173,89,9,198,833,1030,1030,,81,19
"""490111253053""","""Ogden-Clearfield, UT""",1.00,2456.00,632.00,162.62,45,52,50,22,28,26,23,25,24,11.10,43.12,1.98,2,2,23206,20710,21312,3,3,3,14744,12636,13008,11304,9566,9850,3383,3018,3105,57,52,52,51,47,47,5.8,2.9,4.49,3.89,14834,67,11827,88,9,225,911,1175,1243,1026,69,31
"""490039605004""","""Ogden-Clearfield, UT""",1.00,1102.00,399.00,177.00,38,44,42,15,19,18,23,25,24,9.86,22.24,1.94,2,2,24041,21583,22174,2,2,2,14675,12655,13010,11103,9451,9719,3504,3145,3231,68,59,60,61,53,54,6.0,3.1,3.42,2.25,5677,68,6675,86,9,108,801,819,1004,554,59,41
"""490490027022""","""Provo-Orem, UT""",1.00,2027.00,525.00,2670.86,44,52,47,20,25,23,24,26,24,10.62,2.09,1.98,2,2,24738,22476,22127,0,0,0,14901,13043,13013,11295,9768,9788,3606,3275,3224,0,0,0,0,0,0,6.6,0.4,3.95,0.20,5741,54,8693,89,37,35,774,1045,1373,903,30,70
"""490572103024""","""Ogden-Clearfield, UT""",1.00,777.00,297.00,303.18,41,47,45,18,22,21,23,25,24,8.56,8.38,1.93,2,2,23991,20944,21687,7,6,6,14788,12626,13014,10998,9319,9591,3497,3052,3160,292,255,263,264,230,237,6.3,3.4,3.03,0.98,7719,16,10245,87,14,82,999,935,935,,84,16
"""490351113051""","""Salt Lake City, UT""",1.00,2033.00,619.00,254.76,56,66,62,33,41,38,24,25,24,10.22,24.83,1.99,2,2,23366,20933,21506,1,1,1,14800,12588,13015,11363,9504,9848,3406,3050,3134,31,33,32,28,30,29,4.4,7.2,3.08,2.43,20723,79,29381,89,12,193,948,1691,1834,997,83,17
"""490039606011""","""Ogden-Clearfield, UT""",1.00,728.00,326.00,124.22,37,42,41,14,18,17,23,25,24,7.98,20.95,1.95,2,2,23939,21288,21929,2,2,2,14735,12646,13016,11160,9475,9749,3490,3102,3195,86,69,72,78,62,65,6.0,3.2,3.41,2.62,4809,57,5815,85,7,155,670,746,910,335,71,29
"""490050010024""","""Logan, UT-ID""",1.00,889.00,376.00,293.79,47,55,43,20,25,18,28,31,24,8.80,11.26,1.91,2,2,24072,21608,22265,0,0,0,13892,12390,13020,10380,9234,9769,3508,3148,3244,4,7,7,4,6,6,6.0,3.2,3.16,1.28,10078,57,19446,90,16,83,883,826,978,601,60,40
"""490351135053""","""Salt Lake City, UT""",1.00,1531.00,505.00,170.51,51,59,55,27,34,31,24,25,24,9.59,28.41,1.99,2,2,22715,20342,20876,4,4,4,14796,12608,13024,11387,9550,9885,3311,2964,3042,99,94,96,89,85,87,4.0,6.5,3.31,2.96,24559,94,24654,89,11,180,1045,1401,1422,1314,81,19
"""490351044001""","""Salt Lake City, UT""",1.00,1179.00,398.00,366.66,65,77,72,41,52,48,24,25,24,9.76,10.59,1.99,2,2,23218,20703,21310,2,2,2,14773,12613,13028,11348,9554,9880,3384,3017,3105,41,42,42,37,38,38,4.2,7.9,2.42,1.09,22062,77,28048,89,15,126,1234,2148,2386,971,83,17
"""490039605003""","""Ogden-Clearfield, UT""",1.00,1120.00,396.00,159.60,39,45,43,16,20,19,23,25,24,8.98,22.28,1.95,2,2,23985,21411,22033,2,2,2,14735,12663,13029,11158,9475,9749,3496,3120,3210,81,67,70,73,61,63,5.9,3.4,3.28,2.48,5239,64,6288,86,7,132,690,853,988,563,68,32
"""490399724003""",,1.00,2753.00,593.00,234.34,42,50,40,17,21,16,25,29,24,9.86,24.96,1.74,2,2,21995,19932,22017,0,0,0,12687,11581,13031,9481,8671,9823,3205,2904,3208,2,6,0,1,5,0,7.3,0.0,4.44,2.53,2151,63,2256,85,10,123,818,703,1170,555,24,76
"""490351002001""","""Salt Lake City, UT""",1.00,1296.00,522.00,5874.62,62,74,69,39,48,44,24,25,24,9.74,0.87,1.94,2,2,24321,21991,22540,1,1,1,14662,12655,13031,11088,9423,9719,3545,3204,3284,29,27,28,26,25,26,3.7,7.8,2.56,0.09,9114,56,19973,87,159,8,2025,1997,2595,986,63,37
"""490351040003""","""Salt Lake City, UT""",1.00,638.00,253.00,107.40,62,73,68,38,48,44,24,25,24,9.16,21.59,2.00,2,2,22798,20375,20948,3,3,3,14802,12615,13032,11407,9570,9905,3323,2969,3052,72,77,75,65,69,68,3.6,8.3,3.57,2.36,27418,96,40773,90,10,226,937,1973,1973,,87,13
"""490351135321""","""Salt Lake City, UT""",1.00,1875.00,483.00,157.50,50,58,54,26,33,30,24,25,24,10.55,32.37,2.01,2,2,22601,20303,20816,3,3,3,14843,12601,13033,11471,9565,9922,3295,2958,3033,77,78,78,70,70,70,3.9,6.5,3.19,3.07,26475,97,30250,90,8,244,941,1351,1348,1365,85,15
"""490490017011""","""Provo-Orem, UT""",1.00,2010.00,692.00,1481.25,51,60,55,27,34,31,24,27,24,9.28,4.34,2.02,2,2,24909,22456,22014,0,0,0,15143,13132,13034,11512,9860,9827,3631,3272,3208,0,0,0,0,0,0,6.3,2.6,3.96,0.47,10323,57,13501,89,16,78,679,1384,1905,789,53,47
"""490490008021""","""Provo-Orem, UT""",1.00,2460.00,606.00,184.02,46,53,48,21,26,24,25,27,24,10.93,35.99,2.05,2,2,24712,22004,21475,2,2,1,15360,13198,13035,11720,9963,9880,3602,3206,3129,38,29,26,34,26,23,5.7,3.5,4.35,3.29,15566,60,29695,92,9,236,911,1081,1144,880,76,24
"""490351135102""","""Salt Lake City, UT""",1.00,874.00,336.00,134.63,,,,,,,24,25,24,8.57,21.38,2.01,2,2,22324,19983,20510,5,5,5,14826,12609,13037,11448,9578,9928,3254,2912,2989,124,119,120,112,107,109,3.6,6.7,3.10,2.50,27362,100,45993,91,8,176,821,,,,88,13
"""490532707003""","""St. George, UT""",1.00,1946.00,695.00,243.80,54,64,51,28,35,26,26,29,24,9.02,25.72,1.83,2,2,22296,19350,21724,3,3,3,13209,11691,13039,9937,8853,9853,3249,2820,3165,23,19,21,57,45,51,5.3,4.2,4.55,2.85,8015,46,6509,85,7,234,734,1181,1208,873,92,8
"""490490008022""","""Provo-Orem, UT""",1.00,1137.00,335.00,161.17,49,57,53,25,31,28,24,27,24,9.57,19.89,2.00,2,2,25291,22397,21839,0,0,0,15098,13134,13040,11405,9871,9857,3687,3263,3182,6,0,0,6,0,0,6.0,3.5,3.48,2.08,17964,54,30562,92,11,218,895,1276,1231,1394,73,27
"""490351103001""","""Salt Lake City, UT""",1.00,855.00,287.00,85.27,50,58,54,26,33,30,24,25,24,10.02,33.72,2.00,2,2,23082,20623,21199,1,1,1,14827,12624,13042,11432,9585,9920,3365,3005,3089,31,34,33,28,31,30,4.1,7.6,3.60,3.37,25432,93,32043,89,8,240,791,1359,1359,,86,14
"""490039606013""","""Ogden-Clearfield, UT""",1.00,635.00,289.00,129.05,41,47,45,18,22,21,23,25,24,7.44,16.66,1.95,2,2,23938,21567,22136,2,2,2,14713,12687,13043,11159,9485,9757,3489,3143,3225,65,60,60,59,54,54,5.8,3.2,2.34,2.24,5169,79,6116,86,7,149,693,950,950,,59,41
"""490139405003""",,1.00,1649.00,540.00,518.96,44,51,48,21,26,24,23,25,24,10.72,11.15,1.81,2,2,24217,21576,23591,1,0,0,13858,12037,13044,10319,8891,9603,3530,3144,3438,9,2,4,8,1,3,5.0,7.0,2.88,1.04,2263,66,4720,82,15,96,840,1080,1149,927,69,31
"""490399724004""",,1.00,2115.00,571.00,20071.87,58,70,55,28,35,26,30,35,28,11.56,0.33,2.10,2,2,25851,23275,25364,1,1,1,15236,14059,15300,11445,10644,11580,3767,3391,3696,25,24,24,21,20,20,2.1,0.2,0.92,0.03,461,71,519,79,199,9,3242,1178,1373,717,70,30
"""490111265004""","""Ogden-Clearfield, UT""",1.00,1792.00,539.00,175.41,46,54,52,23,29,27,23,25,24,9.42,28.94,1.98,2,2,23804,21289,21896,3,3,3,14834,12660,13046,11303,9500,9798,3470,3102,3190,61,58,58,55,52,53,4.4,6.6,2.84,3.07,13993,78,16041,87,11,234,938,1227,1339,735,81,19
"""490351128121""","""Salt Lake City, UT""",1.00,1016.00,318.00,136.00,48,56,52,24,30,28,24,26,24,10.11,23.65,1.99,2,2,23073,20766,21258,2,3,3,14782,12695,13047,11360,9605,9886,3363,3026,3098,59,64,63,53,58,57,5.0,5.7,3.73,2.34,20533,100,27577,90,6,151,792,1249,1295,1154,68,32
"""490111264061""","""Ogden-Clearfield, UT""",1.00,1888.00,590.00,260.99,54,63,60,30,38,36,23,25,24,9.91,22.40,2.00,2,2,23441,20961,21558,3,2,2,14858,12663,13053,11392,9562,9864,3417,3054,3141,50,47,47,45,42,42,5.0,5.2,3.46,2.26,13442,72,15840,88,8,240,742,1607,1808,740,81,19
"""490351138011""","""Salt Lake City, UT""",1.00,1816.00,467.00,151.44,48,56,52,24,30,28,24,25,24,10.59,32.66,2.01,2,2,22537,20291,20773,3,3,3,14833,12653,13053,11472,9623,9951,3285,2957,3027,76,73,75,68,66,68,4.5,4.7,4.01,3.08,22340,98,19235,89,8,245,928,1247,1182,1433,74,26
"""490532706001""","""St. George, UT""",1.00,2422.00,876.00,427.59,57,67,53,31,39,29,26,29,24,8.84,18.12,1.81,2,2,22420,19976,22090,2,2,2,13145,11679,13055,9863,8754,9823,3267,2911,3219,15,14,13,37,35,32,4.7,5.8,2.46,2.05,8274,81,9906,86,8,235,810,1311,1418,985,75,25
"""490351126182""","""Salt Lake City, UT""",1.00,1941.00,656.00,222.56,59,69,64,35,44,40,24,25,24,9.52,28.06,2.00,2,2,23069,20496,21099,2,2,2,14846,12643,13056,11435,9607,9932,3363,2987,3074,48,50,49,43,45,44,4.6,6.9,3.06,2.95,23744,89,31838,90,4,239,627,1807,1717,2545,89,11
"""490351131071""","""Salt Lake City, UT""",1.00,9230.00,2552.00,2115.53,50,59,55,26,33,31,24,26,24,10.20,12.30,1.95,2,2,23774,21165,21770,4,3,3,14708,12711,13057,11152,9544,9797,3466,3084,3172,91,83,87,82,75,79,6.0,2.5,3.10,1.21,11739,52,10629,88,23,70,1070,1372,1587,1058,59,41
"""490572107043""","""Ogden-Clearfield, UT""",1.00,1286.00,436.00,128.41,42,48,47,19,24,22,23,25,24,9.23,31.34,1.99,2,2,23278,20819,21411,2,1,1,14836,12678,13059,11377,9582,9878,3393,3034,3120,66,62,62,59,56,56,5.3,4.8,3.62,3.40,15417,79,12574,88,6,199,729,1000,1090,728,75,25
"""490490032053""","""Provo-Orem, UT""",1.00,1438.00,453.00,137.97,44,50,46,19,24,22,25,27,24,9.72,31.93,2.04,2,2,24736,22133,21632,3,2,2,15282,13193,13063,11625,9926,9874,3606,3225,3152,51,42,37,46,38,34,6.5,0.9,3.60,3.28,8453,52,8442,88,9,199,817,973,1009,910,64,36
"""490351139044""","""Salt Lake City, UT""",1.00,2413.00,754.00,159.40,47,54,51,23,29,26,24,25,24,10.24,48.46,1.97,2,2,23732,21075,21712,5,4,5,14815,12661,13064,11226,9479,9783,3459,3071,3164,129,112,117,116,101,106,4.7,5.1,7.18,4.73,11467,73,10838,87,8,241,830,1189,1210,1080,84,16
"""490111263061""","""Ogden-Clearfield, UT""",1.00,2977.00,942.00,321.42,47,54,52,23,29,28,23,25,24,10.01,29.34,1.99,2,2,23597,20928,21574,4,3,3,14854,12679,13066,11342,9568,9859,3440,3049,3144,73,62,64,66,56,57,5.9,2.5,3.82,2.93,10272,49,11288,88,8,233,858,1244,1265,1164,79,21
"""490572111004""","""Ogden-Clearfield, UT""",1.00,1194.00,406.00,133.34,48,56,54,25,31,30,23,25,24,9.74,29.66,1.97,2,2,23613,20858,21526,4,3,3,14858,12680,13069,11245,9499,9785,3442,3039,3137,170,142,147,154,128,133,4.7,6.2,3.54,3.04,13876,66,18301,88,9,254,806,1337,1337,,88,12
"""490351134121""","""Salt Lake City, UT""",1.00,3175.00,737.00,322.01,51,59,56,27,34,31,24,26,24,11.34,25.96,2.01,2,2,23540,21118,21673,3,2,2,14975,12748,13173,11479,9613,9955,3431,3077,3158,65,58,60,58,53,54,3.2,7.1,3.40,2.29,17534,98,25692,89,11,185,857,1400,1421,1270,86,14
"""490479684023""","""Vernal, UT""",1.00,1202.00,675.00,338.15,40,47,47,18,23,22,22,24,24,8.50,16.97,1.94,2,2,25139,22427,22997,0,0,0,14756,12791,13075,11089,9524,9724,3665,3268,3351,3,0,0,2,0,0,5.5,5.1,2.44,2.00,3786,66,7063,85,7,193,686,1009,1071,850,72,28
"""490572002031""","""Ogden-Clearfield, UT""",1.00,1469.00,468.00,119.62,35,40,39,12,15,14,23,25,24,9.40,36.79,1.97,2,2,23289,20621,21267,5,4,4,14855,12691,13076,11260,9514,9799,3395,3005,3099,201,173,178,181,156,161,5.7,3.2,4.49,3.91,12439,56,10393,88,8,300,822,642,,642,79,21
"""490351135331""","""Salt Lake City, UT""",1.00,2346.00,805.00,326.23,54,62,58,30,37,34,24,25,24,9.70,23.94,2.01,2,2,23080,20521,21127,2,2,2,14892,12640,13084,11472,9599,9954,3364,2990,3079,55,51,52,50,46,47,3.9,7.1,3.16,2.47,24735,84,36893,90,9,200,956,1535,1566,1207,91,9
"""490532708022""","""St. George, UT""",1.00,2288.00,738.00,369.02,46,55,44,21,26,20,26,29,24,10.28,20.56,1.77,2,2,23051,20539,22773,0,0,0,13017,11758,13087,9658,8765,9769,3359,2993,3318,0,0,0,0,0,0,6.2,2.8,2.33,2.00,6584,64,8512,87,10,144,866,877,778,1007,57,43
"""490111254011""","""Ogden-Clearfield, UT""",1.00,2637.00,860.00,1749.59,61,72,69,35,43,41,26,29,28,11.35,5.58,2.26,2,2,26529,23854,24502,0,0,0,16773,14547,14929,12901,11065,11353,3867,3476,3570,5,6,5,5,5,5,1.6,1.1,1.27,0.49,10352,96,8253,88,44,45,1413,1843,1922,1263,88,12
"""490050006003""","""Logan, UT-ID""",1.00,356.00,219.00,128.51,43,50,39,15,19,14,28,31,24,,,1.93,2,2,23828,21507,22138,1,1,1,13970,12458,13089,10478,9298,9838,3472,3134,3226,20,26,25,17,22,21,5.3,4.4,3.07,1.70,12956,80,23820,90,13,144,864,643,571,754,61,39
"""490351137021""","""Salt Lake City, UT""",1.00,1416.00,432.00,130.57,45,52,49,21,27,24,24,25,24,9.28,30.71,2.01,2,2,22626,20252,20784,5,5,5,14889,12671,13092,11468,9599,9942,3298,2951,3028,123,121,122,111,109,110,4.1,5.7,4.17,3.31,25826,97,22440,89,7,201,846,1099,1093,1134,84,16
"""490490102173""","""Provo-Orem, UT""",1.00,1265.00,263.00,1243.82,85,101,93,56,70,64,29,31,28,12.88,2.72,2.38,2,2,28680,25860,25267,0,0,0,17782,15518,15335,13601,11750,11653,4181,3768,3682,0,0,0,0,0,0,1.2,1.2,0.93,0.21,6700,92,9090,88,44,36,1576,2880,2880,,95,5
"""490451307023""","""Salt Lake City, UT""",1.00,989.00,284.00,3665.21,,,,,,,27,30,28,12.46,0.97,2.26,2,2,27868,25084,25760,0,0,0,16945,15001,15320,12882,11346,11567,4062,3655,3754,0,0,0,0,0,0,1.2,1.3,0.45,0.08,2715,78,2720,83,262,15,3036,,,,78,22
"""490050002012""","""Logan, UT-ID""",1.00,1293.00,418.00,3940.55,59,69,53,26,33,25,32,36,28,11.89,1.26,2.25,2,2,27591,24992,25642,0,0,0,16238,14687,15321,12218,11045,11584,4020,3642,3736,0,0,0,0,0,0,1.7,0.3,1.17,0.11,2188,84,2688,84,65,18,1834,1106,1194,599,85,15
"""490351106005""","""Salt Lake City, UT""",1.00,847.00,279.00,158.32,68,80,75,44,55,50,24,25,24,8.89,15.66,2.00,2,2,22749,20350,20904,5,4,5,14871,12682,13096,11440,9604,9937,3316,2965,3046,115,113,113,103,102,102,3.7,7.4,2.18,1.76,23454,97,34211,90,9,222,839,2260,2406,1359,86,14
"""490351135333""","""Salt Lake City, UT""",1.00,698.00,290.00,147.34,52,61,57,28,36,33,24,25,24,9.07,17.85,2.01,2,2,22806,20431,20971,3,3,3,14897,12675,13104,11498,9624,9974,3324,2977,3056,74,74,75,67,67,67,4.1,6.6,2.63,1.97,26316,89,31103,90,11,187,1018,1474,1474,,84,16
"""490111253013""","""Ogden-Clearfield, UT""",1.00,931.00,368.00,191.14,40,46,45,17,21,20,23,25,24,8.84,17.02,2.01,2,2,22956,20560,21135,4,4,4,14893,12721,13105,11464,9645,9945,3346,2996,3080,83,80,80,75,72,72,5.1,3.9,4.24,1.93,13741,82,11590,88,5,158,731,910,960,722,79,21
"""490351129202""","""Salt Lake City, UT""",1.00,2926.00,826.00,469.22,54,63,59,30,38,35,24,26,24,10.40,18.31,1.98,2,2,22544,20131,20690,9,9,9,14810,12703,13106,11292,9549,9867,3286,2933,3015,232,221,225,209,199,203,4.8,4.5,2.20,1.76,22032,68,30426,91,18,140,1073,1567,1567,,77,23
"""490572110001""","""Ogden-Clearfield, UT""",1.00,1797.00,599.00,238.17,42,48,46,19,23,22,23,25,24,9.64,24.25,2.00,2,2,23071,20661,21240,4,3,3,14947,12708,13106,11430,9555,9867,3363,3011,3095,154,142,144,139,129,130,3.8,6.1,4.17,2.52,15291,98,23251,89,5,251,632,984,992,925,88,12
"""490351134111""","""Salt Lake City, UT""",1.00,1111.00,275.00,161.10,51,59,55,27,34,31,24,25,24,11.41,19.47,2.01,2,2,22857,20348,20940,5,5,5,14917,12660,13107,11447,9564,9924,3332,2965,3051,138,131,132,124,118,119,3.2,7.7,3.00,1.71,24175,94,37393,90,7,171,735,1389,1389,,97,3
"""490351129171""","""Salt Lake City, UT""",1.00,1639.00,518.00,353.00,48,56,52,24,31,28,24,26,24,9.40,13.80,1.98,2,2,22248,19995,20491,9,9,9,14805,12727,13111,11331,9590,9898,3243,2914,2986,230,224,227,208,202,205,4.6,4.8,2.58,1.47,23053,81,29923,91,20,133,1301,1265,1409,908,71,29
"""490351106001""","""Salt Lake City, UT""",1.00,1106.00,373.00,172.73,57,67,63,34,42,39,24,25,24,9.61,20.76,2.01,2,2,23071,20664,21225,4,3,4,14909,12683,13111,11451,9585,9929,3363,3011,3093,95,87,89,86,78,80,3.3,6.9,3.23,2.16,17404,98,22878,89,8,204,853,1737,1798,1181,90,10
"""490111262041""","""Ogden-Clearfield, UT""",1.00,2262.00,558.00,13882.11,60,71,68,34,42,40,27,29,28,12.25,0.49,2.29,2,2,27058,24506,25122,0,0,0,17007,14799,15174,13059,11226,11511,3944,3571,3661,4,3,3,3,2,2,1.1,2.4,1.91,0.04,3250,86,3924,84,109,7,1776,1795,1958,778,86,14
"""490111271002""","""Ogden-Clearfield, UT""",1.00,1591.00,589.00,237.64,46,54,52,23,29,27,23,25,24,9.18,22.76,2.00,2,2,23349,20963,21536,3,2,2,14884,12734,13113,11431,9633,9929,3404,3054,3138,49,46,46,44,42,42,5.4,3.1,3.16,2.48,11778,76,12342,88,7,194,736,1220,1403,762,71,29
"""490490102193""","""Provo-Orem, UT""",1.00,1346.00,348.00,460.09,60,70,64,32,40,37,28,30,28,12.30,9.30,2.29,2,2,28221,25406,24862,0,0,0,17205,15058,14930,13091,11356,11307,4114,3702,3623,0,0,0,0,0,0,2.2,0.6,1.15,0.76,9616,100,10969,89,16,103,1044,1650,1627,1845,90,10
"""490572105111""","""Ogden-Clearfield, UT""",1.00,2367.00,760.00,327.63,44,51,49,21,26,25,23,25,24,10.38,24.07,2.00,2,2,23628,21217,21796,1,1,1,14916,12733,13119,11430,9606,9907,3444,3092,3176,42,35,36,38,32,32,4.6,5.2,3.67,2.32,12647,86,24046,90,8,171,986,1110,1198,836,76,24
"""490490029012""","""Provo-Orem, UT""",1.00,1270.00,396.00,372.61,49,58,53,25,31,29,24,27,24,9.87,10.49,1.98,2,2,25975,22988,22365,0,0,0,15105,13204,13122,11313,9854,9863,3786,3350,3259,6,0,0,5,0,0,6.8,0.4,3.15,1.06,7149,25,10640,90,18,103,1192,1280,1306,1233,64,36
"""490490015031""","""Provo-Orem, UT""",1.00,2369.00,735.00,295.47,50,58,53,25,31,29,25,27,24,9.18,22.82,2.06,2,2,24616,22116,21673,1,1,0,15334,13245,13125,11734,10013,9959,3588,3223,3158,12,10,8,11,9,7,6.0,2.1,2.66,2.49,13842,68,21927,91,11,191,1064,1288,1497,954,61,39
"""490351126112""","""Salt Lake City, UT""",1.00,1956.00,626.00,171.38,50,58,55,26,33,30,24,26,24,9.80,35.81,2.02,2,2,22828,20287,20883,3,2,3,14905,12713,13126,11512,9695,10020,3328,2956,3043,65,62,63,59,56,57,4.3,6.2,3.93,3.65,26300,91,36788,91,7,291,719,1360,1360,,87,13
"""490351110013""","""Salt Lake City, UT""",1.00,1117.00,434.00,349.68,65,77,72,41,51,47,24,26,24,8.92,11.07,2.00,2,2,23083,20624,21213,4,4,4,14887,12700,13127,11431,9604,9945,3365,3005,3091,92,91,91,83,82,82,3.7,7.7,1.97,1.24,23100,81,35524,90,17,108,1050,2125,2125,,86,14
"""490351044002""","""Salt Lake City, UT""",1.00,737.00,243.00,108.77,68,81,76,44,55,51,24,25,24,9.18,20.51,2.03,2,2,22826,20380,20962,1,1,1,14957,12680,13127,11601,9681,10044,3327,2970,3054,29,30,29,26,27,26,3.2,7.9,2.40,2.23,25007,98,31911,89,6,182,698,2297,2297,,95,5
"""490351113021""","""Salt Lake City, UT""",1.00,1375.00,554.00,189.57,57,67,62,33,41,38,24,26,24,9.61,28.07,2.00,2,2,24078,21591,22174,0,0,0,14919,12720,13131,11409,9574,9900,3510,3146,3231,0,0,0,0,0,0,5.0,5.5,2.69,2.92,13067,73,17322,88,9,189,865,1706,1848,1200,78,22
"""490351138012""","""Salt Lake City, UT""",1.00,1728.00,418.00,89.85,50,58,55,26,33,30,24,26,24,10.16,47.28,2.02,2,2,22920,20398,20979,4,3,3,14939,12710,13133,11508,9654,9990,3341,2972,3057,90,84,86,81,76,78,4.6,4.6,4.12,4.65,22526,87,19198,89,5,349,681,1360,1377,1250,87,13
"""490351135234""","""Salt Lake City, UT""",1.00,1100.00,350.00,92.21,49,57,53,25,31,29,24,26,24,10.04,38.12,2.02,2,2,22835,20409,20967,4,4,4,14978,12688,13138,11537,9603,9972,3329,2974,3055,112,111,111,101,100,100,3.4,6.7,4.50,3.80,26600,100,27457,90,6,285,713,1304,1304,,95,5
"""490532711003""","""St. George, UT""",1.00,4076.00,1472.00,485.24,53,64,50,28,35,26,26,29,24,8.92,27.07,1.80,2,2,22779,20302,22507,1,1,1,13136,11772,13140,9810,8808,9856,3319,2958,3280,7,5,4,16,13,11,5.3,4.2,3.83,3.03,8118,81,14971,89,8,195,825,1169,1194,1119,67,33
"""490490022062""","""Provo-Orem, UT""",1.00,1058.00,291.00,120.90,48,56,51,23,29,27,25,27,24,10.13,24.39,2.06,2,2,24827,22100,21558,1,1,1,15412,13294,13146,11770,10057,9990,3619,3220,3141,23,17,15,21,15,13,6.2,1.8,3.56,2.41,15534,51,19105,91,10,254,914,1203,1354,825,71,29
"""490039606023""","""Ogden-Clearfield, UT""",1.00,658.00,227.00,72.45,43,50,48,20,25,23,23,25,24,9.68,30.33,1.96,2,2,24419,21856,22475,2,2,2,14860,12785,13151,11217,9533,9806,3560,3185,3275,83,67,70,75,61,63,5.5,3.5,3.57,3.13,4344,68,5056,85,9,212,852,1048,1168,783,69,31
"""490351105002""","""Salt Lake City, UT""",1.00,1697.00,617.00,314.98,54,63,59,30,38,35,24,26,24,9.43,18.47,2.02,2,2,22929,20536,21091,4,3,4,14946,12725,13152,11508,9645,9988,3342,2992,3073,96,88,90,86,79,81,3.2,6.8,2.95,1.96,19441,100,24694,89,8,175,858,1559,1559,,89,11
"""490351129051""","""Salt Lake City, UT""",1.00,1742.00,605.00,152.49,51,59,56,27,34,31,24,26,24,9.78,38.80,2.02,2,2,23170,20737,21296,2,2,2,14977,12713,13153,11544,9635,9993,3377,3022,3103,55,57,57,50,51,51,3.9,6.4,3.63,3.97,25494,91,29864,90,8,269,836,1397,1397,,88,12
"""490439643073""","""Summit Park, UT""",1.00,763.00,234.00,1404.59,60,73,99,41,52,70,19,21,28,12.29,2.05,2.32,2,2,26869,23910,25537,1,0,0,17177,15498,15337,13260,12013,11616,3917,3485,3721,0,0,0,45,0,11,0.4,3.5,0.83,0.17,3721,98,5720,85,67,20,2238,3159,3159,,100,0
"""490490103031""","""Provo-Orem, UT""",1.00,2908.00,616.00,816.91,62,73,67,34,42,39,28,30,28,13.12,9.89,2.28,2,2,28342,25627,25111,0,0,0,17121,15037,14932,12990,11303,11274,4131,3734,3659,0,0,0,0,0,0,2.6,0.2,1.19,0.75,6959,97,5877,88,24,75,1107,1751,1843,1372,81,19
"""490490021013""","""Provo-Orem, UT""",1.00,1320.00,408.00,147.53,50,58,53,25,31,28,25,27,24,8.98,24.85,2.10,2,2,24191,21635,21156,2,2,2,15540,13335,13160,11973,10148,10046,3526,3152,3083,41,35,32,37,32,29,5.3,3.2,2.82,2.77,18588,72,28189,92,9,187,841,1275,1275,,76,24
"""490532704002""","""St. George, UT""",1.00,4546.00,1690.00,33582.87,65,79,62,35,44,33,30,35,28,10.18,0.51,2.13,2,2,26001,23492,25600,1,1,1,15367,14079,15338,11571,10648,11600,3789,3423,3730,8,8,8,18,20,19,1.2,0.9,1.22,0.05,1085,90,1072,80,182,8,1884,1487,1574,1236,74,26
"""490351137011""","""Salt Lake City, UT""",1.00,1545.00,443.00,111.82,48,55,52,24,30,27,24,26,24,10.17,40.30,2.02,2,2,23065,20683,21215,3,3,3,14971,12746,13163,11533,9654,9994,3362,3014,3091,76,78,78,69,71,71,4.3,5.4,4.06,3.96,24693,95,21547,89,7,246,816,1226,1208,1310,82,18
"""490351135382""","""Salt Lake City, UT""",1.00,1415.00,324.00,109.07,48,55,52,24,30,27,24,26,24,11.27,33.48,2.02,2,2,23035,20679,21204,2,2,2,14970,12750,13165,11559,9685,10023,3358,3013,3090,53,51,52,48,46,47,3.9,5.8,3.72,2.97,21891,100,21659,89,8,241,879,1234,1246,1182,81,19
"""490351101043""","""Salt Lake City, UT""",1.00,1100.00,432.00,177.16,67,80,74,43,54,50,24,26,24,9.06,22.10,2.01,2,2,23338,20901,21476,4,4,4,14981,12738,13172,11470,9595,9942,3402,3046,3129,109,98,101,98,89,91,3.0,6.7,3.14,2.44,14904,98,19674,88,7,249,787,2240,2240,,93,7
"""490039607011""","""Ogden-Clearfield, UT""",1.00,824.00,281.00,204.03,40,46,44,16,21,20,23,25,24,9.40,12.95,1.98,2,2,24268,21709,22326,2,1,1,14871,12810,13172,11276,9599,9870,3538,3163,3253,57,48,49,51,43,44,5.7,3.2,2.82,1.38,5970,66,6897,86,9,110,749,877,1030,577,66,34
"""490211104004""","""Cedar City, UT""",1.00,1577.00,546.00,334.24,57,66,46,27,33,22,30,33,24,10.02,16.36,1.81,2,2,24027,21416,22996,0,0,0,13345,11538,13174,9843,8417,9824,3501,3122,3351,1,0,0,1,0,0,5.5,4.5,4.12,1.63,5155,63,6341,85,10,157,913,975,1154,527,71,29
"""490351134112""","""Salt Lake City, UT""",1.00,1681.00,457.00,160.30,49,56,53,25,31,28,24,26,24,10.37,29.57,2.02,2,2,23078,20613,21181,4,4,4,14973,12743,13174,11506,9640,9987,3364,3004,3086,103,100,101,93,90,91,3.1,7.5,3.12,2.85,25924,100,34507,90,11,211,1148,1275,1266,1347,89,11
"""490479402014""","""Vernal, UT""",1.00,1724.00,480.00,111467.53,48,56,56,21,27,27,26,29,30,11.78,0.05,2.38,2,2,27709,24924,25477,3,2,2,17659,15729,15961,13570,12058,12208,4039,3632,3712,50,40,41,42,34,35,0.6,1.1,0.14,0.00,268,71,337,76,435,3,4615,1190,1240,908,85,15
"""490572111005""","""Ogden-Clearfield, UT""",1.00,787.00,286.00,141.24,,,,,,,23,25,24,9.43,19.09,2.01,2,2,23507,20922,21546,2,1,1,14985,12793,13181,11487,9688,9983,3427,3049,3140,71,57,59,64,51,53,4.3,6.0,3.81,2.02,14157,86,19138,88,6,235,728,,,,86,14
"""490572109002""","""Ogden-Clearfield, UT""",1.00,1193.00,426.00,158.17,49,57,54,25,32,30,24,25,24,9.52,25.64,2.01,2,2,23755,21080,21728,2,1,1,15028,12788,13187,11497,9671,9971,3463,3072,3166,69,45,50,62,41,45,3.0,7.8,3.35,2.69,15374,96,23312,88,7,237,770,1346,1346,,96,4
"""490351121001""","""Salt Lake City, UT""",1.00,1436.00,498.00,176.45,52,61,57,28,35,32,24,26,24,9.73,27.46,2.02,2,2,23096,20490,21112,4,4,4,14994,12750,13189,11529,9673,10020,3367,2986,3076,98,92,93,89,83,84,2.8,8.1,2.89,2.82,26112,100,45462,90,9,196,950,1457,1457,,97,3
"""490532701005""","""St. George, UT""",1.00,4010.00,586.00,82297.55,57,69,54,27,34,26,30,35,28,12.58,0.09,2.11,2,2,25560,23340,25287,1,2,1,15230,14174,15357,11495,10760,11663,3724,3401,3685,11,13,10,26,31,25,1.9,0.3,0.44,0.01,396,86,455,78,400,3,3672,1152,1231,1070,51,49
"""490572106005""","""Ogden-Clearfield, UT""",1.00,964.00,324.00,110.70,45,52,50,21,27,25,23,25,24,9.48,27.73,1.98,2,2,23688,21357,21916,3,3,3,14912,12827,13193,11318,9572,9858,3453,3112,3193,141,143,142,127,129,128,4.5,5.4,3.10,2.93,13874,100,13125,87,8,202,784,1127,1138,1101,69,31
"""490351135151""","""Salt Lake City, UT""",1.00,2439.00,811.00,380.21,56,65,61,32,40,37,24,26,24,9.79,20.88,2.02,2,2,22764,20233,20828,4,4,4,14951,12771,13193,11535,9733,10067,3318,2948,3035,97,90,92,88,81,83,3.2,7.5,2.16,2.13,27780,93,47194,91,19,162,1295,1647,1759,897,87,13
"""490490001023""","""Provo-Orem, UT""",1.00,1141.00,387.00,275.84,46,53,49,21,26,24,25,27,24,9.51,13.34,2.05,2,2,24309,21850,21430,2,2,2,15317,13287,13194,11731,10065,10036,3544,3184,3123,43,38,35,38,34,31,6.3,0.5,2.66,1.40,9914,66,12250,90,9,128,857,1094,1214,940,56,44
"""490351134131""","""Salt Lake City, UT""",1.00,2162.00,578.00,320.96,49,56,53,25,31,28,24,26,24,10.43,18.78,2.02,2,2,23060,20660,21206,3,3,3,14961,12781,13195,11514,9694,10025,3362,3010,3090,85,76,80,77,69,72,3.5,6.1,2.53,1.80,19959,94,22552,89,14,130,1045,1276,1322,1073,82,18
"""490351113023""","""Salt Lake City, UT""",1.00,1250.00,392.00,162.80,57,66,62,33,41,38,24,26,24,10.22,24.61,2.01,2,2,23830,21382,21947,0,1,1,14982,12800,13200,11497,9668,9987,3474,3116,3198,11,16,15,10,15,13,4.3,6.7,2.98,2.41,18439,92,25197,89,8,232,793,1690,1810,1185,81,19
"""490351102003""","""Salt Lake City, UT""",1.00,887.00,281.00,86.45,53,62,58,29,36,33,24,26,24,10.12,32.90,2.02,2,2,23269,20822,21402,4,3,3,15015,12765,13202,11535,9647,9999,3392,3034,3118,89,84,85,80,76,77,2.8,7.3,3.11,3.25,20823,100,26424,89,10,215,899,1500,1500,,93,7
"""490490030011""","""Provo-Orem, UT""",1.00,776.00,304.00,95.18,44,51,46,19,24,22,25,27,25,9.22,29.46,2.07,2,2,24389,21903,21463,2,2,2,15442,13328,13205,11846,10100,10044,3555,3191,3127,42,37,34,37,34,31,6.6,0.2,3.59,3.19,9183,62,10040,90,6,188,620,987,1156,716,62,38
"""490351137012""","""Salt Lake City, UT""",1.00,910.00,284.00,91.26,47,55,51,23,29,27,24,26,25,9.75,30.34,2.03,2,2,22979,20385,21003,4,4,4,15031,12752,13207,11571,9678,10041,3350,2970,3060,110,104,106,100,94,95,3.8,6.0,4.41,3.11,26312,85,23738,89,7,217,757,1207,1207,,96,4
"""490490031061""","""Provo-Orem, UT""",1.00,1400.00,382.00,263.49,45,52,48,20,25,23,25,27,25,10.26,14.87,2.06,2,2,24731,22211,21752,1,1,1,15366,13314,13207,11737,10057,10020,3605,3236,3170,24,20,17,21,18,16,6.6,0.4,3.08,1.45,8374,55,7900,89,9,178,917,1039,1123,927,57,43
"""490490012022""","""Provo-Orem, UT""",1.00,1827.00,419.00,164.07,50,58,53,25,31,29,25,27,25,10.95,27.95,2.10,2,2,24074,21645,21225,2,2,2,15538,13361,13208,11996,10177,10088,3509,3154,3093,33,30,27,29,27,25,5.3,2.5,2.62,2.55,17356,80,26881,92,10,242,800,1285,1523,774,68,32
"""490351129163""","""Salt Lake City, UT""",1.00,1356.00,369.00,156.91,45,52,49,21,27,24,24,26,25,10.45,24.56,2.00,2,2,22964,20527,21073,8,8,8,14952,12825,13209,11409,9643,9945,3347,2991,3071,196,191,193,177,172,174,4.2,5.0,3.31,2.35,20735,93,27570,90,9,196,1034,1099,1182,794,79,21
"""490351135322""","""Salt Lake City, UT""",1.00,1501.00,476.00,162.66,50,58,54,26,32,30,24,26,25,10.26,30.03,2.03,2,2,22910,20530,21075,4,4,4,15038,12762,13210,11605,9679,10047,3340,2991,3071,93,92,92,84,83,83,3.3,6.5,3.38,2.93,26366,98,28594,90,9,260,937,1330,1302,1646,92,8
"""490572106004""","""Ogden-Clearfield, UT""",1.00,1062.00,330.00,187.62,45,52,50,21,26,25,23,25,25,9.66,16.99,1.97,2,2,23538,21048,21648,6,6,6,14948,12838,13210,11260,9526,9809,3431,3067,3154,257,245,247,232,221,223,4.5,6.1,2.66,1.76,13829,79,15806,88,13,184,909,1122,1173,958,76,24
"""490351138013""","""Salt Lake City, UT""",1.00,1116.00,289.00,78.35,47,54,51,23,29,27,24,26,25,10.05,37.09,2.02,2,2,23005,20561,21118,5,5,5,15011,12789,13212,11532,9672,10011,3354,2996,3077,126,122,124,113,110,112,4.1,5.0,3.99,3.69,23916,92,20231,89,8,204,849,1191,1125,1580,85,15
"""490111259061""","""Ogden-Clearfield, UT""",1.00,3342.00,1065.00,245.22,53,62,59,29,37,35,24,25,25,9.99,43.38,2.03,2,2,23380,20763,21395,4,4,4,15086,12815,13220,11595,9715,10026,3408,3025,3118,83,75,77,75,68,69,4.4,3.4,4.86,4.34,13599,79,14334,89,4,266,622,1567,1603,1051,94,6
"""490351126093""","""Salt Lake City, UT""",1.00,1687.00,516.00,193.21,57,66,62,32,41,37,24,26,25,10.14,27.08,2.02,2,2,23175,20766,21321,4,4,4,15007,12811,13222,11535,9697,10025,3378,3026,3107,93,88,90,84,80,81,3.6,6.1,3.11,2.67,19652,98,21449,89,9,195,843,1681,1723,1455,84,16
"""490572006002""","""Ogden-Clearfield, UT""",1.00,853.00,384.00,158.30,43,50,48,20,25,23,23,25,25,8.35,20.26,2.00,2,2,23859,21325,21936,2,2,2,14969,12849,13222,11393,9651,9935,3478,3107,3196,98,91,91,88,82,82,5.2,4.1,3.57,2.43,13388,70,12538,88,12,154,964,1045,1211,610,72,28
"""490351113022""","""Salt Lake City, UT""",1.00,1782.00,681.00,236.36,52,60,57,28,35,32,24,26,25,9.71,27.97,2.03,2,2,23764,21431,21962,0,0,0,15056,12801,13226,11586,9668,10017,3464,3123,3200,6,10,9,5,9,8,3.5,6.8,3.28,2.88,17645,100,27819,89,8,257,852,1436,1448,1365,85,15
"""490572014002""","""Ogden-Clearfield, UT""",1.00,914.00,353.00,144.60,46,53,51,22,28,26,24,25,25,9.26,22.62,2.01,2,2,24252,21848,22426,0,0,0,15000,12846,13226,11460,9652,9950,3535,3184,3268,5,10,8,4,9,7,4.2,6.3,2.69,2.44,12883,94,14118,87,9,106,818,1179,1267,913,75,25
"""490572001003""","""Ogden-Clearfield, UT""",1.00,1357.00,475.00,140.57,42,48,46,18,23,22,24,25,25,9.57,32.33,2.00,2,2,23712,21076,21714,4,3,3,15020,12840,13227,11412,9636,9926,3456,3071,3164,151,133,136,136,120,123,4.9,4.5,3.26,3.38,14298,68,13029,88,10,196,956,969,979,923,82,18
"""490111269013""","""Ogden-Clearfield, UT""",1.00,854.00,291.00,125.34,51,59,57,27,34,32,24,25,25,9.70,22.53,2.02,2,2,23701,21127,21749,4,3,3,15073,12828,13228,11549,9687,9995,3455,3078,3169,69,63,64,63,57,58,3.5,6.6,3.39,2.32,15287,85,19703,88,8,250,805,1442,1442,,93,7
"""490490029021""","""Provo-Orem, UT""",1.00,587.00,252.00,95.47,44,50,46,19,24,22,25,27,25,8.87,23.41,2.08,2,2,24388,21951,21538,1,1,0,15450,13344,13230,11883,10135,10084,3555,3199,3138,12,10,7,11,9,7,6.6,0.3,2.80,2.64,9198,65,11081,90,6,181,713,972,1236,609,58,42
"""490572005002""","""Ogden-Clearfield, UT""",1.00,1153.00,439.00,173.21,40,46,44,16,21,19,24,25,25,8.61,21.83,2.01,2,2,23642,21089,21705,3,2,2,15031,12845,13231,11469,9673,9967,3446,3073,3163,115,99,102,104,89,92,4.6,4.7,3.46,2.53,15915,73,18606,89,14,159,1044,872,884,830,79,21
"""490351126141""","""Salt Lake City, UT""",1.00,1304.00,499.00,260.75,64,76,71,40,50,46,24,26,25,8.62,16.50,2.02,2,2,23398,20884,21479,3,3,3,15026,12812,13235,11548,9705,10040,3411,3043,3130,67,64,65,61,58,59,3.7,6.8,3.77,1.91,19912,89,22996,89,9,182,780,2076,2076,,88,12
"""490490002044""","""Provo-Orem, UT""",1.00,1553.00,452.00,157.48,47,55,50,22,28,25,25,27,25,10.63,30.50,2.07,2,2,24780,22243,21796,1,1,0,15452,13358,13237,11820,10105,10053,3612,3241,3176,20,13,8,18,11,7,6.0,0.8,2.49,2.87,10716,65,18530,91,10,114,832,1140,1231,997,61,39
"""490351102004""","""Salt Lake City, UT""",1.00,1111.00,416.00,167.11,54,64,60,30,38,35,24,26,25,10.02,24.95,1.98,2,2,24341,21554,22206,2,2,2,14900,12890,13239,11297,9705,9956,3548,3141,3236,55,44,48,50,40,43,3.8,7.7,3.52,2.49,23334,91,29201,89,12,172,962,1569,1682,990,84,16
"""490490033001""","""Provo-Orem, UT""",1.00,1394.00,487.00,171.17,43,50,46,18,23,21,25,27,25,10.00,28.46,2.01,2,2,25454,22932,22519,0,0,0,15206,13284,13241,11495,9942,9959,3710,3341,3281,0,0,0,0,0,0,6.5,0.7,3.13,2.85,7109,70,9596,89,6,209,771,944,1169,672,55,45
"""490351126084""","""Salt Lake City, UT""",1.00,1284.00,379.00,142.95,55,65,60,31,39,36,24,26,25,9.32,24.72,2.03,2,2,23301,20852,21413,2,2,2,15031,12835,13242,11579,9741,10065,3397,3038,3120,56,56,56,50,50,51,3.8,6.4,2.94,2.65,22263,99,27481,90,8,251,883,1613,1561,1878,84,16
"""490351125034""","""Salt Lake City, UT""",1.00,514.00,224.00,89.85,48,56,52,24,30,28,24,26,25,8.04,20.05,2.02,2,2,22185,19862,20398,9,8,9,15000,12825,13245,11546,9718,10058,3234,2894,2972,220,213,215,198,192,194,3.3,5.7,2.73,2.49,27201,96,40696,92,13,142,1230,1246,1297,856,88,12
"""490439643051""","""Summit Park, UT""",1.00,356.00,166.00,5587.79,40,48,65,24,29,40,16,18,25,9.38,0.28,1.98,2,2,24686,21414,23324,3,2,3,14929,13434,13245,11330,10312,9846,3599,3122,3399,1,1,1,199,115,164,4.6,3.0,0.82,0.03,2183,12,3959,84,186,10,1892,1799,1799,,74,26
"""490572019001""","""Ogden-Clearfield, UT""",1.00,1337.00,382.00,2604.66,38,43,41,14,18,17,23,25,25,8.51,1.25,2.00,2,2,23828,21556,22099,1,1,1,14917,12897,13247,11403,9706,9980,3473,3141,3220,41,50,47,37,45,42,5.8,4.0,2.72,0.15,9086,71,23735,90,15,39,938,753,808,688,54,46
"""490351134071""","""Salt Lake City, UT""",1.00,1804.00,544.00,279.50,50,58,54,26,32,30,24,26,25,11.02,21.44,2.00,2,2,24332,21575,22257,2,1,1,15024,12819,13248,11437,9644,9972,3547,3144,3243,39,31,33,35,28,30,4.3,6.3,3.00,1.95,14060,64,20056,89,14,147,844,1336,1336,,88,12
"""490351128123""","""Salt Lake City, UT""",1.00,1639.00,489.00,122.27,50,59,55,26,33,30,24,26,25,10.83,43.33,2.01,2,2,23454,20856,21459,5,5,5,15028,12851,13250,11473,9681,9991,3419,3039,3127,136,131,132,123,118,119,3.8,5.6,3.69,4.00,20521,98,36301,91,6,283,707,1360,1359,1367,89,11
"""490351105001""","""Salt Lake City, UT""",1.00,1934.00,635.00,238.38,55,64,60,31,39,36,24,26,25,9.34,24.87,2.03,2,2,23350,20876,21467,4,4,4,15079,12813,13255,11576,9677,10032,3404,3042,3128,99,94,95,89,85,85,3.0,6.9,3.12,2.66,18917,97,23895,89,7,215,885,1606,1606,,96,4
"""490490011062""","""Provo-Orem, UT""",1.00,1875.00,624.00,182.75,51,60,54,26,32,30,25,27,25,9.71,33.15,2.09,2,2,24973,22151,21571,5,4,3,15675,13450,13257,11954,10155,10051,3640,3228,3143,81,67,62,73,60,56,5.0,2.9,4.31,3.41,15078,61,30233,92,8,270,850,1338,1384,986,88,12
"""490351128122""","""Salt Lake City, UT""",1.00,1695.00,592.00,174.96,47,54,51,23,29,26,24,26,25,9.65,32.67,2.01,2,2,23576,20977,21583,4,4,4,15033,12863,13262,11499,9714,10023,3437,3057,3145,97,92,94,87,83,84,4.0,5.8,3.47,3.38,20688,92,30513,90,7,208,828,1182,1166,1278,86,14
"""490379782002""",,1.00,1347.00,343.00,8384.28,74,87,57,36,45,28,38,42,29,11.91,0.49,2.15,2,2,27376,24795,25404,2,2,2,15719,13870,15363,11698,10221,11622,3989,3614,3702,33,35,39,28,30,34,0.9,2.2,1.04,0.04,296,82,407,76,123,13,2838,1258,1315,758,90,10
"""490351130172""","""Salt Lake City, UT""",1.00,1410.00,481.00,186.88,49,57,53,25,31,29,24,26,25,9.05,23.28,2.01,2,2,23976,21458,22032,1,1,1,14984,12897,13263,11461,9745,10026,3495,3127,3210,28,25,27,25,23,25,5.4,2.7,3.03,2.57,14706,70,17574,90,14,140,1008,1282,1428,1002,66,34
"""490351126192""","""Salt Lake City, UT""",1.00,1974.00,634.00,259.87,53,61,58,29,36,33,24,26,25,10.01,24.43,2.05,2,2,23123,20695,21258,2,2,2,15093,12830,13264,11677,9769,10121,3371,3015,3098,45,45,45,41,41,41,3.5,6.5,3.03,2.44,22762,100,28428,90,6,204,685,1479,1520,1075,91,9
"""490351135273""","""Salt Lake City, UT""",1.00,1268.00,365.00,78.87,51,59,55,27,33,31,24,26,25,10.50,48.62,2.03,2,2,23336,20678,21319,4,4,4,15093,12812,13265,11592,9706,10064,3402,3013,3106,100,93,95,90,84,85,4.2,4.8,5.11,4.63,22699,77,18871,89,7,300,773,1377,1377,,95,5
"""490532712001""","""St. George, UT""",1.00,2647.00,704.00,1167.18,55,66,52,29,36,27,26,29,25,10.98,6.62,1.84,2,2,22949,20304,22548,0,0,0,13349,11924,13265,10002,8965,9979,3344,2959,3286,3,1,1,7,2,2,4.7,5.9,2.61,0.60,8169,68,17380,88,14,96,1028,1231,1254,1158,76,24
"""490351139061""","""Salt Lake City, UT""",1.00,2101.00,664.00,39433.82,41,47,44,17,21,19,24,26,25,9.83,0.17,1.96,2,2,24885,22556,23091,1,1,1,14854,12966,13282,11207,9658,9895,3628,3287,3365,20,20,22,18,18,20,4.4,5.3,4.20,0.02,3487,53,6885,85,168,4,4876,870,961,782,49,51
"""490572006003""","""Ogden-Clearfield, UT""",1.00,1058.00,430.00,125.32,41,48,46,18,22,21,23,25,25,9.21,31.60,1.97,2,2,24790,22081,22737,1,1,1,14917,12936,13282,11248,9686,9933,3614,3217,3313,56,32,36,50,29,33,5.2,3.9,4.08,3.43,11610,73,9977,87,10,158,977,955,1039,742,72,28
"""490111258012""","""Ogden-Clearfield, UT""",1.00,713.00,219.00,109.67,44,51,49,20,25,24,24,25,25,10.26,20.49,2.02,2,2,23567,21073,21674,3,3,3,15049,12884,13266,11558,9763,10056,3435,3071,3158,56,51,52,50,46,47,4.6,4.1,3.13,2.00,15628,83,24960,91,10,198,876,1078,1145,850,77,23
"""490351139051""","""Salt Lake City, UT""",1.00,1663.00,486.00,133.61,47,54,51,23,29,26,24,26,25,10.59,38.52,2.01,2,2,23847,21261,21869,3,3,3,15049,12861,13269,11489,9693,10009,3476,3098,3187,84,70,74,75,63,67,3.9,5.1,3.58,3.64,13584,87,13165,88,9,216,940,1187,1174,1263,85,15
"""490490005083""","""Provo-Orem, UT""",1.00,1377.00,386.00,260.33,44,51,47,19,24,22,25,27,25,10.47,15.52,2.08,2,2,24323,21918,21511,2,2,2,15482,13389,13273,11903,10162,10107,3546,3194,3134,34,33,31,31,30,28,5.9,1.0,2.52,1.48,12891,73,15900,91,10,135,771,1004,1139,809,59,41
"""490050009002""","""Logan, UT-ID""",1.00,847.00,313.00,115.93,47,55,43,19,24,18,28,31,25,9.81,26.50,1.96,2,2,24266,21819,22473,0,0,0,14189,12636,13274,10652,9451,9995,3536,3179,3275,1,5,5,1,4,4,5.4,2.9,3.23,2.70,11670,71,18086,90,12,152,975,805,988,436,67,33
"""490111271003""","""Ogden-Clearfield, UT""",1.00,1179.00,424.00,382.84,48,56,54,25,31,29,24,25,25,9.26,10.26,2.01,2,2,24303,21576,22238,4,3,3,15070,12889,13276,11456,9683,9971,3543,3144,3240,72,62,64,65,56,58,5.1,3.7,1.89,1.11,9751,48,7966,86,15,113,976,1304,1338,1143,83,17
"""490351102001""","""Salt Lake City, UT""",1.00,1253.00,358.00,265.79,58,69,64,34,43,39,24,26,25,10.63,14.32,2.03,2,2,23473,21145,21678,2,2,2,15050,12869,13276,11581,9739,10069,3422,3081,3159,47,48,48,42,44,44,3.1,7.6,2.48,1.35,19495,100,24722,88,18,142,1266,1772,1780,1741,81,19
"""490439643041""","""Summit Park, UT""",1.00,1712.00,576.00,1890.20,48,58,78,29,37,50,18,21,28,11.97,3.65,2.27,2,2,27311,24314,25945,1,0,0,16943,15421,15136,12962,11876,11356,3981,3544,3780,0,0,0,29,0,0,0.8,3.5,0.94,0.30,3303,93,4164,84,82,26,2566,2248,2300,1686,91,9
"""490211102001""","""Cedar City, UT""",1.00,1601.00,451.00,12004.83,60,70,49,26,32,21,35,38,28,11.48,0.43,2.09,2,2,26229,23874,25285,1,1,1,15218,13474,15137,11385,9979,11437,3822,3480,3684,10,15,15,9,13,13,2.5,0.4,0.67,0.04,1210,88,802,80,92,16,2001,934,991,831,64,36
"""490439643053""","""Summit Park, UT""",1.00,1065.00,470.00,763.45,46,55,75,29,37,50,16,18,25,9.71,5.98,2.01,2,2,24510,21659,23188,2,1,1,15036,13468,13283,11463,10311,9904,3573,3157,3379,1,0,0,114,58,86,5.0,4.3,1.64,0.62,3943,51,7189,86,28,70,1360,2254,2232,2308,71,29
"""490351139043""","""Salt Lake City, UT""",1.00,1182.00,376.00,119.21,47,55,51,23,29,27,24,26,25,10.35,32.65,2.01,2,2,23978,21466,22045,3,3,3,15043,12895,13285,11469,9700,10002,3495,3128,3212,79,67,71,71,60,64,3.8,5.2,3.37,3.15,12612,92,11925,87,12,204,929,1199,1199,,79,21
"""490351125025""","""Salt Lake City, UT""",1.00,1229.00,391.00,204.73,49,56,53,24,31,28,24,26,25,10.20,19.48,2.04,2,2,22906,20451,21021,3,3,3,15085,12865,13286,11672,9809,10148,3339,2980,3063,73,77,75,66,69,68,3.8,6.6,3.09,1.91,27484,97,40293,91,8,175,788,1268,1268,,88,12
"""490490103041""","""Provo-Orem, UT""",1.00,1708.00,514.00,1679.76,48,56,51,23,29,26,25,27,25,10.16,3.11,2.04,2,2,25942,23120,22516,2,2,2,15456,13425,13289,11633,10025,9980,3782,3369,3281,42,31,28,37,28,25,6.3,0.3,6.00,0.31,6527,25,9196,89,37,32,1325,1187,,1187,63,37
"""490351128052""","""Salt Lake City, UT""",1.00,1892.00,540.00,278.36,56,66,62,32,40,37,24,26,25,10.67,20.70,2.01,2,2,22949,20521,21073,8,7,7,15021,12914,13290,11486,9742,10035,3345,2990,3071,190,181,185,172,164,167,4.3,4.0,2.99,1.94,17038,91,27257,91,9,177,891,1672,1670,1679,78,22
"""490399725002""",,1.00,1827.00,628.00,5597.48,55,66,52,25,31,23,31,35,29,10.73,1.20,2.13,2,2,25831,23251,25361,1,1,1,15380,14054,15368,11602,10652,11659,3764,3388,3695,14,14,14,12,12,12,2.2,0.1,1.19,0.11,983,87,743,80,48,19,1321,1033,1114,711,80,20
"""490439643083""","""Summit Park, UT""",1.00,1832.00,714.00,685.23,58,71,96,42,52,72,16,18,25,9.72,10.13,2.01,2,2,24255,21406,22940,4,2,4,15034,13450,13292,11497,10329,9948,3536,3120,3343,1,1,1,210,127,209,3.3,6.6,1.37,1.04,3993,74,8887,85,23,90,1421,3212,3158,3501,84,16
"""490351126043""","""Salt Lake City, UT""",1.00,1004.00,343.00,150.89,53,62,58,29,36,33,24,26,25,9.26,21.06,2.01,2,2,23313,20762,21347,5,5,5,15037,12914,13294,11502,9757,10050,3398,3025,3111,137,133,134,123,120,121,3.9,6.1,3.36,2.27,22118,98,33891,91,8,144,816,1492,1494,1481,83,17
"""490351139072""","""Salt Lake City, UT""",1.00,1821.00,522.00,150.55,49,58,54,25,32,29,24,26,25,10.46,36.25,1.99,2,2,24494,22032,22590,3,3,3,15031,12941,13303,11374,9655,9932,3570,3210,3292,86,75,79,77,68,71,3.9,4.8,3.10,3.47,8410,93,8800,86,14,221,1081,1311,1325,1276,72,28
"""490351126042""","""Salt Lake City, UT""",1.00,1409.00,415.00,187.63,50,58,55,26,32,30,24,26,25,10.29,22.77,2.04,2,2,23355,20848,21424,2,2,2,15094,12900,13303,11636,9810,10129,3404,3038,3122,53,52,53,48,47,47,3.9,6.1,3.05,2.21,21818,98,30162,90,6,211,726,1344,1331,1418,85,15
"""490490010011""","""Provo-Orem, UT""",1.00,1200.00,344.00,129.69,49,57,52,24,30,27,25,27,25,9.59,25.44,2.10,2,2,24589,22040,21571,3,2,2,15628,13466,13309,11998,10213,10127,3584,3212,3143,46,41,40,41,37,36,4.9,2.9,2.62,2.65,18183,74,30213,92,16,148,1070,1234,1171,1393,72,28
"""490351131012""","""Salt Lake City, UT""",1.00,1100.00,227.00,570.17,58,68,64,34,42,39,24,26,25,11.30,4.50,2.01,2,2,22863,20581,21077,7,7,7,14991,12949,13310,11491,9785,10072,3333,2999,3071,167,165,167,151,149,151,4.8,4.9,3.22,0.40,18467,77,22765,90,26,73,1307,1756,1915,1481,63,37
"""490572107032""","""Ogden-Clearfield, UT""",1.00,1329.00,379.00,221.77,44,51,49,20,25,24,24,25,25,10.29,17.59,2.00,2,2,24006,21425,22049,3,3,3,15072,12933,13310,11441,9689,9974,3499,3122,3213,131,122,123,118,110,111,4.7,5.0,3.55,1.71,13363,70,10340,87,14,139,1016,1071,1165,739,78,22
"""490572105052""","""Ogden-Clearfield, UT""",1.00,2113.00,578.00,2852.84,45,53,50,22,27,26,23,25,25,10.86,2.20,1.98,2,2,25025,22497,23106,0,0,0,14975,12965,13316,11327,9687,9949,3648,3278,3367,0,0,0,0,0,0,5.8,1.8,1.87,0.20,6514,47,16570,90,41,29,1608,1152,1426,829,54,46
"""490351101033""","""Salt Lake City, UT""",1.00,905.00,356.00,136.36,63,74,69,39,49,45,24,26,25,8.84,23.09,2.04,2,2,23655,21189,21779,2,2,2,15154,12868,13318,11652,9738,10100,3448,3087,3173,53,42,45,48,38,40,2.5,6.7,3.04,2.61,15161,100,19629,88,9,234,968,2011,2011,,97,3
"""490519405004""","""Heber, UT""",1.00,3767.00,1062.00,10081.38,65,77,77,38,47,47,27,30,30,12.42,1.31,2.41,2,2,29255,26389,26547,0,0,0,18015,15905,15986,13746,12060,12118,4265,3845,3868,5,0,0,4,0,0,0.3,0.7,0.66,0.11,1555,95,1739,82,133,17,2713,2105,2105,,95,5
"""490351126041""","""Salt Lake City, UT""",1.00,1506.00,460.00,190.08,53,62,58,29,36,33,24,26,25,10.36,25.07,2.05,2,2,23386,20902,21475,2,2,2,15132,12905,13320,11681,9817,10149,3409,3046,3129,42,42,42,38,38,38,3.7,6.2,3.24,2.42,21547,100,27844,90,6,192,689,1490,1535,1167,88,12
"""490351131051""","""Salt Lake City, UT""",1.00,648.00,271.00,23982.85,,,,,,,28,31,30,10.89,0.12,2.37,2,2,28202,25272,26000,0,0,0,17648,15654,15988,13537,11971,12199,4111,3683,3789,0,0,0,0,0,0,0.7,1.9,3.09,0.01,3046,78,4128,85,233,4,2734,,,,87,13
"""490351101044""","""Salt Lake City, UT""",1.00,1280.00,444.00,207.05,66,78,73,42,52,48,24,26,25,9.77,20.95,2.03,2,2,23925,21501,22066,2,2,2,15135,12904,13324,11591,9717,10054,3488,3133,3215,57,54,55,51,49,49,3.2,6.6,2.62,2.14,14304,98,19356,88,9,170,909,2151,2151,,87,13
"""490351102002""","""Salt Lake City, UT""",1.00,992.00,300.00,166.31,55,65,60,31,39,36,24,26,25,10.76,19.42,2.03,2,2,23616,21198,21767,3,3,3,15135,12898,13324,11614,9732,10076,3443,3089,3172,79,76,77,71,69,69,2.9,7.2,2.65,1.80,16820,100,21794,88,9,201,823,1602,1619,1434,91,9
"""490572107042""","""Ogden-Clearfield, UT""",1.00,689.00,289.00,121.59,42,49,47,18,23,22,24,25,25,9.02,21.43,2.01,2,2,23844,21340,21943,3,3,3,15092,12948,13326,11479,9708,9997,3476,3109,3197,137,131,132,123,118,119,4.4,5.1,3.08,2.38,15038,83,12959,87,11,193,967,983,1110,546,78,22
"""490351110011""","""Salt Lake City, UT""",1.00,1452.00,439.00,287.92,76,91,85,52,65,60,24,26,25,10.63,16.20,2.04,2,2,24018,21597,22155,0,0,0,15142,12917,13332,11634,9759,10095,3501,3147,3228,7,11,9,7,10,9,3.6,6.8,2.15,1.52,16810,95,28725,90,10,165,1039,2686,2686,,84,16
"""490139406005""",,1.00,928.00,328.00,17137.28,50,58,55,23,29,26,27,30,29,11.26,0.22,2.18,2,2,26250,23490,25536,2,1,2,16318,14460,15375,12461,11013,11627,3826,3423,3721,31,24,27,26,21,23,1.1,2.5,0.46,0.02,633,74,725,78,252,7,3385,1167,1256,763,82,18
"""490351126131""","""Salt Lake City, UT""",1.00,1326.00,399.00,184.04,57,67,63,33,41,38,24,26,25,10.27,22.26,2.04,2,2,23396,20944,21514,3,2,2,15125,12922,13336,11652,9811,10141,3410,3052,3135,63,59,60,57,53,54,3.3,6.3,2.57,2.17,19848,98,23369,89,11,184,966,1719,1719,,86,14
"""490111259063""","""Ogden-Clearfield, UT""",1.00,1614.00,453.00,194.27,48,56,54,24,30,29,24,25,25,10.60,24.73,2.02,2,2,23703,21231,21827,5,5,5,15112,12958,13337,11554,9766,10058,3455,3094,3180,103,98,99,93,88,89,4.5,3.4,2.89,2.33,13744,83,15304,89,10,222,829,1297,1416,886,77,23
"""490351129043""","""Salt Lake City, UT""",1.00,1098.00,395.00,88.29,50,57,54,25,32,29,24,26,25,9.69,43.35,2.04,2,2,23361,20828,21412,4,4,4,15153,12910,13337,11645,9778,10119,3405,3035,3120,102,97,99,92,87,89,3.4,5.5,4.30,4.47,24126,100,25934,90,8,195,876,1308,1355,878,90,10
"""490439643061""","""Summit Park, UT""",1.00,1304.00,485.00,11312.34,53,64,87,34,43,58,19,22,29,11.41,0.49,2.36,2,2,27075,24284,25802,1,0,0,17398,15802,15554,13451,12262,11794,3947,3540,3760,0,0,0,49,11,10,0.8,2.4,0.18,0.04,1973,99,2764,83,70,20,2407,2603,2603,,89,11
"""490111262043""","""Ogden-Clearfield, UT""",1.00,1941.00,600.00,363.93,51,59,57,27,34,32,24,25,25,10.81,17.82,2.01,2,2,24356,21841,22447,5,5,5,15116,12960,13341,11469,9688,9979,3550,3182,3271,97,90,91,87,81,82,4.4,4.3,2.38,1.65,7449,74,9070,87,12,174,957,1431,1612,759,79,21
"""490299701003""","""Ogden-Clearfield, UT""",1.00,1691.00,499.00,2935.92,53,62,59,26,33,31,27,29,29,11.98,2.04,2.28,2,2,28093,25271,25956,0,0,0,17100,15030,15378,13005,11347,11596,4095,3682,3782,0,0,0,0,0,0,1.1,1.4,0.82,0.17,2288,94,2494,83,52,27,2041,1388,1449,769,91,9
"""490351130201""","""Salt Lake City, UT""",1.00,15580.00,4245.00,1771.34,57,67,63,33,41,38,24,26,25,10.64,25.49,2.02,2,2,23383,20802,21400,6,5,5,15096,12944,13342,11546,9784,10091,3409,3031,3118,141,129,133,127,116,120,5.1,1.9,4.34,2.40,16133,72,17025,90,9,149,899,1706,1775,1461,78,22
"""490490011032""","""Provo-Orem, UT""",1.00,1334.00,402.00,197.92,48,55,51,22,28,26,25,27,25,9.37,19.04,2.12,2,2,24027,21572,21148,3,2,2,15683,13498,13343,12130,10311,10222,3502,3143,3082,50,44,39,45,39,35,4.7,2.4,3.17,2.03,17383,89,30533,92,9,168,766,1158,1297,785,73,27
"""490490007071""","""Provo-Orem, UT""",1.00,1803.00,441.00,169.71,51,60,55,26,32,30,25,27,25,10.88,28.27,2.10,2,2,24930,22389,21913,3,3,3,15677,13504,13344,11987,10193,10106,3634,3262,3193,56,49,45,51,44,41,4.7,3.0,3.32,2.60,13025,77,21022,90,13,187,985,1341,1465,988,74,26
"""490050011011""","""Logan, UT-ID""",1.00,2360.00,886.00,630.74,55,65,49,26,33,25,28,32,25,9.46,13.29,1.97,2,2,24433,21865,22537,0,1,0,14277,12707,13348,10708,9512,10055,3560,3186,3284,9,9,9,8,8,8,5.8,1.7,3.63,1.40,8944,53,12499,89,14,95,1048,1109,1199,904,70,30
"""490532708011""","""St. George, UT""",1.00,7663.00,2041.00,17976.94,70,84,65,39,48,37,31,35,29,12.30,1.40,2.17,2,2,26323,23619,25831,0,0,0,15666,14262,15558,11830,10820,11794,3836,3442,3764,0,0,0,0,0,0,0.5,1.8,1.63,0.11,1668,98,2004,82,84,17,1901,1639,1641,1620,93,7
"""490211107011""","""Cedar City, UT""",1.00,1478.00,545.00,6345.43,55,64,45,24,31,20,31,34,25,10.20,0.88,1.80,2,2,24697,22167,23660,1,1,1,13420,11777,13349,9803,8528,9883,3599,3231,3447,18,17,19,15,15,16,5.0,4.7,1.55,0.09,2082,49,2243,81,70,24,1911,893,1053,685,57,43
"""490572105112""","""Ogden-Clearfield, UT""",1.00,1672.00,598.00,644.26,53,61,59,29,36,34,24,25,25,9.31,8.64,2.02,2,2,24305,21559,22225,2,2,2,15200,12949,13350,11554,9721,10022,3543,3141,3238,103,86,89,93,78,80,4.5,5.2,4.03,0.93,13457,57,24876,90,12,91,1070,1525,1525,,90,10
"""490572104042""","""Ogden-Clearfield, UT""",1.00,1230.00,360.00,2908.19,54,63,61,27,34,32,27,30,29,12.24,1.52,2.31,2,2,28088,25195,25898,0,0,0,17304,15206,15559,13210,11535,11785,4094,3671,3774,0,0,0,0,0,0,1.3,1.0,0.55,0.12,4502,97,6956,87,36,19,1811,1427,1458,1056,92,8
"""490351129143""","""Salt Lake City, UT""",1.00,1307.00,419.00,177.68,52,61,57,28,35,32,24,26,25,9.70,22.87,2.02,2,2,22883,20497,21034,8,8,8,15093,12961,13352,11545,9766,10077,3336,2987,3065,212,208,210,191,187,189,3.3,5.8,2.82,2.36,23821,100,32378,91,16,195,1237,1455,1455,,80,20
"""490351123022""","""Salt Lake City, UT""",1.00,634.00,240.00,152.90,50,58,54,25,32,29,24,26,25,9.02,14.16,2.04,2,2,22869,20360,20952,6,6,6,15103,12950,13354,11619,9834,10152,3334,2967,3053,150,150,149,135,135,135,2.9,7.9,2.46,1.57,27505,100,54445,91,15,176,1140,1308,1327,1167,88,12
"""490351101031""","""Salt Lake City, UT""",1.00,1838.00,621.00,42551.40,80,96,90,53,66,61,28,30,29,11.93,0.17,2.34,2,2,27187,24730,25338,0,0,0,17315,15162,15561,13352,11559,11869,3963,3604,3692,0,0,0,0,0,0,0.1,5.6,0.27,0.01,3965,96,6288,84,532,2,5351,2728,2974,1067,87,13
"""490572015002""","""Ogden-Clearfield, UT""",1.00,1593.00,515.00,555.19,55,64,62,31,39,37,24,25,25,9.67,8.97,2.01,2,2,24020,21533,22132,3,3,3,15143,12975,13357,11492,9703,9996,3501,3138,3225,150,134,137,135,121,123,3.3,7.3,1.93,0.93,12454,88,16626,87,18,80,962,1656,1775,1115,82,18
"""490351139054""","""Salt Lake City, UT""",1.00,1784.00,487.00,320.70,46,54,50,22,28,26,24,26,25,10.88,16.52,2.02,2,2,24110,21639,22201,3,2,3,15088,12988,13358,11506,9775,10059,3514,3153,3235,68,60,63,61,54,57,4.3,4.7,3.49,1.52,11186,86,10770,87,15,107,1075,1149,1213,987,72,28
"""490351134082""","""Salt Lake City, UT""",1.00,3067.00,746.00,174.00,47,55,52,23,29,27,24,26,25,11.49,49.26,1.99,2,2,24983,22361,22951,1,0,0,15043,13025,13359,11387,9762,10006,3642,3258,3344,15,4,8,13,4,8,4.3,5.1,3.75,4.29,14752,94,15457,88,9,246,953,1206,1275,995,75,25
"""490490007091""","""Provo-Orem, UT""",1.00,1516.00,378.00,171.93,51,59,54,26,32,29,25,27,25,10.58,23.26,2.10,2,2,24758,22178,21690,4,3,3,15677,13518,13359,12004,10230,10145,3609,3232,3160,64,57,54,58,51,49,4.8,2.8,2.63,2.20,15788,73,23746,91,16,261,1005,1321,1458,936,74,26
"""490351126152""","""Salt Lake City, UT""",1.00,956.00,282.00,107.00,56,66,61,32,40,37,24,26,25,10.70,28.21,2.05,2,2,23468,20977,21561,1,1,1,15189,12930,13359,11731,9840,10184,3421,3057,3142,37,33,34,33,30,31,3.3,6.0,3.23,2.64,18685,100,19993,89,6,293,669,1648,1731,713,92,8
"""490351129131""","""Salt Lake City, UT""",1.00,1578.00,428.00,190.40,50,58,55,26,32,30,24,26,25,11.00,24.73,2.04,2,2,23459,21015,21571,3,3,3,15155,12947,13362,11668,9814,10150,3420,3062,3143,68,70,70,61,63,63,3.8,5.7,2.58,2.25,24471,92,29214,90,13,202,1053,1344,1471,764,82,18
"""490351126082""","""Salt Lake City, UT""",1.00,1535.00,483.00,194.45,60,70,66,35,44,41,24,26,25,9.92,24.63,2.04,2,2,23351,20850,21441,4,4,4,15163,12936,13363,11664,9809,10149,3404,3038,3124,95,89,91,86,80,82,3.1,6.4,2.52,2.48,21340,98,24490,89,10,217,950,1836,1836,,91,9
"""490572015003""","""Ogden-Clearfield, UT""",1.00,801.00,273.00,317.76,54,63,60,30,37,35,24,25,25,9.10,7.82,2.00,2,2,23561,21135,21719,6,6,6,15139,12986,13365,11438,9655,9947,3434,3080,3165,266,251,254,240,227,229,3.1,7.9,1.97,0.86,13525,100,20873,88,12,143,902,1587,1587,,84,16
"""490251302001""",,1.00,1514.00,757.00,58574.49,57,68,54,26,33,24,31,36,30,9.19,0.12,2.19,2,2,25035,22399,25751,2,2,2,15595,14393,15967,11913,11099,12179,3648,3264,3752,34,30,35,29,26,30,0.4,0.5,0.70,0.01,311,76,353,76,537,4,3294,1092,1145,823,83,17
"""490572107014""","""Ogden-Clearfield, UT""",1.00,1209.00,385.00,148.99,43,50,48,20,24,23,24,26,25,10.11,26.13,1.99,2,2,24752,21994,22662,2,2,2,15076,13034,13392,11368,9751,10008,3608,3205,3302,100,78,82,90,71,74,4.2,5.6,3.17,2.58,13530,86,12716,87,7,223,784,1037,1111,645,84,16
"""490519405001""","""Heber, UT""",1.00,2193.00,949.00,595976.30,57,68,67,30,38,37,27,30,30,10.36,0.02,2.38,2,2,27981,25444,25585,1,1,1,17713,15898,15968,13611,12171,12221,4079,3707,3728,23,19,19,20,16,16,1.3,0.6,1.70,0.00,521,77,708,79,595,3,5373,1673,2043,1071,62,38
"""490351131081""","""Salt Lake City, UT""",1.00,2473.00,704.00,278.51,51,59,55,26,33,30,24,26,25,10.83,27.38,2.02,2,2,24070,21338,21989,4,3,3,15150,12971,13377,11549,9778,10086,3509,3109,3204,92,84,86,83,75,78,4.6,4.0,3.87,2.53,15131,74,16219,89,8,234,797,1363,1428,970,86,14
"""490339501001""",,1.00,1148.00,367.00,229131.07,59,71,55,27,34,25,32,37,30,10.31,0.02,2.25,2,2,26884,24294,25343,2,2,2,16200,15070,15970,12247,11494,12240,3917,3540,3693,36,36,37,31,31,32,1.3,0.9,0.19,0.00,308,71,391,76,340,5,4341,1135,1301,615,76,24
"""490351135222""","""Salt Lake City, UT""",1.00,1890.00,556.00,320.59,54,63,59,29,37,34,24,26,25,10.44,18.10,2.05,2,2,23160,20719,21286,4,4,4,15179,12933,13377,11701,9816,10176,3376,3019,3102,102,98,99,92,88,90,2.6,7.4,2.58,1.73,26577,99,34029,90,17,146,1082,1518,1504,1681,92,8
"""490050007013""","""Logan, UT-ID""",1.00,718.00,276.00,239.43,46,54,42,18,22,17,28,32,25,9.54,11.00,1.97,2,2,24344,21929,22570,1,1,1,14259,12749,13379,10701,9540,10077,3547,3195,3289,11,14,13,9,12,11,4.9,3.1,1.97,1.15,11128,70,14824,89,27,115,1892,752,,752,63,37
"""490572006004""","""Ogden-Clearfield, UT""",1.00,1918.00,628.00,280.40,45,51,49,21,26,25,24,25,25,10.00,22.40,2.04,2,2,24258,21788,22383,0,0,0,15163,12999,13380,11621,9822,10116,3536,3175,3261,5,3,3,5,3,2,4.6,4.1,3.37,2.24,11355,83,10669,87,10,127,951,1106,1170,912,75,25
"""490490034031""","""Provo-Orem, UT""",1.00,1320.00,388.00,183.01,45,52,48,20,25,23,25,27,25,10.02,21.24,2.08,2,2,24532,22183,21824,1,1,1,15465,13450,13385,11873,10203,10193,3576,3232,3180,16,14,11,14,13,10,6.5,0.1,3.18,2.12,6253,75,6301,89,6,171,689,1020,1175,872,49,51
"""490351126111""","""Salt Lake City, UT""",1.00,1136.00,348.00,150.55,53,62,58,29,36,33,24,26,25,10.18,23.53,2.02,2,2,24006,21208,21856,3,3,3,15081,13029,13385,11505,9873,10131,3499,3090,3185,76,66,69,68,60,63,4.0,6.1,3.29,2.31,25536,96,35125,91,6,259,741,1481,1481,,89,11
"""490490031062""","""Provo-Orem, UT""",1.00,1299.00,391.00,164.00,45,52,48,20,25,23,25,27,25,10.67,25.44,2.05,2,2,25715,22892,22337,1,0,0,15461,13477,13386,11698,10139,10131,3748,3336,3255,15,2,0,13,2,0,6.5,0.3,3.42,2.38,8756,47,7990,89,8,247,777,1040,1078,957,69,31
"""490351135282""","""Salt Lake City, UT""",1.00,1607.00,382.00,74.59,50,58,55,26,32,30,24,26,25,11.08,56.74,2.05,2,2,23625,21172,21729,3,3,3,15223,12958,13386,11705,9800,10146,3444,3085,3166,75,73,74,67,66,67,3.6,4.6,4.77,5.12,21266,100,17772,89,7,352,741,1340,1340,,88,12
"""490039607013""","""Ogden-Clearfield, UT""",1.00,2028.00,545.00,198.27,42,49,47,18,23,22,24,26,25,10.37,28.51,2.01,2,2,24571,21978,22604,2,2,2,15129,13014,13387,11475,9753,10032,3582,3202,3294,72,59,61,65,53,55,5.5,1.9,3.86,2.75,5059,67,6081,86,9,181,853,981,1099,691,71,29
"""490351135233""","""Salt Lake City, UT""",1.00,2048.00,505.00,185.32,50,58,54,25,31,29,24,26,25,11.07,30.17,2.05,2,2,23327,20861,21429,4,4,4,15208,12955,13388,11709,9816,10166,3400,3040,3122,99,100,100,89,90,90,3.4,6.0,3.92,2.72,25665,98,24449,89,9,207,922,1305,1297,1375,90,10
"""490419754002""",,1.00,1202.00,403.00,264.00,48,55,41,19,24,17,28,31,25,9.40,14.35,1.80,2,2,23056,20857,22988,0,0,0,13167,11469,13388,9808,8429,10039,3359,3040,3350,0,0,0,0,0,0,6.0,0.9,2.42,1.53,2992,84,4458,86,6,125,641,742,826,649,52,48
"""490351135272""","""Salt Lake City, UT""",1.00,1662.00,424.00,112.56,49,57,53,25,31,29,24,26,25,11.09,41.76,2.05,2,2,23524,21125,21662,3,3,3,15214,12972,13391,11712,9821,10161,3429,3078,3156,73,73,74,66,66,67,3.8,4.6,3.69,3.77,22109,100,17812,89,8,301,832,1282,1288,1250,83,17
"""490351129172""","""Salt Lake City, UT""",1.00,2325.00,722.00,270.59,51,59,55,26,33,30,24,26,25,10.14,27.06,2.03,2,2,22927,20565,21099,9,8,8,15158,12977,13392,11597,9771,10105,3342,2997,3074,219,209,213,197,189,192,3.1,4.8,3.71,2.67,22209,99,28180,91,14,168,1096,1365,1373,1315,86,14
"""490351134081""","""Salt Lake City, UT""",1.00,2050.00,543.00,316.31,49,57,54,25,31,29,24,26,25,10.67,18.31,2.03,2,2,23940,21471,22036,3,3,3,15155,13005,13396,11591,9810,10115,3490,3129,3211,74,67,70,66,60,63,3.7,5.3,2.75,1.72,14356,92,14841,88,14,146,1073,1297,1282,1349,78,22
"""490572109003""","""Ogden-Clearfield, UT""",1.00,1920.00,651.00,366.62,50,58,56,26,33,31,24,25,25,10.06,17.87,2.01,2,2,24291,21430,22126,5,4,4,15246,12998,13399,11500,9697,9991,3541,3123,3224,205,178,184,185,161,166,3.2,7.5,2.42,1.78,13998,68,16719,87,13,126,1060,1390,1390,,100,0
"""490039607012""","""Ogden-Clearfield, UT""",1.00,2315.00,738.00,573.42,43,50,48,20,25,23,24,26,25,10.25,13.19,2.00,2,2,24819,22331,22930,1,1,1,15075,13046,13400,11415,9757,10023,3618,3254,3341,42,36,36,38,32,33,5.5,1.7,2.00,1.29,5011,68,6118,86,16,80,1030,1042,1108,947,59,41
"""490351126092""","""Salt Lake City, UT""",1.00,1498.00,472.00,158.05,53,62,58,29,36,33,24,26,25,10.30,30.75,2.03,2,2,24057,21437,22047,3,3,3,15164,13018,13402,11578,9822,10114,3507,3124,3213,79,73,75,72,66,68,3.7,5.9,3.25,2.99,17237,98,18487,88,6,243,736,1492,1495,1475,87,13
"""490351139042""","""Salt Lake City, UT""",1.00,642.00,217.00,82.29,43,50,47,19,23,22,24,26,25,9.89,26.09,2.03,2,2,24166,21645,22227,3,3,3,15195,13004,13403,11593,9776,10088,3523,3154,3239,79,74,76,72,67,69,3.7,5.3,3.52,2.64,13204,96,12742,87,7,226,749,972,972,,84,16
"""490111255011""","""Ogden-Clearfield, UT""",1.00,3040.00,862.00,321.93,48,55,53,24,30,28,24,26,25,10.21,27.33,2.05,2,2,23849,21198,21839,3,2,2,15205,13020,13406,11679,9889,10180,3476,3089,3182,50,42,44,45,38,39,5.2,1.9,3.40,2.68,13301,64,10482,88,9,171,930,1270,1305,1125,81,19
"""490572007002""","""Ogden-Clearfield, UT""",1.00,936.00,390.00,161.71,44,52,50,21,26,25,24,26,25,9.87,23.81,1.99,2,2,25132,22564,23183,0,0,0,15059,13062,13409,11383,9774,10030,3663,3288,3378,12,0,2,11,0,1,4.2,5.3,2.90,2.41,11952,98,12314,87,9,139,838,1107,1079,1182,73,27
"""490351126191""","""Salt Lake City, UT""",1.00,1271.00,392.00,151.18,64,75,70,39,49,45,25,26,25,10.25,26.57,2.05,2,2,23523,20950,21567,3,3,3,15239,12967,13410,11731,9841,10193,3429,3053,3143,79,73,74,71,66,67,2.7,6.9,2.69,2.59,21836,100,26917,89,8,207,894,2028,2028,,98,2
"""490351109004""","""Salt Lake City, UT""",1.00,633.00,232.00,101.73,67,80,74,43,53,49,24,26,25,9.07,20.69,2.05,2,2,24086,21508,22125,1,1,1,15219,12984,13411,11676,9818,10155,3511,3134,3224,32,32,31,28,29,28,3.0,7.4,2.59,2.28,19901,97,30054,89,10,267,907,2216,2216,,92,8
"""490351138031""","""Salt Lake City, UT""",1.00,2125.00,604.00,122.85,49,57,53,24,31,28,25,26,25,11.02,54.16,2.05,2,2,23327,20797,21388,5,5,5,15256,12960,13411,11731,9813,10175,3400,3030,3116,124,116,119,112,105,107,3.0,4.8,4.30,4.92,23881,100,19604,89,7,276,754,1268,1268,,97,3
"""490351113042""","""Salt Lake City, UT""",1.00,2163.00,745.00,324.67,60,70,66,35,44,41,24,26,25,10.45,23.98,2.04,2,2,24461,21952,22544,0,1,1,15201,13003,13411,11623,9790,10113,3566,3199,3285,12,14,13,11,13,12,4.1,5.4,2.97,2.29,13843,84,16118,88,10,209,911,1833,1993,1110,82,18
"""490351142002""","""Salt Lake City, UT""",1.00,2178.00,714.00,830.63,55,65,60,31,38,35,24,26,25,10.07,8.66,2.03,2,2,23121,20661,21235,6,6,6,15137,13007,13411,11610,9846,10165,3370,3011,3094,156,150,152,141,135,137,4.3,4.8,2.11,0.86,21648,72,38279,92,24,84,1247,1593,1737,1078,78,22
"""490451310024""","""Salt Lake City, UT""",1.00,1958.00,746.00,358.81,42,48,45,18,22,20,24,26,25,9.54,19.84,2.02,2,2,24615,22045,22639,2,2,2,15118,13061,13411,11519,9840,10103,3588,3212,3299,11,9,10,10,8,9,4.6,3.4,2.97,2.08,7927,80,6065,85,12,133,849,914,1012,658,72,28
"""490572105051""","""Ogden-Clearfield, UT""",1.00,2455.00,696.00,4623.38,61,72,68,33,41,39,28,31,30,12.79,1.93,2.38,2,2,28531,25587,26303,0,0,0,17763,15645,15998,13604,11917,12165,4159,3728,3833,0,0,0,0,0,0,0.5,0.3,0.30,0.15,4525,98,5022,87,70,14,2515,1738,1738,,96,4
"""490532706003""","""St. George, UT""",1.00,2540.00,971.00,2918.53,60,71,56,33,41,31,26,30,25,9.56,3.18,1.84,2,2,23510,21023,23163,1,1,1,13423,12110,13417,9988,9037,10034,3426,3063,3375,9,10,8,23,23,20,5.0,3.4,1.87,0.33,4525,63,4293,84,33,52,1265,1401,1581,1131,60,40
"""490351143003""","""Salt Lake City, UT""",1.00,4355.00,1160.00,475.29,55,65,60,31,39,36,24,26,25,10.78,26.31,2.04,2,2,24195,21495,22135,2,2,2,15210,13008,13420,11633,9831,10148,3527,3132,3225,51,45,47,46,40,42,4.5,4.3,3.87,2.44,16214,77,16758,89,8,184,818,1598,1598,1601,85,15
"""490351126132""","""Salt Lake City, UT""",1.00,1688.00,551.00,248.38,55,64,60,30,38,35,24,26,25,9.76,21.65,2.06,2,2,23659,21141,21730,2,2,2,15231,13003,13421,11736,9877,10210,3449,3081,3166,46,45,46,42,41,41,3.4,6.2,4.48,2.22,20845,98,25506,89,8,188,814,1563,1575,1471,89,11
"""490111269024""","""Ogden-Clearfield, UT""",1.00,993.00,408.00,212.62,54,64,61,31,38,36,24,26,25,9.18,17.61,2.04,2,2,24187,21748,22335,2,2,2,15235,13035,13423,11669,9826,10129,3526,3169,3255,40,40,40,36,36,36,3.6,5.7,2.36,1.92,13894,90,15298,88,13,201,1003,1623,1623,,82,18
"""490050003004""","""Logan, UT-ID""",1.00,3748.00,924.00,1916.33,51,60,46,22,28,21,28,32,25,10.62,5.12,1.95,2,2,25062,22686,23307,0,0,0,14265,12806,13425,10613,9500,10029,3652,3306,3396,0,0,0,0,0,0,5.5,1.7,2.81,0.48,4702,59,6891,87,28,44,1331,931,1161,650,55,45
"""490011001003""",,1.00,1222.00,453.00,671.89,46,54,42,19,23,18,27,31,25,9.85,6.64,1.88,2,2,23808,21497,23081,1,1,1,13695,12386,13427,10212,9241,10051,3469,3132,3363,13,13,14,11,11,12,5.6,2.3,1.94,0.67,1300,75,1477,81,9,109,755,787,948,539,61,39
"""490111259054""","""Ogden-Clearfield, UT""",1.00,1679.00,628.00,444.57,52,60,58,28,35,33,24,26,25,9.87,13.94,2.04,2,2,24388,21862,22471,1,1,1,15204,13049,13428,11626,9842,10132,3555,3186,3274,23,22,22,21,19,19,4.7,3.8,2.73,1.41,11512,74,10267,87,14,118,950,1471,1471,,75,25
"""490039605001""","""Ogden-Clearfield, UT""",1.00,1572.00,491.00,3508.72,52,60,58,25,31,29,27,29,28,11.85,1.66,2.27,2,2,27520,24860,25504,1,1,1,17022,14842,15214,12980,11196,11472,4012,3622,3716,31,24,25,28,22,23,1.2,1.5,1.49,0.14,1311,96,1644,81,52,20,1475,1322,1388,818,88,12
"""490572001001""","""Ogden-Clearfield, UT""",1.00,2212.00,661.00,236.16,44,51,49,21,26,24,24,26,25,10.09,28.23,2.04,2,2,23907,21515,22090,2,2,2,15232,13044,13429,11669,9834,10136,3485,3135,3219,77,75,74,70,67,67,4.1,4.1,3.30,2.80,12659,97,10283,87,7,182,739,1090,1137,922,78,22
"""490111254051""","""Ogden-Clearfield, UT""",1.00,5373.00,1324.00,438.08,52,60,58,28,35,33,24,26,25,11.19,33.82,2.05,2,2,23934,21381,21997,3,3,3,15254,13037,13429,11702,9863,10165,3489,3115,3205,63,58,59,57,53,53,4.0,3.7,3.32,3.02,14288,92,20054,90,6,210,757,1485,1478,1527,86,14
"""490490011061""","""Provo-Orem, UT""",1.00,950.00,250.00,160.41,47,55,51,23,28,26,25,27,25,10.62,16.55,2.02,2,2,25784,23171,22750,0,0,0,15315,13463,13430,11556,10087,10115,3759,3376,3315,0,0,0,0,0,0,5.0,3.0,1.75,1.56,17591,79,32228,92,32,152,1392,1166,1217,1107,54,46
"""490050011022""","""Logan, UT-ID""",1.00,1535.00,539.00,339.37,57,67,51,28,35,26,29,32,25,10.23,16.25,1.99,2,2,24330,21888,22540,0,0,0,14373,12787,13430,10828,9597,10146,3545,3189,3284,0,0,0,0,0,0,5.3,2.3,2.01,1.59,10934,71,16229,90,12,106,1073,1181,1289,940,69,31
"""490111262032""","""Ogden-Clearfield, UT""",1.00,2004.00,610.00,388.17,54,63,61,30,38,36,24,26,25,10.85,17.06,2.04,2,2,24249,21756,22357,4,4,4,15248,13041,13431,11639,9801,10103,3535,3170,3258,75,70,71,68,63,64,4.2,4.0,2.16,1.57,8299,79,7152,86,9,155,829,1599,1680,1196,83,17
"""490111268022""","""Ogden-Clearfield, UT""",1.00,1043.00,359.00,125.18,54,63,60,30,37,35,24,26,25,9.53,27.32,2.06,2,2,24070,21560,22165,1,1,1,15318,13024,13432,11787,9861,10181,3509,3142,3230,22,21,21,20,19,19,2.9,6.2,3.13,2.87,13344,100,14082,87,6,337,709,1578,1578,,96,4
"""490111268023""","""Ogden-Clearfield, UT""",1.00,1877.00,616.00,428.08,52,61,59,29,36,34,24,26,25,10.04,14.45,2.03,2,2,24669,22127,22741,1,1,1,15196,13056,13433,11582,9813,10101,3596,3224,3314,18,19,18,16,17,16,4.1,5.6,2.02,1.44,11642,80,11424,87,14,111,964,1516,1692,860,79,21
"""490490011071""","""Provo-Orem, UT""",1.00,1550.00,416.00,166.49,57,67,61,32,40,36,25,27,25,10.78,26.94,2.13,2,2,24722,22212,21771,0,0,0,15771,13587,13434,12167,10351,10261,3604,3237,3172,0,0,0,0,0,0,4.8,2.7,2.76,2.50,18236,82,32739,92,15,250,998,1633,1977,860,69,31
"""490351126081""","""Salt Lake City, UT""",1.00,1075.00,321.00,114.42,56,66,61,32,40,36,25,26,25,10.13,28.41,2.07,2,2,23497,20900,21521,2,1,1,15272,12992,13435,11809,9913,10264,3425,3045,3136,39,33,34,35,30,31,2.9,6.5,3.11,2.81,22197,100,25826,89,7,263,743,1639,1639,,98,2
"""490351112022""","""Salt Lake City, UT""",1.00,492.00,189.00,70.92,,,,,,,25,26,25,9.31,24.81,2.06,2,2,23568,20857,21520,1,1,1,15252,12990,13435,11781,9922,10269,3435,3039,3136,35,30,31,32,27,28,2.6,7.6,3.49,2.67,26177,96,39040,90,10,244,863,,,,100,0
"""490351139052""","""Salt Lake City, UT""",1.00,2449.00,577.00,188.08,47,55,51,23,29,26,24,26,25,11.06,33.93,2.04,2,2,24076,21552,22137,3,3,3,15233,13031,13437,11645,9823,10140,3510,3140,3226,79,68,71,71,61,64,3.2,5.0,3.64,3.07,12852,100,12240,87,9,208,782,1187,1185,1202,86,14
"""490351139062""","""Salt Lake City, UT""",1.00,903.00,318.00,167.31,46,53,50,22,27,25,24,26,25,10.01,19.03,2.02,2,2,24396,21866,22448,5,4,5,15184,13069,13440,11507,9771,10054,3556,3186,3271,121,111,115,109,100,103,3.8,4.9,3.72,1.90,8935,92,10193,87,10,203,773,1122,1125,1113,79,21
"""490351128231""","""Salt Lake City, UT""",1.00,1829.00,455.00,172.71,63,75,70,39,49,45,24,26,25,11.21,29.54,2.03,2,2,23519,20789,21462,8,7,8,15199,13022,13446,11568,9807,10128,3428,3029,3127,204,186,191,184,168,172,3.9,4.1,3.76,2.63,17772,70,31174,91,13,211,1251,2017,2044,1711,92,8
"""490111258052""","""Ogden-Clearfield, UT""",1.00,2918.00,808.00,237.77,47,54,52,23,28,27,24,26,25,10.47,35.59,2.06,2,2,23947,21342,21971,2,2,2,15275,13056,13448,11741,9911,10210,3491,3110,3201,44,35,37,39,32,33,3.7,4.2,3.41,3.40,15335,93,21442,90,8,261,763,1208,1215,1157,87,13
"""490490103052""","""Provo-Orem, UT""",1.00,1939.00,428.00,6617.84,78,93,86,49,61,56,30,33,30,13.48,0.87,2.45,2,2,29565,26777,26189,0,0,0,18281,16136,16007,13971,12234,12191,4310,3902,3816,0,0,0,0,0,0,1.0,0.2,0.76,0.06,2267,100,2328,84,38,32,1210,2511,2603,1081,94,6
"""490351129053""","""Salt Lake City, UT""",1.00,2591.00,770.00,321.81,65,76,71,40,50,46,25,26,25,10.76,25.75,2.06,2,2,23556,20984,21602,3,3,3,15293,12989,13453,11782,9857,10231,3434,3058,3148,77,74,75,70,67,67,3.2,6.0,2.67,2.39,25040,85,27350,90,11,181,1052,2083,2083,,97,3
"""490111270022""","""Ogden-Clearfield, UT""",1.00,1313.00,393.00,145.03,47,54,52,23,28,27,24,26,25,10.92,29.58,2.05,2,2,24364,21775,22401,3,2,3,15316,13052,13454,11709,9831,10140,3552,3173,3264,56,48,49,50,43,45,3.3,5.6,3.51,2.71,12135,81,19907,89,12,203,1050,1210,1210,,93,7
"""490351126171""","""Salt Lake City, UT""",1.00,1489.00,395.00,122.23,62,74,69,38,48,44,24,26,25,12.28,39.69,2.02,2,2,24927,22217,22840,1,1,1,15167,13102,13456,11505,9847,10106,3634,3237,3328,28,18,22,26,16,19,3.6,6.1,3.16,3.23,17236,100,19806,89,7,246,810,1974,1974,,85,15
"""490351135332""","""Salt Lake City, UT""",1.00,1343.00,388.00,271.49,57,67,63,33,41,38,25,26,25,10.11,14.45,2.07,2,2,23251,20851,21402,2,2,2,15258,13017,13456,11810,9923,10280,3389,3038,3119,58,57,57,53,51,52,2.7,6.8,1.79,1.43,26133,98,33056,90,21,163,1407,1700,1781,1109,88,12
"""490351126113""","""Salt Lake City, UT""",1.00,1236.00,421.00,151.85,49,57,53,24,30,28,25,26,25,10.07,27.92,2.07,2,2,23613,20955,21588,1,1,1,15292,13029,13461,11816,9940,10281,3442,3053,3146,35,36,35,31,32,31,3.4,6.2,3.76,2.77,24717,98,32846,90,5,257,639,1257,1257,,98,2
"""490351135271""","""Salt Lake City, UT""",1.00,1369.00,379.00,110.25,50,58,55,26,32,30,25,26,25,10.67,36.69,2.05,2,2,23595,20937,21570,5,4,5,15260,13030,13462,11697,9868,10204,3440,3051,3143,123,111,115,111,100,104,3.6,4.3,4.32,3.44,21367,86,16720,89,10,192,943,1339,1343,1294,91,9
"""490111259052""","""Ogden-Clearfield, UT""",1.00,896.00,369.00,134.67,45,52,50,21,26,25,24,26,25,9.07,24.85,2.05,2,2,24121,21514,22144,3,3,3,15248,13081,13463,11675,9893,10182,3516,3135,3227,57,54,54,51,48,49,4.2,4.0,3.52,2.74,14747,89,16503,89,7,271,736,1114,1114,,84,16
"""490490005082""","""Provo-Orem, UT""",1.00,1305.00,368.00,201.19,52,61,56,27,33,31,25,27,25,10.61,19.40,2.12,2,2,24814,22247,21777,2,2,1,15772,13611,13464,12121,10340,10265,3617,3242,3173,34,29,26,31,26,24,5.6,0.8,3.19,1.83,13080,70,17841,91,9,229,818,1374,1510,1051,70,30
"""490351042003""","""Salt Lake City, UT""",1.00,541.00,260.00,349.64,79,94,88,55,68,63,25,26,25,8.02,5.96,2.04,2,2,23888,21247,21914,4,4,4,15247,13019,13468,11666,9833,10184,3482,3096,3193,99,91,92,89,82,83,1.9,8.9,1.55,0.74,18689,85,35003,89,25,71,1248,2833,2833,,100,0
"""490351128042""","""Salt Lake City, UT""",1.00,1014.00,334.00,158.24,55,64,60,31,38,35,25,26,25,9.99,21.09,2.05,2,2,23904,21366,21953,2,2,2,15261,13070,13469,11732,9912,10225,3484,3113,3199,44,45,45,40,40,40,3.8,5.5,2.97,2.11,19019,97,23893,90,7,222,768,1583,1661,1143,85,15
"""490351134092""","""Salt Lake City, UT""",1.00,1474.00,426.00,151.63,48,56,52,24,29,27,25,26,25,10.76,30.22,2.05,2,2,24065,21461,22077,3,2,3,15274,13045,13470,11694,9856,10188,3508,3127,3217,73,62,65,66,56,59,3.1,5.5,3.36,2.81,16055,93,18224,89,11,177,973,1220,1220,,90,10
"""490490101131""","""Provo-Orem, UT""",1.00,3118.00,735.00,17786.67,62,73,67,32,40,37,30,33,30,12.77,0.53,2.45,2,2,29566,26794,26205,0,0,0,18285,16144,16018,13975,12240,12199,4310,3904,3818,0,0,0,0,0,0,1.0,0.4,1.86,0.04,1521,100,2097,83,34,32,1872,1664,,1664,94,6
"""490490102171""","""Provo-Orem, UT""",1.00,2163.00,642.00,2506.70,65,77,71,37,47,43,28,31,28,12.12,3.10,2.28,2,2,28841,26090,25539,0,0,0,17247,15165,15052,13042,11363,11330,4204,3802,3721,0,0,0,0,0,0,1.8,1.9,1.30,0.26,4733,96,5795,86,36,44,1317,1928,1955,1772,86,14
"""490351127001""","""Salt Lake City, UT""",1.00,1132.00,292.00,108.40,51,60,56,27,34,31,24,26,25,11.44,30.82,2.01,2,2,24067,21194,21870,6,6,6,15128,13131,13477,11463,9902,10144,3508,3088,3187,156,141,146,141,127,132,3.6,5.8,2.95,2.69,25224,91,37614,91,12,260,952,1393,1512,598,87,13
"""490419753004""",,1.00,2245.00,793.00,523.16,51,59,44,23,28,19,29,31,25,9.51,14.42,1.82,2,2,23168,20735,22999,0,0,0,13296,11566,13478,9920,8544,10127,3376,3022,3351,0,0,0,0,0,0,6.1,0.4,2.60,1.52,2374,65,3266,85,8,127,852,868,999,675,60,40
"""490351042002""","""Salt Lake City, UT""",1.00,832.00,273.00,104.25,,,,,,,24,26,25,11.54,30.23,2.01,2,2,25507,22603,23306,1,0,0,15219,13091,13479,11487,9797,10081,3718,3294,3396,13,0,2,12,0,2,2.1,8.5,2.58,2.62,14975,100,26012,88,9,184,943,,,,100,0
"""490439641022""","""Summit Park, UT""",1.00,1528.00,498.00,46748.30,42,50,67,22,28,38,19,22,30,11.34,0.12,2.44,2,2,27138,24419,25914,1,0,0,17868,16330,16025,13912,12771,12249,3956,3560,3776,0,0,0,58,21,25,0.4,1.7,0.15,0.01,1105,99,1625,81,162,7,3036,1695,1727,1508,85,15
"""490039602004""","""Ogden-Clearfield, UT""",1.00,1245.00,467.00,35378.04,52,61,59,24,31,29,28,31,30,11.21,0.15,2.37,2,2,28175,25528,26168,0,0,0,17673,15708,16026,13551,11981,12204,4107,3720,3813,15,8,9,14,7,8,1.0,0.7,0.12,0.01,1104,93,1197,81,165,6,2781,1297,1461,726,78,22
"""490479683012""","""Vernal, UT""",1.00,2753.00,934.00,1141.94,42,49,49,20,24,24,23,25,25,10.74,8.78,1.99,2,2,25946,23201,23773,0,0,0,15143,13210,13484,11356,9829,10019,3782,3381,3464,5,0,0,4,0,0,5.0,3.9,2.33,0.82,3348,63,5025,84,17,88,917,1091,1173,900,70,30
"""490190003001""",,1.00,1407.00,679.00,996.96,58,67,45,26,33,20,31,34,25,9.10,6.19,1.77,2,2,22635,20432,23313,0,0,0,12939,11278,13484,9641,8300,10087,3298,2978,3397,0,0,0,0,0,0,6.2,0.5,2.54,0.68,1943,61,3560,85,13,83,983,910,1035,774,52,48
"""490572109005""","""Ogden-Clearfield, UT""",1.00,964.00,349.00,151.47,59,70,67,35,44,42,24,26,25,9.83,22.65,2.04,2,2,24234,21559,22207,3,3,3,15349,13080,13484,11669,9806,10113,3533,3141,3236,147,132,135,133,119,122,2.4,7.6,2.84,2.30,14660,100,18929,87,7,188,886,1874,1874,,100,0
"""490490007072""","""Provo-Orem, UT""",1.00,2012.00,545.00,208.97,53,62,57,28,35,32,26,28,25,10.57,27.57,2.14,2,2,24978,22390,21896,3,3,2,15913,13669,13486,12220,10362,10253,3641,3263,3190,52,45,42,47,41,38,4.2,3.2,3.10,2.61,14937,84,23268,91,9,279,844,1425,1425,,83,17
"""490572103022""","""Ogden-Clearfield, UT""",1.00,3874.00,1272.00,585.87,45,52,50,21,27,25,24,26,25,10.14,22.01,2.04,2,2,24187,21629,22247,2,2,2,15292,13101,13487,11662,9861,10154,3526,3152,3242,104,88,91,94,79,82,5.1,1.7,3.53,2.17,9611,63,8126,88,12,148,962,1140,1186,994,76,24
"""490111270042""","""Ogden-Clearfield, UT""",1.00,2400.00,808.00,509.24,47,54,52,23,29,27,24,26,25,10.52,16.69,2.05,2,2,24119,21552,22172,5,4,4,15314,13096,13488,11710,9870,10172,3516,3140,3231,88,85,85,79,77,77,3.6,5.4,3.22,1.59,13758,83,19967,89,10,123,896,1220,1220,,90,10
"""490419753002""",,1.00,829.00,348.00,182.16,59,69,51,30,38,26,29,31,25,8.98,17.15,1.83,2,2,23269,20832,23106,0,0,0,13324,11557,13491,9933,8520,10125,3391,3036,3367,0,0,0,0,0,0,5.8,1.0,2.92,1.91,2914,74,4397,86,6,161,645,1172,1172,,65,35
"""490351126044""","""Salt Lake City, UT""",1.00,973.00,303.00,122.83,50,58,54,25,32,29,25,26,25,10.01,24.70,2.05,2,2,23980,21347,21964,3,3,3,15289,13095,13499,11717,9910,10223,3496,3111,3200,76,75,75,69,68,68,3.5,5.9,3.57,2.47,21090,98,29170,90,7,146,946,1317,1317,,90,10
"""490111265003""","""Ogden-Clearfield, UT""",1.00,675.00,258.00,129.64,49,57,55,25,32,30,24,26,25,9.44,18.79,2.06,2,2,24401,21829,22450,3,2,2,15366,13099,13501,11761,9872,10184,3557,3181,3271,48,46,46,43,42,42,3.0,6.4,2.65,1.99,12775,95,14466,87,8,247,733,1348,1348,,95,5
"""490451309002""","""Salt Lake City, UT""",1.00,1412.00,522.00,384.56,43,49,46,18,23,21,24,26,25,9.81,13.31,2.02,2,2,24830,22265,22859,2,2,2,15191,13160,13501,11561,9907,10161,3619,3244,3331,11,9,10,10,8,9,4.7,2.9,3.30,1.36,6499,76,5030,85,16,102,987,951,1110,598,69,31
"""490490102091""","""Provo-Orem, UT""",1.00,1396.00,450.00,285.91,67,79,73,41,52,48,25,27,25,10.19,16.04,2.04,2,2,26372,23784,23317,0,0,0,15513,13568,13503,11669,10103,10106,3844,3466,3398,0,0,0,0,0,0,5.3,2.2,2.12,1.57,7082,74,7056,87,12,123,943,2141,2141,,63,37
"""490039606014""","""Ogden-Clearfield, UT""",1.00,943.00,285.00,148.02,44,51,49,20,25,23,24,26,25,10.47,20.16,2.03,2,2,24791,22180,22810,2,2,2,15268,13131,13507,11586,9842,10125,3614,3232,3324,68,57,59,62,51,53,4.7,3.1,2.71,1.93,5528,78,6569,86,8,125,747,1054,1160,697,77,23
"""490351126142""","""Salt Lake City, UT""",1.00,2047.00,630.00,372.36,64,76,71,40,50,46,25,26,25,10.33,17.48,2.06,2,2,24017,21511,22107,1,1,1,15321,13078,13508,11788,9914,10256,3501,3134,3221,32,29,30,29,26,27,3.1,6.2,2.03,1.69,17313,93,19396,88,12,112,957,2062,2047,2190,89,11
"""490490030012""","""Provo-Orem, UT""",1.00,1303.00,451.00,214.29,52,61,56,27,34,31,25,28,25,10.08,21.21,2.10,2,2,25578,22936,22423,2,2,2,15774,13650,13510,12007,10276,10213,3729,3342,3267,39,32,29,35,29,26,6.0,0.2,2.40,2.10,8006,51,10447,90,14,191,1007,1388,1647,892,66,34
"""490351109003""","""Salt Lake City, UT""",1.00,948.00,309.00,142.60,70,84,78,46,57,53,24,26,25,10.80,23.41,2.02,2,2,25078,22155,22861,1,0,1,15221,13136,13513,11541,9898,10167,3656,3228,3331,25,10,14,22,9,13,3.1,7.2,2.75,2.17,17990,88,25992,89,11,167,1181,2380,2380,,94,6
"""490351135283""","""Salt Lake City, UT""",1.00,1609.00,544.00,112.91,52,60,56,27,34,31,25,26,25,10.30,49.62,2.07,2,2,23902,21380,21963,3,3,3,15362,13077,13514,11802,9889,10240,3484,3115,3200,76,73,74,69,66,67,3.2,4.6,4.58,4.82,20879,100,17999,89,8,289,796,1404,1407,1375,92,8
"""490351137022""","""Salt Lake City, UT""",1.00,1514.00,386.00,83.17,49,56,53,24,30,28,25,26,25,11.41,52.97,2.07,2,2,23832,21220,21830,2,2,2,15353,13080,13516,11824,9935,10282,3474,3092,3181,55,52,53,49,47,48,3.2,5.6,4.11,4.64,25460,100,22028,89,8,215,912,1251,1243,1368,93,7
"""490351135391""","""Salt Lake City, UT""",1.00,2260.00,565.00,236.01,51,60,56,27,33,31,25,26,25,11.28,27.00,2.06,2,2,23589,21097,21676,5,5,5,15325,13088,13518,11764,9899,10242,3439,3074,3158,122,115,117,110,104,106,2.8,5.4,2.93,2.39,20984,100,20117,89,12,198,909,1379,1379,,90,10
"""490572107044""","""Ogden-Clearfield, UT""",1.00,1822.00,552.00,172.97,46,53,51,22,27,26,24,26,25,10.54,33.63,2.06,2,2,24263,21780,22378,2,2,2,15361,13122,13518,11740,9869,10177,3537,3174,3261,85,79,79,76,71,72,3.5,4.8,3.31,3.19,10885,98,8373,86,6,217,725,1147,1111,1406,88,12
"""490451312002""","""Salt Lake City, UT""",1.00,2379.00,822.00,554.54,43,50,46,19,23,21,25,26,25,8.98,13.31,2.04,2,2,24745,22227,22806,2,1,1,15255,13163,13519,11640,9918,10189,3607,3239,3323,8,6,7,7,6,6,4.2,4.0,3.33,1.48,6325,90,4774,84,9,155,749,960,1055,660,76,24
"""490111268021""","""Ogden-Clearfield, UT""",1.00,1594.00,521.00,173.50,60,71,68,36,45,42,24,26,25,10.07,30.24,2.06,2,2,24511,21848,22493,2,2,2,15367,13120,13519,11760,9907,10211,3573,3184,3277,34,30,30,30,27,27,3.2,5.8,3.13,3.00,11386,91,11190,87,6,229,701,1907,1907,,97,3
"""490490010021""","""Provo-Orem, UT""",1.00,1749.00,532.00,237.27,51,59,54,25,31,28,26,28,25,9.58,21.48,2.16,2,2,24807,22171,21662,3,2,2,15985,13718,13523,12320,10446,10328,3616,3231,3156,49,42,39,44,38,35,4.5,2.5,2.97,2.24,17712,77,30906,92,9,186,772,1279,1379,713,85,15
"""490111260012""","""Ogden-Clearfield, UT""",1.00,1436.00,491.00,217.41,45,51,49,20,26,24,24,26,25,9.37,21.16,2.07,2,2,23864,21345,21952,3,2,3,15370,13129,13524,11838,9972,10278,3479,3110,3199,54,47,48,48,42,43,3.6,3.5,3.21,2.26,15042,94,21368,90,8,224,800,1088,1091,1069,87,13
"""490490001033""","""Provo-Orem, UT""",1.00,825.00,269.00,176.81,43,50,46,18,23,21,25,27,25,9.80,14.91,2.07,2,2,25801,23207,22769,0,0,0,15553,13589,13530,11792,10207,10213,3761,3382,3318,0,0,0,0,0,0,6.0,0.6,2.95,1.52,8489,74,11597,90,6,141,644,938,1009,821,62,38
"""490111253043""","""Ogden-Clearfield, UT""",1.00,1012.00,325.00,113.74,46,53,51,22,27,26,24,26,25,10.46,29.88,2.03,2,2,24834,22225,22855,1,1,1,15204,13178,13531,11564,9925,10185,3620,3239,3330,20,14,15,18,13,14,4.2,4.3,2.98,2.86,15316,100,12119,88,6,203,687,1153,1113,1295,78,22
"""490490009041""","""Provo-Orem, UT""",1.00,1895.00,521.00,167.37,53,61,56,27,34,31,26,28,25,10.73,33.40,2.14,2,2,25244,22537,22026,1,1,1,15902,13701,13537,12203,10406,10318,3680,3284,3209,19,12,9,17,11,8,4.7,2.5,3.04,3.11,17244,78,30886,92,9,264,909,1389,1468,1067,80,20
"""490211103002""","""Cedar City, UT""",1.00,1614.00,527.00,362932.09,61,72,50,26,32,21,35,39,29,10.33,0.01,2.13,2,2,25728,23314,24723,2,2,2,15385,13768,15384,11609,10340,11751,3749,3398,3602,28,30,30,24,26,26,2.9,0.1,0.15,0.00,322,58,396,78,407,3,4014,949,1097,773,54,46
"""490111268012""","""Ogden-Clearfield, UT""",1.00,932.00,237.00,155.81,49,57,55,25,31,30,24,26,25,11.28,17.16,2.06,2,2,24449,21886,22504,2,2,2,15390,13149,13545,11779,9915,10221,3564,3189,3279,47,45,45,42,41,41,3.0,6.6,2.26,1.52,14103,92,15914,87,11,156,908,1326,1326,,92,8
"""490351129122""","""Salt Lake City, UT""",1.00,1377.00,371.00,178.23,55,65,60,30,38,35,25,26,25,10.57,22.01,2.07,2,2,23569,21146,21694,4,4,4,15345,13131,13546,11818,9957,10293,3436,3081,3161,91,92,92,82,83,83,3.2,5.3,2.76,2.08,24254,100,27974,90,15,241,999,1580,1580,1581,83,17
"""490351126151""","""Salt Lake City, UT""",1.00,1302.00,417.00,190.18,61,71,67,36,45,42,25,26,25,10.28,22.53,2.07,2,2,23918,21315,21943,3,2,3,15357,13113,13547,11803,9946,10287,3487,3106,3197,68,61,63,61,55,57,2.8,6.2,2.60,2.19,19250,94,21029,89,12,205,1018,1864,1881,1594,94,6
"""490351110012""","""Salt Lake City, UT""",1.00,2186.00,721.00,913.43,76,91,84,51,64,59,25,26,25,9.85,7.77,2.08,2,2,23938,21556,22116,0,0,0,15350,13117,13550,11853,9966,10319,3489,3141,3223,7,10,9,7,9,8,2.6,7.3,1.50,0.79,19779,93,31489,90,26,82,1324,2664,2895,1178,87,13
"""490490032041""","""Provo-Orem, UT""",1.00,1368.00,406.00,170.55,49,57,52,23,29,27,26,28,25,10.21,24.30,2.14,2,2,25238,22647,22156,2,2,2,15915,13708,13550,12191,10369,10285,3679,3300,3228,45,39,37,40,36,33,5.1,1.1,3.75,2.38,8362,77,9418,88,5,184,588,1195,1319,725,79,21
"""490351135231""","""Salt Lake City, UT""",1.00,1479.00,451.00,238.48,49,56,53,24,30,27,25,26,25,10.44,19.74,2.08,2,2,23598,21173,21733,3,3,3,15385,13108,13552,11876,9951,10314,3440,3085,3167,69,71,70,62,64,64,2.8,6.3,3.68,1.89,25652,100,26191,90,13,129,973,1233,1219,1380,91,9
"""490519405003""","""Heber, UT""",1.00,3703.00,1035.00,2655.07,48,57,56,25,31,31,23,25,25,11.41,4.45,2.01,2,2,26202,23725,23866,0,0,0,15284,13475,13553,11465,10018,10075,3819,3457,3478,0,0,0,0,0,0,5.3,1.3,3.36,0.39,2906,65,3103,84,40,30,1632,1386,1678,1132,46,54
"""490351135281""","""Salt Lake City, UT""",1.00,2032.00,522.00,114.50,51,59,55,26,33,30,25,26,25,11.31,51.58,2.07,2,2,24029,21444,22044,3,3,3,15391,13130,13555,11810,9931,10267,3503,3125,3212,79,75,76,71,68,69,3.4,4.3,4.70,4.56,19767,100,15750,89,6,240,698,1350,1350,,92,8
"""490572111003""","""Ogden-Clearfield, UT""",1.00,1239.00,349.00,550.31,56,66,63,32,40,38,24,26,25,10.39,6.59,2.04,2,2,24496,21842,22484,2,2,2,15318,13183,13557,11650,9918,10196,3571,3183,3276,97,82,85,88,74,77,3.6,6.3,1.57,0.63,11839,78,15072,87,19,87,1241,1691,1864,874,83,17
"""490111265002""","""Ogden-Clearfield, UT""",1.00,1102.00,334.00,134.71,50,58,56,26,33,31,24,26,25,10.44,25.89,2.07,2,2,24428,21852,22474,2,2,2,15444,13155,13561,11841,9931,10247,3561,3184,3275,42,40,40,38,36,36,2.9,5.6,2.99,2.48,12008,96,12877,87,6,207,731,1390,1390,,96,4
"""490050011013""","""Logan, UT-ID""",1.00,1933.00,651.00,589.43,52,61,46,23,28,21,29,32,25,10.09,11.14,2.00,2,2,24895,22303,22977,0,0,0,14490,12922,13562,10858,9665,10208,3628,3250,3348,4,6,6,4,5,5,5.5,1.0,3.29,1.10,7609,53,9805,89,16,89,1090,953,1040,739,71,29
"""490351128043""","""Salt Lake City, UT""",1.00,1441.00,415.00,159.07,57,67,62,32,40,37,25,27,25,10.82,28.22,2.05,2,2,23894,21284,21891,6,6,6,15322,13186,13567,11676,9928,10219,3483,3101,3190,162,157,158,146,141,143,3.4,4.9,3.25,2.61,18764,100,26739,90,8,221,897,1660,1694,1438,87,13
"""490039602001""","""Ogden-Clearfield, UT""",1.00,1707.00,538.00,15138.02,47,55,53,20,25,24,27,30,29,11.88,0.42,2.29,2,2,27731,25119,25750,1,1,1,17138,15195,15514,13067,11514,11740,4042,3660,3752,29,20,22,26,18,20,1.9,0.2,0.40,0.04,689,85,785,80,111,9,2773,1067,1249,570,73,27
"""490050002011""","""Logan, UT-ID""",1.00,2208.00,645.00,6098.03,61,72,55,28,35,26,33,37,29,11.50,1.22,2.27,2,2,27782,25264,25883,0,1,1,16406,14887,15514,12354,11196,11733,4048,3681,3771,4,9,9,3,8,8,1.1,0.3,1.38,0.11,1239,92,1369,82,98,12,2105,1173,1238,822,84,16
"""490111263031""","""Ogden-Clearfield, UT""",1.00,2808.00,833.00,3921.97,55,65,62,29,36,34,26,29,28,11.63,2.47,2.25,2,2,26904,24306,24934,1,1,1,16815,14561,14948,12873,11002,11298,3922,3542,3633,20,17,18,18,16,16,1.1,2.7,2.20,0.21,4252,93,4907,85,57,22,1454,1529,1529,,91,9
"""490351126173""","""Salt Lake City, UT""",1.00,930.00,279.00,95.21,58,68,64,33,42,39,25,27,25,11.37,33.31,2.03,2,2,25167,22424,23062,1,1,1,15289,13211,13570,11592,9926,10189,3669,3267,3360,29,18,21,26,16,19,3.3,6.0,3.17,2.93,16067,100,17758,88,8,262,850,1734,1638,2425,88,12
"""490351139041""","""Salt Lake City, UT""",1.00,924.00,284.00,120.59,46,53,50,22,27,25,25,26,25,10.24,24.12,2.05,2,2,24337,21761,22365,4,3,3,15353,13164,13570,11713,9914,10228,3548,3171,3259,92,80,84,83,72,76,2.9,5.3,2.87,2.36,13566,97,13294,87,13,223,917,1121,1188,685,87,13
"""490490029013""","""Provo-Orem, UT""",1.00,1243.00,387.00,365.13,49,57,52,24,29,27,25,28,25,9.66,10.24,2.06,2,2,26495,23685,23146,0,0,0,15599,13648,13571,11737,10197,10198,3862,3451,3373,0,0,0,0,0,0,6.1,0.4,8.17,1.06,6238,50,10873,90,11,111,1049,1213,1246,1149,66,34
"""490111270044""","""Ogden-Clearfield, UT""",1.00,848.00,287.00,114.62,50,58,56,26,32,31,24,26,25,10.23,25.61,2.07,2,2,24320,21716,22345,4,4,4,15426,13177,13575,11806,9942,10247,3545,3164,3256,75,71,72,68,64,65,2.9,5.5,2.96,2.50,14339,90,19986,89,11,199,1326,1372,1372,,94,6
"""490190003002""",,1.00,1599.00,590.00,1970333.77,74,87,57,37,47,29,36,40,29,9.99,0.00,2.11,2,2,23497,20783,24307,3,3,3,14954,13298,15514,11471,10215,11909,3424,3029,3542,59,54,64,51,46,54,0.9,1.2,0.30,0.00,210,41,253,74,1969,1,8072,1288,1507,489,78,22
"""490490034021""","""Provo-Orem, UT""",1.00,2033.00,614.00,279.21,44,50,46,18,22,21,26,28,25,10.20,22.42,2.12,2,2,25120,22604,22157,2,2,2,15812,13693,13576,12110,10364,10316,3662,3294,3229,40,35,32,37,32,29,5.7,0.2,2.18,2.20,6268,76,5881,88,6,179,591,928,1045,686,67,33
"""490111265005""","""Ogden-Clearfield, UT""",1.00,1606.00,455.00,270.63,50,58,55,25,32,30,24,26,25,11.14,18.73,2.07,2,2,24714,22206,22811,1,1,1,15431,13178,13577,11810,9925,10235,3603,3236,3324,18,18,18,16,16,16,2.9,6.4,2.37,1.68,11657,97,12629,87,10,194,832,1355,1401,944,90,10
"""490351131014""","""Salt Lake City, UT""",1.00,1778.00,465.00,202.36,58,68,64,33,42,39,25,27,25,11.19,25.72,2.04,2,2,24158,21443,22080,7,7,7,15342,13189,13580,11644,9898,10193,3522,3124,3217,176,167,169,159,150,153,3.6,4.7,2.64,2.30,16774,92,20222,89,8,218,1000,1732,1726,1781,89,11
"""490572015004""","""Ogden-Clearfield, UT""",1.00,614.00,201.00,378.68,67,80,76,43,54,51,24,26,25,11.00,5.84,2.06,2,2,24736,22229,22833,0,0,0,15387,13198,13582,11766,9957,10251,3606,3239,3327,15,2,4,14,2,4,2.2,7.9,1.45,0.53,10670,97,18327,87,29,76,1254,2292,2292,,84,16
"""490351129141""","""Salt Lake City, UT""",1.00,1210.00,337.00,175.95,55,65,61,31,38,35,25,26,25,10.42,19.95,2.08,2,2,23701,21086,21714,4,4,4,15420,13126,13582,11867,9960,10325,3455,3073,3164,98,93,94,88,84,85,2.4,6.7,2.43,1.92,24094,96,33222,90,11,145,866,1589,1589,,100,0
"""490111262042""","""Ogden-Clearfield, UT""",1.00,773.00,221.00,337.47,51,59,57,27,33,32,24,26,25,10.92,7.15,2.04,2,2,24446,22076,22645,6,6,6,15337,13213,13585,11666,9890,10179,3563,3217,3300,107,106,106,97,96,96,4.1,4.4,1.59,0.65,6914,89,8729,86,12,91,931,1421,1667,731,74,26
"""490532708013""","""St. George, UT""",1.00,1100.00,497.00,1912.27,,,,,,,27,30,25,7.82,2.03,1.86,2,2,23898,20962,23347,1,0,1,13625,12333,13586,10137,9276,10179,3482,3054,3402,6,3,4,14,6,11,5.0,2.3,2.82,0.26,4689,38,3551,84,39,38,1205,,,,75,25
"""490490001041""","""Provo-Orem, UT""",1.00,725.00,226.00,165.07,46,53,49,20,26,23,26,28,25,10.18,13.94,2.15,2,2,24866,22333,21878,0,0,0,15892,13724,13587,12261,10468,10399,3625,3254,3188,6,2,0,6,2,0,5.5,0.6,3.77,1.37,10210,77,12790,90,6,267,676,1054,1175,756,71,29
"""490299701004""","""Ogden-Clearfield, UT""",1.00,1620.00,445.00,8939.49,62,73,70,36,45,42,26,29,28,12.27,0.61,2.19,2,2,27532,24874,25517,0,0,0,16517,14644,14953,12502,11020,11235,4013,3624,3718,1,0,0,1,0,0,1.8,2.7,0.48,0.05,2418,79,2875,83,229,11,3408,1897,2294,1042,68,32
"""490050007012""","""Logan, UT-ID""",1.00,1934.00,452.00,295.70,52,61,47,23,29,22,29,32,25,9.54,14.58,2.02,2,2,24362,22049,22661,2,2,2,14548,12946,13587,10967,9697,10252,3550,3213,3302,31,36,34,26,30,29,4.2,3.1,2.98,1.53,8358,97,10081,88,7,223,704,969,1095,588,75,25
"""490351130191""","""Salt Lake City, UT""",1.00,7810.00,2122.00,1464.52,65,77,71,40,50,46,25,27,25,11.45,16.59,2.06,2,2,24355,21665,22292,1,1,1,15330,13210,13589,11748,10026,10312,3550,3157,3248,32,26,29,29,24,26,4.9,2.1,2.64,1.45,15650,70,19313,91,15,127,1146,2078,2321,1394,74,26
"""490439643043""","""Summit Park, UT""",1.00,1420.00,429.00,2678.39,54,65,88,37,46,63,17,19,25,11.69,1.87,2.04,2,2,25032,22288,23734,2,1,1,15321,13901,13590,11671,10652,10131,3649,3249,3458,1,0,0,99,52,64,4.0,3.6,5.71,0.16,3467,54,4845,84,149,15,2459,2842,4001,1207,59,41
"""490351131021""","""Salt Lake City, UT""",1.00,1728.00,479.00,182.94,55,64,60,30,37,34,25,26,25,10.85,28.41,2.06,2,2,23801,21241,21845,8,8,8,15412,13160,13595,11737,9870,10214,3469,3095,3183,206,195,198,186,176,178,2.7,4.5,2.85,2.62,16910,97,21049,90,8,175,1010,1548,1548,,97,3
"""490351126133""","""Salt Lake City, UT""",1.00,1743.00,504.00,300.30,60,70,65,35,44,40,25,27,25,11.07,18.58,2.07,2,2,24467,21820,22447,1,1,1,15384,13189,13595,11799,9991,10306,3567,3179,3271,18,18,18,16,16,16,3.5,6.1,3.07,1.68,19019,93,22940,89,10,143,919,1805,1751,2195,88,12
"""490490031031""","""Provo-Orem, UT""",1.00,1530.00,409.00,282.69,54,63,57,26,32,30,28,30,28,11.60,16.78,2.28,2,2,28105,25339,24809,0,0,0,17133,14984,14858,13036,11292,11243,4097,3692,3615,0,0,0,0,0,0,2.5,0.2,2.34,1.45,8447,100,7178,89,13,159,942,1340,1337,1359,88,12
"""490351143004""","""Salt Lake City, UT""",1.00,7785.00,2296.00,1926.44,55,65,61,31,38,35,25,27,25,11.10,13.23,2.05,2,2,24968,22308,22933,0,0,0,15341,13213,13598,11701,9963,10256,3640,3250,3342,0,0,0,0,0,0,4.5,3.3,4.35,1.19,12018,70,13007,88,22,80,1220,1590,1725,1212,74,26
"""490351129133""","""Salt Lake City, UT""",1.00,1137.00,279.00,133.03,53,61,57,28,35,32,25,26,25,11.38,23.88,2.07,2,2,23575,21067,21647,6,6,6,15408,13177,13599,11822,9958,10296,3437,3070,3154,150,149,149,135,135,135,3.0,5.4,2.69,2.10,23755,100,29249,90,10,238,853,1439,1439,,91,9
"""490479684012""","""Vernal, UT""",1.00,1045.00,283.00,550.07,42,49,49,19,24,24,23,25,25,9.81,5.05,2.01,2,2,26324,23604,24173,0,0,0,15298,13323,13602,11461,9883,10080,3837,3439,3522,1,0,0,1,0,0,3.9,6.6,2.71,0.51,3255,80,6536,84,14,86,1022,1072,,1072,78,22
"""490351129121""","""Salt Lake City, UT""",1.00,1433.00,355.00,309.48,56,65,61,31,39,36,25,27,25,11.29,12.96,2.08,2,2,23464,21007,21567,4,4,4,15412,13189,13606,11888,10025,10359,3420,3061,3143,104,104,104,94,93,94,3.3,5.4,2.70,1.15,23044,100,26604,90,10,128,915,1609,1604,1644,87,13
"""490190002002""",,1.00,1423.00,367.00,298.78,64,75,50,33,41,25,32,34,25,11.54,14.17,1.79,2,2,22406,19918,23173,0,0,0,13025,11282,13610,9761,8378,10233,3265,2903,3377,0,0,0,0,0,0,6.0,0.3,2.85,1.23,2787,55,4501,86,9,208,800,1130,1130,,67,33
"""490439641023""","""Summit Park, UT""",1.00,1187.00,325.00,1906.41,35,41,56,16,21,28,18,21,28,12.22,2.08,2.25,2,2,26691,23921,25399,1,0,0,16747,15301,14944,12855,11814,11243,3891,3487,3701,0,0,0,51,0,1,2.8,0.3,0.83,0.17,1308,82,1418,82,48,24,1849,1256,1431,752,74,26
"""490111255013""","""Ogden-Clearfield, UT""",1.00,1529.00,431.00,159.27,48,56,54,24,30,29,24,26,25,11.19,30.28,2.08,2,2,24130,21590,22203,2,2,2,15432,13231,13618,11868,10042,10339,3517,3146,3235,47,43,44,42,39,39,4.3,2.2,4.48,2.71,13197,86,11431,89,8,213,829,1289,1380,875,82,18
"""490490101093""","""Provo-Orem, UT""",1.00,1714.00,443.00,3075.84,51,60,55,26,32,30,25,28,25,10.74,1.55,2.08,2,2,26434,23842,23350,0,0,0,15705,13796,13734,11851,10322,10331,3853,3474,3402,0,0,0,0,0,0,5.6,0.4,1.48,0.14,4824,54,5059,87,34,29,1430,1325,1277,1383,54,46
"""490351128051""","""Salt Lake City, UT""",1.00,1901.00,516.00,205.87,59,69,65,34,43,39,25,27,25,11.30,28.32,2.05,2,2,24175,21552,22162,6,5,5,15386,13237,13620,11722,9963,10255,3524,3140,3229,140,134,135,126,121,122,3.4,4.5,2.92,2.51,16034,100,22192,90,7,239,737,1772,1783,1694,88,12
"""490351122012""","""Salt Lake City, UT""",1.00,2145.00,666.00,323.21,54,64,60,30,37,34,25,27,25,11.26,23.19,2.03,2,2,24570,21711,22385,4,4,4,15275,13270,13620,11585,10011,10258,3582,3164,3262,109,96,100,98,86,90,2.4,7.9,2.37,2.06,25066,100,43451,90,23,162,1435,1549,1581,1310,88,12
"""490490007064""","""Provo-Orem, UT""",1.00,1402.00,470.00,200.66,51,59,54,25,31,29,26,28,25,9.85,23.06,2.16,2,2,25202,22617,22128,2,2,2,16024,13796,13620,12313,10468,10364,3674,3296,3224,38,33,32,34,30,29,3.9,3.3,2.87,2.34,16787,86,25707,91,14,201,984,1284,1347,1020,81,19
"""490399721002""",,1.00,1208.00,341.00,2395.67,57,68,53,26,33,24,30,35,29,11.71,1.67,2.12,2,2,26139,23667,25755,1,1,1,15335,14081,15403,11516,10620,11640,3809,3449,3753,10,12,10,9,10,9,1.9,0.1,0.93,0.14,727,97,613,80,58,18,1459,1098,1188,839,74,26
"""490351135262""","""Salt Lake City, UT""",1.00,1066.00,295.00,126.01,48,55,52,23,29,27,25,27,25,10.71,25.06,2.08,2,2,23611,21113,21687,5,5,5,15442,13200,13624,11878,10007,10345,3442,3076,3160,122,117,119,110,105,107,3.2,4.0,3.45,2.34,20947,100,16480,89,8,249,776,1195,,1195,89,11
"""490111254052""","""Ogden-Clearfield, UT""",1.00,4831.00,1250.00,845.99,52,61,59,28,35,34,24,26,25,10.88,16.08,2.07,2,2,24461,21914,22528,1,1,1,15394,13252,13627,11808,10042,10326,3566,3193,3283,20,18,18,18,16,16,4.5,2.4,3.91,1.48,12659,77,14374,89,16,103,915,1506,1653,1110,73,27
"""490490001024""","""Provo-Orem, UT""",1.00,1316.00,397.00,218.47,50,58,53,24,30,27,26,28,25,10.00,18.16,2.15,2,2,25415,22703,22163,1,1,0,16005,13799,13629,12282,10481,10396,3705,3308,3229,19,9,5,17,8,4,5.4,0.5,2.56,1.82,9394,62,11841,90,7,182,687,1229,1267,1083,79,21
"""490490001031""","""Provo-Orem, UT""",1.00,778.00,230.00,203.46,47,55,50,22,27,25,26,28,25,9.85,11.13,2.14,2,2,25012,22559,22140,0,0,0,15867,13743,13630,12221,10456,10404,3646,3287,3226,0,0,0,0,0,0,5.6,0.5,4.05,1.13,9033,80,11427,90,6,170,642,1118,1332,731,64,36
"""490351139073""","""Salt Lake City, UT""",1.00,1685.00,526.00,140.58,49,57,54,25,31,28,25,27,25,10.67,39.94,2.05,2,2,24780,22151,22777,5,4,4,15439,13218,13631,11713,9890,10209,3612,3228,3319,114,100,104,103,90,94,2.6,4.9,3.35,3.74,9821,100,9789,86,9,200,818,1279,1275,1327,93,7
"""490351135251""","""Salt Lake City, UT""",1.00,1824.00,419.00,269.47,54,63,59,29,36,33,25,27,25,11.60,18.04,2.08,2,2,23836,21377,21940,4,4,4,15437,13215,13632,11861,10004,10337,3475,3115,3197,101,96,98,91,87,88,3.0,4.9,2.90,1.55,18384,100,18391,89,12,152,936,1492,1491,1496,86,14
"""490351130121""","""Salt Lake City, UT""",1.00,2393.00,786.00,763.41,52,61,57,28,35,32,25,27,25,10.08,10.38,2.06,2,2,24370,21669,22312,2,1,2,15375,13243,13636,11781,10049,10348,3552,3157,3251,42,37,38,38,33,34,3.6,5.5,1.50,1.03,18360,79,41653,92,26,96,1251,1439,1622,641,81,19
"""490351131022""","""Salt Lake City, UT""",1.00,2227.00,550.00,438.82,56,65,61,31,39,36,25,27,25,11.02,13.82,2.07,2,2,23363,20974,21515,8,8,8,15422,13230,13637,11819,9981,10308,3406,3056,3135,198,193,194,178,174,175,3.3,4.3,2.37,1.25,18719,98,23710,90,10,130,941,1609,1591,1717,86,14
"""490490104082""","""Provo-Orem, UT""",1.00,852.00,204.00,756.04,65,77,71,37,46,42,29,31,29,12.85,3.47,2.36,2,2,28868,26060,25483,0,0,0,17657,15521,15395,13449,11724,11681,4208,3797,3713,0,0,0,0,0,0,2.2,0.1,1.05,0.27,3442,90,3142,86,21,63,1234,1900,1900,,90,10
"""490439642011""","""Summit Park, UT""",1.00,601.00,260.00,19214.08,37,44,60,18,23,31,19,22,29,10.44,0.14,2.33,2,2,26876,24468,25679,1,1,0,17196,15909,15395,13278,12342,11653,3918,3567,3742,0,0,0,67,35,22,2.1,0.6,0.23,0.01,737,95,986,80,179,10,2396,1393,1669,1065,54,46
"""490050010012""","""Logan, UT-ID""",1.00,1205.00,385.00,112.43,53,62,48,24,30,22,29,32,25,10.33,35.37,2.02,2,2,24926,22521,23165,0,0,0,14619,13002,13650,10987,9720,10274,3632,3282,3375,0,0,0,0,0,0,4.2,2.5,3.53,3.42,9138,91,15874,90,10,205,950,1009,1024,967,75,25
"""490572105091""","""Ogden-Clearfield, UT""",1.00,2878.00,865.00,289.49,47,54,52,23,28,27,24,26,25,10.60,31.67,2.09,2,2,24459,21933,22542,1,1,1,15511,13252,13651,11907,10025,10334,3565,3196,3285,38,31,32,34,28,28,3.4,3.9,3.39,2.99,10149,95,6431,85,6,221,763,1201,1210,1123,89,11
"""490351128044""","""Salt Lake City, UT""",1.00,1639.00,447.00,156.65,55,65,61,31,38,35,25,27,25,11.25,32.11,2.07,2,2,24348,21699,22325,3,3,3,15442,13251,13653,11812,10013,10323,3549,3162,3253,81,76,77,73,68,70,3.1,5.3,3.16,2.85,17971,100,23046,90,9,245,819,1583,1583,,91,9
"""490490004002""","""Provo-Orem, UT""",1.00,2304.00,674.00,667.03,49,57,52,23,29,27,26,28,25,9.83,9.93,2.13,2,2,25512,22821,22312,1,1,1,15905,13793,13657,12161,10450,10392,3719,3325,3251,25,17,14,22,16,13,5.7,0.2,3.86,1.01,10922,56,20881,93,16,88,1023,1200,1336,922,67,33
"""490050015002""","""Logan, UT-ID""",1.00,1072.00,338.00,2917.88,64,76,58,31,39,29,32,37,29,11.72,1.36,2.24,2,2,27752,25095,25745,0,0,0,16232,14787,15404,12181,11125,11645,4044,3657,3751,7,6,8,6,5,7,1.1,1.4,0.36,0.12,1456,100,1205,80,36,32,1458,1318,1372,725,92,8
"""490351128171""","""Salt Lake City, UT""",1.00,3769.00,1193.00,2402.90,52,61,57,27,34,31,25,27,25,10.15,5.04,2.06,2,2,24124,21715,22251,3,3,3,15356,13313,13661,11774,10085,10353,3517,3164,3242,65,64,65,59,58,59,4.8,2.0,3.55,0.50,12391,73,29544,92,30,53,1545,1413,1584,1149,61,39
"""490111259082""","""Ogden-Clearfield, UT""",1.00,1171.00,391.00,137.63,48,56,54,24,30,29,24,26,25,10.56,30.00,2.07,2,2,24788,22058,22720,1,0,1,15473,13277,13664,11845,10054,10343,3613,3214,3311,15,9,10,14,8,9,4.0,3.5,3.66,2.84,12906,78,12730,88,11,233,870,1283,1333,962,86,14
"""490451307025""","""Salt Lake City, UT""",1.00,552.00,206.00,3037.26,60,71,66,32,41,37,27,30,29,11.17,0.76,2.27,2,2,27893,25088,25770,0,0,0,17049,15082,15407,12983,11427,11652,4066,3656,3755,0,0,0,0,0,0,1.2,1.3,0.30,0.07,3152,80,3109,84,202,10,3052,1681,1681,,80,20
"""490351129132""","""Salt Lake City, UT""",1.00,2183.00,730.00,322.16,52,60,56,27,33,31,25,27,25,9.90,22.44,2.09,2,2,23696,21211,21786,4,4,4,15482,13236,13668,11916,10035,10383,3454,3091,3174,112,110,111,101,99,100,2.6,5.4,2.69,2.27,24213,100,28313,90,16,167,1219,1379,1392,1263,90,10
"""490490102192""","""Provo-Orem, UT""",1.00,1853.00,391.00,719.47,65,76,70,36,46,42,28,31,28,12.87,6.99,2.33,2,2,27771,25043,24504,0,0,0,17368,15123,14958,13320,11474,11388,4048,3649,3570,0,0,0,0,0,0,2.1,0.6,1.13,0.54,9473,98,10128,89,20,69,1222,1883,1909,1673,89,11
"""490351139032""","""Salt Lake City, UT""",1.00,1791.00,491.00,320.78,47,55,51,22,28,26,25,27,25,11.10,16.99,2.04,2,2,25021,22496,23076,3,3,3,15398,13301,13668,11672,9953,10232,3647,3278,3363,79,70,74,71,64,66,3.1,5.3,3.54,1.53,9405,95,10341,87,25,104,1374,1152,1156,1141,76,24
"""490439643042""","""Summit Park, UT""",1.00,1600.00,551.00,892.83,48,58,79,31,39,53,17,19,25,10.84,6.69,2.07,2,2,24863,21917,23550,3,1,2,15429,13844,13670,11804,10649,10238,3624,3195,3431,1,0,1,145,86,108,4.1,3.7,2.01,0.62,4244,54,4499,84,36,50,1693,2392,2645,1422,79,21
"""490111253052""","""Ogden-Clearfield, UT""",1.00,1693.00,532.00,158.76,47,55,53,23,29,27,24,26,25,10.20,34.19,2.10,2,2,24034,21513,22121,3,3,3,15532,13272,13670,11972,10083,10393,3503,3135,3223,57,54,54,51,49,49,3.3,3.2,3.37,3.35,14911,100,11713,88,6,227,755,1219,1219,,91,9
"""490351129072""","""Salt Lake City, UT""",1.00,1620.00,410.00,322.28,52,60,57,27,34,31,25,27,25,10.41,13.24,2.09,2,2,23612,21101,21691,4,4,4,15491,13230,13671,11956,10064,10418,3442,3075,3161,94,91,92,84,82,83,2.5,6.3,2.48,1.27,24715,99,30981,90,14,139,1112,1403,1445,783,94,6
"""490351134072""","""Salt Lake City, UT""",1.00,5595.00,1543.00,1985.94,52,61,57,28,34,32,25,27,25,10.89,8.46,2.07,2,2,24887,22152,22830,1,1,1,15453,13232,13671,11795,9985,10323,3628,3228,3327,30,19,22,27,17,20,2.9,6.1,3.35,0.78,12588,71,17416,88,30,69,1388,1428,1406,1650,91,9
"""490572020002""","""Ogden-Clearfield, UT""",1.00,1622.00,577.00,533.45,65,77,74,41,51,48,24,26,25,9.43,10.20,2.07,2,2,24997,22291,22947,1,1,1,15529,13272,13672,11832,9984,10285,3644,3248,3344,54,40,43,49,36,39,2.5,7.2,1.66,1.08,11190,87,13312,86,14,103,1145,2178,2178,,96,4
"""490572003002""","""Ogden-Clearfield, UT""",1.00,4244.00,1281.00,609.28,46,53,51,22,27,26,24,26,25,10.60,22.29,2.08,2,2,24635,22161,22756,1,1,1,15505,13281,13672,11888,10031,10334,3591,3229,3316,25,22,22,23,19,19,3.9,2.9,3.07,2.10,12053,88,19590,90,13,149,1026,1155,1165,1121,78,22
"""490490030021""","""Provo-Orem, UT""",1.00,1178.00,335.00,125.21,48,55,50,22,27,25,26,28,25,10.37,27.74,2.14,2,2,25752,23009,22449,2,2,2,16017,13840,13675,12219,10453,10373,3754,3353,3271,44,34,31,40,31,28,5.7,0.2,2.79,2.68,9051,51,9186,90,13,194,935,1121,1197,898,75,25
"""490011002003""",,1.00,1271.00,474.00,322.33,50,59,46,22,28,21,28,31,25,9.33,13.72,1.95,2,2,23118,20849,22403,1,1,1,13976,12586,13677,10587,9527,10393,3369,3038,3264,21,21,19,17,18,16,5.0,0.4,2.51,1.47,720,91,935,80,4,295,461,936,1038,667,73,27
"""490399724002""",,1.00,1099.00,386.00,195.34,46,54,43,19,24,18,27,30,25,9.24,18.26,1.87,2,2,23088,20637,22822,0,0,0,13556,12278,13677,10184,9265,10352,3364,3007,3326,8,6,0,7,5,0,6.4,0.0,2.55,1.98,2152,61,2256,85,8,138,721,793,1047,470,56,44
"""490490002041""","""Provo-Orem, UT""",1.00,1025.00,257.00,221.29,62,73,67,36,45,42,26,28,25,10.65,12.37,2.15,2,2,25303,22681,22178,2,2,2,16025,13837,13679,12293,10495,10414,3688,3305,3232,43,36,33,39,33,30,5.0,0.9,2.05,1.16,10051,72,15264,90,8,130,849,1876,1955,1603,77,23
"""490351135342""","""Salt Lake City, UT""",1.00,2929.00,832.00,317.34,56,66,61,31,39,36,25,27,25,11.08,29.04,2.09,2,2,24017,21439,22041,3,3,3,15515,13256,13685,11933,10059,10398,3501,3124,3212,81,73,76,73,66,68,3.0,4.1,3.68,2.62,18822,99,14526,88,9,186,842,1615,1643,1306,92,8
"""490070003001""","""Price, UT""",1.00,1131.00,305.00,298.48,54,62,47,25,32,22,28,31,25,9.81,10.02,1.81,2,2,23711,21188,24116,0,0,0,13334,11517,13686,9872,8425,10165,3455,3088,3514,6,4,7,5,3,6,3.3,6.3,3.22,1.02,3366,88,4718,83,14,124,887,988,1068,623,82,18
"""490490022051""","""Provo-Orem, UT""",1.00,2061.00,644.00,738.07,46,53,49,20,25,23,26,28,25,10.59,9.24,2.13,2,2,25953,23327,22814,0,0,0,15935,13821,13689,12146,10419,10363,3783,3399,3324,6,3,2,5,3,2,5.6,0.4,3.31,0.87,7493,59,9404,89,13,114,926,1039,1131,839,69,31
"""490139405004""",,1.00,2506.00,760.00,1627.25,49,57,54,25,31,28,24,26,25,11.25,5.25,1.90,2,2,25247,22636,24636,0,0,0,14529,12683,13689,10848,9384,10100,3680,3298,3590,2,0,0,1,0,0,3.4,6.9,1.51,0.47,2342,84,4793,83,24,61,1152,1264,1400,887,74,26
"""490490029022""","""Provo-Orem, UT""",1.00,1760.00,477.00,243.58,49,57,52,23,29,27,26,28,25,10.91,21.36,2.13,2,2,25996,23285,22747,2,1,1,16004,13845,13690,12186,10431,10357,3789,3393,3315,29,21,18,26,19,17,5.7,0.2,3.24,1.96,8014,51,12560,91,15,155,1167,1195,1289,969,71,29
"""490111253041""","""Ogden-Clearfield, UT""",1.00,1624.00,461.00,150.06,46,54,52,22,28,26,24,26,25,11.00,33.78,2.09,2,2,24289,21790,22393,2,2,2,15522,13300,13691,11937,10083,10385,3541,3175,3263,45,42,42,40,38,38,3.3,3.6,3.05,3.07,15130,99,11776,88,10,219,1046,1172,1166,1207,86,14
"""490351128124""","""Salt Lake City, UT""",1.00,999.00,366.00,272.97,51,59,55,26,32,30,25,27,25,9.81,13.16,2.08,2,2,23486,20949,21553,7,6,6,15487,13263,13693,11892,10051,10391,3424,3053,3141,171,160,162,154,144,146,2.4,5.9,2.63,1.34,20381,98,43261,92,13,150,1121,1344,1344,,96,4
"""490111254061""","""Ogden-Clearfield, UT""",1.00,2347.00,705.00,317.56,48,55,53,23,29,28,24,26,25,10.97,24.35,2.08,2,2,24719,22242,22839,1,1,1,15489,13318,13698,11869,10059,10353,3603,3241,3328,16,18,17,15,16,15,3.9,3.2,3.08,2.22,13375,96,16012,89,11,179,918,1244,1209,1356,76,24
"""490039606012""","""Ogden-Clearfield, UT""",1.00,1355.00,459.00,138.73,48,55,53,23,29,28,24,26,25,9.95,32.92,2.05,2,2,25513,22795,23453,0,0,0,15445,13333,13700,11711,10011,10283,3719,3321,3417,15,0,0,13,0,0,3.7,3.1,3.01,3.31,4584,92,5388,85,5,254,622,1238,1297,758,89,11
"""490111251042""","""Ogden-Clearfield, UT""",1.00,1680.00,425.00,4164.49,69,82,78,42,52,50,27,29,29,12.75,1.30,2.31,2,2,27564,24754,25436,1,0,0,17233,15028,15403,13205,11416,11690,4018,3607,3706,10,5,6,9,5,6,0.5,3.0,1.47,0.10,3989,95,4158,84,68,13,1510,2223,2223,,97,3
"""490111251032""","""Ogden-Clearfield, UT""",1.00,2346.00,707.00,1584.12,47,55,52,23,28,27,24,26,25,11.54,5.15,2.03,2,2,25633,22692,23408,0,0,0,15335,13364,13703,11590,10057,10293,3736,3307,3411,8,0,0,8,0,0,4.5,3.7,2.99,0.45,8610,58,8512,87,23,40,1280,1210,1269,982,79,21
"""490351101023""","""Salt Lake City, UT""",1.00,1773.00,643.00,41901.16,74,89,83,47,58,54,28,30,29,10.73,0.16,2.30,2,2,27508,24833,25509,0,0,0,17153,14969,15388,13143,11350,11671,4010,3618,3717,0,0,0,0,0,0,0.6,3.2,0.97,0.02,3668,72,5776,85,320,5,2967,2425,2425,,90,10
"""490490007062""","""Provo-Orem, UT""",1.00,1777.00,406.00,104.66,53,62,56,27,34,31,26,28,25,11.73,45.49,2.18,2,2,25768,23078,22545,2,1,1,16213,13910,13709,12425,10523,10401,3756,3363,3285,32,25,23,29,23,21,3.6,3.1,3.95,3.88,13365,87,22451,91,8,361,810,1385,1385,,91,9
"""490351128053""","""Salt Lake City, UT""",1.00,1517.00,404.00,209.96,60,71,66,36,44,41,25,27,25,11.06,21.28,2.07,2,2,23755,21155,21773,8,8,8,15486,13311,13712,11815,10033,10341,3463,3082,3173,208,195,199,188,176,179,2.9,4.0,3.07,1.92,15050,97,22217,90,9,159,879,1841,1854,1690,92,8
"""490490006033""","""Provo-Orem, UT""",1.00,921.00,244.00,320.70,58,68,62,32,40,37,26,28,25,,,2.14,2,2,25489,23012,22563,2,2,2,15950,13843,13714,12200,10457,10393,3716,3353,3288,34,34,33,31,30,30,4.3,2.5,1.01,0.76,11773,79,18105,90,29,78,1387,1641,1975,992,66,34
"""490572112023""","""Ogden-Clearfield, UT""",1.00,1367.00,396.00,770.68,49,57,54,24,31,29,24,26,25,10.91,5.60,2.07,2,2,24994,22305,22956,1,1,1,15497,13334,13714,11794,10033,10316,3643,3250,3345,60,52,53,54,47,48,3.4,6.1,1.19,0.51,10460,80,10698,86,16,56,1431,1297,1339,1032,86,14
"""490351135263""","""Salt Lake City, UT""",1.00,935.00,247.00,143.25,50,58,54,25,31,29,25,27,25,11.18,19.28,2.09,2,2,23751,21199,21796,5,5,5,15527,13288,13714,11934,10074,10411,3462,3089,3176,131,125,127,118,113,115,3.3,3.8,3.10,1.72,20508,93,16826,89,10,183,909,1304,1304,,91,9
"""490519601002""","""Heber, UT""",1.00,1876.00,539.00,926.87,49,57,57,25,32,31,23,26,25,11.27,6.56,2.06,2,2,26146,23567,23713,0,0,0,15554,13632,13714,11742,10198,10259,3811,3434,3455,0,0,0,0,0,0,5.4,1.2,1.90,0.58,4371,72,5807,86,14,82,906,1411,1682,1027,59,41
"""490351138032""","""Salt Lake City, UT""",1.00,4976.00,1149.00,445.04,54,62,58,29,36,33,25,27,25,11.58,29.89,2.11,2,2,23843,21322,21909,2,2,2,15556,13269,13715,12023,10110,10468,3476,3107,3192,58,53,54,52,47,49,2.7,4.5,3.33,2.58,23205,100,18575,89,13,175,938,1480,1503,1208,92,8
"""490351042005""","""Salt Lake City, UT""",1.00,512.00,204.00,97.01,74,89,83,49,62,57,25,27,25,10.51,22.10,2.05,2,2,25708,22770,23486,1,0,0,15449,13330,13720,11683,10009,10290,3748,3318,3422,18,4,7,16,3,6,1.7,8.4,2.59,2.10,16737,100,25680,88,16,165,1447,2563,2563,,100,0
"""490572103023""","""Ogden-Clearfield, UT""",1.00,2922.00,908.00,1010.35,45,52,50,21,26,24,24,26,25,10.64,9.57,2.07,2,2,24643,22018,22653,2,2,2,15534,13333,13720,11845,10042,10334,3592,3208,3301,97,83,85,87,75,77,4.6,2.1,2.37,0.90,10260,63,9621,88,17,75,1052,1090,1141,886,80,20
"""490419753003""",,1.00,946.00,304.00,301.64,50,57,43,20,26,18,29,32,25,10.36,10.44,1.85,2,2,23903,21452,23737,0,0,0,13543,11799,13720,10060,8672,10261,3483,3127,3459,0,0,0,0,0,0,5.4,0.9,2.00,1.01,3059,73,4512,86,11,106,822,788,,788,62,38
"""490490033002""","""Provo-Orem, UT""",1.00,1487.00,463.00,313.51,40,46,42,14,18,17,26,28,25,10.72,15.83,2.15,2,2,25870,23324,22857,0,0,0,16025,13859,13721,12246,10456,10388,3771,3399,3331,7,5,3,7,4,2,5.0,0.9,3.59,1.48,6919,78,8446,88,9,145,823,748,,748,71,29
"""490050004032""","""Logan, UT-ID""",1.00,1534.00,390.00,4070.43,60,71,54,28,34,26,32,36,28,12.60,1.21,2.23,2,2,27644,25058,25714,0,0,0,16164,14581,15221,12136,10929,11474,4028,3651,3747,0,0,0,0,0,0,1.4,1.4,2.48,0.10,3177,85,5399,86,87,12,2297,1155,1231,689,86,14
"""490490021021""","""Provo-Orem, UT""",1.00,1169.00,328.00,138.13,55,65,59,29,37,34,26,28,25,10.17,24.15,2.20,2,2,24911,22361,21884,1,1,1,16232,13925,13726,12574,10644,10517,3631,3258,3189,26,22,20,23,20,18,3.4,3.2,2.81,2.37,18817,99,26206,91,9,218,876,1510,1550,1229,88,13
"""490572001002""","""Ogden-Clearfield, UT""",1.00,990.00,399.00,238.54,45,51,49,20,25,24,24,26,25,9.70,16.22,2.08,2,2,24679,22086,22712,1,1,1,15542,13339,13726,11888,10071,10366,3598,3218,3309,57,50,51,51,45,46,3.7,3.9,2.73,1.67,11782,84,9632,87,11,161,1001,1076,1160,608,85,15
"""490490015043""","""Provo-Orem, UT""",1.00,2182.00,548.00,352.09,63,75,68,37,47,43,26,28,25,10.95,17.04,2.17,2,2,25402,22970,22547,0,0,0,16115,13881,13729,12413,10534,10443,3703,3347,3285,0,0,0,0,0,0,4.2,2.8,2.35,1.56,12471,100,17475,90,6,218,616,1927,1927,,76,24
"""490351134083""","""Salt Lake City, UT""",1.00,1300.00,393.00,153.71,47,55,52,23,28,26,25,27,25,10.48,26.80,2.05,2,2,25591,22895,23517,0,0,0,15432,13384,13729,11694,10048,10300,3730,3336,3427,8,0,2,7,0,1,3.4,4.9,3.16,2.56,13749,98,13679,88,12,217,964,1170,1232,899,81,19
"""490572107041""","""Ogden-Clearfield, UT""",1.00,706.00,282.00,250.05,46,53,51,22,27,25,24,26,25,8.70,9.81,2.08,2,2,23953,21397,22014,5,5,5,15604,13328,13730,11896,10007,10317,3492,3118,3208,216,204,206,195,184,186,2.8,5.7,2.89,1.13,14305,95,13683,87,7,136,936,1145,1145,,98,2
"""490111258013""","""Ogden-Clearfield, UT""",1.00,1455.00,461.00,279.72,46,53,51,21,26,25,24,26,25,9.86,16.25,2.09,2,2,24363,21688,22335,4,3,3,15581,13337,13732,11957,10113,10412,3551,3160,3255,73,63,65,66,57,59,3.1,4.1,3.04,1.65,15370,83,22990,90,14,140,1133,1126,1150,833,92,8
"""490070001001""","""Price, UT""",1.00,1246.00,367.00,821.34,53,61,46,24,30,21,29,31,25,11.14,4.98,1.82,2,2,23741,21152,24147,0,0,0,13394,11644,13738,9930,8560,10214,3459,3083,3519,5,1,6,4,0,5,4.0,4.7,2.02,0.45,2537,68,3392,83,26,49,1323,938,1054,605,74,26
"""490490102103""","""Provo-Orem, UT""",1.00,1770.00,549.00,281.68,58,68,62,32,40,36,26,28,25,9.48,18.47,2.15,2,2,25848,23142,22614,0,0,0,16053,13885,13739,12283,10513,10443,3768,3372,3295,2,0,0,2,0,0,5.3,0.7,2.85,1.95,9699,69,10323,89,7,161,736,1635,1635,,79,21
"""490111258042""","""Ogden-Clearfield, UT""",1.00,915.00,244.00,119.38,51,59,57,26,33,31,24,26,25,11.55,23.60,2.10,2,2,24523,22050,22646,1,1,1,15569,13350,13740,11981,10126,10429,3575,3213,3300,13,11,11,11,10,10,3.6,3.0,2.27,2.04,8964,100,7112,86,6,268,672,1398,1398,,84,16
"""490572107045""","""Ogden-Clearfield, UT""",1.00,1117.00,300.00,226.14,50,58,56,26,32,30,24,26,25,11.33,15.03,2.07,2,2,24682,22182,22785,3,2,3,15540,13359,13741,11830,10019,10314,3598,3232,3320,112,107,107,101,97,97,3.5,4.4,2.36,1.33,10073,88,7199,86,14,123,1084,1363,1418,1113,82,18
"""490351113024""","""Salt Lake City, UT""",1.00,1208.00,426.00,234.88,58,68,64,33,41,38,25,27,26,10.68,19.38,2.09,2,2,24987,22463,23059,0,0,0,15567,13319,13744,11925,10046,10384,3642,3273,3360,0,0,0,0,0,0,2.7,6.0,2.37,1.81,15560,97,22710,89,16,193,1099,1714,1623,2367,88,12
"""490490102122""","""Provo-Orem, UT""",1.00,3187.00,750.00,4009.34,64,76,70,36,46,42,28,31,28,12.51,2.34,2.32,2,2,28098,25449,24922,0,0,0,17324,15125,14975,13228,11417,11344,4096,3708,3631,0,0,0,0,0,0,2.1,1.6,2.20,0.19,5217,96,7351,87,28,43,1176,1882,1896,1806,84,16
"""490419755003""",,1.00,1433.00,513.00,6150.65,56,65,48,23,29,20,33,36,28,10.54,0.88,2.08,2,2,25575,22818,25182,1,1,1,15065,13210,15142,11312,9862,11446,3727,3326,3669,26,21,27,22,18,23,1.7,0.9,0.66,0.08,928,72,630,78,75,18,1923,899,905,846,89,11
"""490351128131""","""Salt Lake City, UT""",1.00,1541.00,443.00,243.94,60,71,66,35,44,41,25,27,26,11.41,20.72,2.06,2,2,25294,22490,23148,0,0,0,15453,13393,13748,11756,10116,10372,3687,3277,3373,10,0,3,9,0,3,3.4,5.3,2.19,1.82,17379,93,20857,89,12,199,898,1823,1823,,86,14
"""490351129052""","""Salt Lake City, UT""",1.00,795.00,248.00,168.34,52,60,56,27,33,31,25,27,26,10.13,14.92,2.11,2,2,23962,21383,21996,3,3,3,15593,13300,13750,12028,10109,10471,3493,3116,3205,73,74,73,66,67,66,2.6,6.1,2.26,1.47,25031,97,29027,90,12,179,1075,1388,1388,,97,3
"""490111258041""","""Ogden-Clearfield, UT""",1.00,2497.00,794.00,436.10,50,59,56,26,32,31,24,26,26,11.04,20.09,2.05,2,2,25358,22663,23315,0,0,0,15430,13398,13750,11729,10096,10353,3696,3302,3397,5,0,0,4,0,0,4.3,2.9,4.36,1.82,10278,88,8926,87,8,159,881,1377,1459,1067,79,21
"""490111268013""","""Ogden-Clearfield, UT""",1.00,1011.00,390.00,270.81,54,63,60,29,37,35,25,26,26,9.12,13.13,2.10,2,2,24746,22150,22778,1,1,1,15638,13347,13752,12007,10097,10410,3607,3228,3319,24,23,23,22,20,21,2.2,6.6,2.28,1.44,13601,98,14632,87,11,153,923,1552,1552,,98,2
"""490111263041""","""Ogden-Clearfield, UT""",1.00,1874.00,529.00,2738.41,57,67,64,31,38,36,26,29,28,12.26,2.37,2.26,2,2,26731,23954,24627,0,0,0,16812,14596,14976,12915,11106,11388,3897,3490,3588,0,0,0,0,0,0,1.8,2.1,2.15,0.19,8371,92,9586,88,27,38,1734,1634,1634,,93,7
"""490490009033""","""Provo-Orem, UT""",1.00,1680.00,404.00,122.00,52,61,56,26,33,30,26,28,26,11.33,37.54,2.17,2,2,25611,22920,22415,1,1,1,16153,13923,13754,12395,10565,10472,3733,3340,3266,25,18,16,22,16,14,4.0,2.3,3.09,3.31,16147,88,29715,92,9,241,831,1347,1428,926,84,16
"""490572105102""","""Ogden-Clearfield, UT""",1.00,1268.00,366.00,147.88,50,59,56,26,32,31,25,26,26,11.07,27.40,2.10,2,2,24563,22064,22666,1,1,1,15628,13354,13755,11986,10085,10397,3581,3215,3303,61,55,55,55,49,50,3.0,3.9,3.14,2.48,9411,100,6199,85,7,229,803,1375,1375,,91,9
"""490532708012""","""St. George, UT""",1.00,6582.00,2537.00,2872.11,54,65,51,27,34,26,27,31,26,10.02,8.85,1.87,2,2,24242,21717,23884,1,1,1,13729,12456,13756,10192,9287,10271,3532,3164,3480,5,4,4,13,11,10,4.5,2.3,2.48,0.88,4126,73,2374,82,24,80,1064,1149,1150,1148,66,34
"""490111255023""","""Ogden-Clearfield, UT""",1.00,1474.00,420.00,183.99,48,56,54,24,30,28,24,26,26,11.11,25.35,2.10,2,2,24347,21871,22467,2,2,2,15579,13369,13756,11985,10138,10439,3549,3187,3274,45,44,43,40,39,39,3.5,2.9,3.11,2.28,14213,100,12432,88,9,211,938,1261,1199,1555,83,17
"""490490010012""","""Provo-Orem, UT""",1.00,1304.00,354.00,163.11,49,56,52,23,28,26,26,28,26,10.48,22.75,2.17,2,2,25321,22692,22218,1,1,1,16116,13911,13758,12400,10584,10501,3691,3306,3237,25,21,20,22,19,18,4.1,2.3,3.22,2.17,17193,93,30675,92,8,224,773,1167,1132,1313,81,19
"""490170003001""",,1.00,1130.00,409.00,382.81,58,67,47,27,34,21,31,33,26,9.40,10.05,1.80,2,2,22890,20564,23457,1,1,1,13147,11394,13761,9785,8370,10318,3335,2997,3418,26,26,25,23,22,21,4.0,2.9,1.07,1.07,1045,91,939,79,7,144,684,959,1006,784,79,21
"""490490101052""","""Provo-Orem, UT""",1.00,2485.00,619.00,680.09,56,66,60,30,38,35,26,28,26,11.83,10.77,2.09,2,2,26621,23996,23483,1,0,0,15805,13844,13761,11914,10344,10338,3881,3497,3422,10,4,2,9,3,2,5.2,0.3,6.18,0.91,4849,58,3583,86,32,77,1221,1553,,1553,60,40
"""490111264022""","""Ogden-Clearfield, UT""",1.00,1890.00,562.00,9855.35,68,81,78,41,52,49,27,29,29,11.94,0.68,2.31,2,2,27879,25080,25760,0,0,0,17262,15030,15410,13199,11375,11657,4064,3654,3753,0,0,0,0,0,0,0.4,4.1,1.19,0.06,3907,90,5340,85,110,8,2261,2201,2201,,97,3
"""490490102082""","""Provo-Orem, UT""",1.00,1364.00,343.00,526.78,61,73,67,36,45,41,25,28,26,11.38,7.41,2.07,2,2,26709,24189,23761,0,0,0,15701,13806,13766,11808,10282,10304,3893,3525,3462,0,0,0,0,0,0,4.8,2.1,1.01,0.65,7830,83,8253,87,21,72,1278,1863,2505,1017,57,43
"""490490034023""","""Provo-Orem, UT""",1.00,1264.00,341.00,466.15,47,54,50,21,26,24,26,28,26,10.78,7.88,2.12,2,2,25851,23381,22947,1,0,0,15906,13858,13767,12127,10443,10416,3768,3407,3344,10,9,7,9,8,7,5.3,0.4,2.02,0.73,5589,75,5190,87,14,115,1063,1079,1359,681,59,41
"""490490007082""","""Provo-Orem, UT""",1.00,1273.00,296.00,144.20,54,62,57,27,34,32,26,28,26,11.29,23.17,2.18,2,2,25449,22874,22383,3,3,3,16187,13947,13769,12424,10567,10463,3710,3333,3262,54,47,45,48,43,40,3.6,2.7,2.31,2.05,13597,89,20446,91,13,280,935,1415,1383,1567,83,17
"""490111255022""","""Ogden-Clearfield, UT""",1.00,2112.00,593.00,445.61,47,55,53,23,29,27,24,26,26,10.76,14.33,2.10,2,2,24548,21908,22546,2,2,2,15609,13377,13769,11994,10155,10453,3578,3192,3285,36,30,31,32,27,28,3.4,3.8,2.88,1.33,14016,81,16655,89,15,106,1059,1221,1254,974,88,12
"""490490007111""","""Provo-Orem, UT""",1.00,1196.00,339.00,121.17,59,69,63,33,41,38,26,28,26,10.68,29.89,2.17,2,2,25888,23176,22650,1,1,0,16195,13950,13773,12404,10563,10464,3774,3377,3300,17,10,8,15,9,7,4.2,2.0,2.85,2.80,12829,81,23901,92,9,274,897,1695,1695,,85,15
"""490351131073""","""Salt Lake City, UT""",1.00,7594.00,2192.00,1817.48,55,65,60,30,38,35,25,27,26,11.28,13.60,2.07,2,2,25079,22480,23083,1,1,1,15513,13401,13773,11831,10101,10384,3656,3276,3363,26,24,25,24,22,23,4.3,2.5,5.65,1.21,11359,77,9629,88,20,87,1156,1567,1739,1116,72,28
"""490351101022""","""Salt Lake City, UT""",1.00,1623.00,678.00,428.18,65,76,71,40,50,46,25,27,26,9.72,15.39,2.09,2,2,25185,22522,23172,0,0,0,15586,13349,13774,11904,10057,10389,3671,3282,3377,10,9,9,9,8,8,3.3,4.8,2.13,1.58,11527,81,13229,88,13,151,1100,2054,2054,,90,10
"""490572112011""","""Ogden-Clearfield, UT""",1.00,907.00,298.00,5067.13,78,93,89,51,64,60,27,29,29,11.06,0.65,2.32,2,2,27411,24722,25373,0,0,0,17230,15044,15413,13228,11439,11713,3996,3602,3697,6,3,3,5,3,3,0.3,4.6,0.52,0.06,4865,100,5631,85,141,9,2214,2702,2817,1331,92,8
"""490111253042""","""Ogden-Clearfield, UT""",1.00,2767.00,774.00,564.92,49,57,55,25,31,29,24,26,26,10.87,14.89,2.10,2,2,24262,21740,22348,2,1,1,15580,13397,13778,12014,10202,10494,3537,3168,3256,29,28,28,26,25,25,3.9,2.6,2.28,1.37,15830,86,11022,88,14,120,950,1316,1343,1213,79,21
"""490111261013""","""Ogden-Clearfield, UT""",1.00,1726.00,570.00,407.25,58,68,66,34,42,40,24,26,26,10.06,14.09,2.10,2,2,24841,22382,22974,1,1,1,15620,13388,13780,11979,10109,10414,3621,3261,3348,20,17,18,18,16,16,3.3,3.4,1.96,1.40,8942,89,8313,87,14,135,964,1795,2016,744,83,17
"""490050001013""","""Logan, UT-ID""",1.00,1373.00,465.00,10641.45,58,69,53,26,32,24,32,37,29,11.05,0.48,2.25,2,2,27466,24985,25585,1,1,1,16247,14803,15415,12226,11140,11665,4002,3641,3728,18,22,23,15,19,19,1.3,0.4,0.88,0.04,640,86,811,80,133,7,2297,1073,1229,489,79,21
"""490050010011""","""Logan, UT-ID""",1.00,1559.00,507.00,305.39,52,62,47,23,29,22,29,33,26,10.76,17.86,2.03,2,2,25069,22522,23195,0,0,0,14718,13139,13782,11064,9855,10400,3653,3282,3380,1,3,2,1,2,2,4.5,1.8,2.31,1.66,8881,76,14508,90,13,151,977,969,1067,667,76,24
"""490439644011""","""Summit Park, UT""",1.00,679.00,312.00,3792.96,46,56,75,29,36,50,17,19,26,9.34,0.77,2.09,2,2,25067,21935,23716,4,2,4,15577,14051,13858,11922,10853,10401,3654,3198,3456,1,1,1,222,131,214,3.5,3.5,0.97,0.08,2403,40,5149,85,88,17,1951,2225,,2225,84,16
"""490351130113""","""Salt Lake City, UT""",1.00,2607.00,841.00,495.66,64,75,70,39,48,45,25,27,26,10.16,17.24,2.09,2,2,24782,21949,22647,1,1,1,15590,13369,13797,11946,10149,10472,3613,3198,3300,32,22,24,29,20,22,3.5,3.9,2.73,1.70,15712,73,28894,91,16,141,1072,1999,2044,1509,92,8
"""490490022052""","""Provo-Orem, UT""",1.00,2026.00,605.00,210.09,48,56,51,22,28,25,26,28,26,10.71,30.84,2.13,2,2,26468,23564,22988,1,0,0,16002,13921,13797,12133,10487,10447,3858,3434,3350,11,0,0,10,0,0,4.9,0.9,3.73,2.88,12974,66,14902,90,10,222,963,1138,1175,958,83,17
"""490490002042""","""Provo-Orem, UT""",1.00,1496.00,376.00,168.82,54,63,58,28,35,32,26,28,26,11.18,24.89,2.18,2,2,25622,22952,22426,3,3,2,16238,13986,13804,12446,10593,10492,3735,3344,3268,57,48,44,52,43,40,4.1,1.2,3.26,2.23,10363,80,16939,91,8,212,761,1452,1502,1125,87,13
"""490572105061""","""Ogden-Clearfield, UT""",1.00,5468.00,1574.00,1211.08,50,58,55,25,31,30,24,26,26,11.00,14.29,2.08,2,2,24801,22127,22774,3,3,3,15607,13423,13807,11855,10076,10362,3615,3224,3318,136,124,126,123,111,113,4.0,3.1,3.41,1.30,9691,72,7386,86,14,97,997,1337,1347,1284,85,15
"""490532704001""","""St. George, UT""",1.00,2516.00,916.00,708.28,54,64,51,27,34,26,27,31,26,9.66,12.50,1.90,2,2,23721,21333,23429,2,2,1,13810,12443,13807,10342,9323,10383,3456,3108,3414,11,11,10,26,27,24,4.2,2.0,3.50,1.29,4342,93,2671,83,10,140,863,1146,1181,1064,70,30
"""490351134093""","""Salt Lake City, UT""",1.00,2079.00,506.00,169.42,47,55,51,22,28,26,25,27,26,12.53,37.43,2.07,2,2,25518,22677,23352,1,0,0,15539,13437,13809,11801,10127,10397,3720,3304,3403,19,5,9,17,5,8,2.9,5.2,3.28,2.99,16174,96,17450,89,11,215,969,1149,1164,984,92,8
"""490011002002""",,1.00,734.00,285.00,1798.55,59,70,54,28,35,26,31,35,28,10.47,1.66,2.12,2,2,25756,23303,24975,2,1,2,15339,13989,15060,11558,10566,11392,3753,3395,3639,28,27,29,24,23,25,2.3,0.2,0.97,0.16,540,94,360,77,29,30,1227,1183,1250,916,80,20
"""490572105092""","""Ogden-Clearfield, UT""",1.00,1646.00,510.00,278.48,50,58,55,25,32,30,25,26,26,10.58,19.38,2.10,2,2,24313,21766,22381,3,3,3,15687,13410,13811,12011,10112,10424,3544,3172,3261,132,126,127,119,114,114,2.9,4.2,2.65,1.83,11525,100,7337,86,6,188,697,1341,1341,,95,5
"""490490031051""","""Provo-Orem, UT""",1.00,1013.00,316.00,142.74,46,53,49,20,25,23,26,28,26,10.88,24.09,2.10,2,2,26378,23761,23306,0,0,0,15822,13871,13813,11977,10409,10417,3845,3462,3396,0,0,0,0,0,0,5.6,0.2,3.05,2.21,9090,74,8056,89,12,193,942,1048,1177,845,61,39
"""490490033004""","""Provo-Orem, UT""",1.00,1092.00,302.00,279.68,47,55,50,21,26,24,26,28,26,10.84,11.71,2.15,2,2,26163,23558,23057,2,2,2,16099,13955,13816,12251,10492,10427,3814,3433,3360,35,30,29,31,27,26,4.7,1.2,2.92,1.08,7109,74,7363,87,14,117,880,1091,1219,746,73,27
"""490111264021""","""Ogden-Clearfield, UT""",1.00,1650.00,388.00,6784.88,79,95,91,52,65,62,27,30,29,12.66,0.72,2.32,2,2,27802,25106,25759,0,0,0,17276,15051,15429,13223,11392,11676,4053,3658,3753,0,0,0,0,0,0,0.6,3.7,1.64,0.06,4183,100,5203,85,71,9,1941,2783,2783,,93,7
"""490351128163""","""Salt Lake City, UT""",1.00,2337.00,619.00,606.51,62,73,68,37,46,43,25,27,26,11.76,12.01,2.05,2,2,25876,22954,23660,0,0,0,15484,13473,13819,11712,10129,10372,3772,3345,3448,0,0,0,0,0,0,4.2,3.4,2.63,1.02,9340,67,14690,89,18,88,1280,1915,2075,1223,81,19
"""490111253014""","""Ogden-Clearfield, UT""",1.00,1319.00,398.00,194.53,44,50,49,19,24,23,25,26,26,10.38,21.25,2.11,2,2,24389,21845,22459,3,3,3,15687,13421,13820,12070,10179,10488,3555,3183,3273,62,59,59,56,53,53,2.9,3.5,3.22,2.05,14004,98,12293,88,8,159,1022,1028,1032,980,92,8
"""490490010022""","""Provo-Orem, UT""",1.00,702.00,218.00,135.38,57,66,61,30,38,35,26,28,26,9.29,14.96,2.21,2,2,25267,22653,22156,2,1,1,16302,14019,13826,12589,10694,10575,3683,3301,3228,30,25,23,27,22,20,3.8,2.3,2.13,1.61,16517,87,29696,92,11,201,872,1569,1655,1050,86,14
"""490351139053""","""Salt Lake City, UT""",1.00,1986.00,435.00,323.23,49,57,53,24,29,27,25,27,26,12.79,17.21,2.06,2,2,25763,23160,23746,0,0,0,15510,13520,13841,11743,10139,10372,3755,3375,3460,12,6,9,11,5,8,3.3,4.8,3.16,1.35,12904,100,12460,87,19,81,1260,1222,1201,1278,73,27
"""490111264051""","""Ogden-Clearfield, UT""",1.00,1755.00,468.00,246.41,62,73,70,37,46,44,25,26,26,11.34,21.54,2.10,2,2,25325,22717,23348,0,0,0,15685,13448,13842,11991,10135,10437,3692,3310,3402,3,3,3,2,3,2,2.7,5.4,2.21,1.90,11839,93,12082,87,14,156,1217,1969,1998,1696,90,10
"""490351126162""","""Salt Lake City, UT""",1.00,1529.00,437.00,291.21,72,85,79,47,58,54,25,27,26,11.01,16.52,2.09,2,2,24846,22148,22791,2,2,2,15625,13448,13843,11947,10171,10470,3622,3227,3321,56,50,51,50,45,46,2.8,5.6,1.99,1.50,15183,100,16195,88,9,167,872,2415,2479,1700,92,8
"""490111265001""","""Ogden-Clearfield, UT""",1.00,1017.00,306.00,283.04,57,67,64,32,41,38,25,26,26,10.63,11.50,2.09,2,2,25531,22971,23589,1,1,1,15672,13456,13846,11938,10095,10395,3722,3347,3437,11,14,13,10,13,12,2.9,5.6,1.78,1.08,9922,98,10317,86,12,125,963,1724,1781,1375,86,14
"""490111262031""","""Ogden-Clearfield, UT""",1.00,2402.00,704.00,924.19,58,69,66,34,42,40,25,26,26,10.76,8.20,2.09,2,2,24725,22355,22924,6,5,5,15634,13468,13846,11923,10106,10401,3604,3257,3340,107,104,105,97,94,94,3.2,4.0,1.39,0.76,7327,89,8191,86,19,91,1251,1801,2047,819,80,20
"""490111251043""","""Ogden-Clearfield, UT""",1.00,2341.00,631.00,307.98,55,65,62,31,39,36,25,26,26,11.24,23.03,2.10,2,2,25116,22576,23188,0,0,0,15636,13468,13847,11968,10175,10465,3661,3290,3379,6,3,4,6,3,3,3.5,3.1,2.48,2.05,8632,98,6826,86,9,157,904,1638,1705,1337,82,18
"""490111261054""","""Ogden-Clearfield, UT""",1.00,1430.00,429.00,229.77,55,65,62,31,38,36,25,26,26,11.17,20.85,2.12,2,2,24878,22356,22964,0,0,0,15731,13446,13849,12096,10181,10495,3626,3258,3346,9,7,7,8,6,7,3.1,3.4,3.22,1.87,9840,96,8607,87,9,193,919,1623,1642,1458,90,10
"""490190002004""",,1.00,1238.00,506.00,545.09,62,73,49,30,38,23,32,35,26,9.36,8.69,1.82,2,2,23130,20815,23843,0,0,0,13279,11551,13850,9909,8517,10376,3370,3034,3474,0,0,0,0,0,0,5.3,0.5,2.19,0.93,2555,72,4321,86,12,110,952,1037,1240,675,64,36
"""490351135341""","""Salt Lake City, UT""",1.00,4571.00,1159.00,690.39,54,63,59,28,36,33,25,27,26,11.63,19.52,2.11,2,2,24689,21978,22634,1,1,1,15694,13406,13851,12062,10181,10528,3599,3202,3298,33,23,25,30,20,23,3.0,3.7,4.07,1.68,14196,85,12065,88,11,92,874,1475,1475,1485,95,5
"""490251302002""",,1.00,450.00,195.00,456.44,,,,,,,27,30,26,7.21,3.08,1.84,2,2,23448,21235,24128,0,1,0,13432,12211,13855,10006,9106,10331,3417,3094,3516,9,10,8,8,9,7,4.6,2.2,1.68,0.43,909,85,1455,81,15,93,1117,,,,62,38
"""490351131082""","""Salt Lake City, UT""",1.00,1676.00,410.00,171.64,55,65,61,30,38,35,25,27,26,11.93,28.49,2.09,2,2,24598,21875,22522,7,6,6,15664,13443,13856,11911,10096,10412,3586,3187,3282,168,160,162,151,144,146,2.6,4.4,2.96,2.39,15803,100,18118,89,9,242,886,1568,1568,,96,4
"""490490107003""","""Provo-Orem, UT""",1.00,2116.00,600.00,241.10,53,62,57,27,34,31,26,28,26,10.74,26.72,2.12,2,2,26642,23924,23441,0,0,0,15991,13951,13859,12107,10465,10443,3884,3486,3416,0,0,0,0,0,0,4.7,1.2,2.68,2.49,11824,84,17891,91,9,178,835,1400,1511,1089,74,26
"""490479684021""","""Vernal, UT""",1.00,2380.00,605.00,4296.52,52,61,61,27,33,33,26,28,28,12.58,1.77,2.26,2,2,28323,25442,26022,1,0,0,17064,15028,15283,12920,11315,11484,4129,3707,3792,15,5,6,13,4,6,0.6,3.3,0.63,0.14,1447,84,1894,81,153,21,2772,1483,1483,,91,9
"""490490005062""","""Provo-Orem, UT""",1.00,2025.00,470.00,306.45,54,63,58,28,35,32,26,28,26,11.97,18.36,2.11,2,2,26775,24143,23685,0,0,0,15944,13940,13862,12041,10422,10411,3903,3518,3451,0,0,0,0,0,0,4.3,2.5,1.98,1.53,10949,92,14823,89,12,142,1024,1455,1471,1417,70,30
"""490111259071""","""Ogden-Clearfield, UT""",1.00,2003.00,674.00,696.47,53,63,60,29,36,34,25,26,26,10.50,10.16,2.10,2,2,25020,22297,22956,1,1,1,15651,13485,13863,11989,10225,10507,3647,3249,3345,14,11,11,13,10,10,3.8,3.3,2.07,0.97,13033,78,13282,89,15,118,1031,1537,1586,1278,84,16
"""490572102042""","""Ogden-Clearfield, UT""",1.00,2366.00,760.00,410.52,48,56,54,24,29,28,25,26,26,10.46,19.37,2.11,2,2,24509,22005,22608,2,2,2,15687,13478,13864,12035,10202,10499,3573,3206,3294,80,69,71,72,62,64,3.8,1.8,2.70,1.85,9970,91,6727,87,9,126,842,1250,1297,1041,81,19
"""490351128151""","""Salt Lake City, UT""",1.00,2507.00,727.00,402.24,62,73,68,36,46,42,25,27,26,11.05,19.97,2.08,2,2,24837,22156,22788,4,4,4,15631,13480,13864,11901,10149,10439,3621,3228,3320,109,103,105,99,93,94,3.0,4.4,2.54,1.81,14109,97,18965,89,11,150,1091,1890,1893,1867,88,12
"""490490009031""","""Provo-Orem, UT""",1.00,846.00,217.00,123.63,52,61,56,26,32,30,26,28,26,11.17,19.61,2.19,2,2,25941,23082,22496,2,1,1,16327,14062,13866,12516,10678,10569,3781,3363,3278,30,21,19,27,19,18,3.9,2.3,2.61,1.76,15536,73,28604,92,10,300,865,1339,1359,1083,93,7
"""490351126091""","""Salt Lake City, UT""",1.00,2233.00,674.00,466.83,73,87,81,48,60,55,25,27,26,11.17,16.13,2.10,2,2,25064,22362,23006,1,1,1,15645,13476,13868,11964,10196,10493,3654,3258,3352,28,22,23,25,20,21,2.9,5.3,1.83,1.44,14113,97,15270,88,11,143,954,2471,2471,,89,11
"""490490031032""","""Provo-Orem, UT""",1.00,1200.00,343.00,165.73,49,58,53,24,30,27,26,28,26,10.95,22.66,2.12,2,2,26219,23611,23156,0,0,0,15950,13943,13870,12128,10502,10495,3822,3440,3374,0,0,0,0,0,0,5.5,0.2,2.44,2.07,8458,78,7195,89,7,197,883,1224,1397,880,66,34
"""490490007033""","""Provo-Orem, UT""",1.00,1308.00,336.00,164.08,56,65,59,29,37,34,26,28,26,10.94,22.40,2.19,2,2,25893,23188,22665,1,1,1,16273,14045,13873,12475,10649,10554,3774,3379,3303,23,18,17,21,16,15,3.8,2.4,2.63,2.05,14993,84,24620,91,13,277,924,1515,1515,,84,16
"""490351128201""","""Salt Lake City, UT""",1.00,4310.00,1459.00,2287.70,48,56,52,23,29,26,25,27,26,10.74,6.85,2.07,2,2,25852,22973,23686,0,0,0,15581,13502,13879,11809,10154,10427,3768,3347,3451,4,0,0,3,0,0,4.4,2.0,4.17,0.64,7284,54,9948,88,34,46,1579,1182,,1182,78,22
"""490111270031""","""Ogden-Clearfield, UT""",1.00,2603.00,784.00,557.53,54,63,61,30,37,35,25,26,26,11.16,15.69,2.10,2,2,25398,22775,23409,0,0,0,15696,13496,13882,11985,10169,10462,3702,3319,3411,8,9,8,7,8,8,3.0,4.8,2.03,1.41,11350,90,14359,88,15,116,1165,1568,1612,1282,87,13
"""490572102032""","""Ogden-Clearfield, UT""",1.00,1159.00,438.00,253.27,48,56,54,24,30,28,25,26,26,9.67,16.72,2.09,2,2,24510,21963,22577,4,4,4,15679,13509,13888,11922,10137,10425,3573,3200,3290,184,172,174,166,155,156,4.2,1.3,2.51,1.73,8945,81,5796,86,11,139,789,1261,1365,848,80,20
"""490351131011""","""Salt Lake City, UT""",1.00,1455.00,371.00,152.09,54,63,59,29,36,33,25,27,26,12.49,30.48,2.08,2,2,25325,22477,23151,2,1,2,15623,13519,13889,11885,10209,10477,3692,3275,3373,47,35,38,42,31,34,2.8,4.8,3.08,2.44,17859,100,20592,89,9,210,1001,1489,1489,,94,6
"""490111261053""","""Ogden-Clearfield, UT""",1.00,1707.00,388.00,231.29,55,64,61,30,37,35,25,26,26,12.13,20.36,2.11,2,2,24949,22402,23016,3,2,2,15742,13496,13890,12057,10186,10491,3637,3264,3354,48,45,46,44,41,41,3.1,3.3,2.75,1.68,10624,92,9687,87,12,196,986,1592,1592,,88,12
"""490490010013""","""Provo-Orem, UT""",1.00,1210.00,348.00,125.77,55,64,58,28,35,33,26,28,26,10.67,29.53,2.20,2,2,25818,23086,22564,1,1,1,16329,14071,13893,12545,10693,10592,3764,3364,3288,21,14,12,19,13,11,3.7,1.9,2.84,2.77,15470,89,29653,92,8,270,851,1464,1435,1674,88,12
"""490351128133""","""Salt Lake City, UT""",1.00,1802.00,479.00,198.23,60,71,66,35,44,41,25,27,26,11.89,28.74,2.08,2,2,25588,22731,23410,1,1,1,15628,13526,13896,11867,10195,10462,3730,3312,3411,32,19,22,29,17,20,2.7,5.0,2.44,2.42,15748,98,20055,89,10,220,973,1828,1825,1865,93,7
"""490572002032""","""Ogden-Clearfield, UT""",1.00,1791.00,549.00,255.31,44,51,49,20,25,23,25,26,26,10.24,22.02,2.11,2,2,24895,22291,22921,2,1,1,15731,13507,13897,12037,10199,10497,3629,3248,3340,65,60,60,59,54,55,3.4,3.1,3.74,2.15,11253,92,8328,87,9,143,838,1049,1049,,88,12
"""490111264052""","""Ogden-Clearfield, UT""",1.00,2123.00,571.00,383.76,65,77,74,41,51,48,25,26,26,11.59,17.24,2.13,2,2,25041,22487,23103,0,0,0,15816,13487,13898,12166,10210,10532,3650,3277,3366,0,0,0,0,0,0,2.0,6.0,1.89,1.49,13040,100,16465,88,12,129,1119,2157,2157,,98,2
"""490490015013""","""Provo-Orem, UT""",1.00,1414.00,503.00,2407.85,56,66,61,30,38,35,26,28,26,10.52,2.20,2.15,2,2,26451,23750,23212,0,0,0,16141,14035,13901,12286,10575,10519,3856,3461,3382,0,0,0,0,0,0,5.2,0.6,2.12,0.21,7133,56,14701,91,18,68,1007,1561,1746,1107,71,29
"""490490101042""","""Provo-Orem, UT""",1.00,1745.00,400.00,115.69,55,64,58,28,35,32,26,28,26,11.52,39.83,2.19,2,2,26011,23195,22593,2,1,1,16316,14088,13912,12490,10687,10602,3792,3380,3292,34,22,17,31,20,16,4.7,0.3,5.26,3.46,5258,66,3503,86,5,340,597,1452,1455,1422,92,8
"""490399721005""",,1.00,1436.00,380.00,364.33,48,56,45,20,25,19,27,31,26,9.65,10.06,1.91,2,2,23217,20847,22967,1,1,0,13806,12500,13912,10409,9448,10557,3383,3038,3347,13,15,9,11,13,7,5.5,0.1,1.36,1.04,1632,80,1530,83,6,135,628,845,1066,448,64,36
"""490572105081""","""Ogden-Clearfield, UT""",1.00,2284.00,651.00,322.81,50,58,56,25,31,30,25,26,26,11.23,22.64,2.11,2,2,24686,22119,22739,3,3,3,15776,13516,13913,12055,10178,10484,3598,3223,3313,123,115,116,111,104,105,2.5,4.5,2.72,2.02,12985,100,8599,86,10,127,911,1333,1333,,93,7
"""490490032031""","""Provo-Orem, UT""",1.00,1387.00,441.00,431.51,53,62,57,27,34,31,26,28,26,10.62,10.85,2.17,2,2,26149,23588,23103,1,1,1,16237,14060,13915,12401,10600,10527,3812,3437,3366,25,23,22,23,21,20,4.2,1.6,2.78,1.02,7831,84,7178,87,12,105,993,1393,1586,799,76,24
"""490379781002""",,1.00,1512.00,469.00,15277.43,63,73,48,26,32,20,37,41,28,10.72,0.33,2.10,2,2,26941,24617,25363,2,2,2,15374,13675,15280,11414,10044,11540,3926,3588,3696,34,43,43,29,36,37,1.0,1.3,1.32,0.03,254,91,315,75,288,6,2429,882,960,703,70,30
"""490230101003""","""Provo-Orem, UT""",1.00,1306.00,480.00,442.03,45,52,48,19,24,22,26,28,26,9.93,10.78,2.14,2,2,26888,24243,23705,1,1,0,16135,14038,13917,12198,10496,10456,3919,3532,3454,18,9,7,15,8,6,3.9,2.4,1.65,1.09,1855,85,2486,83,7,123,686,984,1036,704,84,16
"""490490102183""","""Provo-Orem, UT""",1.00,1096.00,254.00,470.25,68,80,73,40,49,45,28,31,28,13.43,7.25,2.32,2,2,28365,25515,24954,0,0,0,17362,15204,15070,13227,11486,11433,4135,3718,3636,0,0,0,0,0,0,1.9,0.7,0.96,0.54,9803,100,11020,89,19,88,1057,2041,2041,,93,7
"""490039603002""","""Ogden-Clearfield, UT""",1.00,2323.00,541.00,665.30,43,50,48,18,23,22,24,27,26,11.61,9.44,2.06,2,2,26107,23558,24173,0,0,0,15540,13596,13930,11734,10164,10408,3806,3433,3522,0,0,0,0,0,0,4.8,1.0,2.69,0.81,2403,80,3367,85,13,87,985,982,982,,65,35
"""490490102203""","""Provo-Orem, UT""",1.00,1305.00,372.00,1473.15,55,65,59,29,37,34,26,28,26,12.07,3.05,2.09,2,2,27509,24505,23842,1,0,0,15959,14033,13932,11938,10462,10458,4010,3571,3474,11,0,0,10,0,0,4.5,1.0,3.32,0.25,5063,36,5687,87,74,15,1744,1511,1494,1561,75,25
"""490490001051""","""Provo-Orem, UT""",1.00,2303.00,611.00,289.40,56,66,60,30,37,34,26,28,26,10.88,22.98,2.19,2,2,25927,23296,22787,1,1,1,16315,14100,13933,12510,10688,10598,3779,3395,3320,26,18,14,23,16,13,4.1,0.8,2.16,2.11,10318,79,13795,90,14,139,1125,1542,1630,1207,79,21
"""490572002041""","""Ogden-Clearfield, UT""",1.00,2564.00,763.00,406.55,46,53,51,21,26,25,25,27,26,10.88,20.43,2.11,2,2,25100,22547,23163,0,0,0,15744,13553,13935,12064,10249,10542,3659,3285,3375,21,18,18,19,16,16,3.7,2.3,3.29,1.88,9818,91,6861,87,10,139,908,1121,1229,638,82,18
"""490490002043""","""Provo-Orem, UT""",1.00,1157.00,342.00,194.59,49,58,53,23,29,27,26,28,26,11.04,19.41,2.13,2,2,26829,24085,23590,0,0,0,16050,14026,13937,12139,10517,10500,3911,3510,3437,0,0,0,0,0,0,4.6,1.1,2.45,1.76,11080,81,17928,91,11,178,869,1208,1141,1393,73,27
"""490351113041""","""Salt Lake City, UT""",1.00,1403.00,499.00,417.25,59,69,65,34,42,39,25,27,26,10.44,12.49,2.11,2,2,25319,22619,23279,0,0,0,15743,13516,13938,12048,10217,10544,3691,3296,3392,4,3,3,4,3,3,2.7,5.3,2.05,1.20,13940,87,15526,88,18,93,1300,1740,1726,1893,92,8
"""490111261051""","""Ogden-Clearfield, UT""",1.00,2304.00,591.00,223.70,56,66,63,31,39,37,25,27,26,11.92,31.49,2.10,2,2,25643,22833,23515,1,0,1,15718,13563,13940,11962,10227,10503,3738,3327,3426,19,8,10,17,8,9,2.7,3.6,3.43,2.64,8617,100,7295,86,5,186,703,1659,1659,,98,2
"""490490032011""","""Provo-Orem, UT""",1.00,999.00,343.00,257.73,47,55,50,21,26,24,26,28,26,10.19,13.57,2.20,2,2,25838,23332,22877,0,0,0,16333,14098,13943,12566,10698,10609,3766,3400,3333,0,0,0,0,0,0,4.6,0.6,3.21,1.33,7602,87,10390,89,7,147,767,1083,1158,851,76,24
"""490111259081""","""Ogden-Clearfield, UT""",1.00,2310.00,741.00,427.94,56,65,63,31,39,37,25,27,26,10.91,18.90,2.11,2,2,25299,22654,23294,2,1,1,15769,13557,13944,12050,10230,10524,3688,3301,3394,31,26,26,28,23,24,3.2,3.1,2.17,1.73,8412,86,6757,86,14,159,1028,1648,1748,943,88,12
"""490439643072""","""Summit Park, UT""",1.00,1713.00,589.00,342.29,52,62,84,34,43,59,17,19,26,10.50,18.07,2.12,2,2,25099,22263,23780,3,2,2,15765,14042,13945,12106,10796,10479,3659,3245,3465,1,1,1,160,107,134,2.4,4.3,2.34,1.72,3976,95,7000,86,9,173,861,2631,2631,,97,3
"""490451311003""","""Salt Lake City, UT""",1.00,2119.00,604.00,284.62,53,62,58,28,35,32,25,27,26,11.43,24.25,2.10,2,2,25591,22831,23507,2,2,2,15742,13541,13946,12000,10205,10512,3730,3327,3425,11,9,9,10,8,8,2.6,3.9,2.54,2.12,6196,90,4382,84,10,196,813,1436,1436,,96,4
"""490111260021""","""Ogden-Clearfield, UT""",1.00,3861.00,960.00,1630.82,60,71,68,34,43,40,26,29,28,12.60,7.42,2.25,2,2,27337,24427,25135,0,0,0,16817,14718,15075,12832,11158,11412,3985,3559,3662,0,0,0,0,0,0,1.7,1.1,1.74,0.59,9481,99,13416,90,28,40,1389,1809,1807,1833,91,9
"""490490005053""","""Provo-Orem, UT""",1.00,670.00,176.00,189.13,54,63,58,28,35,32,26,28,26,11.19,10.41,2.19,2,2,25994,23258,22740,0,0,0,16276,14096,13957,12487,10707,10644,3789,3389,3313,0,0,0,0,0,0,3.8,1.9,1.56,0.93,8764,95,10484,88,3,298,377,1441,1441,,94,6
"""490451311001""","""Salt Lake City, UT""",1.00,4039.00,1382.00,1251.66,46,53,49,20,25,24,25,27,26,10.44,11.53,2.09,2,2,25614,22927,23574,2,2,2,15697,13587,13960,11954,10239,10517,3734,3341,3435,9,7,8,9,7,7,3.4,2.9,2.55,1.10,5315,82,3774,84,16,88,1080,1057,1080,947,83,17
"""490111268011""","""Ogden-Clearfield, UT""",1.00,1281.00,367.00,228.39,66,78,75,41,52,49,25,27,26,10.83,17.40,2.12,2,2,25514,22811,23466,1,1,1,15843,13556,13960,12099,10210,10518,3719,3324,3419,24,22,22,22,20,20,1.8,6.5,1.69,1.61,11839,96,12205,86,15,115,1173,2200,2200,,100,0
"""490490006031""","""Provo-Orem, UT""",1.00,2028.00,501.00,367.22,58,68,62,31,39,36,27,29,26,11.50,15.69,2.20,2,2,26222,23536,22987,2,1,1,16419,14157,13963,12565,10702,10590,3822,3430,3350,32,25,23,29,23,21,3.5,2.4,1.61,1.36,11043,76,16143,90,17,104,991,1618,1733,883,86,14
"""490572105101""","""Ogden-Clearfield, UT""",1.00,2204.00,644.00,321.89,53,62,59,28,35,33,25,27,26,11.24,22.48,2.13,2,2,25107,22556,23172,1,1,1,15850,13561,13964,12143,10235,10547,3660,3287,3376,47,40,41,43,36,37,2.5,3.8,2.55,2.00,8332,100,5830,85,9,103,874,1497,1497,,94,6
"""490490013001""","""Provo-Orem, UT""",1.00,875.00,261.00,233.31,59,69,63,32,40,37,27,29,26,10.51,11.76,2.24,2,2,25159,22563,22063,3,3,3,16495,14175,13965,12773,10839,10705,3667,3288,3215,55,48,45,50,44,41,2.9,2.9,1.56,1.12,17399,96,29871,92,10,145,816,1667,1667,,92,8
"""490572105063""","""Ogden-Clearfield, UT""",1.00,2912.00,765.00,382.26,51,59,57,26,33,31,25,27,26,11.22,22.45,2.12,2,2,24548,21988,22606,5,5,5,15874,13558,13967,12093,10161,10478,3578,3204,3294,202,193,195,182,174,176,2.2,4.3,2.92,2.00,12572,100,10509,87,8,154,783,1386,1386,,100,0
"""490351130071""","""Salt Lake City, UT""",1.00,2915.00,745.00,391.39,54,63,59,29,36,33,25,27,26,11.18,21.28,2.11,2,2,24508,21956,22558,7,6,6,15770,13544,13968,12030,10186,10519,3573,3199,3287,168,159,162,152,144,146,2.6,3.3,2.40,1.90,14752,91,16193,89,19,103,1342,1494,1462,1776,90,10
"""490490105051""","""Provo-Orem, UT""",1.00,2389.00,481.00,526.17,55,64,59,27,34,31,28,31,28,12.03,11.00,2.32,2,2,28117,25474,24967,0,0,0,17328,15189,15077,13229,11477,11439,4099,3712,3638,0,0,0,0,0,0,3.0,0.0,2.18,0.91,2823,99,1986,85,10,145,891,1388,1393,1363,83,17
"""490532705003""","""St. George, UT""",1.00,994.00,363.00,174.64,56,67,53,29,36,27,28,31,26,10.05,20.88,1.93,2,2,24202,21615,23840,0,0,0,14012,12594,13969,10484,9444,10494,3527,3150,3474,1,0,0,3,0,1,3.3,2.4,2.27,2.08,4954,98,3903,84,6,176,691,1210,1132,1708,87,13
"""490351147001""","""Salt Lake City, UT""",1.00,2706.00,733.00,2857.35,50,58,54,25,31,29,25,27,26,11.39,2.92,2.12,2,2,25246,22829,23409,0,0,0,15757,13558,13975,12077,10231,10564,3680,3326,3411,0,0,0,0,0,0,1.8,7.1,3.19,0.26,8235,94,17971,88,40,26,1666,1283,1317,1073,86,14
"""490351131072""","""Salt Lake City, UT""",1.00,6991.00,1644.00,675.16,58,67,63,32,40,37,25,27,26,11.76,28.64,2.12,2,2,25044,22338,22983,2,1,1,15822,13556,13976,12130,10266,10591,3651,3255,3349,42,35,37,38,32,33,3.2,2.4,3.44,2.43,10601,93,9076,88,6,176,677,1666,1666,,95,5
"""490572107031""","""Ogden-Clearfield, UT""",1.00,1328.00,437.00,160.01,47,55,53,23,28,27,25,27,26,10.67,29.13,2.08,2,2,25840,23020,23704,1,1,1,15719,13608,13976,11891,10215,10479,3767,3354,3454,62,39,43,56,35,39,2.4,5.0,2.98,2.73,13602,100,10460,87,12,144,1094,1197,1224,850,93,7
"""490451307013""","""Salt Lake City, UT""",1.00,1219.00,391.00,8329.45,64,75,70,36,45,42,28,30,29,11.41,0.54,2.29,2,2,27897,24967,25716,1,0,0,17168,15038,15431,13098,11398,11682,4067,3638,3747,3,2,2,3,1,2,0.7,2.6,0.27,0.05,2066,75,3008,83,149,9,2749,1869,1913,1013,95,5
"""490490104042""","""Provo-Orem, UT""",1.00,1797.00,511.00,320.58,57,68,62,31,39,36,26,28,26,10.72,17.09,2.14,2,2,26677,24039,23544,0,0,0,16101,14072,13983,12211,10569,10552,3889,3503,3431,2,0,0,1,0,0,4.9,0.3,2.95,1.59,6314,78,4281,86,9,200,913,1619,1627,1600,72,28
"""490039608013""","""Ogden-Clearfield, UT""",1.00,1982.00,594.00,7121.88,52,61,58,26,32,30,26,29,28,11.46,0.96,2.26,2,2,26880,24324,24941,1,1,1,16859,14714,15077,12903,11131,11406,3918,3544,3634,37,38,37,34,34,34,2.5,0.2,0.94,0.08,2274,77,1811,83,59,24,2930,1367,1577,626,78,22
"""490111261052""","""Ogden-Clearfield, UT""",1.00,1513.00,341.00,215.15,55,65,62,30,38,36,25,27,26,12.32,19.53,2.14,2,2,24962,22362,22991,3,2,2,15903,13574,13985,12215,10270,10589,3639,3258,3350,49,45,46,44,41,41,2.2,3.8,2.41,1.58,9962,100,8314,86,7,158,688,1620,1620,,100,0
"""490351130141""","""Salt Lake City, UT""",1.00,1887.00,546.00,379.30,60,71,66,35,43,40,25,27,26,11.33,16.31,2.12,2,2,25039,22299,22959,1,1,1,15792,13576,13990,12120,10309,10627,3650,3249,3345,21,17,18,19,15,16,3.6,2.6,2.59,1.44,14934,80,18806,90,15,116,1123,1795,1867,1296,87,13
"""490490102114""","""Provo-Orem, UT""",1.00,715.00,283.00,288.41,52,61,56,26,33,30,26,28,26,9.67,9.49,2.13,2,2,27328,24562,24007,0,0,0,16132,14100,13993,12148,10521,10495,3984,3579,3498,0,0,0,0,0,0,4.1,2.2,1.28,0.98,6182,73,6314,86,16,136,996,1363,1408,1196,79,21
"""490532707001""","""St. George, UT""",1.00,3908.00,1303.00,3093.13,57,68,54,29,37,28,28,31,26,10.51,4.43,1.92,2,2,24386,21833,23998,1,1,1,14034,12674,13993,10474,9486,10490,3553,3181,3497,7,6,6,16,15,14,3.9,2.4,3.44,0.42,3324,74,3102,83,31,54,1207,1244,1339,1016,71,29
"""490111263032""","""Ogden-Clearfield, UT""",1.00,1710.00,502.00,214.59,52,61,58,27,34,32,25,27,26,11.15,26.08,2.14,2,2,24964,22417,23031,3,3,3,15884,13590,13994,12191,10275,10588,3639,3266,3356,54,48,49,49,44,44,2.6,2.2,2.51,2.34,8825,98,8824,88,9,174,878,1449,1449,,94,6
"""490490107002""","""Provo-Orem, UT""",1.00,1336.00,353.00,269.11,53,62,57,27,34,31,26,28,26,11.75,15.41,2.15,2,2,26458,23786,23322,0,0,0,16154,14089,13997,12297,10623,10598,3857,3466,3398,0,0,0,0,0,0,4.5,1.1,2.16,1.31,12056,93,16931,91,6,178,561,1392,1449,1208,76,24
"""490230101004""","""Provo-Orem, UT""",1.00,974.00,318.00,299.70,45,51,47,18,23,21,26,29,26,10.24,10.87,2.16,2,2,27062,24385,23829,1,0,0,16282,14140,14003,12323,10581,10526,3945,3553,3472,14,7,5,12,6,4,3.4,2.8,1.46,1.06,1755,89,2435,82,6,143,642,944,944,,91,9
"""490351113062""","""Salt Lake City, UT""",1.00,870.00,275.00,161.79,74,88,82,48,60,56,25,27,26,11.07,18.82,2.13,2,2,25130,22431,23093,0,1,0,15827,13568,14006,12152,10287,10629,3663,3268,3365,12,13,12,11,12,11,1.6,6.8,1.91,1.70,18915,100,23434,89,23,178,1486,2507,2507,,98,2
"""490490001022""","""Provo-Orem, UT""",1.00,925.00,251.00,266.22,50,58,53,23,29,27,26,29,26,10.38,9.79,2.19,2,2,25907,23222,22696,3,2,2,16331,14159,14007,12508,10736,10664,3777,3384,3307,47,39,36,42,35,33,4.6,0.4,2.11,0.94,9264,72,10637,90,11,108,936,1201,1304,818,79,21
"""490490022072""","""Provo-Orem, UT""",1.00,1587.00,335.00,119.97,49,57,52,23,29,26,27,29,26,11.89,33.20,2.21,2,2,25985,23467,23021,0,0,0,16411,14166,14008,12621,10744,10651,3788,3419,3354,2,3,3,1,2,3,3.9,0.8,3.01,2.79,12166,98,19482,91,9,240,805,1181,1176,1201,78,22
"""490490022061""","""Provo-Orem, UT""",1.00,2725.00,702.00,291.50,50,59,54,24,30,28,26,29,26,11.25,27.08,2.20,2,2,25960,23488,23061,0,0,0,16321,14144,14013,12537,10721,10653,3784,3422,3360,0,0,0,0,0,0,4.1,0.6,2.88,2.41,12310,98,14067,90,11,198,900,1237,1242,1224,71,29
"""490439642012""","""Summit Park, UT""",1.00,1301.00,413.00,2484.97,35,42,57,17,21,29,18,21,28,11.31,1.88,2.27,2,2,26965,24144,25662,1,0,0,16900,15435,15093,12969,11916,11353,3931,3519,3739,0,0,0,46,0,0,2.3,0.4,1.92,0.17,1220,85,1569,82,52,29,1886,1297,1459,700,79,21
"""490351101041""","""Salt Lake City, UT""",1.00,1897.00,670.00,1211.72,76,90,84,50,63,58,25,27,26,10.72,5.93,2.14,2,2,25037,22512,23119,0,0,0,15842,13571,14015,12193,10291,10646,3650,3280,3369,0,0,0,0,0,0,1.7,6.6,1.49,0.55,14964,95,23389,89,33,44,1426,2596,2687,1469,93,7
"""490351110023""","""Salt Lake City, UT""",1.00,1686.00,537.00,429.05,77,92,86,52,65,60,26,27,26,11.23,14.06,2.14,2,2,25118,22515,23147,1,1,1,15882,13561,14016,12195,10254,10620,3661,3281,3373,25,25,24,23,23,22,1.6,6.4,2.04,1.25,15885,100,26363,89,17,128,1324,2686,2686,,100,0
"""490111253032""","""Ogden-Clearfield, UT""",1.00,3642.00,1102.00,540.27,50,58,56,25,31,30,25,27,26,10.81,22.04,2.13,2,2,24996,22390,23019,1,1,1,15840,13630,14016,12176,10350,10644,3644,3262,3354,20,18,18,18,17,17,3.5,2.0,2.60,2.04,12688,95,9054,88,9,146,852,1326,1367,1089,85,15
"""490111271005""","""Ogden-Clearfield, UT""",1.00,1635.00,448.00,275.19,65,76,73,40,50,47,25,27,26,11.68,19.02,2.14,2,2,25164,22448,23106,2,1,2,15915,13614,14020,12213,10315,10624,3668,3271,3367,34,28,29,30,25,26,2.4,3.7,2.11,1.63,9656,96,8858,87,7,187,772,2105,2105,,100,0
"""490351128134""","""Salt Lake City, UT""",1.00,894.00,261.00,220.10,71,85,79,46,57,53,25,27,26,11.96,14.18,2.11,2,2,25723,22871,23552,0,0,0,15777,13651,14025,12021,10318,10593,3750,3333,3432,6,0,0,5,0,0,2.5,5.2,1.72,1.19,13824,100,16394,88,8,174,840,2368,2368,,96,4
"""490111255031""","""Ogden-Clearfield, UT""",1.00,2198.00,633.00,304.41,49,57,54,24,30,28,25,27,26,11.02,22.92,2.13,2,2,25202,22579,23213,1,1,1,15848,13642,14027,12158,10338,10631,3674,3290,3382,16,14,14,14,13,13,3.6,1.7,2.69,2.08,12511,87,12519,89,14,153,1088,1277,1341,977,82,18
"""490111262022""","""Ogden-Clearfield, UT""",1.00,1541.00,449.00,359.26,63,74,71,38,47,45,25,27,26,10.76,13.45,2.14,2,2,25268,22746,23354,2,2,2,15915,13628,14030,12199,10284,10597,3683,3314,3403,33,30,30,29,27,27,2.3,3.9,2.28,1.25,8890,100,7435,86,12,132,1072,2012,2012,,92,8
"""490572103033""","""Ogden-Clearfield, UT""",1.00,1520.00,417.00,707.03,62,73,69,35,44,41,27,29,28,12.43,7.33,2.27,2,2,27376,24538,25228,1,0,0,16953,14708,15094,12939,11123,11406,3991,3576,3676,24,10,12,21,9,11,0.8,2.1,1.26,0.59,4863,100,3838,84,31,91,1436,1857,1857,,100,0
"""490451310023""","""Salt Lake City, UT""",1.00,2648.00,687.00,239.22,49,57,54,24,30,28,25,27,26,11.77,33.81,2.10,2,2,26124,23386,24038,1,0,0,15784,13663,14031,11974,10255,10528,3808,3408,3503,2,0,1,2,0,1,2.8,3.0,3.09,2.87,6677,99,5065,85,8,230,773,1244,1253,1139,92,8
"""490351128141""","""Salt Lake City, UT""",1.00,2277.00,624.00,441.63,71,85,79,46,57,53,25,27,26,12.02,16.99,2.09,2,2,26127,23262,23952,0,0,0,15757,13666,14034,11945,10277,10544,3808,3390,3490,4,0,0,3,0,0,2.4,5.5,1.80,1.41,12013,94,13745,87,15,145,1102,2371,2371,,92,8
"""490159762004""",,1.00,1094.00,384.00,3331.43,47,54,44,19,24,18,28,31,26,9.96,1.15,1.91,2,2,24933,22247,24421,2,2,2,14049,12249,14034,10381,8975,10441,3633,3243,3558,35,31,35,30,27,30,2.6,6.9,1.29,0.12,1099,72,1097,77,40,22,1595,786,799,710,85,15
"""490490002032""","""Provo-Orem, UT""",1.00,2046.00,569.00,238.27,53,62,57,27,33,31,27,29,26,11.05,26.38,2.23,2,2,25955,23205,22663,0,0,0,16521,14234,14042,12738,10853,10740,3783,3381,3302,0,0,0,0,0,0,4.2,0.4,2.84,2.39,12664,76,21014,92,9,220,857,1383,1365,1500,87,13
"""490419751003""",,1.00,1155.00,485.00,3612.70,51,59,44,21,26,18,30,33,26,9.58,1.29,1.90,2,2,24219,21791,23958,1,2,1,13903,12138,14043,10347,8934,10525,3529,3176,3491,27,28,27,23,24,23,4.2,2.6,1.20,0.13,967,74,1030,79,23,52,1188,799,914,546,69,31
"""490490005043""","""Provo-Orem, UT""",1.00,1132.00,350.00,233.33,56,66,60,30,37,34,26,29,26,10.58,15.87,2.16,2,2,26829,24127,23633,0,0,0,16260,14157,14045,12349,10641,10601,3911,3516,3444,0,0,0,0,0,0,3.7,2.2,2.50,1.50,11015,97,13445,89,7,162,772,1543,1592,1308,83,17
"""490111251041""","""Ogden-Clearfield, UT""",1.00,2414.00,670.00,809.28,53,62,60,28,36,34,25,27,26,11.19,9.26,2.12,2,2,25466,22868,23495,1,1,1,15862,13661,14046,12125,10307,10600,3712,3332,3424,25,22,22,23,20,20,2.9,3.8,2.71,0.83,7208,91,6583,86,14,85,1122,1513,1578,1073,87,13
"""490490005051""","""Provo-Orem, UT""",1.00,1527.00,361.00,127.63,59,69,63,32,40,37,26,29,26,12.16,34.40,2.15,2,2,27093,24446,23973,0,0,0,16242,14151,14046,12293,10588,10553,3949,3562,3493,0,0,0,0,0,0,3.7,1.6,2.47,2.83,9504,100,10737,89,9,216,884,1666,1634,1783,79,21
"""490490101092""","""Provo-Orem, UT""",1.00,3404.00,821.00,1769.47,53,62,57,26,33,30,26,29,26,11.73,5.44,2.16,2,2,26923,24148,23581,1,0,0,16243,14172,14048,12308,10648,10607,3925,3519,3436,10,5,5,9,5,4,4.9,0.3,2.72,0.46,6299,55,7141,88,24,40,1269,1367,1346,1421,72,28
"""490111271004""","""Ogden-Clearfield, UT""",1.00,1624.00,405.00,296.31,52,61,58,27,34,32,25,27,26,11.30,15.45,2.15,2,2,24972,22358,22990,3,3,3,15966,13643,14052,12268,10331,10648,3640,3258,3350,58,54,55,52,49,50,2.2,3.7,2.39,1.37,10812,100,9309,87,8,157,792,1443,1443,,100,0
"""490490011051""","""Provo-Orem, UT""",1.00,1591.00,428.00,162.54,61,71,65,34,43,39,27,29,26,10.78,28.38,2.24,2,2,25922,23141,22581,2,1,1,16603,14270,14056,12791,10874,10744,3779,3372,3290,33,24,21,30,22,19,2.6,2.7,2.88,2.63,17267,92,31171,92,11,248,984,1756,1756,,97,3
"""490490005072""","""Provo-Orem, UT""",1.00,1118.00,293.00,114.49,52,61,56,26,33,30,26,29,26,12.06,30.86,2.17,2,2,27218,24377,23814,0,0,0,16359,14206,14063,12391,10654,10593,3968,3552,3470,0,0,0,0,0,0,3.3,2.5,2.68,2.56,9833,88,12609,89,8,240,860,1342,1342,,92,8
"""490111255032""","""Ogden-Clearfield, UT""",1.00,2850.00,707.00,338.72,51,59,57,26,32,31,25,27,26,11.70,24.42,2.14,2,2,25199,22608,23234,0,0,0,15913,13672,14064,12234,10373,10674,3673,3294,3385,6,6,5,5,5,5,3.2,2.2,2.34,2.09,12579,97,12553,89,10,174,865,1370,1391,1241,86,14
"""490190002001""",,1.00,784.00,371.00,6471.73,63,74,49,30,38,23,33,36,26,9.40,0.54,1.86,2,2,23632,21463,24296,0,0,0,13548,11956,14065,10104,8826,10525,3443,3128,3540,0,1,0,0,1,0,4.7,0.3,1.87,0.06,1312,61,2015,83,92,10,2354,1035,1290,810,47,53
"""490451312001""","""Salt Lake City, UT""",1.00,987.00,362.00,249.85,52,61,57,26,33,31,25,28,26,10.10,14.63,2.09,2,2,26306,23451,24152,1,0,0,15779,13699,14066,11940,10281,10545,3835,3417,3519,4,1,2,4,1,2,3.0,3.5,2.33,1.45,5576,80,4325,84,15,179,964,1373,1373,,91,9
"""490111258043""","""Ogden-Clearfield, UT""",1.00,2130.00,607.00,412.50,52,60,58,27,34,32,25,27,26,11.72,17.25,2.09,2,2,26112,23437,24084,0,0,0,15748,13723,14071,11937,10307,10561,3806,3415,3509,5,0,0,4,0,0,3.3,2.9,2.30,1.47,9445,96,7632,87,15,119,1165,1425,1509,1117,79,21
"""490111270041""","""Ogden-Clearfield, UT""",1.00,3896.00,1063.00,943.04,52,61,58,27,34,32,25,27,26,11.40,12.85,2.13,2,2,25605,22913,23565,1,1,1,15917,13682,14073,12163,10322,10619,3733,3339,3434,21,21,20,19,19,18,2.4,5.0,2.52,1.13,11048,92,16007,88,15,92,942,1446,1430,1685,94,6
"""490050004022""","""Logan, UT-ID""",1.00,1527.00,497.00,332.40,61,72,55,31,38,29,30,33,26,10.99,16.43,2.07,2,2,26101,23589,24236,0,0,0,15068,13426,14076,11264,9985,10542,3803,3437,3531,1,4,3,1,3,2,2.5,4.1,1.65,1.50,6240,92,9442,87,22,129,1234,1280,1367,778,85,15
"""490490005041""","""Provo-Orem, UT""",1.00,1478.00,392.00,214.78,52,61,55,26,32,29,26,29,26,11.31,20.64,2.15,2,2,27120,24345,23819,0,0,0,16239,14183,14076,12286,10636,10605,3953,3547,3471,0,0,0,0,0,0,3.9,1.6,2.08,1.83,11249,84,13071,89,14,143,1067,1318,1383,1069,79,21
"""490351128162""","""Salt Lake City, UT""",1.00,1024.00,328.00,322.21,75,89,83,48,60,55,27,29,28,11.35,11.55,2.24,2,2,26859,23984,24691,0,0,0,16705,14449,14870,12790,10954,11272,3915,3495,3598,0,0,0,0,0,0,1.1,2.7,1.14,1.02,10347,100,14777,89,25,125,1575,2480,2480,,100,0
"""490572102041""","""Ogden-Clearfield, UT""",1.00,2042.00,720.00,715.60,48,56,54,23,29,27,25,27,26,9.86,9.92,2.12,2,2,24925,22348,22970,3,3,3,15882,13699,14079,12112,10318,10606,3633,3256,3347,136,125,127,123,113,114,3.7,1.6,2.28,1.01,9032,82,5797,86,15,93,1123,1230,1316,855,81,19
"""490490102094""","""Provo-Orem, UT""",1.00,1716.00,403.00,403.54,66,79,72,40,50,46,26,29,26,12.04,12.02,2.13,2,2,27419,24751,24252,0,0,0,16154,14166,14083,12157,10559,10549,3997,3607,3534,0,0,0,0,0,0,3.9,2.1,1.08,1.00,7592,83,7761,87,24,124,1292,2067,2329,1428,71,29
"""490490009032""","""Provo-Orem, UT""",1.00,1040.00,296.00,168.36,55,64,59,28,35,33,27,29,26,11.12,19.55,2.24,2,2,25943,23451,23010,0,0,0,16553,14259,14084,12771,10842,10731,3782,3417,3353,0,0,0,0,0,0,3.6,1.4,2.64,1.76,12482,100,23848,92,10,191,841,1463,1495,1338,79,21
"""490572103042""","""Ogden-Clearfield, UT""",1.00,1128.00,466.00,685.61,50,58,56,25,31,30,25,27,26,8.95,6.08,2.12,2,2,25356,22479,23178,3,3,3,15909,13704,14090,12075,10316,10595,3696,3275,3377,138,114,118,124,102,107,3.7,1.9,1.12,0.68,8692,55,6474,87,27,73,1375,1329,1356,1095,89,11
"""490351151061""","""Salt Lake City, UT""",1.00,8567.00,2082.00,17642.12,64,76,71,37,46,42,28,30,29,12.88,1.52,2.31,2,2,27732,24894,25598,0,0,0,17233,15024,15433,13191,11396,11703,4042,3627,3730,0,0,0,0,0,0,0.8,1.4,3.20,0.12,4554,87,5484,86,93,14,1743,1901,1936,1407,93,7
"""490490007101""","""Provo-Orem, UT""",1.00,1725.00,415.00,127.59,62,72,66,35,43,40,27,29,26,11.72,38.13,2.25,2,2,26347,23593,23031,1,0,0,16673,14319,14102,12822,10878,10745,3841,3438,3356,10,3,1,9,3,1,3.0,1.7,3.19,3.25,12427,88,17986,91,9,296,869,1794,1805,1469,97,3
"""490399723003""",,1.00,1295.00,404.00,6531.77,55,65,51,25,31,23,30,34,28,11.04,0.68,2.08,2,2,25797,23116,25244,1,1,1,15122,13800,15083,11344,10415,11386,3759,3368,3678,19,17,19,16,15,16,2.2,0.9,0.73,0.06,805,76,1003,80,62,15,1853,1033,1085,779,83,17
"""490490102104""","""Provo-Orem, UT""",1.00,1082.00,261.00,1128.09,60,71,65,32,40,37,28,31,28,12.49,2.89,2.38,2,2,27831,25076,24502,0,0,0,17616,15280,15083,13559,11626,11513,4057,3654,3570,0,0,0,0,0,0,1.7,1.0,2.44,0.23,6389,100,7389,88,10,95,674,1642,1642,,100,0
"""490111260014""","""Ogden-Clearfield, UT""",1.00,1621.00,435.00,223.61,48,55,53,23,28,27,25,27,26,11.56,22.49,2.14,2,2,24847,22287,22905,5,5,5,15952,13712,14103,12226,10368,10668,3622,3248,3338,104,97,98,94,87,88,2.3,2.5,2.57,1.95,12664,100,15710,90,16,137,1128,1209,1199,1299,90,10
"""490532709023""","""St. George, UT""",1.00,3953.00,1075.00,2345.08,51,60,48,23,29,22,28,32,26,11.39,5.22,1.91,2,2,24946,22516,24638,0,0,0,14054,12796,14104,10419,9514,10514,3635,3281,3590,1,1,0,2,3,0,3.8,2.3,1.84,0.46,2547,87,2367,82,28,48,1053,977,1008,920,65,35
"""490111263043""","""Ogden-Clearfield, UT""",1.00,1831.00,496.00,251.57,56,65,63,31,39,37,25,27,26,11.53,22.73,2.15,2,2,25365,22779,23403,3,3,3,15999,13703,14107,12247,10336,10647,3697,3319,3410,55,48,49,49,43,45,2.3,2.6,2.72,1.97,7432,95,7018,86,11,165,932,1642,1649,1519,95,5
"""490111264041""","""Ogden-Clearfield, UT""",1.00,4797.00,1482.00,3032.12,69,82,78,44,55,52,25,27,26,11.22,5.48,2.14,2,2,25827,23263,23882,0,0,0,15957,13718,14110,12192,10329,10630,3765,3390,3480,0,0,0,0,0,0,1.8,6.4,1.60,0.49,10221,88,13838,87,47,38,1633,2348,2348,,89,11
"""490490101081""","""Provo-Orem, UT""",1.00,1722.00,496.00,1179.74,58,68,63,32,40,36,26,29,26,10.81,4.54,2.19,2,2,26213,23696,23216,4,3,3,16386,14254,14114,12499,10741,10674,3821,3453,3383,66,60,57,59,54,51,3.9,1.3,3.22,0.42,5827,77,11356,89,26,38,1574,1636,1808,1197,72,28
"""490070002002""","""Price, UT""",1.00,1271.00,472.00,2702.82,59,69,52,28,34,24,31,34,28,10.89,1.90,2.03,2,2,25221,22654,25621,0,0,0,14742,12900,15085,11064,9597,11349,3675,3302,3733,2,1,3,2,1,3,1.5,1.9,1.91,0.17,1855,94,1893,82,56,21,1754,1076,1125,821,84,16
"""490490102111""","""Provo-Orem, UT""",1.00,1371.00,295.00,1808.01,71,84,77,43,54,49,28,31,28,12.77,2.08,2.30,2,2,28698,25949,25398,0,0,0,17294,15200,15086,13111,11419,11385,4183,3781,3701,0,0,0,0,0,0,1.9,2.2,1.11,0.16,4715,98,5632,86,27,41,1072,2214,2299,1643,87,13
"""490519602001""","""Heber, UT""",1.00,2063.00,589.00,989.59,49,57,56,24,31,30,24,26,26,10.99,6.54,2.12,2,2,26839,24216,24364,0,0,0,16035,14045,14128,12123,10517,10578,3912,3529,3550,0,0,0,0,0,0,4.3,1.2,2.03,0.60,4116,84,5384,86,15,97,899,1357,1528,990,68,32
"""490050014023""","""Logan, UT-ID""",1.00,668.00,218.00,305.74,57,67,52,27,34,25,30,34,26,10.97,7.82,2.07,2,2,25908,23279,23938,1,1,1,15054,13493,14129,11257,10080,10620,3775,3392,3488,21,21,21,18,18,18,3.7,1.9,1.22,0.71,2998,76,3626,84,13,77,928,1137,1137,,84,16
"""490351130171""","""Salt Lake City, UT""",1.00,1128.00,285.00,150.07,58,68,64,33,41,38,26,28,26,11.54,21.92,2.15,2,2,25225,22620,23228,1,1,1,15958,13721,14130,12259,10405,10725,3677,3296,3385,21,20,20,19,18,18,2.8,2.7,2.45,1.90,14347,100,16992,90,13,149,1181,1692,1709,1571,87,13
"""490111262021""","""Ogden-Clearfield, UT""",1.00,9167.00,2569.00,6901.77,56,66,63,31,39,37,25,27,26,11.29,4.20,2.12,2,2,25802,23196,23826,3,3,3,15946,13755,14136,12130,10325,10614,3761,3380,3472,55,50,51,50,45,46,3.3,2.7,2.84,0.37,4883,64,5653,86,37,33,2392,1655,1769,1058,84,16
"""490050004012""","""Logan, UT-ID""",1.00,1629.00,425.00,732.94,49,58,44,19,24,18,30,34,26,11.54,6.69,2.08,2,2,25958,23463,24113,0,0,0,15085,13500,14141,11302,10077,10625,3782,3419,3514,0,3,3,0,3,2,2.4,4.6,1.22,0.58,7688,91,13522,88,37,64,1522,815,,815,80,20
"""490572106002""","""Ogden-Clearfield, UT""",1.00,1681.00,509.00,399.81,52,60,58,27,33,32,25,27,26,10.35,13.18,2.12,2,2,24656,22109,22724,7,7,7,16002,13753,14147,12113,10248,10550,3594,3222,3311,296,283,285,267,255,257,1.8,5.5,2.30,1.27,13415,100,14670,88,18,109,1124,1419,1419,,95,5
"""490451308003""","""Salt Lake City, UT""",1.00,967.00,282.00,1142.03,49,57,53,24,29,27,25,28,26,11.29,2.79,2.08,2,2,26608,23908,24566,2,1,1,15781,13809,14148,11895,10319,10562,3879,3484,3580,7,6,6,6,5,6,3.1,2.5,0.88,0.25,2178,63,1897,81,114,27,2646,1219,1353,899,71,29
"""490479683022""","""Vernal, UT""",1.00,1398.00,428.00,2013.77,52,61,61,27,33,33,25,28,28,12.42,2.64,2.25,2,2,28142,25308,25883,1,0,0,16959,14921,15181,12844,11230,11406,4102,3688,3772,13,3,4,11,3,4,0.9,2.5,0.64,0.21,1926,87,1920,82,106,25,2141,1485,1531,1125,89,11
"""490490105052""","""Provo-Orem, UT""",1.00,651.00,238.00,492.45,46,54,49,20,25,23,26,29,26,10.11,4.89,2.18,2,2,26764,23833,23182,2,1,1,16377,14293,14155,12446,10805,10766,3901,3473,3378,29,15,12,26,14,11,5.6,0.0,1.49,0.48,3111,38,2114,85,14,96,1036,1022,1020,1031,79,21
"""490490007102""","""Provo-Orem, UT""",1.00,1102.00,323.00,165.51,68,81,74,42,52,48,27,29,26,11.04,21.54,2.24,2,2,26423,23704,23159,1,1,1,16656,14355,14158,12782,10884,10768,3852,3454,3375,22,17,16,20,15,14,3.2,1.5,2.35,1.95,11368,87,16671,90,10,205,953,2144,2241,1075,92,8
"""490532715002""","""St. George, UT""",1.00,3107.00,950.00,3806.38,63,75,59,35,44,33,28,32,26,10.58,2.64,1.95,2,2,24595,22149,24261,0,1,0,14212,12831,14161,10626,9601,10624,3584,3227,3535,2,4,2,5,9,5,3.1,3.5,1.30,0.25,4552,85,5470,85,46,36,1462,1479,1622,1157,69,31
"""490111263042""","""Ogden-Clearfield, UT""",1.00,2331.00,658.00,324.16,57,67,64,32,40,38,25,27,26,11.45,23.23,2.16,2,2,25397,22689,23345,2,2,2,16074,13756,14164,12325,10411,10722,3702,3306,3402,47,39,41,43,35,37,2.5,2.1,2.64,2.03,8862,85,9340,88,12,172,984,1704,1704,,99,1
"""490490102152""","""Provo-Orem, UT""",1.00,1877.00,496.00,365.82,58,68,62,31,39,36,27,29,26,11.44,15.52,2.21,2,2,26826,24127,23597,0,0,0,16507,14322,14166,12597,10806,10728,3910,3516,3438,0,0,0,0,0,0,3.7,1.3,1.73,1.36,10812,81,12006,89,18,138,1126,1623,1623,,80,20
"""490111270032""","""Ogden-Clearfield, UT""",1.00,4176.00,1277.00,5578.75,54,64,61,29,37,35,25,27,26,11.63,2.66,2.13,2,2,26173,23468,24124,1,1,1,15973,13789,14170,12139,10350,10635,3815,3420,3515,19,20,19,17,18,17,2.9,4.4,2.21,0.23,6762,68,9233,87,40,23,1917,1564,1599,1336,87,13
"""490490006012""","""Provo-Orem, UT""",1.00,1629.00,403.00,666.42,53,62,57,27,33,31,27,29,26,11.68,7.06,2.23,2,2,26237,23676,23188,1,1,1,16549,14337,14170,12708,10873,10779,3825,3450,3379,17,14,13,15,13,11,3.0,2.7,1.04,0.60,11017,88,19963,90,29,78,1461,1376,1514,865,79,21
"""490050014022""","""Logan, UT-ID""",1.00,1409.00,357.00,1402.94,57,67,51,27,34,25,30,34,26,11.61,2.96,2.05,2,2,26314,23734,24374,1,1,1,15010,13552,14170,11158,10074,10599,3834,3458,3552,18,19,20,16,16,17,3.8,1.6,1.53,0.25,1938,65,2382,83,43,27,1446,1128,1267,757,73,27
"""490351130142""","""Salt Lake City, UT""",1.00,2902.00,751.00,368.47,55,64,60,29,36,34,26,28,26,11.90,24.26,2.16,2,2,25364,22600,23269,0,0,0,16011,13745,14174,12310,10452,10783,3697,3293,3391,4,0,0,4,0,0,2.7,2.8,2.05,2.04,14993,89,20076,90,15,154,1034,1511,1521,1350,94,6
"""490351146002""","""Salt Lake City, UT""",1.00,2921.00,825.00,391.65,58,68,64,32,40,37,26,28,26,11.80,24.85,2.15,2,2,25453,22798,23424,0,0,0,16006,13767,14180,12295,10445,10767,3710,3322,3413,0,0,0,0,0,0,2.7,2.8,2.21,2.11,14394,97,21642,91,16,160,1141,1670,1670,,88,12
"""490111259051""","""Ogden-Clearfield, UT""",1.00,1132.00,378.00,408.61,60,71,68,35,44,42,25,27,26,11.48,10.62,2.15,2,2,25511,22990,23598,1,1,1,16028,13790,14181,12297,10427,10729,3719,3350,3438,13,14,13,12,12,12,2.4,3.6,1.82,0.93,10682,100,9143,87,19,103,1083,1867,1867,,86,14
"""490351128132""","""Salt Lake City, UT""",1.00,1161.00,373.00,367.97,,,,,,,26,28,26,11.72,11.88,2.12,2,2,25900,22906,23641,0,0,0,15914,13803,14184,12127,10465,10738,3775,3338,3445,11,0,1,10,0,1,2.1,5.4,2.21,1.01,16081,89,18576,89,18,120,1093,,,,98,2
"""490190002003""",,1.00,1147.00,496.00,1507.20,62,72,48,29,36,22,33,36,26,9.25,3.04,1.87,2,2,23384,20752,24188,0,0,1,13583,11809,14185,10168,8781,10650,3407,3025,3524,7,3,11,6,3,9,4.3,0.6,3.65,0.33,1511,56,1890,83,26,35,1493,991,1004,947,78,22
"""490490102102""","""Provo-Orem, UT""",1.00,1841.00,410.00,259.59,66,78,72,40,50,46,27,29,26,12.34,19.49,2.21,2,2,26707,23957,23435,0,0,0,16487,14322,14188,12594,10831,10773,3893,3491,3415,0,0,0,0,0,0,3.7,0.7,1.81,1.58,9021,94,9147,89,5,153,596,2044,2044,,90,10
"""490351128202""","""Salt Lake City, UT""",1.00,4111.00,1154.00,656.55,67,79,74,41,51,47,26,28,26,11.71,20.58,2.13,2,2,26014,23240,23912,0,0,0,15981,13789,14189,12178,10398,10699,3792,3386,3484,11,4,6,10,4,5,3.0,2.7,2.75,1.76,9015,86,10794,88,16,109,1077,2125,2179,1685,89,11
"""490351128142""","""Salt Lake City, UT""",1.00,2462.00,749.00,875.33,79,95,88,53,67,62,26,28,26,11.31,9.68,2.12,2,2,26192,23355,24033,0,0,0,15915,13836,14197,12095,10433,10695,3818,3403,3502,2,0,0,2,0,0,2.2,5.4,1.23,0.86,12846,98,14432,88,18,79,1269,2771,2949,986,91,9
"""490490102153""","""Provo-Orem, UT""",1.00,1761.00,357.00,373.91,63,74,68,36,45,42,27,29,26,12.99,12.41,2.20,2,2,26895,24008,23441,0,0,0,16467,14341,14208,12546,10842,10792,3921,3498,3416,0,0,0,0,0,0,3.9,1.1,1.47,0.95,12275,81,16018,90,8,132,757,1873,1873,,90,10
"""490490104041""","""Provo-Orem, UT""",1.00,2693.00,555.00,200.10,55,64,59,28,35,32,27,29,26,12.52,34.71,2.19,2,2,27258,24532,23997,0,0,0,16475,14337,14208,12495,10763,10711,3973,3575,3497,6,0,0,5,0,0,3.4,0.8,3.11,2.77,7588,92,5219,86,9,247,832,1453,1444,1507,86,14
"""490490002052""","""Provo-Orem, UT""",1.00,2130.00,531.00,251.85,57,67,62,31,38,35,27,29,26,11.91,25.11,2.21,2,2,26778,24035,23531,0,0,0,16509,14340,14209,12605,10837,10780,3903,3502,3429,0,0,0,0,0,0,3.6,0.6,2.60,2.11,10380,99,12490,90,5,188,556,1584,1612,1347,89,11
"""490111259062""","""Ogden-Clearfield, UT""",1.00,1988.00,659.00,905.87,59,69,66,33,42,40,25,27,26,10.39,7.56,2.16,2,2,25573,22884,23535,1,1,1,16072,13815,14209,12321,10460,10759,3728,3334,3429,23,21,21,21,19,19,2.7,3.1,1.80,0.73,10381,82,8940,87,19,81,1302,1777,1870,729,92,8
"""490039603004""","""Ogden-Clearfield, UT""",1.00,1238.00,445.00,382.14,43,50,48,18,23,21,25,27,26,9.52,11.08,2.10,2,2,26622,23919,24574,0,0,0,15881,13864,14211,12001,10379,10630,3881,3485,3581,0,0,0,0,0,0,3.9,0.9,1.99,1.16,2591,81,3518,85,14,119,1101,960,1152,313,77,23
"""490111261012""","""Ogden-Clearfield, UT""",1.00,1286.00,409.00,427.51,57,67,64,32,40,38,25,27,26,10.57,10.11,2.17,2,2,25382,22766,23398,1,1,1,16097,13813,14213,12378,10478,10786,3700,3317,3409,19,17,17,17,15,16,2.3,3.5,2.17,0.96,10798,100,10235,87,11,116,982,1686,1686,,94,6
"""490490105062""","""Provo-Orem, UT""",1.00,571.00,199.00,149.72,47,54,49,20,25,23,27,29,26,10.11,13.44,2.21,2,2,26058,23462,22970,1,1,1,16415,14318,14213,12596,10886,10855,3798,3419,3347,20,13,11,18,12,10,5.4,0.0,2.10,1.33,3249,72,2093,85,6,192,767,1033,1148,745,71,29
"""490490002062""","""Provo-Orem, UT""",1.00,1814.00,467.00,234.27,57,67,61,30,38,35,27,29,26,11.85,23.63,2.18,2,2,27228,24504,24012,0,0,0,16408,14319,14213,12439,10749,10715,3969,3570,3499,0,0,0,0,0,0,3.7,1.0,2.36,1.99,10995,95,15156,90,10,213,851,1571,1643,1291,79,21
"""490572102011""","""Ogden-Clearfield, UT""",1.00,2404.00,654.00,358.18,56,65,63,31,38,36,25,27,26,11.72,21.39,2.15,2,2,25269,22684,23309,3,3,3,16058,13825,14215,12251,10411,10707,3683,3305,3396,124,109,112,111,99,101,2.6,1.8,2.06,1.83,6554,100,4162,85,9,186,843,1627,1648,1423,91,9
"""490351130112""","""Salt Lake City, UT""",1.00,1229.00,322.00,622.60,71,84,78,45,56,52,26,28,26,12.13,6.28,2.16,2,2,25172,22406,23077,0,0,0,16018,13809,14220,12349,10544,10857,3669,3265,3363,0,0,0,0,0,0,2.9,3.4,1.14,0.52,15173,86,23861,91,17,78,1059,2326,2326,,91,9
"""490490006032""","""Provo-Orem, UT""",1.00,1350.00,327.00,345.46,62,73,67,35,44,41,26,29,26,12.22,11.56,2.16,2,2,27371,24633,24128,0,0,0,16329,14311,14221,12339,10722,10705,3990,3589,3516,0,0,0,0,0,0,3.6,2.0,1.15,0.95,10802,87,14634,90,22,98,1414,1823,2065,1099,75,25
"""490490034034""","""Provo-Orem, UT""",1.00,924.00,243.00,178.68,51,59,54,24,30,27,27,29,26,10.75,14.62,2.23,2,2,26070,23442,22949,2,1,1,16556,14365,14225,12725,10925,10859,3800,3416,3344,30,24,21,27,22,19,5.0,0.0,3.47,1.36,5139,76,5090,88,7,179,657,1234,1368,806,76,24
"""490490032052""","""Provo-Orem, UT""",1.00,1248.00,306.00,118.70,52,60,55,25,31,29,27,29,26,12.19,31.42,2.21,2,2,27068,24320,23783,1,0,0,16563,14371,14225,12604,10822,10756,3946,3544,3466,13,6,4,12,5,4,3.0,1.0,3.23,2.58,8372,100,6700,87,6,248,672,1288,1288,,94,6
"""490490034024""","""Provo-Orem, UT""",1.00,900.00,321.00,161.48,52,60,55,25,31,29,27,29,26,10.40,20.68,2.23,2,2,26864,24189,23655,1,1,1,16657,14401,14228,12719,10862,10769,3916,3525,3447,22,14,12,20,13,11,3.5,0.6,2.64,1.99,5201,87,5049,86,9,214,868,1297,1297,,87,13
"""490490030013""","""Provo-Orem, UT""",1.00,2118.00,503.00,299.46,54,63,58,27,34,31,27,29,26,11.96,20.10,2.24,2,2,26463,23879,23387,0,0,0,16674,14402,14229,12815,10922,10821,3858,3479,3408,1,0,0,1,0,0,4.1,0.2,2.76,1.68,7360,84,9083,89,10,175,943,1410,1366,1588,80,20
"""490490102182""","""Provo-Orem, UT""",1.00,619.00,160.00,244.20,72,86,79,44,55,51,28,31,28,12.77,8.37,2.34,2,2,28121,25333,24769,0,0,0,17436,15160,14979,13337,11468,11370,4099,3691,3609,0,0,0,0,0,0,1.6,1.3,0.78,0.66,8899,100,11015,89,22,92,1298,2283,2283,,94,6
"""490351139031""","""Salt Lake City, UT""",1.00,3310.00,940.00,656.79,51,59,55,25,31,29,26,28,26,11.64,16.67,2.12,2,2,26546,23641,24349,0,0,0,15961,13863,14237,12087,10418,10689,3870,3445,3548,5,0,0,4,0,0,1.8,5.5,2.57,1.43,10999,94,12099,87,23,109,1244,1299,1299,1298,95,5
"""490451307021""","""Salt Lake City, UT""",1.00,3637.00,916.00,522.34,53,62,58,27,34,32,26,28,26,12.16,21.33,2.14,2,2,26256,23687,24292,1,1,1,16032,13854,14237,12201,10400,10694,3827,3451,3540,4,3,3,3,2,3,2.6,2.2,2.70,1.75,4144,100,3331,84,14,146,1083,1423,1423,,85,15
"""490490001032""","""Provo-Orem, UT""",1.00,882.00,221.00,466.94,55,64,59,28,35,32,27,29,26,11.73,5.55,2.24,2,2,25934,23304,22786,4,3,3,16647,14411,14239,12802,10957,10863,3780,3396,3320,65,58,56,58,53,51,3.7,0.9,2.43,0.47,9244,83,14847,90,10,98,1001,1443,1443,,86,14
"""490572102013""","""Ogden-Clearfield, UT""",1.00,1290.00,376.00,164.02,50,58,55,24,31,29,25,27,26,11.06,25.35,2.14,2,2,25315,22726,23351,4,4,4,16070,13853,14240,12211,10388,10681,3690,3311,3403,169,153,156,152,138,140,2.6,1.6,2.34,2.29,7260,98,4720,85,12,148,993,1301,1295,1354,89,11
"""490490002061""","""Provo-Orem, UT""",1.00,1659.00,423.00,260.54,57,66,61,30,37,34,27,29,26,11.66,18.93,2.25,2,2,26598,23820,23259,0,0,0,16697,14428,14243,12819,10957,10854,3877,3471,3389,0,0,0,0,0,0,3.4,1.0,2.70,1.62,10732,83,15712,90,11,173,972,1537,1520,1696,91,9
"""490351128173""","""Salt Lake City, UT""",1.00,597.00,174.00,596.22,,,,,,,27,30,28,12.13,3.54,2.31,2,2,26272,23396,24102,0,0,0,17018,14750,15177,13188,11341,11665,3830,3409,3512,0,0,0,0,0,0,0.9,2.6,1.30,0.29,14560,100,33000,92,37,46,1467,,,,100,0
"""490572112012""","""Ogden-Clearfield, UT""",1.00,1091.00,297.00,386.87,59,69,66,34,42,40,25,27,26,12.03,9.24,2.15,2,2,26179,23537,24176,0,0,0,16087,13866,14253,12258,10428,10721,3816,3430,3523,14,9,9,12,8,8,1.4,6.0,1.00,0.77,8265,100,8662,85,32,92,1446,1788,1788,,92,8
"""490351129211""","""Salt Lake City, UT""",1.00,1248.00,319.00,223.78,56,66,62,31,38,35,26,28,26,11.48,16.37,2.16,2,2,24614,21952,22587,6,6,6,16056,13838,14254,12324,10501,10823,3588,3199,3291,144,138,140,130,125,126,1.9,4.0,2.25,1.43,19212,100,25139,91,22,143,1280,1589,1549,2133,93,7
"""490351128192""","""Salt Lake City, UT""",1.00,4855.00,1231.00,749.67,69,82,76,43,54,50,26,28,26,11.84,19.44,2.16,2,2,25445,22698,23355,2,2,2,16077,13851,14259,12319,10503,10813,3709,3307,3403,49,40,42,44,36,38,2.4,2.9,1.87,1.64,12588,98,22814,91,12,148,933,2234,2335,830,93,7
"""490490032032""","""Provo-Orem, UT""",1.00,1156.00,284.00,129.88,56,65,60,29,36,33,27,29,26,12.24,26.76,2.20,2,2,27289,24568,24040,0,0,0,16558,14394,14259,12576,10814,10756,3978,3580,3503,4,0,0,3,0,0,3.0,1.3,2.56,2.19,7956,100,6410,87,7,232,769,1489,1489,,90,10
"""490211107012""","""Cedar City, UT""",1.00,4020.00,1177.00,1081.67,73,86,59,40,50,33,33,36,26,11.52,12.53,1.97,2,2,25827,23237,24796,0,0,0,14469,12572,14259,10705,9185,10646,3763,3387,3613,0,0,0,0,0,0,2.7,3.2,1.85,1.09,4247,95,4148,84,18,99,1119,1462,1492,1313,83,17
"""490039603005""","""Ogden-Clearfield, UT""",1.00,1894.00,603.00,1699.59,45,52,50,20,25,23,25,27,26,11.06,3.92,2.10,2,2,26662,23725,24440,0,0,0,15885,13932,14262,11984,10474,10701,3886,3457,3561,14,0,0,13,0,0,4.4,0.2,2.36,0.35,2241,47,2622,85,49,38,1954,1047,1177,674,74,26
"""490490007092""","""Provo-Orem, UT""",1.00,1500.00,399.00,326.44,62,73,67,35,44,40,27,29,26,11.12,13.59,2.25,2,2,26337,23649,23121,2,1,1,16728,14451,14265,12861,10980,10871,3839,3446,3369,28,25,26,25,23,23,2.7,2.4,2.47,1.22,14220,94,21146,91,14,171,981,1810,1885,1141,90,10
"""490351146003""","""Salt Lake City, UT""",1.00,2404.00,776.00,342.09,59,69,65,33,41,38,26,28,26,10.82,24.55,2.16,2,2,25787,22843,23573,0,0,0,16098,13839,14274,12339,10511,10839,3759,3329,3435,0,0,0,0,0,0,2.6,2.6,2.54,2.27,14089,80,24704,91,16,152,1256,1713,1713,,98,2
"""490490102083""","""Provo-Orem, UT""",1.00,1384.00,303.00,383.04,66,78,72,38,48,44,28,30,28,13.32,10.53,2.32,2,2,28111,25339,24771,0,0,0,17322,15057,14878,13224,11365,11268,4098,3692,3609,0,0,0,0,0,0,1.5,1.9,1.02,0.79,8204,100,9218,88,24,92,1393,1972,1991,1646,94,6
"""490351128161""","""Salt Lake City, UT""",1.00,1985.00,492.00,642.90,68,81,75,42,53,49,26,28,26,11.40,8.73,2.15,2,2,24557,21989,22593,7,6,7,16024,13897,14276,12273,10531,10819,3580,3204,3292,172,162,165,155,146,149,2.7,2.8,0.99,0.77,12600,93,19575,90,24,118,1264,2183,2461,852,83,17
"""490451308004""","""Salt Lake City, UT""",1.00,1057.00,324.00,1285.27,49,57,53,23,29,27,26,28,26,11.26,2.84,2.11,2,2,26703,24060,24696,1,1,1,15943,13936,14276,12045,10425,10673,3892,3506,3598,6,5,5,5,4,5,3.1,2.2,1.42,0.25,1951,72,1787,81,64,33,1787,1201,1463,530,72,28
"""490070002003""","""Price, UT""",1.00,1230.00,525.00,2370.73,54,62,47,24,30,21,30,33,26,9.92,2.20,1.92,2,2,24014,21370,24416,1,0,1,13940,12202,14278,10429,9079,10707,3499,3115,3558,12,8,14,10,7,12,4.2,0.3,1.49,0.22,1346,55,1196,81,52,37,1696,930,979,813,70,30
"""490490034033""","""Provo-Orem, UT""",1.00,1384.00,430.00,149.14,48,56,51,21,27,24,27,29,26,10.38,29.94,2.24,2,2,26628,23884,23338,1,0,0,16671,14442,14279,12773,10956,10876,3882,3480,3401,17,6,2,15,5,2,4.8,0.0,3.63,2.88,5338,69,4987,88,9,229,772,1095,1075,1178,81,19
"""490351130173""","""Salt Lake City, UT""",1.00,2409.00,655.00,304.26,55,65,61,30,37,34,26,28,26,11.86,25.54,2.16,2,2,25688,22942,23600,1,1,1,16120,13856,14279,12354,10497,10824,3744,3343,3439,22,16,17,19,15,15,2.3,2.7,2.35,2.15,13241,96,15822,90,14,154,1062,1530,1530,,94,6
"""490532717011""","""St. George, UT""",1.00,3034.00,1043.00,1141.65,60,71,56,32,39,30,28,32,27,10.55,9.64,1.99,2,2,24803,22136,24377,0,0,0,14424,12919,14281,10810,9694,10729,3614,3226,3552,0,0,0,0,0,0,1.9,4.8,1.96,0.91,7047,94,9572,86,29,71,1443,1333,1301,1594,89,11
"""490532709011""","""St. George, UT""",1.00,3892.00,1227.00,24108.97,61,73,58,31,38,29,30,35,29,10.60,0.54,2.13,2,2,26299,23815,25905,1,1,1,15428,14206,15444,11590,10730,11662,3832,3470,3775,6,7,6,15,16,16,1.2,0.6,1.59,0.05,639,92,702,79,173,8,2961,1300,1412,999,73,27
"""490490021012""","""Provo-Orem, UT""",1.00,995.00,249.00,129.43,68,80,73,41,51,47,27,29,27,11.37,21.88,2.27,2,2,26068,23366,22826,2,2,2,16819,14489,14283,12986,11055,10927,3800,3405,3326,33,30,30,30,27,27,2.3,2.3,2.24,1.92,17311,100,24895,91,12,168,922,2107,2107,,96,4
"""490490001042""","""Provo-Orem, UT""",1.00,2270.00,597.00,369.40,56,65,60,29,36,33,27,29,27,11.29,18.24,2.25,2,2,26344,23701,23193,1,0,0,16720,14456,14283,12870,11000,10903,3840,3453,3380,10,3,1,9,3,0,3.5,0.4,2.23,1.62,9606,91,10874,90,10,155,1025,1491,1562,1100,85,15
"""490351130101""","""Salt Lake City, UT""",1.00,1144.00,302.00,219.86,53,62,58,27,34,32,26,28,27,12.07,16.58,2.14,2,2,25936,22972,23685,0,0,0,15993,13922,14287,12212,10575,10836,3781,3347,3451,0,0,0,0,0,0,2.5,3.6,1.71,1.37,17712,88,25498,91,24,111,1463,1423,1423,,90,10
"""490451310011""","""Salt Lake City, UT""",1.00,2949.00,738.00,742.42,52,60,56,26,32,30,26,28,27,12.21,12.14,2.15,2,2,26129,23333,24019,1,1,1,16062,13893,14289,12246,10489,10784,3809,3400,3500,7,4,5,6,4,4,2.5,2.9,2.39,0.99,6155,85,5009,85,20,89,1057,1331,1332,1322,91,9
"""490111261014""","""Ogden-Clearfield, UT""",1.00,826.00,335.00,250.16,51,59,57,25,32,30,25,27,27,9.05,12.12,2.18,2,2,25689,22962,23623,1,1,1,16187,13885,14289,12419,10519,10826,3745,3346,3442,24,20,20,21,18,18,2.0,3.3,2.23,1.34,9325,100,8499,87,9,159,888,1355,1355,,100,0
"""490351130174""","""Salt Lake City, UT""",1.00,2296.00,551.00,320.88,53,62,58,27,34,31,26,28,27,12.34,21.19,2.17,2,2,25752,23018,23673,1,0,0,16133,13871,14291,12363,10506,10830,3754,3354,3449,16,11,12,14,10,10,2.5,2.3,2.24,1.72,11522,94,13910,89,13,135,968,1402,1402,,93,7
"""490490009042""","""Provo-Orem, UT""",1.00,1110.00,335.00,182.73,58,68,62,31,38,35,27,29,27,10.86,19.91,2.28,2,2,26372,23639,23088,0,0,0,16873,14512,14292,13025,11068,10928,3844,3445,3364,3,0,0,3,0,0,2.6,1.7,2.42,1.83,14682,90,27128,92,13,231,1053,1580,1609,925,96,4
"""490111261041""","""Ogden-Clearfield, UT""",1.00,3452.00,879.00,1357.93,65,77,73,39,48,46,26,28,28,12.69,8.21,2.23,2,2,26983,23993,24721,1,0,0,16652,14512,14879,12704,11011,11270,3933,3496,3602,16,5,7,14,4,6,1.5,2.3,1.21,0.65,9305,94,9684,88,20,63,1160,2055,2055,,100,0
"""490351130102""","""Salt Lake City, UT""",1.00,1641.00,460.00,401.54,59,70,65,34,42,39,26,28,27,11.31,12.96,2.17,2,2,25081,22377,23024,1,1,1,16094,13886,14294,12404,10594,10908,3656,3261,3355,34,31,31,31,28,28,2.0,4.1,1.50,1.15,18320,100,28724,91,25,116,1362,1741,1741,,91,9
"""490111251031""","""Ogden-Clearfield, UT""",1.00,2716.00,714.00,1741.09,58,68,65,32,41,38,25,27,27,11.57,4.74,2.16,2,2,25975,23298,23946,0,0,0,16099,13917,14296,12312,10522,10807,3786,3395,3489,0,0,0,0,0,0,2.1,5.3,1.37,0.41,9343,96,10330,87,23,42,1573,1724,1815,985,89,11
"""490490105053""","""Provo-Orem, UT""",1.00,1196.00,291.00,340.18,53,62,57,26,32,29,28,30,28,11.82,10.11,2.31,2,2,27343,24685,24162,1,0,0,17188,15010,14880,13191,11408,11355,3986,3597,3521,11,6,4,10,5,4,3.7,0.0,1.68,0.86,3016,88,2059,85,9,115,800,1323,1323,,82,18
"""490111260022""","""Ogden-Clearfield, UT""",1.00,2380.00,649.00,620.42,49,57,55,24,30,28,25,27,27,11.07,11.58,2.18,2,2,25256,22601,23243,2,2,2,16174,13905,14301,12457,10583,10884,3682,3293,3387,35,29,30,32,26,27,2.6,1.7,2.21,1.05,12684,89,18139,91,18,74,1135,1262,1313,792,90,10
"""490351130084""","""Salt Lake City, UT""",1.00,1614.00,398.00,308.31,58,68,64,32,40,37,26,28,27,11.85,15.30,2.17,2,2,25413,22585,23259,1,1,1,16109,13905,14305,12378,10595,10895,3704,3291,3389,27,19,21,24,17,19,2.4,3.3,2.03,1.29,16893,100,19662,90,12,166,1010,1673,1673,,94,6
"""490572103031""","""Ogden-Clearfield, UT""",1.00,2580.00,823.00,1961.15,56,65,62,29,36,35,26,29,28,11.24,4.72,2.26,2,2,26873,24182,24834,1,1,1,16851,14616,15000,12887,11057,11344,3917,3524,3619,47,35,37,42,31,33,1.0,1.8,1.98,0.42,4621,97,3372,84,46,40,1382,1550,1566,1321,93,7
"""490532705002""","""St. George, UT""",1.00,2902.00,776.00,508.96,67,80,63,38,48,36,28,32,27,11.24,17.14,1.99,2,2,24456,21834,24051,1,1,1,14411,12930,14313,10842,9744,10803,3564,3182,3505,6,5,5,14,12,13,2.7,1.7,2.07,1.52,4471,98,3019,84,9,177,815,1620,1672,1146,90,10
"""490490101112""","""Provo-Orem, UT""",1.00,3050.00,827.00,339.38,57,66,61,30,37,34,27,29,27,11.23,27.36,2.22,2,2,27383,24415,23788,0,0,0,16645,14471,14313,12650,10914,10847,3992,3558,3466,3,0,0,3,0,0,3.8,0.3,2.69,2.44,7744,70,7502,88,9,179,848,1533,1551,1174,95,5
"""490490102191""","""Provo-Orem, UT""",1.00,1701.00,468.00,413.58,66,78,72,39,49,45,27,29,27,11.27,12.75,2.23,2,2,27214,24422,23853,0,0,0,16673,14475,14313,12706,10917,10837,3967,3559,3476,0,0,0,0,0,0,3.6,0.9,1.10,1.13,8676,77,10005,89,16,99,1009,2025,2189,1042,86,14
"""490490102143""","""Provo-Orem, UT""",1.00,1527.00,364.00,157.23,55,64,59,28,35,32,27,29,27,12.07,27.95,2.27,2,2,26496,23824,23303,0,0,0,16802,14500,14315,12939,11029,10919,3862,3471,3396,0,0,0,0,0,0,3.1,0.4,3.20,2.32,8809,95,10461,89,8,209,882,1449,1449,,90,10
"""490490101091""","""Provo-Orem, UT""",1.00,3244.00,841.00,1398.27,53,62,56,26,32,30,27,29,27,11.68,7.03,2.20,2,2,27502,24710,24125,0,0,0,16573,14457,14315,12561,10856,10800,4009,3600,3515,3,0,0,3,0,0,4.1,0.3,3.07,0.60,5280,61,5640,87,31,49,1324,1337,1385,1171,78,22
"""490479402015""","""Vernal, UT""",1.00,1149.00,344.00,14469.86,44,52,52,19,24,24,25,28,28,11.93,0.28,2.21,2,2,27919,25006,25588,1,1,1,16703,14759,15001,12610,11103,11259,4070,3644,3728,23,12,14,20,10,12,1.2,5.2,0.05,0.02,934,66,2071,80,241,8,3530,1065,1025,1304,86,14
"""490490101043""","""Provo-Orem, UT""",1.00,2913.00,690.00,1501.17,54,63,58,26,33,30,28,31,28,12.44,5.72,2.30,2,2,28121,25530,25030,0,0,0,17250,15120,15002,13151,11399,11355,4099,3720,3647,0,0,0,0,0,0,2.4,0.2,3.50,0.46,4182,100,3107,85,26,47,1081,1351,1333,1415,78,22
"""490572102012""","""Ogden-Clearfield, UT""",1.00,1025.00,280.00,191.51,53,62,59,27,34,32,25,27,27,10.72,15.67,2.16,2,2,25135,22522,23154,4,4,4,16170,13934,14324,12333,10493,10788,3664,3282,3374,173,160,162,156,144,146,2.6,1.5,2.23,1.46,8110,100,5343,86,9,173,769,1459,1459,,92,8
"""490532717012""","""St. George, UT""",1.00,6095.00,1607.00,2742.88,77,93,72,48,61,46,28,32,27,11.77,6.90,1.97,2,2,25198,22474,24787,0,0,0,14385,12986,14331,10713,9712,10719,3672,3275,3612,0,0,0,0,0,0,2.4,4.6,1.73,0.59,5311,96,7779,86,16,90,1054,2051,2060,1984,89,11
"""490251302003""",,1.00,1456.00,564.00,1165.82,54,65,51,27,33,25,28,31,27,10.54,5.10,1.91,2,2,23806,21322,24510,1,1,1,13913,12610,14332,10420,9482,10735,3469,3107,3571,25,22,26,21,18,22,2.9,2.1,1.19,0.48,1237,85,746,78,22,46,1186,1114,1170,875,81,19
"""490351135351""","""Salt Lake City, UT""",1.00,7584.00,1850.00,1638.86,57,67,62,31,39,36,26,28,27,12.09,13.65,2.18,2,2,25442,22793,23427,1,1,1,16197,13889,14335,12458,10538,10892,3709,3321,3414,30,30,29,27,27,26,1.7,4.0,3.17,1.13,16868,99,13505,88,22,87,1142,1603,1609,1462,96,4
"""490490005071""","""Provo-Orem, UT""",1.00,826.00,251.00,692.71,56,66,61,30,37,34,27,29,27,11.13,4.03,2.21,2,2,26931,24251,23756,0,0,0,16543,14443,14337,12617,10909,10876,3926,3534,3462,0,0,0,0,0,0,3.8,1.7,2.63,0.36,7814,96,9560,88,6,157,469,1532,1564,1375,83,17
"""490490032051""","""Provo-Orem, UT""",1.00,1680.00,385.00,163.67,54,63,57,27,33,31,27,29,27,12.33,29.00,2.22,2,2,27321,24524,23964,1,0,0,16691,14492,14340,12697,10916,10847,3983,3573,3492,11,3,1,10,2,1,2.8,0.9,2.94,2.35,8442,97,6649,87,7,168,717,1382,1382,,96,4
"""490532710002""","""St. George, UT""",1.00,2537.00,757.00,662.23,54,64,51,26,32,24,28,32,27,10.91,12.48,1.97,2,2,25101,22545,24698,1,1,1,14366,13022,14341,10703,9732,10738,3658,3285,3599,5,4,5,13,10,11,3.1,1.0,1.88,1.14,2025,88,1204,81,21,108,1193,1084,1119,954,79,21
"""490490007081""","""Provo-Orem, UT""",1.00,1921.00,410.00,174.38,59,69,63,32,40,37,27,29,27,12.52,29.44,2.28,2,2,26616,23900,23358,1,1,1,16891,14550,14342,12989,11050,10921,3880,3482,3403,22,18,17,20,16,15,2.1,2.0,2.72,2.35,13541,100,19920,91,12,224,1244,1650,1650,,96,4
"""490351126172""","""Salt Lake City, UT""",1.00,1262.00,358.00,518.66,69,82,76,43,54,49,26,28,27,11.95,8.25,2.16,2,2,25899,23083,23766,1,0,0,16108,13948,14342,12318,10577,10870,3775,3363,3463,15,8,9,13,7,8,1.7,5.6,2.53,0.69,13985,97,15243,88,31,67,1507,2221,2221,,92,8
"""490419751002""",,1.00,1441.00,530.00,3933.13,54,63,47,23,29,20,31,34,27,10.51,1.42,1.94,2,2,25306,22688,24970,1,1,1,14259,12440,14350,10549,9111,10688,3687,3307,3638,23,21,24,20,18,20,2.3,5.0,1.78,0.13,830,76,1429,79,61,22,1519,906,955,694,81,19
"""490050002023""","""Logan, UT-ID""",1.00,1693.00,531.00,2791.28,58,69,53,27,34,25,31,35,28,11.46,2.18,2.17,2,2,27053,24404,25052,1,1,1,15782,14253,14882,11825,10680,11215,3942,3556,3650,15,16,17,13,14,14,2.6,0.2,1.48,0.19,1510,67,1513,82,59,23,1413,1136,1190,861,84,16
"""490490014013""","""Provo-Orem, UT""",1.00,1289.00,328.00,350.47,67,79,73,40,50,46,27,29,27,11.01,10.31,2.26,2,2,26430,23767,23261,0,0,0,16780,14528,14356,12927,11064,10967,3853,3463,3389,0,0,0,0,0,0,3.0,1.7,1.62,0.94,14217,95,27441,92,15,123,1228,2067,2031,2274,85,15
"""490451308002""","""Salt Lake City, UT""",1.00,2582.00,937.00,2753.50,45,52,49,19,24,22,26,28,27,10.36,3.52,2.12,2,2,26818,24136,24789,1,1,1,16044,14005,14357,12127,10482,10739,3909,3517,3612,7,6,6,6,5,5,2.9,1.9,2.15,0.34,1564,72,1501,81,56,26,1628,988,1213,259,76,24
"""490490102181""","""Provo-Orem, UT""",1.00,1584.00,296.00,414.14,71,84,77,43,53,49,28,30,28,13.81,9.87,2.34,2,2,27798,24985,24408,0,0,0,17405,15079,14883,13353,11438,11326,4052,3641,3557,0,0,0,0,0,0,1.8,1.1,1.31,0.71,8565,100,10406,89,11,124,899,2205,2205,,100,0
"""490490102144""","""Provo-Orem, UT""",1.00,1257.00,284.00,160.32,57,67,62,31,38,35,27,29,27,12.56,22.25,2.20,2,2,27464,24642,24095,0,0,0,16584,14479,14357,12581,10888,10846,4003,3591,3511,0,0,0,0,0,0,3.8,0.4,2.65,1.77,9175,83,10431,90,11,156,919,1575,1575,,84,16
"""490451307022""","""Salt Lake City, UT""",1.00,5708.00,1408.00,896.71,56,66,61,30,38,35,26,28,27,12.03,18.89,2.16,2,2,26317,23592,24259,1,1,1,16174,13951,14359,12331,10509,10819,3836,3438,3535,6,5,5,6,4,4,2.1,2.4,2.37,1.57,4053,94,3233,84,14,164,1407,1562,1575,1333,95,5
"""490572102031""","""Ogden-Clearfield, UT""",1.00,1637.00,490.00,301.99,52,61,59,27,34,32,25,27,27,11.00,17.85,2.17,2,2,25515,22856,23500,3,3,3,16228,13963,14359,12375,10516,10815,3719,3330,3424,133,117,120,120,106,108,2.3,1.7,1.99,1.62,6197,96,4158,85,10,119,938,1436,1436,,96,4
"""490050011021""","""Logan, UT-ID""",1.00,1309.00,426.00,552.23,76,91,69,44,55,41,32,35,28,10.79,8.32,2.21,2,2,26814,24138,24821,0,0,0,15917,14223,14883,12010,10705,11266,3907,3517,3617,0,1,1,0,1,1,1.2,2.2,1.44,0.77,7829,100,8376,87,23,80,1243,1852,1852,,100,0
"""490490001021""","""Provo-Orem, UT""",1.00,1242.00,241.00,265.64,53,62,57,26,32,30,27,29,27,12.98,11.77,2.24,2,2,26467,23786,23262,3,2,2,16722,14518,14361,12814,11009,10931,3858,3466,3389,50,43,41,45,39,37,3.6,0.4,1.89,0.91,8799,84,10262,89,14,90,1236,1341,1404,1036,83,17
"""490532717022""","""St. George, UT""",1.00,4377.00,1286.00,6352.88,59,70,55,31,38,29,28,32,27,11.48,2.32,1.98,2,2,25055,22396,24626,0,0,0,14424,13079,14365,10773,9815,10776,3651,3263,3588,1,1,1,2,2,1,3.1,1.6,2.46,0.20,3458,67,3634,84,87,23,1521,1291,1405,1004,72,28
"""490490034012""","""Provo-Orem, UT""",1.00,1199.00,376.00,182.58,50,58,53,23,29,26,27,29,27,10.76,22.16,2.26,2,2,26977,24215,23649,1,1,1,16854,14562,14374,12898,11019,10916,3932,3528,3446,24,15,12,22,14,11,3.4,0.2,2.64,2.06,5443,83,5476,87,8,203,904,1179,1206,863,92,8
"""490490101053""","""Provo-Orem, UT""",1.00,4706.00,1186.00,1923.06,58,68,62,31,38,35,27,29,27,11.80,7.28,2.21,2,2,27440,24646,24061,0,0,0,16613,14508,14375,12605,10917,10869,4000,3591,3506,8,1,0,7,0,0,4.0,0.3,1.94,0.62,5313,66,4300,86,23,57,1238,1584,1679,1201,80,20
"""490351129212""","""Salt Lake City, UT""",1.00,817.00,208.00,292.76,,,,,,,26,28,27,10.68,7.59,2.18,2,2,24440,21728,22379,6,6,6,16181,13965,14375,12462,10646,10962,3563,3166,3261,156,153,153,141,138,138,2.2,3.9,1.60,0.71,20178,100,28035,91,13,94,892,,,,96,4
"""490379781003""",,1.00,1091.00,297.00,3128.79,64,74,49,29,36,22,35,39,27,10.61,1.01,1.97,2,2,26464,23918,24695,1,1,1,14589,12829,14375,10713,9319,10754,3856,3486,3598,20,23,23,17,20,20,3.2,2.7,0.68,0.09,768,69,1196,80,52,17,1561,989,1108,631,75,25
"""490490033003""","""Provo-Orem, UT""",1.00,2779.00,639.00,262.21,55,64,58,28,35,32,27,29,27,12.19,29.70,2.21,2,2,27862,25137,24610,0,0,0,16667,14509,14376,12605,10846,10790,4061,3663,3586,0,0,0,0,0,0,2.8,1.1,4.05,2.44,5464,100,6446,87,9,159,882,1429,1434,1388,89,11
"""490351130122""","""Salt Lake City, UT""",1.00,2917.00,731.00,777.81,69,82,76,43,54,50,26,28,27,12.15,11.42,2.18,2,2,25343,22566,23240,2,2,2,16213,13951,14378,12471,10621,10950,3694,3288,3386,48,42,42,43,38,38,1.9,4.0,1.49,0.94,15563,97,32892,92,17,108,1038,2234,2234,,98,2
"""490490102132""","""Provo-Orem, UT""",1.00,1646.00,375.00,391.34,69,82,75,42,52,48,27,29,27,11.88,11.38,2.25,2,2,26935,24233,23708,0,0,0,16752,14538,14382,12826,11007,10927,3926,3531,3455,0,0,0,0,0,0,3.4,0.9,2.14,0.96,10346,89,11909,89,12,100,977,2153,2148,2180,84,16
"""490351135261""","""Salt Lake City, UT""",1.00,3042.00,784.00,1165.70,52,61,57,26,33,30,26,28,27,11.85,7.97,2.19,2,2,25371,22831,23425,1,1,1,16209,13967,14386,12479,10610,10942,3698,3327,3413,33,30,31,29,27,28,1.9,3.2,3.79,0.67,13442,100,13146,89,32,42,1291,1355,1332,1514,87,13
"""490159762003""",,1.00,1101.00,407.00,5571.60,49,57,45,20,25,18,29,32,27,10.64,0.78,1.96,2,2,25005,22423,24548,2,2,2,14343,12616,14389,10661,9312,10774,3644,3268,3577,39,36,37,33,31,32,3.2,2.1,1.37,0.07,485,64,522,77,82,12,1750,828,938,544,72,28
"""490351130162""","""Salt Lake City, UT""",1.00,3993.00,904.00,490.16,65,77,72,39,49,45,26,28,27,12.53,23.11,2.19,2,2,25769,23028,23691,0,0,0,16258,13955,14392,12490,10593,10932,3756,3355,3452,12,7,8,11,7,7,2.0,2.5,2.14,1.84,12451,98,15141,89,13,137,1011,2025,2025,,98,2
"""490532709021""","""St. George, UT""",1.00,3228.00,1439.00,5827.85,55,66,52,27,34,25,28,32,27,9.19,2.27,1.97,2,2,25275,22652,24833,1,1,1,14396,13132,14394,10706,9827,10769,3683,3301,3619,6,5,6,15,12,13,3.4,1.1,2.40,0.25,1194,68,1177,80,59,31,2078,1136,1128,1157,72,28
"""490351130111""","""Salt Lake City, UT""",1.00,2151.00,646.00,403.09,67,79,74,41,51,47,26,28,27,11.87,19.02,2.15,2,2,26222,23240,23961,0,0,0,16119,14022,14394,12296,10636,10903,3822,3386,3491,0,0,0,0,0,0,2.4,3.0,1.58,1.60,15685,89,22728,91,21,129,1305,2105,2135,1714,93,7
"""490351130083""","""Salt Lake City, UT""",1.00,1790.00,504.00,335.60,65,77,72,39,49,45,26,28,27,12.06,18.11,2.16,2,2,25986,23045,23751,1,0,0,16138,14023,14397,12328,10656,10924,3788,3358,3461,22,9,12,19,8,11,2.2,3.2,1.64,1.50,17275,97,21357,90,17,105,1296,2037,2037,,95,5
"""490139403002""",,1.00,1297.00,470.00,11668.55,43,50,47,18,23,21,25,28,27,10.19,0.41,2.02,2,2,25061,22544,24457,2,2,2,15224,13474,14399,11536,10158,10805,3653,3285,3564,35,31,30,30,26,26,3.9,1.0,1.24,0.04,483,66,577,78,72,17,1946,933,1000,824,62,38
"""490490022042""","""Provo-Orem, UT""",1.00,2247.00,558.00,472.98,54,62,57,26,33,30,27,29,27,11.47,13.54,2.28,2,2,26455,23794,23267,0,0,0,16899,14595,14401,13042,11128,11011,3856,3467,3390,0,0,0,0,0,0,2.8,1.3,2.11,1.18,13803,93,17425,91,15,114,1130,1354,1365,1260,89,11
"""490490102131""","""Provo-Orem, UT""",1.00,1232.00,247.00,421.69,,,,,,,27,29,27,12.46,7.30,2.23,2,2,27018,24392,23893,0,0,0,16698,14538,14402,12760,10984,10920,3938,3554,3482,0,0,0,0,0,0,3.5,1.0,0.82,0.59,9640,89,10475,89,19,68,1224,,,,77,23
"""490490103043""","""Provo-Orem, UT""",1.00,3411.00,790.00,1437.51,55,64,59,28,35,32,27,29,27,12.39,6.81,2.20,2,2,27683,24787,24170,1,0,0,16580,14526,14404,12535,10914,10883,4035,3612,3522,9,0,0,9,0,0,3.7,0.5,2.97,0.55,6551,64,4735,86,26,60,1457,1442,1486,1207,84,16
"""490479683023""","""Vernal, UT""",1.00,1934.00,576.00,1633.06,44,51,51,20,25,25,24,26,27,11.34,4.00,2.12,2,2,27131,24464,25017,1,1,1,16065,14147,14407,12090,10570,10750,3955,3565,3645,20,12,12,17,10,10,2.9,1.6,0.53,0.35,1625,74,1386,81,82,21,2108,1103,1204,867,70,30
"""490490001034""","""Provo-Orem, UT""",1.00,1547.00,440.00,243.64,54,63,58,27,33,31,27,29,27,11.44,20.66,2.21,2,2,27652,24867,24335,0,0,0,16629,14529,14412,12598,10905,10866,4031,3623,3546,0,0,0,0,0,0,3.6,0.4,1.99,1.81,8468,87,9673,89,13,137,959,1381,1420,1199,83,18
"""490111251022""","""Ogden-Clearfield, UT""",1.00,2590.00,692.00,3441.44,68,81,77,42,53,50,26,28,28,12.19,2.45,2.26,2,2,26478,23870,24501,0,0,0,16776,14480,14877,12909,10997,11301,3860,3478,3570,7,5,5,6,4,5,1.1,3.1,1.62,0.20,6927,98,6187,86,36,27,1193,2236,2284,1250,95,5
"""490490102151""","""Provo-Orem, UT""",1.00,1372.00,292.00,297.57,58,69,63,31,39,36,27,29,27,12.37,12.14,2.25,2,2,26999,24382,23885,0,0,0,16794,14572,14417,12858,11019,10937,3936,3553,3480,0,0,0,0,0,0,3.1,1.2,1.72,0.98,9885,97,10487,89,14,131,1195,1615,1615,,82,18
"""490279743004""",,1.00,1184.00,332.00,1140.29,48,57,45,19,24,19,29,32,27,11.47,3.34,2.02,2,2,25612,23074,24711,0,0,0,14705,13395,14420,10970,10032,10817,3732,3362,3601,3,1,2,3,1,2,4.1,0.3,1.10,0.29,1113,76,1414,82,25,49,1265,834,920,644,69,31
"""490351130132""","""Salt Lake City, UT""",1.00,2965.00,767.00,426.64,62,73,68,36,45,41,26,28,27,11.88,21.36,2.20,2,2,25587,22838,23501,1,0,0,16292,13982,14420,12549,10645,10986,3730,3328,3424,13,9,9,12,8,8,2.0,2.2,1.92,1.80,14501,100,17776,90,12,152,907,1853,1853,,99,1
"""490532705001""","""St. George, UT""",1.00,1661.00,558.00,2177.72,66,80,62,38,47,36,28,32,27,10.62,2.72,1.99,2,2,24616,22155,24294,1,1,1,14446,13087,14423,10854,9853,10878,3587,3228,3540,5,6,5,12,14,11,3.0,2.0,2.00,0.26,4455,93,3629,84,32,39,1336,1603,1722,1314,71,29
"""490351135252""","""Salt Lake City, UT""",1.00,5979.00,1306.00,3984.70,57,67,62,31,38,35,26,28,27,12.53,4.11,2.20,2,2,25423,22922,23506,0,0,0,16246,14000,14423,12540,10660,10998,3706,3340,3425,0,0,0,0,0,0,1.8,3.5,3.12,0.33,12118,98,13277,88,37,39,1614,1592,1605,1506,87,13
"""490351130081""","""Salt Lake City, UT""",1.00,1555.00,347.00,160.10,69,82,76,43,54,49,26,28,27,13.03,28.24,2.17,2,2,26111,23119,23844,0,0,0,16180,14037,14424,12372,10668,10949,3806,3369,3474,2,0,0,2,0,0,1.7,3.6,2.15,2.17,18285,100,24271,91,16,168,1436,2220,2220,,100,0
"""490230101001""","""Provo-Orem, UT""",1.00,1887.00,587.00,889.55,47,54,50,20,25,23,27,29,27,11.05,7.29,2.20,2,2,27572,24980,24459,1,0,0,16608,14542,14439,12579,10899,10873,4019,3640,3564,10,4,2,8,3,2,3.5,0.4,1.45,0.66,1410,88,1454,82,13,83,954,1036,1104,787,79,21
"""490111253033""","""Ogden-Clearfield, UT""",1.00,3863.00,1109.00,646.31,50,59,56,25,31,29,26,28,27,11.55,19.81,2.20,2,2,25770,23074,23727,1,0,0,16309,14047,14441,12541,10676,10974,3756,3362,3457,12,9,9,11,8,9,2.3,1.6,2.54,1.72,12069,98,9034,88,14,121,863,1317,1313,1368,93,7
"""490351128211""","""Salt Lake City, UT""",1.00,3176.00,862.00,733.68,79,95,88,53,66,61,26,28,27,11.64,13.68,2.17,2,2,25925,23162,23827,4,4,4,16236,14047,14441,12363,10583,10880,3779,3375,3472,94,89,89,85,80,81,2.1,3.1,1.40,1.17,10247,98,14237,89,15,141,1081,2757,2839,1654,93,7
"""490572103032""","""Ogden-Clearfield, UT""",1.00,1725.00,479.00,448.71,56,65,63,30,38,36,25,28,27,11.95,12.76,2.17,2,2,26278,23617,24261,1,0,0,16247,14065,14443,12389,10606,10889,3830,3441,3535,27,18,19,24,16,17,2.5,1.9,1.63,1.07,6067,100,4596,85,13,102,955,1606,1606,,87,13
"""490519602002""","""Heber, UT""",1.00,4490.00,1097.00,1232.87,53,62,61,28,35,35,25,27,27,12.38,11.01,2.18,2,2,27237,24571,24721,0,0,0,16431,14358,14444,12461,10778,10842,3970,3580,3602,0,0,0,0,0,0,3.3,0.8,2.07,0.89,3793,95,4132,86,12,86,954,1554,1654,1183,79,21
"""490351130072""","""Salt Lake City, UT""",1.00,2632.00,634.00,296.61,59,69,65,33,41,38,26,28,27,12.22,26.12,2.17,2,2,25705,22773,23491,4,3,3,16244,14035,14447,12403,10636,10940,3747,3318,3423,94,80,84,85,72,76,1.7,3.2,2.38,2.14,15473,97,16578,89,19,197,1209,1699,1699,,100,0
"""490490104051""","""Provo-Orem, UT""",1.00,1943.00,418.00,136.04,55,64,59,28,35,32,27,29,27,12.19,37.46,2.23,2,2,27767,25050,24514,0,0,0,16757,14589,14451,12707,10939,10879,4048,3650,3572,2,0,0,2,0,0,2.7,0.5,2.86,3.07,6276,100,4249,86,10,300,928,1432,1401,1701,90,10
"""490572101003""","""Ogden-Clearfield, UT""",1.00,1217.00,422.00,3781.15,54,64,61,29,36,34,25,28,27,10.44,1.17,2.13,2,2,26856,24054,24735,1,1,1,16104,14114,14453,12146,10587,10823,3915,3505,3604,43,22,26,39,20,23,3.2,2.7,0.38,0.11,1505,68,1755,81,37,34,2370,1529,1632,1091,81,19
"""490039602006""","""Ogden-Clearfield, UT""",1.00,511.00,166.00,951.09,41,48,46,16,20,19,25,28,27,10.85,1.89,2.13,2,2,26690,24163,24772,0,0,0,16035,14136,14454,12138,10616,10845,3891,3521,3610,6,0,0,6,0,0,4.0,0.3,1.56,0.17,1549,78,1570,82,37,31,1563,843,988,613,61,39
"""490439643081""","""Summit Park, UT""",1.00,549.00,229.00,3629.79,,,,,,,18,20,27,,,2.19,2,2,25749,22638,24416,2,1,2,16231,14604,14455,12477,11304,10897,3753,3300,3558,1,0,1,142,75,110,2.2,4.6,0.58,0.06,3080,60,4793,84,58,22,1527,,,,95,5
"""490490102154""","""Provo-Orem, UT""",1.00,2537.00,560.00,373.80,65,76,70,37,46,42,28,30,28,12.36,18.51,2.33,2,2,27915,25108,24535,0,0,0,17393,15094,14900,13324,11435,11325,4069,3659,3575,0,0,0,0,0,0,1.4,1.3,1.48,1.50,11660,100,13756,90,27,130,1338,1887,1887,,96,4
"""490519601001""","""Heber, UT""",1.00,1913.00,665.00,2150.26,46,54,54,22,27,27,25,27,27,11.33,3.50,2.17,2,2,27407,24624,24779,0,0,0,16376,14382,14464,12381,10794,10853,3995,3588,3611,0,0,0,0,0,0,3.7,0.7,3.22,0.31,3216,71,3686,85,32,27,1186,1207,1249,1083,75,25
"""490532708021""","""St. George, UT""",1.00,4120.00,1655.00,21283.89,59,71,56,31,38,29,28,33,27,10.00,0.78,1.98,2,2,25013,22580,24646,1,1,1,14450,13219,14464,10798,9922,10867,3645,3290,3591,7,7,6,16,17,14,2.8,1.2,2.76,0.08,1218,74,1364,81,154,10,1805,1292,1481,990,61,39
"""490572104022""","""Ogden-Clearfield, UT""",1.00,3602.00,768.00,3097.04,52,61,58,27,33,31,25,28,27,10.66,2.64,2.17,2,2,26089,23660,24244,1,1,1,16253,14096,14467,12403,10596,10884,3803,3448,3533,47,53,51,43,47,46,3.2,1.6,0.77,0.25,5941,86,11277,89,36,27,1626,1410,1627,856,72,28
"""490490015012""","""Provo-Orem, UT""",1.00,1509.00,375.00,223.10,69,82,75,42,52,48,27,29,27,12.52,21.04,2.21,2,2,27818,25053,24548,0,0,0,16671,14577,14468,12616,10927,10891,4055,3651,3577,0,0,0,0,0,0,3.1,1.0,1.86,1.68,10514,97,17860,91,16,143,1333,2156,2156,,81,19
"""490111259083""","""Ogden-Clearfield, UT""",1.00,1214.00,339.00,223.80,54,63,61,29,36,34,25,28,27,12.11,18.35,2.16,2,2,26638,23701,24416,0,0,0,16227,14104,14470,12337,10651,10912,3883,3454,3558,6,0,0,6,0,0,1.7,3.6,1.97,1.51,11175,95,9665,87,20,177,1173,1520,1520,,97,3
"""490490022041""","""Provo-Orem, UT""",1.00,1849.00,476.00,1035.23,52,61,56,25,32,29,27,29,27,12.20,5.61,2.20,2,2,27728,24876,24319,0,0,0,16584,14572,14474,12543,10947,10930,4042,3625,3544,0,0,0,0,0,0,3.6,0.9,3.04,0.46,9551,73,12901,90,32,42,1138,1311,1291,1378,78,22
"""490490006011""","""Provo-Orem, UT""",1.00,1694.00,398.00,1455.31,60,70,64,33,41,37,27,30,27,11.71,3.20,2.27,2,2,26862,24215,23696,0,0,0,16865,14646,14477,12949,11118,11024,3916,3528,3453,0,0,0,0,0,0,2.9,1.8,1.02,0.27,9938,82,19185,91,35,45,1606,1683,1683,,81,19
"""490351130082""","""Salt Lake City, UT""",1.00,1616.00,422.00,241.40,63,74,69,37,46,42,26,28,27,12.26,21.43,2.17,2,2,26271,23359,24053,0,0,0,16213,14113,14481,12384,10710,10976,3829,3404,3505,0,0,0,0,0,0,2.0,3.2,1.73,1.75,17018,100,22171,91,22,127,1363,1905,1905,,92,8
"""490111254013""","""Ogden-Clearfield, UT""",1.00,2840.00,786.00,644.88,55,65,62,30,37,35,26,28,27,11.44,13.94,2.19,2,2,26126,23425,24079,0,0,0,16322,14096,14483,12506,10679,10969,3808,3413,3509,8,5,5,7,4,5,2.5,1.4,1.98,1.22,9118,89,6919,87,23,86,1128,1568,1659,876,88,12
"""490399724001""",,1.00,806.00,285.00,15517.39,49,59,46,21,26,19,28,33,27,9.74,0.18,1.97,2,2,24690,22250,24306,2,2,1,14334,13222,14483,10706,9948,10915,3598,3242,3542,30,32,26,26,27,22,4.1,0.1,0.78,0.02,563,57,623,80,160,9,2665,865,1089,623,52,48
"""490490006041""","""Provo-Orem, UT""",1.00,1359.00,352.00,624.87,65,77,71,38,48,44,27,29,27,12.17,6.86,2.22,2,2,27534,24807,24301,0,0,0,16685,14592,14486,12672,10978,10945,4014,3615,3541,0,0,0,0,0,0,3.4,1.2,1.88,0.56,8400,95,11225,89,10,129,761,1966,2135,1191,82,18
"""490111261042""","""Ogden-Clearfield, UT""",1.00,4376.00,937.00,1343.84,61,71,68,35,44,41,26,28,27,12.59,8.78,2.21,2,2,25713,23111,23740,0,0,0,16390,14086,14488,12632,10711,11020,3748,3368,3459,9,8,8,9,7,7,1.8,2.7,1.28,0.70,10583,98,10670,88,18,89,1381,1856,1856,1857,95,5
"""490490031041""","""Provo-Orem, UT""",1.00,1017.00,257.00,168.94,63,75,68,36,44,41,28,30,28,12.46,18.96,2.30,2,2,28180,25331,24759,0,0,0,17246,15052,14904,13138,11361,11296,4108,3691,3608,0,0,0,0,0,0,2.4,0.1,2.26,1.52,7618,95,6481,88,11,224,1062,1834,1834,,95,5
"""490439644023""","""Summit Park, UT""",1.00,303.00,122.00,2773.73,53,64,86,34,43,59,18,21,28,8.49,0.37,2.26,2,2,26131,22974,24786,2,0,1,16694,15077,14905,12884,11728,11293,3809,3349,3612,1,0,0,101,24,80,1.4,3.6,0.24,0.04,2055,66,4360,84,62,23,1984,2638,2638,,100,0
"""490111258044""","""Ogden-Clearfield, UT""",1.00,1283.00,317.00,583.71,51,59,57,25,32,30,25,28,27,12.41,6.74,2.17,2,2,26314,23528,24203,0,0,0,16206,14143,14497,12370,10715,10970,3836,3428,3527,0,0,0,0,0,0,2.6,3.0,2.45,0.54,12078,100,12468,88,15,80,1004,1341,1341,,86,14
"""490532705004""","""St. George, UT""",1.00,2127.00,578.00,4761.68,62,74,59,34,42,32,29,33,27,11.37,1.38,2.01,2,2,24952,22416,24542,1,1,1,14562,13203,14505,10919,9930,10923,3636,3266,3576,7,7,7,17,18,16,3.0,1.6,1.29,0.12,1924,77,1795,82,54,16,1206,1421,,1421,73,27
"""490351130104""","""Salt Lake City, UT""",1.00,1434.00,324.00,192.45,63,75,70,37,47,43,26,28,27,13.45,22.65,2.18,2,2,26142,23137,23865,0,0,0,16265,14124,14511,12454,10753,11033,3811,3371,3477,0,0,0,0,0,0,1.7,3.6,1.78,1.68,18813,100,26688,91,17,152,1266,1930,1930,,100,0
"""490111255012""","""Ogden-Clearfield, UT""",1.00,1299.00,372.00,482.00,49,57,55,24,30,28,26,28,27,11.21,8.65,2.21,2,2,25674,23034,23672,1,1,1,16361,14128,14514,12605,10761,11054,3743,3356,3449,13,11,11,12,10,10,2.1,2.0,2.68,0.77,12423,95,10931,88,30,77,1274,1261,1277,1147,88,12
"""490490022011""","""Provo-Orem, UT""",1.00,2776.00,773.00,5096.24,55,65,59,28,35,32,27,30,27,11.86,1.80,2.27,2,2,26942,24242,23685,1,1,1,16908,14697,14515,12959,11149,11051,3927,3532,3451,22,15,13,20,14,11,2.6,2.7,2.47,0.15,8632,75,19225,90,50,29,1939,1454,1468,1375,85,15
"""490490029014""","""Provo-Orem, UT""",1.00,1922.00,514.00,1014.37,56,65,59,28,35,32,28,30,28,11.64,5.90,2.33,2,2,27600,24955,24443,0,0,0,17341,15062,14889,13318,11426,11328,4023,3636,3562,0,0,0,0,0,0,2.2,0.6,2.49,0.51,7754,100,9543,89,21,62,1116,1426,1426,,86,14
"""490490028022""","""Provo-Orem, UT""",1.00,212.00,47.00,1053.66,,,,,,,27,29,27,,,2.24,2,2,26088,23794,23456,0,0,0,16602,14586,14529,12799,11119,11112,3803,3467,3418,0,0,0,0,0,0,4.8,0.2,0.39,0.04,6885,87,14246,91,28,27,1471,,,,47,53
"""490039603006""","""Ogden-Clearfield, UT""",1.00,773.00,298.00,341.58,,,,,,,26,28,27,10.19,8.89,2.17,2,2,26775,24004,24676,0,0,0,16300,14165,14534,12398,10668,10939,3903,3498,3596,0,0,0,0,0,0,2.3,1.6,1.90,0.87,2832,100,3793,85,8,107,763,,,,95,5
"""490351128102""","""Salt Lake City, UT""",1.00,4210.00,1169.00,4104.18,58,69,64,32,40,37,26,29,27,11.83,3.37,2.15,2,2,26835,24028,24689,0,0,0,16187,14219,14536,12275,10717,10938,3912,3501,3598,0,0,0,0,0,0,3.7,0.7,3.18,0.28,6391,72,9274,89,39,35,1990,1679,1958,955,72,28
"""490070005002""","""Price, UT""",1.00,2324.00,973.00,4257.29,51,59,45,21,26,18,30,33,27,9.35,2.14,1.96,2,2,24100,21585,24488,1,1,1,14197,12417,14540,10667,9256,10952,3512,3146,3568,19,15,20,16,13,17,3.3,0.6,2.39,0.23,1391,77,917,80,31,34,1358,801,899,484,76,24
"""490439643062""","""Summit Park, UT""",1.00,1155.00,545.00,7112.09,40,48,65,22,28,38,18,20,27,10.12,0.78,2.20,2,2,25882,23138,24621,1,1,1,16333,14778,14540,12560,11405,10952,3773,3373,3588,0,0,0,74,31,47,2.6,2.8,4.29,0.08,2283,76,3196,83,69,23,2035,1709,1817,1352,77,23
"""490050014013""","""Logan, UT-ID""",1.00,1088.00,289.00,1300.93,61,73,55,30,37,28,31,35,28,11.90,2.64,2.18,2,2,26949,24406,25044,0,1,1,15822,14255,14892,11890,10689,11233,3927,3556,3649,5,10,10,4,8,8,2.4,0.7,1.20,0.22,2679,87,2931,84,30,44,1459,1246,1334,778,84,16
"""490490104072""","""Provo-Orem, UT""",1.00,1161.00,355.00,368.11,55,65,59,28,35,32,27,30,27,10.85,10.46,2.27,2,2,27146,24504,23983,1,1,1,16927,14706,14550,12945,11115,11037,3957,3571,3495,25,20,18,23,18,17,3.7,0.1,1.59,0.96,3743,84,3551,86,12,162,1005,1444,1571,888,81,19
"""490050002021""","""Logan, UT-ID""",1.00,1390.00,389.00,225.38,47,55,42,17,21,15,31,35,27,11.02,19.02,2.15,2,2,26267,23739,24388,0,0,0,15506,13909,14552,11679,10450,10998,3827,3459,3554,0,0,0,0,0,0,3.2,0.2,1.94,1.73,4384,91,3909,86,14,116,940,692,,692,83,17
"""490490102142""","""Provo-Orem, UT""",1.00,2536.00,567.00,525.56,61,71,65,33,41,38,27,30,27,12.22,13.18,2.26,2,2,27515,24699,24123,0,0,0,16914,14713,14552,12903,11114,11037,4011,3599,3515,0,0,0,0,0,0,3.2,0.5,1.40,1.08,8053,80,9825,89,17,107,1225,1713,1697,1825,88,12
"""490572104034""","""Ogden-Clearfield, UT""",1.00,2573.00,855.00,2080.35,53,62,59,27,34,32,26,28,27,11.25,4.62,2.16,2,2,27072,23913,24685,0,0,0,16288,14197,14557,12338,10712,10960,3946,3484,3597,4,0,0,3,0,0,2.5,2.4,2.46,0.41,4638,60,6356,86,31,36,1416,1458,1458,,98,2
"""490490105061""","""Provo-Orem, UT""",1.00,1251.00,345.00,1635.68,48,56,51,21,26,24,27,30,27,11.56,2.44,2.22,2,2,27209,24565,24034,1,0,0,16671,14650,14559,12693,11064,11051,3966,3579,3502,12,7,5,11,6,5,4.8,0.0,1.32,0.21,1875,64,1526,84,20,45,1110,1082,1203,824,68,32
"""490039602003""","""Ogden-Clearfield, UT""",1.00,1945.00,579.00,1492.04,45,52,50,20,24,23,25,28,27,11.27,4.37,2.15,2,2,27097,24404,25056,0,0,0,16210,14221,14559,12260,10665,10908,3950,3556,3651,0,0,0,0,0,0,3.2,0.9,1.67,0.39,2304,82,2665,84,28,45,1224,1038,1093,863,76,24
"""490490034032""","""Provo-Orem, UT""",1.00,1339.00,397.00,310.02,49,57,52,22,28,25,27,30,27,11.39,14.58,2.28,2,2,26834,24206,23713,2,1,1,16931,14707,14559,12991,11157,11082,3912,3527,3455,29,23,22,26,21,20,3.7,0.1,2.18,1.28,5955,90,5884,89,10,124,858,1143,1216,842,80,20
"""490490104052""","""Provo-Orem, UT""",1.00,2048.00,510.00,268.00,55,64,59,28,35,32,27,30,27,12.52,23.83,2.24,2,2,27849,25101,24546,0,0,0,16847,14695,14560,12787,11038,10983,4060,3658,3577,1,0,0,1,0,0,3.0,0.2,2.63,1.90,4485,91,3293,85,10,181,982,1434,1448,1319,89,11
"""490351139071""","""Salt Lake City, UT""",1.00,4375.00,1195.00,35362.06,55,64,60,28,35,33,26,29,27,11.96,0.40,2.17,2,2,26466,23755,24421,1,0,0,16245,14194,14566,12370,10723,10996,3858,3461,3559,17,9,11,15,8,10,2.0,3.5,5.46,0.03,3738,65,5004,85,209,5,2387,1471,1625,961,77,23
"""490490105041""","""Provo-Orem, UT""",1.00,1748.00,473.00,6564.51,49,57,52,22,27,25,27,30,27,11.21,0.81,2.24,2,2,27468,24645,24032,1,0,0,16817,14709,14567,12799,11113,11062,4004,3591,3502,14,5,2,13,4,2,4.6,0.0,1.14,0.07,2416,48,2635,86,32,32,1570,1123,1171,969,76,24
"""490111253051""","""Ogden-Clearfield, UT""",1.00,2580.00,771.00,643.47,52,60,58,26,32,31,26,28,27,11.33,13.57,2.23,2,2,25480,22773,23429,2,2,2,16462,14170,14568,12711,10818,11120,3714,3318,3414,37,33,34,34,30,30,1.6,2.1,2.07,1.20,14793,97,10771,88,22,111,1108,1373,1373,,97,3
"""490111254062""","""Ogden-Clearfield, UT""",1.00,5140.00,1358.00,945.47,62,73,70,36,46,43,26,28,27,11.97,17.20,2.22,2,2,26127,23404,24064,0,0,0,16461,14170,14569,12653,10759,11063,3809,3410,3506,0,0,0,0,0,0,1.8,2.0,1.63,1.44,11681,98,11316,89,19,110,1101,1937,1935,1970,95,5
"""490050014021""","""Logan, UT-ID""",1.00,1574.00,387.00,1750.36,60,72,55,29,36,27,31,35,28,12.99,2.87,2.17,2,2,27343,24560,25252,1,0,1,15802,14259,14894,11807,10671,11205,3984,3579,3680,11,8,10,9,7,9,1.7,2.6,1.21,0.22,2343,84,3428,84,34,27,1525,1213,1259,578,93,7
"""490490102201""","""Provo-Orem, UT""",1.00,2459.00,513.00,445.97,63,74,68,36,44,41,27,30,27,11.60,13.34,2.28,2,2,27142,24477,23962,0,0,0,17000,14740,14575,13044,11173,11084,3957,3567,3492,0,0,0,0,0,0,2.8,0.6,2.12,1.15,8929,100,9057,89,9,115,983,1835,1835,,88,12
"""490490015011""","""Provo-Orem, UT""",1.00,1652.00,384.00,287.87,58,67,62,30,38,35,28,30,27,12.53,16.71,2.31,2,2,26966,24248,23712,0,0,0,17115,14782,14583,13184,11249,11128,3931,3533,3455,0,0,0,0,0,0,2.2,1.3,1.85,1.33,12105,100,23400,92,13,133,1060,1551,1577,1094,95,5
"""490490102121""","""Provo-Orem, UT""",1.00,1500.00,414.00,653.82,61,71,65,33,41,38,27,30,27,11.06,7.00,2.27,2,2,27496,24818,24296,1,1,1,17003,14768,14611,12978,11136,11054,4008,3616,3540,17,16,16,15,14,15,2.5,1.8,4.03,0.63,6325,100,12009,89,12,91,1096,1709,1687,1879,89,11
"""490351101021""","""Salt Lake City, UT""",1.00,1014.00,291.00,13718.44,80,96,90,54,68,63,26,29,27,11.10,0.24,2.16,2,2,26975,23989,24763,1,1,1,16284,14223,14611,12330,10714,10988,3932,3496,3608,22,14,15,20,12,14,2.3,2.9,1.41,0.02,3312,46,4806,85,185,7,2169,2808,2808,,86,14
"""490479682003""","""Vernal, UT""",1.00,2361.00,646.00,4157.58,46,54,54,21,26,26,25,28,28,12.72,1.98,2.23,2,2,28177,25372,25944,1,0,0,16867,14842,15102,12749,11142,11319,4107,3697,3780,11,2,3,9,2,3,0.7,4.5,0.22,0.16,2060,92,2502,81,115,19,2562,1153,1181,939,88,12
"""490211105002""","""Cedar City, UT""",1.00,1959.00,594.00,30178.76,77,92,63,44,54,35,33,37,27,11.28,0.22,2.00,2,2,25869,23358,24810,1,1,1,14689,13020,14621,10895,9590,10979,3769,3405,3615,25,25,27,21,22,23,2.6,1.8,1.21,0.02,803,61,822,79,299,6,2791,1591,1591,,63,37
"""490139405001""",,1.00,2347.00,707.00,14840.41,51,60,56,26,32,29,25,28,27,11.59,0.55,2.05,2,2,26098,23286,25376,1,1,1,15537,13686,14622,11713,10281,10909,3804,3393,3698,20,12,16,17,10,13,1.7,6.1,0.66,0.05,1102,70,2090,80,161,14,3073,1317,1356,1143,82,18
"""490490102202""","""Provo-Orem, UT""",1.00,3049.00,682.00,396.72,65,76,70,37,47,43,27,30,27,12.50,21.49,2.26,2,2,27882,25067,24510,0,0,0,16951,14767,14623,12886,11115,11051,4064,3653,3571,0,0,0,0,0,0,2.5,0.6,2.54,1.72,8207,98,8006,88,10,169,949,1926,1926,,94,6
"""490490002051""","""Provo-Orem, UT""",1.00,1520.00,345.00,366.65,58,68,62,31,38,35,27,30,27,12.30,11.57,2.25,2,2,27624,24811,24275,0,0,0,16898,14753,14625,12871,11138,11088,4027,3615,3537,0,0,0,0,0,0,2.9,0.6,2.05,0.94,10747,96,12950,90,10,118,1010,1578,1604,1368,89,11
"""490211101003""","""Cedar City, UT""",1.00,1524.00,566.00,1925.95,60,70,49,26,33,21,34,37,27,9.97,2.93,2.03,2,2,25653,23250,24671,1,1,1,14776,12949,14626,11023,9542,11013,3738,3389,3595,16,18,18,13,15,15,3.3,0.3,1.26,0.29,1040,89,669,79,22,49,1144,961,1003,849,73,27
"""490351130131""","""Salt Lake City, UT""",1.00,2705.00,675.00,778.71,67,79,73,40,50,46,26,29,27,12.48,10.82,2.22,2,2,25772,23025,23683,1,1,1,16479,14203,14627,12691,10822,11150,3757,3355,3451,31,25,26,28,23,24,1.9,1.9,1.35,0.87,13501,100,15979,90,17,69,1174,2076,2076,,95,5
"""490532716001""","""St. George, UT""",1.00,2830.00,1311.00,1556.48,59,69,55,29,37,28,29,33,27,8.31,7.00,2.04,2,2,25115,22354,24633,0,0,0,14788,13254,14628,11127,9996,11037,3660,3257,3589,2,1,2,4,2,5,1.7,2.6,2.83,0.84,4823,95,4316,85,16,82,1051,1243,1243,,98,2
"""490351130161""","""Salt Lake City, UT""",1.00,2903.00,805.00,1304.33,66,78,72,39,49,45,26,29,27,11.85,7.31,2.21,2,2,26158,23322,24023,1,1,1,16463,14196,14629,12621,10775,11106,3813,3398,3500,29,22,23,26,20,21,1.9,2.5,2.03,0.62,10853,84,13249,89,28,50,1392,2036,2036,2036,97,3
"""490490007112""","""Provo-Orem, UT""",1.00,1036.00,247.00,1121.07,78,93,85,51,63,58,28,30,27,11.56,2.55,2.32,2,2,26592,23990,23501,0,0,0,17102,14803,14631,13225,11308,11206,3876,3496,3424,0,0,0,0,0,0,3.1,1.3,1.34,0.22,8843,100,16561,90,8,142,739,2607,2607,,87,13
"""490490102081""","""Provo-Orem, UT""",1.00,1421.00,333.00,411.65,83,100,91,56,70,64,27,30,27,12.53,10.14,2.24,2,2,28218,25389,24810,0,0,0,16912,14771,14631,12799,11071,11016,4113,3699,3615,0,0,0,0,0,0,2.2,2.2,0.93,0.81,6879,93,7396,87,17,104,1261,2888,2888,,92,8
"""490050007011""","""Logan, UT-ID""",1.00,2031.00,656.00,713.72,68,81,62,37,46,35,31,35,27,11.07,10.17,2.16,2,2,26594,23943,24616,1,1,1,15644,13981,14635,11758,10481,11038,3875,3489,3587,10,11,11,9,9,9,1.5,2.9,1.83,0.92,5736,99,7152,86,20,107,1118,1551,1551,,97,3
"""490039608021""","""Ogden-Clearfield, UT""",1.00,1715.00,529.00,1560.38,52,61,58,26,33,31,26,28,27,11.19,3.79,2.19,2,2,26614,23852,24522,1,1,1,16446,14259,14637,12517,10744,11022,3879,3476,3573,50,40,42,45,36,38,2.9,0.9,1.48,0.34,3672,76,4018,85,26,62,1316,1391,1481,838,86,14
"""490211106003""","""Cedar City, UT""",1.00,3381.00,1055.00,83992.35,57,66,46,23,29,19,33,37,27,11.05,0.14,2.00,2,2,25711,23218,24655,2,2,2,14681,13052,14638,10904,9637,11013,3746,3384,3593,30,31,32,26,26,27,2.6,0.7,2.31,0.01,508,55,591,78,491,3,4366,842,1004,614,59,41
"""490490103042""","""Provo-Orem, UT""",1.00,2862.00,680.00,1453.28,57,67,61,29,36,33,28,31,28,12.01,5.62,2.36,2,2,28032,25351,24807,0,0,0,17579,15287,15103,13492,11593,11489,4086,3694,3615,0,0,0,0,0,0,1.8,0.3,2.12,0.47,6036,96,6062,88,27,52,1196,1491,1472,1652,90,10
"""490050004031""","""Logan, UT-ID""",1.00,2197.00,529.00,723.80,63,74,57,32,39,29,31,35,27,12.44,9.09,2.16,2,2,26883,24343,24993,0,0,0,15651,13990,14643,11734,10443,11001,3917,3547,3642,0,0,0,0,0,0,1.7,2.6,1.62,0.73,5150,98,7266,87,27,69,1414,1321,1364,943,90,10
"""490490032033""","""Provo-Orem, UT""",1.00,1359.00,324.00,229.11,60,70,64,32,40,37,28,30,27,12.75,18.04,2.27,2,2,27825,24997,24416,0,0,0,17030,14809,14648,12973,11166,11090,4056,3642,3558,2,0,0,2,0,0,2.0,0.9,2.23,1.41,7274,100,5451,86,8,210,767,1670,1670,,100,0
"""490572103041""","""Ogden-Clearfield, UT""",1.00,3017.00,778.00,1691.61,60,71,68,34,43,41,26,28,27,11.94,5.49,2.19,2,2,26181,23530,24172,4,4,4,16499,14260,14649,12492,10650,10944,3816,3429,3522,190,182,183,172,164,165,2.2,2.8,1.69,0.46,5415,84,5600,85,27,49,1301,1821,1909,891,91,9
"""490039606022""","""Ogden-Clearfield, UT""",1.00,719.00,236.00,594.07,47,55,53,22,27,25,26,28,27,10.86,4.31,2.17,2,2,27160,24340,25025,0,0,0,16374,14296,14652,12415,10749,11006,3959,3547,3646,0,0,0,0,0,0,2.2,2.9,1.81,0.40,4212,92,5061,85,19,64,1137,1144,1209,544,90,10
"""490572103021""","""Ogden-Clearfield, UT""",1.00,856.00,261.00,550.14,54,63,60,28,35,33,26,28,27,10.99,5.22,2.22,2,2,25757,23125,23761,2,2,2,16526,14261,14653,12678,10808,11105,3755,3370,3462,94,84,85,85,75,77,1.7,2.8,1.12,0.47,11344,94,12592,89,37,42,1444,1488,1488,,91,9
"""490159763001""",,1.00,1705.00,537.00,2634.23,54,62,49,24,30,22,29,32,27,11.10,2.26,2.00,2,2,25655,22960,25209,0,0,0,14653,12810,14653,10907,9459,10973,3738,3347,3673,8,4,7,7,4,6,2.6,2.2,0.95,0.20,896,79,1552,81,33,36,1210,1000,1085,561,84,16
"""490490005052""","""Provo-Orem, UT""",1.00,1134.00,260.00,651.84,59,70,64,32,40,37,27,30,27,13.00,5.19,2.25,2,2,27835,25012,24447,0,0,0,16923,14787,14656,12865,11142,11093,4057,3645,3562,0,0,0,0,0,0,2.8,1.4,1.99,0.40,7160,90,8344,88,11,92,659,1645,1721,859,91,9
"""490532716002""","""St. George, UT""",1.00,3593.00,1151.00,2142.80,66,79,62,37,46,35,29,33,27,10.90,5.86,2.03,2,2,25458,22827,25018,0,0,0,14765,13323,14658,11054,9995,11010,3710,3326,3645,2,2,2,4,4,4,2.0,2.1,1.63,0.54,3152,89,2584,83,41,49,1494,1564,1642,1130,85,15
"""490050012012""","""Logan, UT-ID""",1.00,1486.00,435.00,676.62,66,79,60,35,44,33,31,35,27,11.23,7.22,2.16,2,2,26698,24146,24794,0,0,0,15629,14024,14668,11739,10506,11055,3890,3518,3613,0,0,0,0,0,0,2.2,1.4,1.33,0.64,3950,98,4135,85,18,96,1172,1484,1538,1108,87,13
"""490050002022""","""Logan, UT-ID""",1.00,2703.00,738.00,2327.35,65,77,59,33,41,31,32,36,28,11.73,3.72,2.20,2,2,27300,24698,25348,0,0,0,15957,14371,15011,11979,10771,11316,3978,3599,3694,0,1,1,0,1,1,1.9,0.5,1.85,0.32,2553,84,2844,84,42,43,1441,1384,1461,862,87,13
"""490351146001""","""Salt Lake City, UT""",1.00,2432.00,656.00,1162.50,65,77,72,39,48,44,26,29,27,11.48,6.48,2.21,2,2,26135,23414,24068,1,1,1,16461,14269,14672,12627,10834,11142,3810,3412,3507,25,23,23,22,21,21,1.8,2.6,1.12,0.56,12030,90,16988,90,51,53,1685,1997,2136,1066,87,13
"""490050011023""","""Logan, UT-ID""",1.00,1647.00,552.00,628.23,64,76,58,33,41,31,31,35,27,11.29,9.92,2.16,2,2,26712,24209,24860,0,0,0,15644,14027,14674,11751,10500,11052,3892,3528,3622,0,0,0,0,0,0,2.2,1.1,2.00,0.88,6840,98,7844,88,27,75,1439,1378,1460,985,83,17
"""490490101083""","""Provo-Orem, UT""",1.00,801.00,188.00,529.51,51,60,54,24,30,27,27,30,27,11.09,3.94,2.28,2,2,26392,23875,23398,6,5,5,16982,14818,14675,13035,11244,11173,3847,3479,3409,100,94,93,90,85,84,2.6,1.0,3.07,0.36,7590,93,12520,90,31,45,2059,1222,1222,,78,22
"""490572105043""","""Ogden-Clearfield, UT""",1.00,4338.00,1200.00,1694.49,57,67,64,31,39,37,26,28,27,12.04,8.53,2.19,2,2,26989,24162,24848,0,0,0,16432,14315,14676,12484,10794,11055,3934,3521,3621,14,0,0,13,0,0,1.6,3.1,0.97,0.71,7268,100,4965,85,21,61,1163,1656,1672,1400,94,6
"""490351128212""","""Salt Lake City, UT""",1.00,3929.00,988.00,1964.63,76,91,85,50,62,57,26,29,27,12.49,6.28,2.20,2,2,26914,24150,24824,0,0,0,16465,14282,14678,12541,10763,11061,3923,3519,3617,0,0,0,0,0,0,1.9,3.0,1.71,0.50,6471,91,8016,87,31,57,1362,2582,2636,2089,90,10
"""490111254032""","""Ogden-Clearfield, UT""",1.00,4249.00,1119.00,536.62,56,66,63,30,38,36,26,28,27,12.03,25.08,2.20,2,2,26713,23786,24498,0,0,0,16462,14319,14688,12568,10853,11119,3894,3466,3570,0,0,0,0,0,0,2.1,0.7,2.06,2.09,10842,96,9115,89,14,139,1044,1613,1594,2096,96,4
"""490532709022""","""St. George, UT""",1.00,3814.00,1045.00,53447.00,55,66,52,26,33,25,29,33,27,10.36,0.20,2.01,2,2,25317,22809,24926,1,1,1,14629,13501,14693,10932,10169,11054,3689,3324,3632,8,8,7,19,19,17,2.9,1.0,2.07,0.02,890,64,980,80,251,6,2906,1102,1352,738,59,41
"""490490029011""","""Provo-Orem, UT""",1.00,1586.00,383.00,1378.77,55,65,59,28,35,32,27,30,27,11.91,3.31,2.23,2,2,28127,25224,24653,0,0,0,16807,14792,14696,12707,11116,11103,4100,3675,3592,0,0,0,0,0,0,3.9,0.2,1.93,0.28,6895,66,12778,91,29,53,1435,1438,1438,,77,23
"""490490101062""","""Provo-Orem, UT""",1.00,2489.00,599.00,769.62,65,77,71,38,47,43,27,30,27,12.25,9.54,2.24,2,2,28158,25459,24927,0,0,0,16902,14808,14696,12798,11098,11064,4105,3710,3632,0,0,0,0,0,0,2.9,0.4,1.98,0.78,4200,92,3716,86,16,84,1138,1950,1973,1839,83,17
"""490490034022""","""Provo-Orem, UT""",1.00,2442.00,554.00,369.94,54,63,58,27,33,31,28,30,27,12.34,18.48,2.31,2,2,27260,24486,23919,1,1,1,17184,14884,14697,13190,11304,11202,3974,3568,3485,20,12,9,18,11,8,3.1,0.1,3.16,1.50,5604,86,4680,88,9,156,809,1373,1422,745,93,7
"""490050004033""","""Logan, UT-ID""",1.00,1272.00,387.00,610.31,60,71,54,28,35,26,32,35,28,11.56,7.33,2.20,2,2,27123,24568,25218,0,0,0,15945,14250,14909,11992,10671,11234,3952,3580,3675,0,0,0,0,0,0,1.7,1.0,1.22,0.63,4013,99,5047,86,19,64,1031,1189,1205,940,94,6
"""490490101121""","""Provo-Orem, UT""",1.00,3193.00,753.00,619.24,59,70,64,32,40,37,27,30,27,12.31,14.97,2.26,2,2,28037,25221,24668,0,0,0,16997,14840,14705,12910,11165,11111,4087,3675,3594,0,0,0,0,0,0,2.7,0.4,2.92,1.22,7551,94,8281,89,12,117,1013,1646,1674,1381,90,10
"""490490102113""","""Provo-Orem, UT""",1.00,1441.00,373.00,661.09,76,90,83,48,60,55,27,30,27,12.23,6.90,2.24,2,2,28359,25620,25074,0,0,0,16946,14836,14714,12812,11103,11060,4134,3733,3654,0,0,0,0,0,0,2.3,1.9,0.60,0.56,5159,97,5530,86,19,85,1155,2492,2492,,87,13
"""490490027013""","""Provo-Orem, UT""",1.00,735.00,196.00,690.62,50,58,53,22,28,26,27,30,27,12.05,3.42,2.25,2,2,27818,25028,24492,0,0,0,16922,14828,14716,12867,11181,11147,4055,3647,3569,0,0,0,0,0,0,2.8,2.0,3.46,0.28,9436,94,12941,89,15,66,672,1150,1119,1333,86,14
"""490439643074""","""Summit Park, UT""",1.00,2087.00,641.00,1236.15,58,71,96,40,50,69,18,20,27,12.01,6.23,2.22,2,2,26486,23664,25184,2,1,1,16536,14914,14718,12675,11464,11048,3861,3449,3670,1,0,0,120,73,78,1.6,2.8,1.12,0.52,2823,92,3999,84,43,39,1954,3087,3087,,87,13
"""490490107001""","""Provo-Orem, UT""",1.00,1504.00,413.00,841.73,58,67,62,30,37,34,28,30,28,10.36,5.08,2.33,2,2,27726,24898,24318,0,0,0,17348,15089,14910,13306,11462,11367,4042,3628,3543,0,0,0,0,0,0,2.1,0.9,1.32,0.49,11000,90,13397,90,22,91,1173,1527,1527,,93,7
"""490490102161""","""Provo-Orem, UT""",1.00,1588.00,367.00,384.11,61,72,66,34,42,39,27,30,27,12.47,11.91,2.26,2,2,28109,25206,24620,0,0,0,16992,14860,14724,12894,11187,11136,4097,3673,3587,0,0,0,0,0,0,2.7,0.6,1.66,0.96,8972,84,10719,89,18,102,1125,1735,1768,1425,90,10
"""490111254031""","""Ogden-Clearfield, UT""",1.00,3690.00,1065.00,644.65,54,64,61,28,35,34,26,28,27,11.47,18.95,2.24,2,2,26122,23343,24017,0,0,0,16628,14328,14728,12812,10922,11223,3808,3401,3500,8,5,5,7,4,5,2.0,0.5,2.11,1.65,12019,92,10092,89,18,125,1163,1506,1528,955,96,4
"""490139406001""",,1.00,960.00,361.00,106832.46,44,52,49,19,23,21,26,28,27,9.85,0.03,2.08,2,2,25041,22390,24362,3,3,3,15596,13897,14746,11893,10588,11147,3650,3263,3550,54,47,49,46,40,41,2.7,1.5,0.62,0.00,270,51,360,76,407,4,4102,956,994,889,64,36
"""490490101044""","""Provo-Orem, UT""",1.00,2760.00,584.00,641.00,58,68,63,31,38,35,28,30,27,12.07,11.00,2.27,2,2,27730,25134,24638,0,0,0,17026,14874,14750,12984,11212,11160,4042,3662,3590,0,0,0,0,0,0,2.8,0.3,2.47,0.91,5189,100,3701,86,17,69,879,1582,1603,1500,79,21
"""490050012021""","""Logan, UT-ID""",1.00,2163.00,541.00,3499.25,61,72,55,29,37,27,31,36,28,12.01,1.86,2.18,2,2,27118,24702,25314,0,0,0,15811,14286,14914,11859,10684,11224,3951,3599,3689,0,3,2,0,2,2,1.7,1.6,0.69,0.15,2909,94,3278,84,73,20,2089,1226,1421,595,76,24
"""490490104081""","""Provo-Orem, UT""",1.00,1627.00,449.00,445.55,54,62,57,26,32,30,28,30,27,11.48,11.57,2.31,2,2,27433,24806,24291,0,0,0,17199,14930,14763,13191,11311,11221,3999,3615,3540,8,4,3,8,4,3,3.0,0.1,1.37,1.01,3676,94,3449,86,11,122,838,1332,1439,719,85,15
"""490251301002""",,1.00,736.00,249.00,85015.11,54,64,51,25,31,23,29,33,27,10.92,0.03,2.01,2,2,23538,20934,24239,3,3,3,14414,13308,14767,10927,10204,11175,3430,3050,3532,58,53,59,49,45,51,2.0,2.2,0.58,0.00,226,48,268,74,697,2,4601,1045,1146,825,69,31
"""490050004034""","""Logan, UT-ID""",1.00,1313.00,369.00,463.17,67,80,61,36,45,34,31,35,27,11.83,9.43,2.18,2,2,27061,24528,25169,0,0,0,15790,14118,14772,11846,10544,11104,3943,3574,3667,0,0,0,0,0,0,2.0,1.0,1.15,0.80,3879,94,4223,85,23,83,1272,1512,1547,1198,90,10
"""490490104083""","""Provo-Orem, UT""",1.00,1187.00,338.00,359.34,58,69,63,31,39,36,27,30,27,11.60,10.91,2.26,2,2,28095,25424,24912,0,0,0,16986,14887,14781,12890,11183,11151,4095,3705,3630,0,0,0,0,0,0,3.3,0.1,2.06,0.94,3622,93,3330,86,13,139,1068,1597,1703,1170,80,20
