tract_geoid,median_income,population,households,year,income_source,population_source,households_source
49003960100,63815.0,3265.0,1015.0,2019,acs,acs,acs
49003960100,67297.0,3417.0,1028.0,2020,acs,acs,acs
49003960100,76298.0,4259.0,1119.0,2021,acs,acs,acs
49003960100,81406.0,4087.0,1074.0,2022,acs,acs,acs
49003960100,87091.0,4055.0,1116.0,2023,acs,acs,acs
49003960100,91017.0,4043.0,1209.0,2024,acs,acs,acs
49003960200,67370.0,7929.0,2417.0,2019,acs,acs,acs
49003960200,68940.0,7961.0,2434.0,2020,acs,acs,acs
49003960200,75000.0,8037.0,2456.0,2021,acs,acs,acs
49003960200,75645.0,8162.0,2375.0,2022,acs,acs,acs
49003960200,78497.0,8156.0,2455.0,2023,acs,acs,acs
49003960200,85393.0,8178.0,2451.0,2024,acs,acs,acs
49003960300,52283.0,8960.0,2818.0,2019,acs,acs,acs
49003960301,54508.0,3696.0,1366.0,2020,acs,acs,acs
49003960301,63245.0,4024.0,1441.0,2021,acs,acs,acs
49003960301,69743.0,4356.0,1488.0,2022,acs,acs,acs
49003960301,77872.0,5090.0,1558.0,2023,acs,acs,acs
49003960301,77917.0,5334.0,1617.0,2024,acs,acs,acs
49003960302,59693.0,5611.0,1781.0,2020,acs,acs,acs
49003960302,59697.0,5607.0,1924.0,2021,acs,acs,acs
49003960302,61940.0,6022.0,2042.0,2022,acs,acs,acs
49003960302,70518.0,6107.0,2146.0,2023,acs,acs,acs
49003960302,72692.0,6586.0,2284.0,2024,acs,acs,acs
49003960400,63203.0,4913.0,1589.0,2019,acs,acs,acs
49003960400,68413.0,5116.0,1572.0,2020,acs,acs,acs
49003960400,72529.0,5239.0,1561.0,2021,acs,acs,acs
49003960400,75777.0,5272.0,1655.0,2022,acs,acs,acs
49003960400,80656.0,5370.0,1669.0,2023,acs,acs,acs
49003960400,92708.0,5492.0,1676.0,2024,acs,acs,acs
49003960500,57022.0,5548.0,1782.0,2019,acs,acs,acs
49003960500,56587.0,5582.0,1794.0,2020,acs,acs,acs
49003960500,61023.0,5361.0,1729.0,2021,acs,acs,acs
49003960500,71911.0,5442.0,1839.0,2022,acs,acs,acs
49003960500,72734.0,5376.0,1874.0,2023,acs,acs,acs
49003960500,78926.0,5449.0,1919.0,2024,acs,acs,acs
49003960601,48750.0,3638.0,1274.0,2019,acs,acs,acs
49003960601,59145.0,3643.0,1289.0,2020,acs,acs,acs
49003960601,59286.0,3754.0,1368.0,2021,acs,acs,acs
49003960601,53879.0,3812.0,1444.0,2022,acs,acs,acs
49003960601,63859.0,4005.0,1457.0,2023,acs,acs,acs
49003960601,59167.0,3776.0,1400.0,2024,acs,acs,acs
49003960602,72330.0,2378.0,847.0,2019,acs,acs,acs
49003960602,81000.0,2602.0,898.0,2020,acs,acs,acs
49003960602,85324.0,2774.0,933.0,2021,acs,acs,acs
49003960602,84844.0,2745.0,945.0,2022,acs,acs,acs
49003960602,90132.0,2847.0,968.0,2023,acs,acs,acs
49003960602,93594.0,2890.0,988.0,2024,acs,acs,acs
49003960701,51847.0,5327.0,1895.0,2019,acs,acs,acs
49003960701,51644.0,5257.0,1767.0,2020,acs,acs,acs
49003960701,57689.0,5176.0,1698.0,2021,acs,acs,acs
49003960701,64818.0,5306.0,1652.0,2022,acs,acs,acs
49003960701,67454.0,5328.0,1652.0,2023,acs,acs,acs
49003960701,80857.0,5545.0,1642.0,2024,acs,acs,acs
49003960702,45924.0,2773.0,1001.0,2019,acs,acs,acs
49003960702,53427.0,2693.0,967.0,2020,acs,acs,acs
49003960702,55000.0,2662.0,962.0,2021,acs,acs,acs
49003960702,47500.0,2785.0,1058.0,2022,acs,acs,acs
49003960702,46563.0,2613.0,1002.0,2023,acs,acs,acs
49003960702,49455.0,2696.0,1019.0,2024,acs,acs,acs
49003960801,77961.0,4373.0,1459.0,2019,acs,acs,acs
49003960801,83750.0,4382.0,1419.0,2020,acs,acs,acs
49003960801,91087.0,4540.0,1416.0,2021,acs,acs,acs
49003960801,104500.0,4814.0,1478.0,2022,acs,acs,acs
49003960801,110125.0,5180.0,1610.0,2023,acs,acs,acs
49003960801,120129.0,5792.0,1727.0,2024,acs,acs,acs
49003960802,92091.0,4842.0,1472.0,2019,acs,acs,acs
49003960802,83253.0,4993.0,1496.0,2020,acs,acs,acs
49003960802,90694.0,5458.0,1587.0,2021,acs,acs,acs
49003960802,98359.0,5488.0,1507.0,2022,acs,acs,acs
49003960802,100625.0,5598.0,1643.0,2023,acs,acs,acs
49003960802,106435.0,5465.0,1625.0,2024,acs,acs,acs
49011125102,98152.0,4308.0,1330.0,2019,acs,acs,acs
49011125102,103603.0,3921.0,1331.0,2020,acs,acs,acs
49011125102,119076.0,3889.0,1261.0,2021,acs,acs,acs
49011125102,133393.0,4207.0,1378.0,2022,acs,acs,acs
49011125102,145063.0,4486.0,1484.0,2023,acs,acs,acs
49011125102,143621.0,4606.0,1508.0,2024,acs,acs,acs
49011125103,82872.0,6187.0,1878.0,2019,acs,acs,acs
49011125103,82401.0,6342.0,1981.0,2020,acs,acs,acs
49011125103,88656.0,6875.0,2220.0,2021,acs,acs,acs
49011125103,96250.0,7058.0,2320.0,2022,acs,acs,acs
49011125103,97344.0,7454.0,2362.0,2023,acs,acs,acs
49011125103,107601.0,7629.0,2467.0,2024,acs,acs,acs
49011125104,115263.0,6157.0,1672.0,2019,acs,acs,acs
49011125104,130114.0,6485.0,1890.0,2020,acs,acs,acs
49011125104,133646.0,6610.0,1965.0,2021,acs,acs,acs
49011125104,141406.0,6379.0,1932.0,2022,acs,acs,acs
49011125104,155938.0,6305.0,1946.0,2023,acs,acs,acs
49011125104,154236.0,6003.0,1891.0,2024,acs,acs,acs
49011125200,54145.0,3487.0,1031.0,2019,acs,acs,acs
49011125201,57083.0,3070.0,1020.0,2020,acs,acs,acs
49011125201,61425.0,3076.0,976.0,2021,acs,acs,acs
49011125201,63175.0,3075.0,970.0,2022,acs,acs,acs
49011125201,68761.0,3229.0,1010.0,2023,acs,acs,acs
49011125201,69167.0,3378.0,1024.0,2024,acs,acs,acs
49011125301,62219.0,5261.0,1674.0,2019,acs,acs,acs
49011125301,63564.0,5274.0,1584.0,2020,acs,acs,acs
49011125301,62825.0,5421.0,1647.0,2021,acs,acs,acs
49011125301,64521.0,5390.0,1663.0,2022,acs,acs,acs
49011125301,74125.0,5517.0,1750.0,2023,acs,acs,acs
49011125301,76273.0,5530.0,1718.0,2024,acs,acs,acs
49011125303,89844.0,11604.0,3252.0,2019,acs,acs,acs
49011125304,73788.0,5345.0,1602.0,2019,acs,acs,acs
49011125304,74125.0,5032.0,1481.0,2020,acs,acs,acs
49011125304,72442.0,5408.0,1576.0,2021,acs,acs,acs
49011125304,93472.0,5336.0,1525.0,2022,acs,acs,acs
49011125304,98172.0,5303.0,1546.0,2023,acs,acs,acs
49011125304,101450.0,4948.0,1490.0,2024,acs,acs,acs
49011125305,89145.0,6618.0,1889.0,2019,acs,acs,acs
49011125305,93648.0,6356.0,1913.0,2020,acs,acs,acs
49011125305,92576.0,6330.0,1966.0,2021,acs,acs,acs
49011125305,101719.0,6460.0,1991.0,2022,acs,acs,acs
49011125305,110596.0,6477.0,2001.0,2023,acs,acs,acs
49011125305,106053.0,5988.0,1916.0,2024,acs,acs,acs
49011125306,105688.0,5041.0,1219.0,2020,acs,acs,acs
49011125306,111897.0,4817.0,1316.0,2021,acs,acs,acs
49011125306,128095.0,4938.0,1322.0,2022,acs,acs,acs
49011125306,132832.0,4850.0,1337.0,2023,acs,acs,acs
49011125306,135625.0,4851.0,1295.0,2024,acs,acs,acs
49011125307,91810.0,7260.0,1948.0,2020,acs,acs,acs
49011125307,101352.0,7935.0,2136.0,2021,acs,acs,acs
49011125307,110979.0,7964.0,2251.0,2022,acs,acs,acs
49011125307,112595.0,8369.0,2297.0,2023,acs,acs,acs
49011125307,121862.0,8853.0,2368.0,2024,acs,acs,acs
49011125401,96622.0,12999.0,3595.0,2019,acs,acs,acs
49011125403,94404.0,14505.0,3863.0,2019,acs,acs,acs
49011125405,91728.0,10519.0,2489.0,2019,acs,acs,acs
49011125406,99485.0,8839.0,2290.0,2019,acs,acs,acs
49011125407,99563.0,7558.0,2186.0,2020,acs,acs,acs
49011125407,104253.0,7702.0,2322.0,2021,acs,acs,acs
49011125407,130625.0,8159.0,2448.0,2022,acs,acs,acs
49011125407,140977.0,8410.0,2546.0,2023,acs,acs,acs
49011125407,144590.0,8390.0,2461.0,2024,acs,acs,acs
49011125408,104774.0,6363.0,1689.0,2020,acs,acs,acs
49011125408,112388.0,6334.0,1846.0,2021,acs,acs,acs
49011125408,138496.0,6542.0,1899.0,2022,acs,acs,acs
49011125408,143900.0,6887.0,1938.0,2023,acs,acs,acs
49011125408,143514.0,8085.0,2292.0,2024,acs,acs,acs
49011125409,105692.0,5063.0,1333.0,2020,acs,acs,acs
49011125409,112348.0,5364.0,1429.0,2021,acs,acs,acs
49011125409,122606.0,5352.0,1449.0,2022,acs,acs,acs
49011125409,126324.0,5639.0,1614.0,2023,acs,acs,acs
49011125409,127978.0,5551.0,1604.0,2024,acs,acs,acs
49011125410,127778.0,3975.0,1052.0,2020,acs,acs,acs
49011125410,144107.0,4059.0,1096.0,2021,acs,acs,acs
49011125410,125636.0,4038.0,1080.0,2022,acs,acs,acs
49011125410,132367.0,4061.0,1047.0,2023,acs,acs,acs
49011125410,140256.0,3951.0,1078.0,2024,acs,acs,acs
49011125411,82399.0,6284.0,1739.0,2020,acs,acs,acs
49011125411,89861.0,6721.0,1851.0,2021,acs,acs,acs
49011125411,113056.0,7002.0,1956.0,2022,acs,acs,acs
49011125411,122727.0,7685.0,2190.0,2023,acs,acs,acs
49011125411,124458.0,8905.0,2514.0,2024,acs,acs,acs
49011125412,74464.0,2283.0,742.0,2020,acs,acs,acs
49011125412,76944.0,2470.0,684.0,2021,acs,acs,acs
49011125412,83867.0,2523.0,702.0,2022,acs,acs,acs
49011125412,90625.0,2483.0,707.0,2023,acs,acs,acs
49011125412,110192.0,2607.0,730.0,2024,acs,acs,acs
49011125413,135287.0,5962.0,1446.0,2020,acs,acs,acs
49011125413,136836.0,6441.0,1528.0,2021,acs,acs,acs
49011125413,147523.0,6571.0,1629.0,2022,acs,acs,acs
49011125413,137188.0,6227.0,1632.0,2023,acs,acs,acs
49011125413,140107.0,6200.0,1643.0,2024,acs,acs,acs
49011125414,97056.0,4729.0,1193.0,2020,acs,acs,acs
49011125414,103235.0,4698.0,1228.0,2021,acs,acs,acs
49011125414,124856.0,4607.0,1221.0,2022,acs,acs,acs
49011125414,131827.0,4692.0,1271.0,2023,acs,acs,acs
49011125414,128529.0,4835.0,1348.0,2024,acs,acs,acs
49011125415,105967.0,6117.0,1446.0,2020,acs,acs,acs
49011125415,107778.0,6312.0,1536.0,2021,acs,acs,acs
49011125415,118178.0,6226.0,1546.0,2022,acs,acs,acs
49011125415,124714.0,6008.0,1563.0,2023,acs,acs,acs
49011125415,129902.0,5700.0,1520.0,2024,acs,acs,acs
49011125501,65231.0,6038.0,1828.0,2019,acs,acs,acs
49011125501,74597.0,6208.0,2049.0,2020,acs,acs,acs
49011125501,79614.0,6547.0,2187.0,2021,acs,acs,acs
49011125501,90289.0,6821.0,2237.0,2022,acs,acs,acs
49011125501,95027.0,7104.0,2404.0,2023,acs,acs,acs
49011125501,97528.0,7219.0,2418.0,2024,acs,acs,acs
49011125502,64886.0,5679.0,1621.0,2019,acs,acs,acs
49011125502,72348.0,5640.0,1601.0,2020,acs,acs,acs
49011125502,83322.0,5642.0,1606.0,2021,acs,acs,acs
49011125502,91313.0,5382.0,1655.0,2022,acs,acs,acs
49011125502,94073.0,5551.0,1747.0,2023,acs,acs,acs
49011125502,98265.0,5885.0,1884.0,2024,acs,acs,acs
49011125503,86771.0,5832.0,1461.0,2019,acs,acs,acs
49011125503,92074.0,5914.0,1530.0,2020,acs,acs,acs
49011125503,99250.0,6255.0,1584.0,2021,acs,acs,acs
49011125503,106591.0,6512.0,1634.0,2022,acs,acs,acs
49011125503,114583.0,6356.0,1619.0,2023,acs,acs,acs
49011125503,121621.0,6702.0,1693.0,2024,acs,acs,acs
49011125600,55714.0,282.0,70.0,2019,acs,acs,acs
49011125600,57143.0,309.0,74.0,2020,acs,acs,acs
49011125600,78750.0,233.0,67.0,2021,acs,acs,acs
49011125600,90938.0,238.0,67.0,2022,acs,acs,acs
49011125600,93625.0,257.0,85.0,2023,acs,acs,acs
49011125600,96000.0,307.0,100.0,2024,acs,acs,acs
49011125701,41862.0,4145.0,1361.0,2019,acs,acs,acs
49011125701,45035.0,4500.0,1684.0,2020,acs,acs,acs
49011125701,45386.0,4851.0,1809.0,2021,acs,acs,acs
49011125701,52083.0,4910.0,1932.0,2022,acs,acs,acs
49011125701,53661.0,5146.0,2220.0,2023,acs,acs,acs
49011125701,55307.0,5452.0,2345.0,2024,acs,acs,acs
49011125702,58197.0,4129.0,1298.0,2019,acs,acs,acs
49011125702,59615.0,4068.0,1440.0,2020,acs,acs,acs
49011125702,56315.0,3905.0,1471.0,2021,acs,acs,acs
49011125702,58158.0,4024.0,1502.0,2022,acs,acs,acs
49011125702,68148.0,3939.0,1486.0,2023,acs,acs,acs
49011125702,69792.0,4090.0,1532.0,2024,acs,acs,acs
49011125801,55478.0,7690.0,2718.0,2019,acs,acs,acs
49011125801,52218.0,7445.0,2785.0,2020,acs,acs,acs
49011125801,56760.0,7724.0,2840.0,2021,acs,acs,acs
49011125801,60224.0,7433.0,2777.0,2022,acs,acs,acs
49011125801,65441.0,6998.0,2774.0,2023,acs,acs,acs
49011125801,64612.0,6439.0,2621.0,2024,acs,acs,acs
49011125804,99398.0,6253.0,1849.0,2019,acs,acs,acs
49011125804,103580.0,6639.0,1847.0,2020,acs,acs,acs
49011125804,112368.0,6919.0,1984.0,2021,acs,acs,acs
49011125804,122973.0,6939.0,1999.0,2022,acs,acs,acs
49011125804,127781.0,6731.0,2025.0,2023,acs,acs,acs
49011125804,132664.0,6888.0,2095.0,2024,acs,acs,acs
49011125805,71458.0,6271.0,2013.0,2019,acs,acs,acs
49011125805,75710.0,6109.0,1980.0,2020,acs,acs,acs
49011125805,77955.0,6313.0,2117.0,2021,acs,acs,acs
49011125805,81773.0,6171.0,2154.0,2022,acs,acs,acs
49011125805,88304.0,6090.0,2182.0,2023,acs,acs,acs
49011125805,95214.0,6068.0,2222.0,2024,acs,acs,acs
49011125807,58681.0,3936.0,1297.0,2019,acs,acs,acs
49011125807,63632.0,3618.0,1175.0,2020,acs,acs,acs
49011125807,59441.0,3435.0,1217.0,2021,acs,acs,acs
49011125807,77843.0,3546.0,1287.0,2022,acs,acs,acs
49011125807,82773.0,3389.0,1278.0,2023,acs,acs,acs
49011125807,84650.0,3288.0,1289.0,2024,acs,acs,acs
49011125808,62666.0,6374.0,2798.0,2019,acs,acs,acs
49011125809,64276.0,4367.0,1722.0,2020,acs,acs,acs
49011125809,65298.0,4687.0,1864.0,2021,acs,acs,acs
49011125809,70745.0,4913.0,1827.0,2022,acs,acs,acs
49011125809,67386.0,5127.0,1855.0,2023,acs,acs,acs
49011125809,66413.0,4985.0,1802.0,2024,acs,acs,acs
49011125810,76449.0,2723.0,1059.0,2020,acs,acs,acs
49011125810,71691.0,2601.0,1075.0,2021,acs,acs,acs
49011125810,71860.0,2976.0,1187.0,2022,acs,acs,acs
49011125810,69210.0,2781.0,1177.0,2023,acs,acs,acs
49011125810,62008.0,2900.0,1147.0,2024,acs,acs,acs
49011125905,70074.0,6311.0,2154.0,2019,acs,acs,acs
49011125905,80852.0,6870.0,2386.0,2020,acs,acs,acs
49011125905,81533.0,7433.0,2531.0,2021,acs,acs,acs
49011125905,89067.0,7575.0,2690.0,2022,acs,acs,acs
49011125905,93750.0,7734.0,2854.0,2023,acs,acs,acs
49011125905,100175.0,7811.0,2806.0,2024,acs,acs,acs
49011125906,94472.0,7155.0,2360.0,2019,acs,acs,acs
49011125906,91019.0,6960.0,2387.0,2020,acs,acs,acs
49011125906,98177.0,7481.0,2467.0,2021,acs,acs,acs
49011125906,103750.0,7639.0,2525.0,2022,acs,acs,acs
49011125906,107702.0,7703.0,2598.0,2023,acs,acs,acs
49011125906,97104.0,7914.0,2597.0,2024,acs,acs,acs
49011125907,80000.0,2130.0,776.0,2019,acs,acs,acs
49011125907,87042.0,2184.0,785.0,2020,acs,acs,acs
49011125907,89202.0,2435.0,832.0,2021,acs,acs,acs
49011125907,100977.0,2705.0,859.0,2022,acs,acs,acs
49011125907,115517.0,2800.0,892.0,2023,acs,acs,acs
49011125907,120341.0,2889.0,885.0,2024,acs,acs,acs
49011125908,100339.0,5026.0,1541.0,2019,acs,acs,acs
49011125908,96583.0,4840.0,1520.0,2020,acs,acs,acs
49011125908,103864.0,5029.0,1544.0,2021,acs,acs,acs
49011125908,104609.0,5191.0,1624.0,2022,acs,acs,acs
49011125908,105118.0,5313.0,1607.0,2023,acs,acs,acs
49011125908,111615.0,5421.0,1608.0,2024,acs,acs,acs
49011126001,53833.0,5755.0,1976.0,2019,acs,acs,acs
49011126001,61676.0,5367.0,1903.0,2020,acs,acs,acs
49011126001,63275.0,5550.0,2011.0,2021,acs,acs,acs
49011126001,68514.0,5386.0,1966.0,2022,acs,acs,acs
49011126001,74901.0,5676.0,2045.0,2023,acs,acs,acs
49011126001,84632.0,5582.0,2003.0,2024,acs,acs,acs
49011126002,100917.0,6967.0,1853.0,2019,acs,acs,acs
49011126002,104962.0,7787.0,2021.0,2020,acs,acs,acs
49011126002,112469.0,8432.0,2167.0,2021,acs,acs,acs
49011126002,116635.0,8534.0,2324.0,2022,acs,acs,acs
49011126002,128233.0,8870.0,2443.0,2023,acs,acs,acs
49011126002,121750.0,9751.0,2683.0,2024,acs,acs,acs
49011126101,78293.0,7032.0,2183.0,2019,acs,acs,acs
49011126101,86466.0,7812.0,2259.0,2020,acs,acs,acs
49011126101,91618.0,7322.0,2206.0,2021,acs,acs,acs
49011126101,105671.0,7238.0,2241.0,2022,acs,acs,acs
49011126101,107559.0,7199.0,2270.0,2023,acs,acs,acs
49011126101,114436.0,6978.0,2255.0,2024,acs,acs,acs
49011126104,133262.0,14217.0,3326.0,2019,acs,acs,acs
49011126105,108859.0,6409.0,1760.0,2019,acs,acs,acs
49011126105,108036.0,5996.0,1605.0,2020,acs,acs,acs
49011126105,116175.0,5871.0,1581.0,2021,acs,acs,acs
49011126105,126589.0,5915.0,1599.0,2022,acs,acs,acs
49011126105,127500.0,6024.0,1594.0,2023,acs,acs,acs
49011126105,137368.0,5965.0,1576.0,2024,acs,acs,acs
49011126106,145865.0,4296.0,1019.0,2020,acs,acs,acs
49011126106,154219.0,4559.0,1036.0,2021,acs,acs,acs
49011126106,179531.0,4544.0,1065.0,2022,acs,acs,acs
49011126106,195729.0,4391.0,1052.0,2023,acs,acs,acs
49011126106,196250.0,4191.0,1026.0,2024,acs,acs,acs
49011126107,135179.0,3583.0,934.0,2020,acs,acs,acs
49011126107,127500.0,3676.0,972.0,2021,acs,acs,acs
49011126107,139375.0,3688.0,993.0,2022,acs,acs,acs
49011126107,137188.0,3716.0,1020.0,2023,acs,acs,acs
49011126107,156207.0,3640.0,998.0,2024,acs,acs,acs
49011126108,148030.0,6317.0,1404.0,2020,acs,acs,acs
49011126108,155500.0,6395.0,1394.0,2021,acs,acs,acs
49011126108,175547.0,6534.0,1417.0,2022,acs,acs,acs
49011126108,188958.0,6557.0,1464.0,2023,acs,acs,acs
49011126108,212102.0,6716.0,1463.0,2024,acs,acs,acs
49011126202,106647.0,13785.0,3692.0,2019,acs,acs,acs
49011126203,137889.0,4317.0,1276.0,2019,acs,acs,acs
49011126203,140263.0,4277.0,1210.0,2020,acs,acs,acs
49011126203,148616.0,4177.0,1163.0,2021,acs,acs,acs
49011126203,142778.0,4328.0,1204.0,2022,acs,acs,acs
49011126203,154205.0,4382.0,1196.0,2023,acs,acs,acs
49011126203,136250.0,4465.0,1254.0,2024,acs,acs,acs
49011126204,96431.0,4642.0,1399.0,2019,acs,acs,acs
49011126204,96473.0,4471.0,1340.0,2020,acs,acs,acs
49011126204,100538.0,4699.0,1447.0,2021,acs,acs,acs
49011126204,109676.0,4824.0,1515.0,2022,acs,acs,acs
49011126204,113431.0,5042.0,1602.0,2023,acs,acs,acs
49011126204,113194.0,4957.0,1565.0,2024,acs,acs,acs
49011126205,68512.0,6552.0,2454.0,2020,acs,acs,acs
49011126205,98105.0,6196.0,2180.0,2021,acs,acs,acs
49011126205,108021.0,6488.0,2246.0,2022,acs,acs,acs
49011126205,118490.0,6373.0,2276.0,2023,acs,acs,acs
49011126205,128958.0,6338.0,2211.0,2024,acs,acs,acs
49011126206,123925.0,7924.0,1505.0,2020,acs,acs,acs
49011126206,123333.0,7840.0,1580.0,2021,acs,acs,acs
49011126206,127083.0,7882.0,1632.0,2022,acs,acs,acs
49011126206,140461.0,7819.0,1708.0,2023,acs,acs,acs
49011126206,160795.0,7789.0,1765.0,2024,acs,acs,acs
49011126303,107889.0,4627.0,1369.0,2019,acs,acs,acs
49011126303,96076.0,4966.0,1526.0,2020,acs,acs,acs
49011126303,102318.0,4872.0,1519.0,2021,acs,acs,acs
49011126303,116513.0,4926.0,1501.0,2022,acs,acs,acs
49011126303,117824.0,4965.0,1546.0,2023,acs,acs,acs
49011126303,121727.0,5226.0,1582.0,2024,acs,acs,acs
49011126304,109665.0,6719.0,2065.0,2019,acs,acs,acs
49011126304,117012.0,7267.0,2364.0,2020,acs,acs,acs
49011126304,123977.0,7339.0,2407.0,2021,acs,acs,acs
49011126304,130878.0,7552.0,2446.0,2022,acs,acs,acs
49011126304,137710.0,7311.0,2395.0,2023,acs,acs,acs
49011126304,140387.0,7540.0,2527.0,2024,acs,acs,acs
49011126305,107303.0,2524.0,733.0,2019,acs,acs,acs
49011126305,120775.0,2924.0,841.0,2020,acs,acs,acs
49011126305,126862.0,2769.0,796.0,2021,acs,acs,acs
49011126305,129844.0,2704.0,783.0,2022,acs,acs,acs
49011126305,138750.0,2716.0,808.0,2023,acs,acs,acs
49011126305,133906.0,2836.0,820.0,2024,acs,acs,acs
49011126306,72292.0,7641.0,2817.0,2019,acs,acs,acs
49011126306,74786.0,7214.0,2775.0,2020,acs,acs,acs
49011126306,79274.0,6875.0,2658.0,2021,acs,acs,acs
49011126306,87333.0,6626.0,2554.0,2022,acs,acs,acs
49011126306,95670.0,6748.0,2555.0,2023,acs,acs,acs
49011126306,106147.0,6676.0,2539.0,2024,acs,acs,acs
49011126402,125000.0,3306.0,948.0,2019,acs,acs,acs
49011126402,139250.0,3453.0,919.0,2020,acs,acs,acs
49011126402,151250.0,3610.0,964.0,2021,acs,acs,acs
49011126402,157375.0,3569.0,970.0,2022,acs,acs,acs
49011126402,155938.0,3583.0,1000.0,2023,acs,acs,acs
49011126402,161923.0,3847.0,1052.0,2024,acs,acs,acs
49011126404,105694.0,7506.0,2390.0,2019,acs,acs,acs
49011126404,108865.0,7789.0,2605.0,2020,acs,acs,acs
49011126404,111901.0,7826.0,2653.0,2021,acs,acs,acs
49011126404,124255.0,8398.0,2817.0,2022,acs,acs,acs
49011126404,129831.0,8673.0,2900.0,2023,acs,acs,acs
49011126404,129413.0,8530.0,2942.0,2024,acs,acs,acs
49011126405,130104.0,3904.0,1080.0,2019,acs,acs,acs
49011126405,109609.0,3530.0,1047.0,2020,acs,acs,acs
49011126405,134722.0,3681.0,1088.0,2021,acs,acs,acs
49011126405,147031.0,3771.0,1119.0,2022,acs,acs,acs
49011126405,153843.0,3628.0,1087.0,2023,acs,acs,acs
49011126405,153173.0,3459.0,1083.0,2024,acs,acs,acs
49011126406,63125.0,4034.0,1433.0,2019,acs,acs,acs
49011126406,64531.0,4133.0,1463.0,2020,acs,acs,acs
49011126406,72204.0,4229.0,1573.0,2021,acs,acs,acs
49011126406,87396.0,4332.0,1563.0,2022,acs,acs,acs
49011126406,96910.0,4643.0,1655.0,2023,acs,acs,acs
49011126406,97524.0,4554.0,1661.0,2024,acs,acs,acs
49011126500,90542.0,6114.0,1841.0,2019,acs,acs,acs
49011126500,87260.0,5919.0,1775.0,2020,acs,acs,acs
49011126500,91512.0,5933.0,1766.0,2021,acs,acs,acs
49011126500,89395.0,6042.0,1795.0,2022,acs,acs,acs
49011126500,107669.0,6042.0,1785.0,2023,acs,acs,acs
49011126500,112150.0,6032.0,1806.0,2024,acs,acs,acs
49011126600,65603.0,5133.0,1818.0,2019,acs,acs,acs
49011126600,66453.0,5057.0,1826.0,2020,acs,acs,acs
49011126600,67553.0,5014.0,1757.0,2021,acs,acs,acs
49011126600,73278.0,5438.0,1862.0,2022,acs,acs,acs
49011126600,71215.0,5366.0,1905.0,2023,acs,acs,acs
49011126600,73816.0,5498.0,1958.0,2024,acs,acs,acs
49011126700,53202.0,4266.0,1600.0,2019,acs,acs,acs
49011126700,64226.0,4451.0,1497.0,2020,acs,acs,acs
49011126700,66278.0,4688.0,1565.0,2021,acs,acs,acs
49011126700,73177.0,4412.0,1518.0,2022,acs,acs,acs
49011126700,77679.0,4551.0,1537.0,2023,acs,acs,acs
49011126700,61250.0,4097.0,1469.0,2024,acs,acs,acs
49011126801,124375.0,3287.0,1008.0,2019,acs,acs,acs
49011126801,126356.0,3162.0,1156.0,2020,acs,acs,acs
49011126801,133333.0,3200.0,1114.0,2021,acs,acs,acs
49011126801,142731.0,3137.0,1109.0,2022,acs,acs,acs
49011126801,146000.0,3170.0,1130.0,2023,acs,acs,acs
49011126801,142438.0,3284.0,1146.0,2024,acs,acs,acs
49011126802,100750.0,4666.0,1473.0,2019,acs,acs,acs
49011126802,108057.0,4654.0,1369.0,2020,acs,acs,acs
49011126802,113651.0,4916.0,1438.0,2021,acs,acs,acs
49011126802,122247.0,5011.0,1455.0,2022,acs,acs,acs
49011126802,137969.0,4828.0,1432.0,2023,acs,acs,acs
49011126802,135703.0,4920.0,1473.0,2024,acs,acs,acs
49011126901,60669.0,6360.0,2259.0,2019,acs,acs,acs
49011126901,63693.0,5841.0,2025.0,2020,acs,acs,acs
49011126901,58125.0,5905.0,2052.0,2021,acs,acs,acs
49011126901,74113.0,5277.0,1992.0,2022,acs,acs,acs
49011126901,82784.0,5037.0,1938.0,2023,acs,acs,acs
49011126901,82333.0,5593.0,1967.0,2024,acs,acs,acs
49011126902,74361.0,6898.0,2327.0,2019,acs,acs,acs
49011126902,75676.0,7291.0,2394.0,2020,acs,acs,acs
49011126902,78036.0,7598.0,2495.0,2021,acs,acs,acs
49011126902,78125.0,7380.0,2405.0,2022,acs,acs,acs
49011126902,76635.0,7403.0,2427.0,2023,acs,acs,acs
49011126902,77972.0,7538.0,2472.0,2024,acs,acs,acs
49011127002,70216.0,8048.0,2573.0,2019,acs,acs,acs
49011127002,71359.0,8379.0,2790.0,2020,acs,acs,acs
49011127002,75295.0,8303.0,2791.0,2021,acs,acs,acs
49011127002,83434.0,7974.0,2830.0,2022,acs,acs,acs
49011127002,97679.0,8266.0,2732.0,2023,acs,acs,acs
49011127002,88029.0,8381.0,2847.0,2024,acs,acs,acs
49011127003,93863.0,8105.0,2577.0,2019,acs,acs,acs
49011127003,95772.0,7894.0,2566.0,2020,acs,acs,acs
49011127003,92339.0,8618.0,2669.0,2021,acs,acs,acs
49011127003,108039.0,8962.0,2756.0,2022,acs,acs,acs
49011127003,113548.0,8949.0,2797.0,2023,acs,acs,acs
49011127003,116592.0,8820.0,2699.0,2024,acs,acs,acs
49011127004,79099.0,8368.0,2430.0,2019,acs,acs,acs
49011127005,95867.0,4506.0,1213.0,2020,acs,acs,acs
49011127005,102083.0,4368.0,1135.0,2021,acs,acs,acs
49011127005,113922.0,4594.0,1172.0,2022,acs,acs,acs
49011127005,114107.0,4638.0,1212.0,2023,acs,acs,acs
49011127005,122981.0,4245.0,1147.0,2024,acs,acs,acs
49011127006,79735.0,3945.0,1275.0,2020,acs,acs,acs
49011127006,89342.0,4108.0,1268.0,2021,acs,acs,acs
49011127006,97288.0,4278.0,1278.0,2022,acs,acs,acs
49011127006,116004.0,4306.0,1321.0,2023,acs,acs,acs
49011127006,123482.0,4287.0,1277.0,2024,acs,acs,acs
49011127100,74171.0,8057.0,2635.0,2019,acs,acs,acs
49011127100,82602.0,7971.0,2779.0,2020,acs,acs,acs
49011127100,86422.0,7820.0,2654.0,2021,acs,acs,acs
49011127100,100244.0,8079.0,2782.0,2022,acs,acs,acs
49011127100,105784.0,8354.0,2790.0,2023,acs,acs,acs
49011127100,109590.0,8496.0,2734.0,2024,acs,acs,acs
49011980000,203750.0,524.0,28.0,2020,acs,acs,acs
49011980000,182500.0,490.0,22.0,2021,acs,acs,acs
49011980000,161250.0,407.0,8.0,2022,extrapolated,acs,acs
49011980000,140000.0,415.0,8.0,2023,extrapolated,acs,acs
49011980000,118750.0,425.0,8.0,2024,extrapolated,acs,acs
49035100100,54779.0,1807.0,774.0,2019,acs,acs,acs
49035100100,54375.0,2194.0,1028.0,2020,acs,acs,acs
49035100100,62027.0,2301.0,1238.0,2021,acs,acs,acs
49035100100,87706.0,2945.0,1573.0,2022,acs,acs,acs
49035100100,85893.0,3552.0,1981.0,2023,acs,acs,acs
49035100100,82576.0,3868.0,2203.0,2024,acs,acs,acs
49035100200,123750.0,1388.0,543.0,2019,acs,acs,acs
49035100200,123125.0,1467.0,550.0,2020,acs,acs,acs
49035100200,131736.0,1390.0,543.0,2021,acs,acs,acs
49035100200,164000.0,1418.0,556.0,2022,acs,acs,acs
49035100200,175114.0,1497.0,578.0,2023,acs,acs,acs
49035100200,181161.0,1456.0,581.0,2024,acs,acs,acs
49035100306,44167.0,5470.0,1772.0,2019,acs,acs,acs
49035100306,48757.0,6118.0,1986.0,2020,acs,acs,acs
49035100306,55213.0,6493.0,2126.0,2021,acs,acs,acs
49035100306,62066.0,6071.0,2216.0,2022,acs,acs,acs
49035100306,63099.0,6875.0,2480.0,2023,acs,acs,acs
49035100306,60395.0,7303.0,2734.0,2024,acs,acs,acs
49035100307,65709.0,5295.0,1321.0,2019,acs,acs,acs
49035100307,75750.0,4898.0,1268.0,2020,acs,acs,acs
49035100307,83486.0,5031.0,1329.0,2021,acs,acs,acs
49035100307,95302.0,5116.0,1275.0,2022,acs,acs,acs
49035100307,113250.0,5097.0,1304.0,2023,acs,acs,acs
49035100307,106780.0,5198.0,1299.0,2024,acs,acs,acs
49035100308,38750.0,4433.0,1308.0,2019,acs,acs,acs
49035100308,51328.0,4043.0,1282.0,2020,acs,acs,acs
49035100308,53558.0,4209.0,1285.0,2021,acs,acs,acs
49035100308,56311.0,4314.0,1269.0,2022,acs,acs,acs
49035100308,58125.0,4358.0,1293.0,2023,acs,acs,acs
49035100308,60357.0,4168.0,1222.0,2024,acs,acs,acs
49035100500,57582.0,6527.0,2167.0,2019,acs,acs,acs
49035100500,56159.0,6575.0,2208.0,2020,acs,acs,acs
49035100500,63046.0,5904.0,2168.0,2021,acs,acs,acs
49035100500,69060.0,6668.0,2179.0,2022,acs,acs,acs
49035100500,71277.0,5131.0,2145.0,2023,acs,acs,acs
49035100500,65334.0,5554.0,2337.0,2024,acs,acs,acs
49035100600,45260.0,6409.0,2280.0,2019,acs,acs,acs
49035100600,49633.0,6927.0,2518.0,2020,acs,acs,acs
49035100600,51910.0,6483.0,2491.0,2021,acs,acs,acs
49035100600,69618.0,7012.0,2617.0,2022,acs,acs,acs
49035100600,72105.0,6884.0,2782.0,2023,acs,acs,acs
49035100600,77629.0,7099.0,2957.0,2024,acs,acs,acs
49035100700,61098.0,3138.0,1647.0,2019,acs,acs,acs
49035100700,62292.0,3115.0,1572.0,2020,acs,acs,acs
49035100700,62384.0,2944.0,1586.0,2021,acs,acs,acs
49035100700,67150.0,2773.0,1557.0,2022,acs,acs,acs
49035100700,63866.0,2820.0,1595.0,2023,acs,acs,acs
49035100700,68750.0,2935.0,1584.0,2024,acs,acs,acs
49035100800,51920.0,2593.0,1420.0,2019,acs,acs,acs
49035100800,60116.0,2516.0,1426.0,2020,acs,acs,acs
49035100800,62000.0,2380.0,1424.0,2021,acs,acs,acs
49035100800,66992.0,2502.0,1502.0,2022,acs,acs,acs
49035100800,67518.0,2664.0,1625.0,2023,acs,acs,acs
49035100800,71050.0,2656.0,1688.0,2024,acs,acs,acs
49035101000,93864.0,3010.0,1408.0,2019,acs,acs,acs
49035101000,103571.0,3025.0,1446.0,2020,acs,acs,acs
49035101000,115625.0,3040.0,1426.0,2021,acs,acs,acs
49035101000,108274.0,3135.0,1477.0,2022,acs,acs,acs
49035101000,111250.0,3214.0,1461.0,2023,acs,acs,acs
49035101000,103333.0,3088.0,1438.0,2024,acs,acs,acs
49035101101,55586.0,1888.0,1111.0,2019,acs,acs,acs
49035101101,56313.0,2171.0,1164.0,2020,acs,acs,acs
49035101101,50357.0,1950.0,1158.0,2021,acs,acs,acs
49035101101,59651.0,1936.0,1164.0,2022,acs,acs,acs
49035101101,61635.0,2119.0,1205.0,2023,acs,acs,acs
49035101101,61138.0,2065.0,1193.0,2024,acs,acs,acs
49035101102,51131.0,3697.0,2161.0,2019,acs,acs,acs
49035101102,62019.0,3841.0,2009.0,2020,acs,acs,acs
49035101102,56250.0,3514.0,1960.0,2021,acs,acs,acs
49035101102,59181.0,3296.0,1812.0,2022,acs,acs,acs
49035101102,58386.0,3356.0,1915.0,2023,acs,acs,acs
49035101102,60825.0,3385.0,1945.0,2024,acs,acs,acs
49035101200,62892.0,4131.0,2124.0,2019,acs,acs,acs
49035101200,57679.0,4046.0,2295.0,2020,acs,acs,acs
49035101200,63162.0,3995.0,2265.0,2021,acs,acs,acs
49035101200,65403.0,4050.0,2317.0,2022,acs,acs,acs
49035101200,66864.0,4194.0,2391.0,2023,acs,acs,acs
49035101200,67913.0,4150.0,2333.0,2024,acs,acs,acs
49035101400,27153.0,5247.0,677.0,2019,acs,acs,acs
49035101401,32500.0,1722.0,206.0,2020,acs,acs,acs
49035101401,40219.0,1549.0,131.0,2021,acs,acs,acs
49035101401,38750.0,2119.0,224.0,2022,acs,acs,acs
49035101401,46250.0,2373.0,258.0,2023,acs,acs,acs
49035101401,43654.0,2678.0,372.0,2024,acs,acs,acs
49035101402,24798.0,3445.0,253.0,2020,acs,acs,acs
49035101402,21577.0,3346.0,253.0,2021,acs,acs,acs
49035101402,24554.0,3827.0,273.0,2022,acs,acs,acs
49035101402,30208.0,4089.0,309.0,2023,acs,acs,acs
49035101402,30352.0,4302.0,407.0,2024,acs,acs,acs
49035101500,38097.0,3175.0,1433.0,2019,acs,acs,acs
49035101500,34875.0,3411.0,1573.0,2020,acs,acs,acs
49035101500,35231.0,3521.0,1603.0,2021,acs,acs,acs
49035101500,36491.0,3507.0,1681.0,2022,acs,acs,acs
49035101500,40048.0,3610.0,1691.0,2023,acs,acs,acs
49035101500,39352.0,3438.0,1706.0,2024,acs,acs,acs
49035101600,44219.0,3668.0,1732.0,2019,acs,acs,acs
49035101600,43046.0,3549.0,1765.0,2020,acs,acs,acs
49035101600,51903.0,3509.0,1791.0,2021,acs,acs,acs
49035101600,53564.0,3415.0,1746.0,2022,acs,acs,acs
49035101600,56528.0,3231.0,1726.0,2023,acs,acs,acs
49035101600,52228.0,3333.0,1800.0,2024,acs,acs,acs
49035101700,51517.0,3802.0,1991.0,2019,acs,acs,acs
49035101700,45081.0,3856.0,2112.0,2020,acs,acs,acs
49035101700,43110.0,3641.0,2076.0,2021,acs,acs,acs
49035101700,46604.0,3639.0,2070.0,2022,acs,acs,acs
49035101700,49774.0,3588.0,2120.0,2023,acs,acs,acs
49035101700,52473.0,3435.0,2146.0,2024,acs,acs,acs
49035101800,53281.0,3542.0,1712.0,2019,acs,acs,acs
49035101800,55778.0,3748.0,1788.0,2020,acs,acs,acs
49035101800,63585.0,3695.0,1814.0,2021,acs,acs,acs
49035101800,70189.0,3812.0,1927.0,2022,acs,acs,acs
49035101800,66141.0,3818.0,2037.0,2023,acs,acs,acs
49035101800,59693.0,3485.0,1974.0,2024,acs,acs,acs
49035101900,42663.0,2702.0,1561.0,2019,acs,acs,acs
49035101900,45286.0,2844.0,1630.0,2020,acs,acs,acs
49035101900,44038.0,3012.0,1816.0,2021,acs,acs,acs
49035101900,43266.0,3046.0,1842.0,2022,acs,acs,acs
49035101900,47335.0,3260.0,1977.0,2023,acs,acs,acs
49035101900,45926.0,3582.0,2242.0,2024,acs,acs,acs
49035102000,42846.0,2683.0,1453.0,2019,acs,acs,acs
49035102000,41988.0,2614.0,1529.0,2020,acs,acs,acs
49035102000,45802.0,2745.0,1557.0,2021,acs,acs,acs
49035102000,51296.0,2943.0,1661.0,2022,acs,acs,acs
49035102000,52967.0,2890.0,1759.0,2023,acs,acs,acs
49035102000,56438.0,2926.0,1835.0,2024,acs,acs,acs
49035102100,42444.0,1791.0,1213.0,2019,acs,acs,acs
49035102100,47442.0,1835.0,1295.0,2020,acs,acs,acs
49035102100,47716.0,1994.0,1390.0,2021,acs,acs,acs
49035102100,51815.0,2227.0,1469.0,2022,acs,acs,acs
49035102100,56985.0,2142.0,1523.0,2023,acs,acs,acs
49035102100,57348.0,2386.0,1706.0,2024,acs,acs,acs
49035102300,28143.0,2976.0,1634.0,2019,acs,acs,acs
49035102300,28314.0,2900.0,1732.0,2020,acs,acs,acs
49035102300,27308.0,3181.0,1758.0,2021,acs,acs,acs
49035102300,31523.0,3281.0,1825.0,2022,acs,acs,acs
49035102300,33723.0,3059.0,1887.0,2023,acs,acs,acs
49035102300,27446.0,3050.0,1897.0,2024,acs,acs,acs
49035102500,45177.0,3714.0,2290.0,2019,acs,acs,acs
49035102501,31250.0,2486.0,1631.0,2020,acs,acs,acs
49035102501,31875.0,2622.0,1738.0,2021,acs,acs,acs
49035102501,42361.0,3277.0,1983.0,2022,acs,acs,acs
49035102501,50078.0,3039.0,2079.0,2023,acs,acs,acs
49035102501,48385.0,3255.0,2315.0,2024,acs,acs,acs
49035102502,52480.0,1252.0,845.0,2020,acs,acs,acs
49035102502,54634.0,1296.0,871.0,2021,acs,acs,acs
49035102502,68935.0,1396.0,885.0,2022,acs,acs,acs
49035102502,77339.0,1648.0,990.0,2023,acs,acs,acs
49035102502,89018.0,1933.0,1094.0,2024,acs,acs,acs
49035102600,41429.0,4658.0,1348.0,2019,acs,acs,acs
49035102600,49417.0,4518.0,1544.0,2020,acs,acs,acs
49035102600,52474.0,4644.0,1572.0,2021,acs,acs,acs
49035102600,56242.0,4494.0,1755.0,2022,acs,acs,acs
49035102600,56086.0,4235.0,1827.0,2023,acs,acs,acs
49035102600,57658.0,4068.0,1957.0,2024,acs,acs,acs
49035102701,42747.0,5642.0,1735.0,2019,acs,acs,acs
49035102701,43222.0,6256.0,1968.0,2020,acs,acs,acs
49035102701,45106.0,5662.0,1906.0,2021,acs,acs,acs
49035102701,50951.0,5483.0,1883.0,2022,acs,acs,acs
49035102701,49935.0,5207.0,1885.0,2023,acs,acs,acs
49035102701,54855.0,5409.0,1947.0,2024,acs,acs,acs
49035102702,40424.0,3897.0,1114.0,2019,acs,acs,acs
49035102702,44306.0,3273.0,1095.0,2020,acs,acs,acs
49035102702,39148.0,3137.0,1079.0,2021,acs,acs,acs
49035102702,37750.0,3001.0,1108.0,2022,acs,acs,acs
49035102702,39545.0,3219.0,1120.0,2023,acs,acs,acs
49035102702,35744.0,3018.0,1092.0,2024,acs,acs,acs
49035102801,53409.0,6781.0,1820.0,2019,acs,acs,acs
49035102801,54577.0,6624.0,1896.0,2020,acs,acs,acs
49035102801,61712.0,6388.0,1869.0,2021,acs,acs,acs
49035102801,70625.0,5858.0,1864.0,2022,acs,acs,acs
49035102801,78886.0,6663.0,2009.0,2023,acs,acs,acs
49035102801,79464.0,6169.0,1967.0,2024,acs,acs,acs
49035102802,64348.0,5517.0,1336.0,2019,acs,acs,acs
49035102802,61518.0,5503.0,1297.0,2020,acs,acs,acs
49035102802,70690.0,5218.0,1349.0,2021,acs,acs,acs
49035102802,72188.0,5103.0,1319.0,2022,acs,acs,acs
49035102802,73281.0,4944.0,1245.0,2023,acs,acs,acs
49035102802,75085.0,4884.0,1289.0,2024,acs,acs,acs
49035102900,35354.0,5298.0,2470.0,2019,acs,acs,acs
49035102900,42500.0,5213.0,2454.0,2020,acs,acs,acs
49035102900,39186.0,5680.0,2697.0,2021,acs,acs,acs
49035102900,46182.0,5683.0,2919.0,2022,acs,acs,acs
49035102900,50397.0,6148.0,3220.0,2023,acs,acs,acs
49035102900,44932.0,6149.0,3457.0,2024,acs,acs,acs
49035103000,77538.0,3431.0,1197.0,2019,acs,acs,acs
49035103000,74107.0,3488.0,1366.0,2020,acs,acs,acs
49035103000,69747.0,3190.0,1361.0,2021,acs,acs,acs
49035103000,91049.0,3413.0,1375.0,2022,acs,acs,acs
49035103000,97857.0,3018.0,1366.0,2023,acs,acs,acs
49035103000,97801.0,3051.0,1409.0,2024,acs,acs,acs
49035103100,61619.0,4412.0,1877.0,2019,acs,acs,acs
49035103100,69945.0,4340.0,1757.0,2020,acs,acs,acs
49035103100,81186.0,4417.0,1721.0,2021,acs,acs,acs
49035103100,81786.0,4111.0,1710.0,2022,acs,acs,acs
49035103100,93281.0,4264.0,1775.0,2023,acs,acs,acs
49035103100,96630.0,4395.0,1786.0,2024,acs,acs,acs
49035103200,54208.0,4026.0,2154.0,2019,acs,acs,acs
49035103200,42303.0,4325.0,2216.0,2020,acs,acs,acs
49035103200,55801.0,4454.0,2222.0,2021,acs,acs,acs
49035103200,61485.0,4383.0,2195.0,2022,acs,acs,acs
49035103200,63955.0,4310.0,2200.0,2023,acs,acs,acs
49035103200,71302.0,4360.0,2223.0,2024,acs,acs,acs
49035103300,62169.0,4333.0,1973.0,2019,acs,acs,acs
49035103300,66776.0,4562.0,1994.0,2020,acs,acs,acs
49035103300,67471.0,4355.0,2048.0,2021,acs,acs,acs
49035103300,76605.0,4319.0,2099.0,2022,acs,acs,acs
49035103300,80211.0,4256.0,2162.0,2023,acs,acs,acs
49035103300,87896.0,4455.0,2235.0,2024,acs,acs,acs
49035103400,76250.0,4393.0,1832.0,2019,acs,acs,acs
49035103400,77575.0,4492.0,1879.0,2020,acs,acs,acs
49035103400,80676.0,4282.0,1849.0,2021,acs,acs,acs
49035103400,89485.0,4117.0,1782.0,2022,acs,acs,acs
49035103400,89196.0,4159.0,1827.0,2023,acs,acs,acs
49035103400,85192.0,4160.0,1858.0,2024,acs,acs,acs
49035103500,83672.0,3847.0,1666.0,2019,acs,acs,acs
49035103500,84497.0,3834.0,1687.0,2020,acs,acs,acs
49035103500,86486.0,3930.0,1704.0,2021,acs,acs,acs
49035103500,88839.0,3935.0,1725.0,2022,acs,acs,acs
49035103500,94531.0,3869.0,1705.0,2023,acs,acs,acs
49035103500,111029.0,3949.0,1758.0,2024,acs,acs,acs
49035103600,128036.0,2792.0,968.0,2019,acs,acs,acs
49035103600,122270.0,2900.0,1057.0,2020,acs,acs,acs
49035103600,135804.0,2872.0,1073.0,2021,acs,acs,acs
49035103600,149609.0,2775.0,1099.0,2022,acs,acs,acs
49035103600,173523.0,2825.0,1107.0,2023,acs,acs,acs
49035103600,147168.0,2755.0,1113.0,2024,acs,acs,acs
49035103700,109958.0,2628.0,1051.0,2019,acs,acs,acs
49035103700,88920.0,2714.0,1043.0,2020,acs,acs,acs
49035103700,91650.0,2708.0,1059.0,2021,acs,acs,acs
49035103700,99861.0,2758.0,1066.0,2022,acs,acs,acs
49035103700,102188.0,2653.0,1078.0,2023,acs,acs,acs
49035103700,132750.0,2738.0,1096.0,2024,acs,acs,acs
49035103800,103125.0,2446.0,981.0,2019,acs,acs,acs
49035103800,105313.0,2425.0,1009.0,2020,acs,acs,acs
49035103800,103179.0,2342.0,1051.0,2021,acs,acs,acs
49035103800,109583.0,2374.0,1034.0,2022,acs,acs,acs
49035103800,107143.0,2410.0,1048.0,2023,acs,acs,acs
49035103800,110881.0,2470.0,1033.0,2024,acs,acs,acs
49035103900,92264.0,4257.0,1505.0,2019,acs,acs,acs
49035103900,92434.0,4184.0,1561.0,2020,acs,acs,acs
49035103900,93352.0,4165.0,1589.0,2021,acs,acs,acs
49035103900,99330.0,3923.0,1561.0,2022,acs,acs,acs
49035103900,115112.0,3992.0,1591.0,2023,acs,acs,acs
49035103900,119158.0,3887.0,1623.0,2024,acs,acs,acs
49035104000,115190.0,3532.0,1217.0,2019,acs,acs,acs
49035104000,119135.0,3503.0,1150.0,2020,acs,acs,acs
49035104000,124097.0,3604.0,1155.0,2021,acs,acs,acs
49035104000,131420.0,3422.0,1151.0,2022,acs,acs,acs
49035104000,147708.0,3321.0,1110.0,2023,acs,acs,acs
49035104000,135469.0,3479.0,1129.0,2024,acs,acs,acs
49035104100,110179.0,2983.0,1125.0,2019,acs,acs,acs
49035104100,88676.0,3003.0,1196.0,2020,acs,acs,acs
49035104100,106250.0,3013.0,1194.0,2021,acs,acs,acs
49035104100,120156.0,3048.0,1192.0,2022,acs,acs,acs
49035104100,126989.0,2944.0,1227.0,2023,acs,acs,acs
49035104100,143375.0,2985.0,1255.0,2024,acs,acs,acs
49035104200,124906.0,6543.0,2678.0,2019,acs,acs,acs
49035104200,137673.0,6763.0,2665.0,2020,acs,acs,acs
49035104200,136667.0,6574.0,2646.0,2021,acs,acs,acs
49035104200,147891.0,6612.0,2729.0,2022,acs,acs,acs
49035104200,173409.0,6805.0,2778.0,2023,acs,acs,acs
49035104200,180982.0,6980.0,2742.0,2024,acs,acs,acs
49035104300,82847.0,2984.0,1241.0,2019,acs,acs,acs
49035104300,75625.0,2867.0,1196.0,2020,acs,acs,acs
49035104300,70625.0,2914.0,1222.0,2021,acs,acs,acs
49035104300,62393.0,2888.0,1233.0,2022,acs,acs,acs
49035104300,71579.0,2864.0,1234.0,2023,acs,acs,acs
49035104300,74472.0,2809.0,1265.0,2024,acs,acs,acs
49035104400,138393.0,1835.0,671.0,2019,acs,acs,acs
49035104400,133750.0,2008.0,699.0,2020,acs,acs,acs
49035104400,134470.0,2002.0,686.0,2021,acs,acs,acs
49035104400,187227.0,1968.0,681.0,2022,acs,acs,acs
49035104400,173958.0,1882.0,667.0,2023,acs,acs,acs
49035104400,169875.0,2003.0,689.0,2024,acs,acs,acs
49035104700,79719.0,5236.0,2145.0,2019,acs,acs,acs
49035104700,88376.0,5339.0,2150.0,2020,acs,acs,acs
49035104700,94211.0,5323.0,2108.0,2021,acs,acs,acs
49035104700,105757.0,5478.0,2136.0,2022,acs,acs,acs
49035104700,106864.0,5278.0,2126.0,2023,acs,acs,acs
49035104700,111048.0,5300.0,2146.0,2024,acs,acs,acs
49035104800,84167.0,5245.0,1944.0,2019,acs,acs,acs
49035104800,81516.0,5529.0,2033.0,2020,acs,acs,acs
49035104800,90069.0,5672.0,2112.0,2021,acs,acs,acs
49035104800,80765.0,5311.0,2202.0,2022,acs,acs,acs
49035104800,85373.0,5193.0,2315.0,2023,acs,acs,acs
49035104800,95515.0,5364.0,2425.0,2024,acs,acs,acs
49035104900,63158.0,3060.0,1316.0,2019,acs,acs,acs
49035104900,66691.0,3089.0,1357.0,2020,acs,acs,acs
49035104900,74141.0,2946.0,1338.0,2021,acs,acs,acs
49035104900,79440.0,2709.0,1381.0,2022,acs,acs,acs
49035104900,79125.0,2805.0,1461.0,2023,acs,acs,acs
49035104900,84280.0,3084.0,1583.0,2024,acs,acs,acs
49035110102,128500.0,4316.0,1572.0,2019,acs,acs,acs
49035110103,119539.0,3744.0,1421.0,2019,acs,acs,acs
49035110103,115933.0,3302.0,1345.0,2020,acs,acs,acs
49035110103,124375.0,3565.0,1408.0,2021,acs,acs,acs
49035110103,132667.0,3239.0,1268.0,2022,acs,acs,acs
49035110103,142656.0,3241.0,1328.0,2023,acs,acs,acs
49035110103,169643.0,3201.0,1276.0,2024,acs,acs,acs
49035110104,142550.0,5524.0,1937.0,2019,acs,acs,acs
49035110104,158158.0,5868.0,1962.0,2020,acs,acs,acs
49035110104,171047.0,5895.0,2075.0,2021,acs,acs,acs
49035110104,178810.0,5799.0,2100.0,2022,acs,acs,acs
49035110104,195417.0,5813.0,2074.0,2023,acs,acs,acs
49035110104,193083.0,5593.0,1995.0,2024,acs,acs,acs
49035110105,134500.0,2009.0,722.0,2020,acs,acs,acs
49035110105,139291.0,2051.0,739.0,2021,acs,acs,acs
49035110105,156121.0,2115.0,758.0,2022,acs,acs,acs
49035110105,167647.0,2138.0,802.0,2023,acs,acs,acs
49035110105,166333.0,2021.0,798.0,2024,acs,acs,acs
49035110106,123487.0,2193.0,743.0,2020,acs,acs,acs
49035110106,127606.0,2188.0,782.0,2021,acs,acs,acs
49035110106,138005.0,2124.0,757.0,2022,acs,acs,acs
49035110106,134167.0,2212.0,788.0,2023,acs,acs,acs
49035110106,130714.0,2239.0,830.0,2024,acs,acs,acs
49035110200,106938.0,5181.0,1848.0,2019,acs,acs,acs
49035110200,101324.0,5245.0,1792.0,2020,acs,acs,acs
49035110200,106146.0,5318.0,1875.0,2021,acs,acs,acs
49035110200,129375.0,5184.0,1840.0,2022,acs,acs,acs
49035110200,133261.0,5109.0,1810.0,2023,acs,acs,acs
49035110200,127292.0,4974.0,1821.0,2024,acs,acs,acs
49035110300,90651.0,6048.0,2324.0,2019,acs,acs,acs
49035110300,96847.0,6083.0,2211.0,2020,acs,acs,acs
49035110300,108652.0,6143.0,2334.0,2021,acs,acs,acs
49035110300,117964.0,6061.0,2291.0,2022,acs,acs,acs
49035110300,123289.0,6135.0,2254.0,2023,acs,acs,acs
49035110300,136183.0,5966.0,2295.0,2024,acs,acs,acs
49035110401,72782.0,3383.0,1391.0,2019,acs,acs,acs
49035110401,85667.0,2928.0,1246.0,2020,acs,acs,acs
49035110401,88750.0,3373.0,1291.0,2021,acs,acs,acs
49035110401,97880.0,3363.0,1303.0,2022,acs,acs,acs
49035110401,107741.0,3040.0,1227.0,2023,acs,acs,acs
49035110401,99063.0,3203.0,1266.0,2024,acs,acs,acs
49035110402,80875.0,3883.0,1317.0,2019,acs,acs,acs
49035110402,95000.0,4139.0,1246.0,2020,acs,acs,acs
49035110402,97983.0,4398.0,1347.0,2021,acs,acs,acs
49035110402,114280.0,4296.0,1273.0,2022,acs,acs,acs
49035110402,126034.0,4137.0,1266.0,2023,acs,acs,acs
49035110402,115650.0,4324.0,1309.0,2024,acs,acs,acs
49035110500,93977.0,6080.0,2157.0,2019,acs,acs,acs
49035110500,99163.0,6213.0,1987.0,2020,acs,acs,acs
49035110500,110938.0,6663.0,2099.0,2021,acs,acs,acs
49035110500,130000.0,6670.0,2106.0,2022,acs,acs,acs
49035110500,144375.0,6686.0,2138.0,2023,acs,acs,acs
49035110500,159613.0,6739.0,2170.0,2024,acs,acs,acs
49035110600,106404.0,5592.0,1867.0,2019,acs,acs,acs
49035110600,107523.0,5694.0,1813.0,2020,acs,acs,acs
49035110600,111328.0,5816.0,1956.0,2021,acs,acs,acs
49035110600,119695.0,5665.0,1978.0,2022,acs,acs,acs
49035110600,130268.0,5550.0,1976.0,2023,acs,acs,acs
49035110600,131563.0,5752.0,1989.0,2024,acs,acs,acs
49035110701,72845.0,4203.0,1438.0,2019,acs,acs,acs
49035110701,74875.0,3848.0,1331.0,2020,acs,acs,acs
49035110701,73125.0,3941.0,1430.0,2021,acs,acs,acs
49035110701,69667.0,3833.0,1442.0,2022,acs,acs,acs
49035110701,81346.0,3761.0,1450.0,2023,acs,acs,acs
49035110701,82601.0,3571.0,1471.0,2024,acs,acs,acs
49035110702,81563.0,5052.0,1693.0,2019,acs,acs,acs
49035110702,94035.0,5371.0,1738.0,2020,acs,acs,acs
49035110702,102981.0,5655.0,1833.0,2021,acs,acs,acs
49035110702,106940.0,5341.0,1745.0,2022,acs,acs,acs
49035110702,112353.0,5227.0,1764.0,2023,acs,acs,acs
49035110702,121193.0,5161.0,1749.0,2024,acs,acs,acs
49035110800,67431.0,5847.0,2174.0,2019,acs,acs,acs
49035110800,58116.0,5860.0,2498.0,2020,acs,acs,acs
49035110800,68667.0,5928.0,2615.0,2021,acs,acs,acs
49035110800,67083.0,5822.0,2594.0,2022,acs,acs,acs
49035110800,74045.0,5810.0,2562.0,2023,acs,acs,acs
49035110800,75714.0,5936.0,2680.0,2024,acs,acs,acs
49035110900,116667.0,4439.0,1508.0,2019,acs,acs,acs
49035110900,114545.0,3970.0,1530.0,2020,acs,acs,acs
49035110900,144258.0,3962.0,1460.0,2021,acs,acs,acs
49035110900,158636.0,4140.0,1476.0,2022,acs,acs,acs
49035110900,163049.0,4278.0,1550.0,2023,acs,acs,acs
49035110900,169268.0,4395.0,1550.0,2024,acs,acs,acs
49035111001,111563.0,4191.0,1436.0,2019,acs,acs,acs
49035111001,111285.0,4173.0,1418.0,2020,acs,acs,acs
49035111001,115324.0,4501.0,1488.0,2021,acs,acs,acs
49035111001,125712.0,4556.0,1479.0,2022,acs,acs,acs
49035111001,132213.0,4391.0,1443.0,2023,acs,acs,acs
49035111001,138988.0,4265.0,1441.0,2024,acs,acs,acs
49035111002,103659.0,5560.0,2316.0,2019,acs,acs,acs
49035111002,103918.0,5554.0,2227.0,2020,acs,acs,acs
49035111002,104659.0,5588.0,2195.0,2021,acs,acs,acs
49035111002,103125.0,5448.0,2127.0,2022,acs,acs,acs
49035111002,111875.0,5365.0,2071.0,2023,acs,acs,acs
49035111002,108347.0,5260.0,2121.0,2024,acs,acs,acs
49035111101,70403.0,6325.0,2622.0,2019,acs,acs,acs
49035111102,67489.0,6164.0,2643.0,2019,acs,acs,acs
49035111103,72169.0,5564.0,2549.0,2019,acs,acs,acs
49035111104,89405.0,2607.0,1022.0,2020,acs,acs,acs
49035111104,90093.0,2709.0,1046.0,2021,acs,acs,acs
49035111104,91477.0,2615.0,1039.0,2022,acs,acs,acs
49035111104,100738.0,2706.0,1062.0,2023,acs,acs,acs
49035111104,92383.0,2772.0,1075.0,2024,acs,acs,acs
49035111105,52134.0,3484.0,1566.0,2020,acs,acs,acs
49035111105,56053.0,3684.0,1598.0,2021,acs,acs,acs
49035111105,67694.0,3601.0,1580.0,2022,acs,acs,acs
49035111105,65521.0,3464.0,1602.0,2023,acs,acs,acs
49035111105,68159.0,3288.0,1608.0,2024,acs,acs,acs
49035111106,67996.0,3296.0,1301.0,2020,acs,acs,acs
49035111106,72589.0,3403.0,1365.0,2021,acs,acs,acs
49035111106,85915.0,3454.0,1410.0,2022,acs,acs,acs
49035111106,88701.0,3643.0,1442.0,2023,acs,acs,acs
49035111106,91728.0,3455.0,1469.0,2024,acs,acs,acs
49035111107,80240.0,2955.0,1242.0,2020,acs,acs,acs
49035111107,79100.0,2917.0,1292.0,2021,acs,acs,acs
49035111107,92389.0,3109.0,1288.0,2022,acs,acs,acs
49035111107,97135.0,3045.0,1283.0,2023,acs,acs,acs
49035111107,98500.0,3001.0,1354.0,2024,acs,acs,acs
49035111108,83517.0,2473.0,1143.0,2020,acs,acs,acs
49035111108,112955.0,2983.0,1248.0,2021,acs,acs,acs
49035111108,117161.0,2884.0,1224.0,2022,acs,acs,acs
49035111108,120250.0,3000.0,1268.0,2023,acs,acs,acs
49035111108,121130.0,2992.0,1255.0,2024,acs,acs,acs
49035111109,65313.0,2803.0,1392.0,2020,acs,acs,acs
49035111109,65466.0,2792.0,1529.0,2021,acs,acs,acs
49035111109,75880.0,2940.0,1507.0,2022,acs,acs,acs
49035111109,78902.0,2791.0,1469.0,2023,acs,acs,acs
49035111109,85353.0,2833.0,1485.0,2024,acs,acs,acs
49035111201,87700.0,2883.0,1116.0,2019,acs,acs,acs
49035111201,75556.0,2889.0,1146.0,2020,acs,acs,acs
49035111201,86042.0,2753.0,1096.0,2021,acs,acs,acs
49035111201,78516.0,2564.0,1053.0,2022,acs,acs,acs
49035111201,74132.0,2353.0,1069.0,2023,acs,acs,acs
49035111201,76642.0,2454.0,1095.0,2024,acs,acs,acs
49035111202,80056.0,4464.0,1709.0,2019,acs,acs,acs
49035111202,72685.0,4208.0,1586.0,2020,acs,acs,acs
49035111202,86224.0,4111.0,1620.0,2021,acs,acs,acs
49035111202,87794.0,4237.0,1602.0,2022,acs,acs,acs
49035111202,99279.0,4387.0,1693.0,2023,acs,acs,acs
49035111202,92831.0,4336.0,1685.0,2024,acs,acs,acs
49035111302,103333.0,6479.0,2222.0,2019,acs,acs,acs
49035111302,112178.0,6252.0,2115.0,2020,acs,acs,acs
49035111302,115382.0,6338.0,2142.0,2021,acs,acs,acs
49035111302,126513.0,6077.0,2110.0,2022,acs,acs,acs
49035111302,127056.0,6036.0,2123.0,2023,acs,acs,acs
49035111302,133552.0,5770.0,2069.0,2024,acs,acs,acs
49035111304,103705.0,3481.0,1277.0,2019,acs,acs,acs
49035111304,101616.0,3156.0,1225.0,2020,acs,acs,acs
49035111304,96523.0,3234.0,1273.0,2021,acs,acs,acs
49035111304,132043.0,3309.0,1267.0,2022,acs,acs,acs
49035111304,136134.0,3418.0,1311.0,2023,acs,acs,acs
49035111304,167500.0,3602.0,1334.0,2024,acs,acs,acs
49035111305,88043.0,3937.0,1416.0,2019,acs,acs,acs
49035111305,91932.0,4475.0,1473.0,2020,acs,acs,acs
49035111305,106250.0,4316.0,1470.0,2021,acs,acs,acs
49035111305,128750.0,4372.0,1424.0,2022,acs,acs,acs
49035111305,140833.0,4290.0,1416.0,2023,acs,acs,acs
49035111305,143191.0,4355.0,1443.0,2024,acs,acs,acs
49035111306,77375.0,2631.0,1058.0,2019,acs,acs,acs
49035111306,86364.0,2261.0,918.0,2020,acs,acs,acs
49035111306,94323.0,2318.0,929.0,2021,acs,acs,acs
49035111306,107083.0,2176.0,912.0,2022,acs,acs,acs
49035111306,111169.0,2233.0,941.0,2023,acs,acs,acs
49035111306,114048.0,2075.0,942.0,2024,acs,acs,acs
49035111400,51863.0,7203.0,2873.0,2019,acs,acs,acs
49035111400,51705.0,6821.0,2720.0,2020,acs,acs,acs
49035111400,47424.0,6710.0,2830.0,2021,acs,acs,acs
49035111400,56611.0,7166.0,3032.0,2022,acs,acs,acs
49035111400,75036.0,7179.0,2927.0,2023,acs,acs,acs
49035111400,78159.0,7312.0,3000.0,2024,acs,acs,acs
49035111500,38167.0,2113.0,848.0,2019,acs,acs,acs
49035111500,41919.0,2120.0,838.0,2020,acs,acs,acs
49035111500,47167.0,2251.0,956.0,2021,acs,acs,acs
49035111500,55381.0,2639.0,1092.0,2022,acs,acs,acs
49035111500,53125.0,2743.0,1200.0,2023,acs,acs,acs
49035111500,56731.0,2772.0,1358.0,2024,acs,acs,acs
49035111600,40762.0,7327.0,3067.0,2019,acs,acs,acs
49035111601,46056.0,2953.0,1325.0,2020,acs,acs,acs
49035111601,47885.0,3423.0,1540.0,2021,acs,acs,acs
49035111601,53068.0,4177.0,1902.0,2022,acs,acs,acs
49035111601,75268.0,4692.0,2129.0,2023,acs,acs,acs
49035111601,53996.0,4733.0,2159.0,2024,acs,acs,acs
49035111602,38598.0,4604.0,1713.0,2020,acs,acs,acs
49035111602,42816.0,5081.0,1852.0,2021,acs,acs,acs
49035111602,48873.0,5010.0,1934.0,2022,acs,acs,acs
49035111602,52341.0,4999.0,1840.0,2023,acs,acs,acs
49035111602,56395.0,4906.0,1971.0,2024,acs,acs,acs
49035111701,35504.0,6180.0,2153.0,2019,acs,acs,acs
49035111701,41152.0,5842.0,2019.0,2020,acs,acs,acs
49035111701,44144.0,5851.0,2151.0,2021,acs,acs,acs
49035111701,54750.0,5363.0,2205.0,2022,acs,acs,acs
49035111701,69155.0,4843.0,2048.0,2023,acs,acs,acs
49035111701,70889.0,5274.0,2132.0,2024,acs,acs,acs
49035111702,55662.0,4505.0,1810.0,2019,acs,acs,acs
49035111702,63555.0,5013.0,1759.0,2020,acs,acs,acs
49035111702,68149.0,5402.0,1846.0,2021,acs,acs,acs
49035111702,72673.0,5111.0,1907.0,2022,acs,acs,acs
49035111702,77725.0,5165.0,1963.0,2023,acs,acs,acs
49035111702,81549.0,5184.0,1981.0,2024,acs,acs,acs
49035111801,61173.0,5483.0,2196.0,2019,acs,acs,acs
49035111801,63739.0,5606.0,2255.0,2020,acs,acs,acs
49035111801,62234.0,5418.0,2436.0,2021,acs,acs,acs
49035111801,76203.0,5251.0,2392.0,2022,acs,acs,acs
49035111801,82917.0,5118.0,2414.0,2023,acs,acs,acs
49035111801,83277.0,5006.0,2355.0,2024,acs,acs,acs
49035111802,57803.0,2560.0,1230.0,2019,acs,acs,acs
49035111802,61496.0,2723.0,1315.0,2020,acs,acs,acs
49035111802,62060.0,3038.0,1457.0,2021,acs,acs,acs
49035111802,64798.0,2833.0,1436.0,2022,acs,acs,acs
49035111802,66791.0,2891.0,1512.0,2023,acs,acs,acs
49035111802,67479.0,2760.0,1409.0,2024,acs,acs,acs
49035111903,64500.0,4411.0,1834.0,2019,acs,acs,acs
49035111903,44289.0,3840.0,1877.0,2020,acs,acs,acs
49035111903,54604.0,3691.0,1783.0,2021,acs,acs,acs
49035111903,61964.0,3618.0,1807.0,2022,acs,acs,acs
49035111903,78510.0,3790.0,1791.0,2023,acs,acs,acs
49035111903,84712.0,3712.0,1784.0,2024,acs,acs,acs
49035111904,55594.0,3279.0,1735.0,2019,acs,acs,acs
49035111904,58250.0,3011.0,1661.0,2020,acs,acs,acs
49035111904,61905.0,3365.0,1835.0,2021,acs,acs,acs
49035111904,69846.0,3415.0,1844.0,2022,acs,acs,acs
49035111904,73975.0,3599.0,1841.0,2023,acs,acs,acs
49035111904,83618.0,3661.0,1837.0,2024,acs,acs,acs
49035111905,45714.0,3676.0,1534.0,2019,acs,acs,acs
49035111905,46907.0,4008.0,1530.0,2020,acs,acs,acs
49035111905,53654.0,4480.0,1728.0,2021,acs,acs,acs
49035111905,63966.0,4464.0,1722.0,2022,acs,acs,acs
49035111905,74907.0,4195.0,1802.0,2023,acs,acs,acs
49035111905,70074.0,4081.0,1761.0,2024,acs,acs,acs
49035111906,52450.0,4527.0,1746.0,2019,acs,acs,acs
49035111906,53014.0,4645.0,1900.0,2020,acs,acs,acs
49035111906,55875.0,4621.0,1948.0,2021,acs,acs,acs
49035111906,60518.0,4833.0,2027.0,2022,acs,acs,acs
49035111906,61813.0,4591.0,1977.0,2023,acs,acs,acs
49035111906,66097.0,4647.0,2058.0,2024,acs,acs,acs
49035112001,54158.0,3379.0,1513.0,2019,acs,acs,acs
49035112001,53201.0,3082.0,1439.0,2020,acs,acs,acs
49035112001,50417.0,3070.0,1489.0,2021,acs,acs,acs
49035112001,51140.0,3089.0,1532.0,2022,acs,acs,acs
49035112001,51680.0,3168.0,1536.0,2023,acs,acs,acs
49035112001,54656.0,3048.0,1507.0,2024,acs,acs,acs
49035112002,59269.0,4817.0,2033.0,2019,acs,acs,acs
49035112002,57784.0,4956.0,2109.0,2020,acs,acs,acs
49035112002,59000.0,4935.0,2164.0,2021,acs,acs,acs
49035112002,60441.0,4603.0,2060.0,2022,acs,acs,acs
49035112002,62151.0,4877.0,2138.0,2023,acs,acs,acs
49035112002,69883.0,5148.0,2197.0,2024,acs,acs,acs
49035112100,63316.0,9062.0,3486.0,2019,acs,acs,acs
49035112101,42295.0,3840.0,1702.0,2020,acs,acs,acs
49035112101,45227.0,4107.0,1902.0,2021,acs,acs,acs
49035112101,63508.0,4357.0,2045.0,2022,acs,acs,acs
49035112101,69795.0,4701.0,2339.0,2023,acs,acs,acs
49035112101,69644.0,5188.0,2453.0,2024,acs,acs,acs
49035112102,73899.0,4803.0,1751.0,2020,acs,acs,acs
49035112102,81806.0,4774.0,1793.0,2021,acs,acs,acs
49035112102,99358.0,5072.0,1801.0,2022,acs,acs,acs
49035112102,103419.0,4693.0,1765.0,2023,acs,acs,acs
49035112102,109464.0,4454.0,1765.0,2024,acs,acs,acs
49035112201,70179.0,5246.0,1750.0,2019,acs,acs,acs
49035112201,76082.0,5328.0,1701.0,2020,acs,acs,acs
49035112201,88235.0,5351.0,1776.0,2021,acs,acs,acs
49035112201,104620.0,5338.0,1793.0,2022,acs,acs,acs
49035112201,103715.0,5374.0,1781.0,2023,acs,acs,acs
49035112201,119967.0,5603.0,1799.0,2024,acs,acs,acs
49035112202,65521.0,3924.0,1456.0,2019,acs,acs,acs
49035112202,75304.0,4224.0,1663.0,2020,acs,acs,acs
49035112202,81685.0,4244.0,1705.0,2021,acs,acs,acs
49035112202,94688.0,4220.0,1720.0,2022,acs,acs,acs
49035112202,102940.0,4104.0,1667.0,2023,acs,acs,acs
49035112202,96691.0,3925.0,1665.0,2024,acs,acs,acs
49035112301,54392.0,3848.0,1452.0,2019,acs,acs,acs
49035112301,62601.0,3685.0,1413.0,2020,acs,acs,acs
49035112301,72727.0,3896.0,1528.0,2021,acs,acs,acs
49035112301,80718.0,3792.0,1581.0,2022,acs,acs,acs
49035112301,85826.0,3705.0,1533.0,2023,acs,acs,acs
49035112301,91182.0,3756.0,1531.0,2024,acs,acs,acs
49035112302,71283.0,3883.0,1378.0,2019,acs,acs,acs
49035112302,73642.0,4008.0,1363.0,2020,acs,acs,acs
49035112302,76503.0,4023.0,1425.0,2021,acs,acs,acs
49035112302,85878.0,3882.0,1455.0,2022,acs,acs,acs
49035112302,97311.0,3736.0,1399.0,2023,acs,acs,acs
49035112302,106923.0,3967.0,1424.0,2024,acs,acs,acs
49035112402,52639.0,6978.0,2309.0,2019,acs,acs,acs
49035112402,51667.0,6441.0,2302.0,2020,acs,acs,acs
49035112402,55478.0,6514.0,2411.0,2021,acs,acs,acs
49035112402,66330.0,7071.0,2588.0,2022,acs,acs,acs
49035112402,64946.0,7110.0,2684.0,2023,acs,acs,acs
49035112402,67674.0,6825.0,2621.0,2024,acs,acs,acs
49035112403,58953.0,7673.0,3100.0,2019,acs,acs,acs
49035112404,52593.0,3877.0,1710.0,2019,acs,acs,acs
49035112404,46910.0,3823.0,1832.0,2020,acs,acs,acs
49035112404,49590.0,4098.0,1994.0,2021,acs,acs,acs
49035112404,53900.0,4433.0,2161.0,2022,acs,acs,acs
49035112404,52267.0,4762.0,2412.0,2023,acs,acs,acs
49035112404,55423.0,5149.0,2354.0,2024,acs,acs,acs
49035112405,62145.0,5455.0,2306.0,2020,acs,acs,acs
49035112405,64261.0,5886.0,2519.0,2021,acs,acs,acs
49035112405,68647.0,6199.0,2513.0,2022,acs,acs,acs
49035112405,71870.0,5617.0,2577.0,2023,acs,acs,acs
49035112405,73381.0,5611.0,2580.0,2024,acs,acs,acs
49035112406,58031.0,3448.0,1225.0,2020,acs,acs,acs
49035112406,61556.0,3880.0,1435.0,2021,acs,acs,acs
49035112406,59162.0,4076.0,1647.0,2022,acs,acs,acs
49035112406,67786.0,4158.0,1765.0,2023,acs,acs,acs
49035112406,61542.0,4544.0,1980.0,2024,acs,acs,acs
49035112501,59268.0,4383.0,1602.0,2019,acs,acs,acs
49035112501,60673.0,3696.0,1506.0,2020,acs,acs,acs
49035112501,70677.0,3974.0,1620.0,2021,acs,acs,acs
49035112501,84677.0,3772.0,1542.0,2022,acs,acs,acs
49035112501,95234.0,3743.0,1532.0,2023,acs,acs,acs
49035112501,100677.0,3805.0,1499.0,2024,acs,acs,acs
49035112502,65400.0,5948.0,2534.0,2019,acs,acs,acs
49035112503,62786.0,4927.0,1826.0,2019,acs,acs,acs
49035112503,65864.0,4875.0,1894.0,2020,acs,acs,acs
49035112503,71102.0,5178.0,1991.0,2021,acs,acs,acs
49035112503,90238.0,5119.0,1966.0,2022,acs,acs,acs
49035112503,84398.0,4880.0,1907.0,2023,acs,acs,acs
49035112503,92176.0,4735.0,1817.0,2024,acs,acs,acs
49035112504,66344.0,2440.0,1185.0,2020,acs,acs,acs
49035112504,72500.0,2649.0,1312.0,2021,acs,acs,acs
49035112504,79231.0,2712.0,1314.0,2022,acs,acs,acs
49035112504,85807.0,2895.0,1450.0,2023,acs,acs,acs
49035112504,89567.0,2972.0,1464.0,2024,acs,acs,acs
49035112505,70340.0,3731.0,1605.0,2020,acs,acs,acs
49035112505,72171.0,3925.0,1812.0,2021,acs,acs,acs
49035112505,76088.0,4000.0,1877.0,2022,acs,acs,acs
49035112505,71881.0,4029.0,1882.0,2023,acs,acs,acs
49035112505,72461.0,4076.0,1909.0,2024,acs,acs,acs
49035112604,74102.0,5142.0,1593.0,2019,acs,acs,acs
49035112604,79750.0,4846.0,1473.0,2020,acs,acs,acs
49035112604,87540.0,4715.0,1445.0,2021,acs,acs,acs
49035112604,91922.0,4633.0,1521.0,2022,acs,acs,acs
49035112604,102500.0,4754.0,1536.0,2023,acs,acs,acs
49035112604,109265.0,4617.0,1594.0,2024,acs,acs,acs
49035112605,72500.0,7485.0,3068.0,2019,acs,acs,acs
49035112608,102933.0,5538.0,1613.0,2019,acs,acs,acs
49035112608,104268.0,5589.0,1688.0,2020,acs,acs,acs
49035112608,108903.0,5385.0,1687.0,2021,acs,acs,acs
49035112608,117998.0,5179.0,1705.0,2022,acs,acs,acs
49035112608,115451.0,5238.0,1691.0,2023,acs,acs,acs
49035112608,119038.0,5178.0,1722.0,2024,acs,acs,acs
49035112609,101705.0,5346.0,1726.0,2019,acs,acs,acs
49035112609,104861.0,5405.0,1674.0,2020,acs,acs,acs
49035112609,107813.0,5462.0,1681.0,2021,acs,acs,acs
49035112609,128984.0,5392.0,1679.0,2022,acs,acs,acs
49035112609,139830.0,5168.0,1665.0,2023,acs,acs,acs
49035112609,156875.0,5240.0,1679.0,2024,acs,acs,acs
49035112610,72460.0,5930.0,2193.0,2019,acs,acs,acs
49035112610,75560.0,6571.0,2206.0,2020,acs,acs,acs
49035112610,69435.0,6370.0,2274.0,2021,acs,acs,acs
49035112610,70395.0,6328.0,2374.0,2022,acs,acs,acs
49035112610,76504.0,6203.0,2353.0,2023,acs,acs,acs
49035112610,76657.0,6030.0,2305.0,2024,acs,acs,acs
49035112611,88571.0,7306.0,2364.0,2019,acs,acs,acs
49035112611,93638.0,7066.0,2437.0,2020,acs,acs,acs
49035112611,97647.0,6888.0,2358.0,2021,acs,acs,acs
49035112611,106265.0,6801.0,2389.0,2022,acs,acs,acs
49035112611,104844.0,6931.0,2374.0,2023,acs,acs,acs
49035112611,102584.0,6624.0,2421.0,2024,acs,acs,acs
49035112612,78268.0,5462.0,1883.0,2019,acs,acs,acs
49035112612,84288.0,5169.0,1815.0,2020,acs,acs,acs
49035112612,87775.0,4855.0,1917.0,2021,acs,acs,acs
49035112612,89387.0,4709.0,1984.0,2022,acs,acs,acs
49035112612,93571.0,4629.0,1946.0,2023,acs,acs,acs
49035112612,99763.0,4557.0,2004.0,2024,acs,acs,acs
49035112613,100795.0,5136.0,1564.0,2019,acs,acs,acs
49035112613,97829.0,5039.0,1584.0,2020,acs,acs,acs
49035112613,101700.0,4962.0,1632.0,2021,acs,acs,acs
49035112613,123783.0,5061.0,1687.0,2022,acs,acs,acs
49035112613,128851.0,5044.0,1698.0,2023,acs,acs,acs
49035112613,120515.0,4910.0,1726.0,2024,acs,acs,acs
49035112614,101655.0,3834.0,1147.0,2019,acs,acs,acs
49035112614,118125.0,4298.0,1290.0,2020,acs,acs,acs
49035112614,135952.0,4152.0,1242.0,2021,acs,acs,acs
49035112614,153393.0,4231.0,1254.0,2022,acs,acs,acs
49035112614,168971.0,4084.0,1246.0,2023,acs,acs,acs
49035112614,178967.0,3933.0,1262.0,2024,acs,acs,acs
49035112615,122083.0,2432.0,732.0,2019,acs,acs,acs
49035112615,127045.0,2567.0,768.0,2020,acs,acs,acs
49035112615,142250.0,2635.0,778.0,2021,acs,acs,acs
49035112615,162727.0,2627.0,776.0,2022,acs,acs,acs
49035112615,177000.0,2575.0,768.0,2023,acs,acs,acs
49035112615,180455.0,2627.0,776.0,2024,acs,acs,acs
49035112616,114032.0,4517.0,1434.0,2019,acs,acs,acs
49035112616,118636.0,4228.0,1336.0,2020,acs,acs,acs
49035112616,128447.0,4152.0,1307.0,2021,acs,acs,acs
49035112616,134615.0,4033.0,1342.0,2022,acs,acs,acs
49035112616,165500.0,4110.0,1322.0,2023,acs,acs,acs
49035112616,172368.0,4062.0,1336.0,2024,acs,acs,acs
49035112617,131042.0,3494.0,1058.0,2019,acs,acs,acs
49035112617,150099.0,3340.0,991.0,2020,acs,acs,acs
49035112617,164943.0,3279.0,983.0,2021,acs,acs,acs
49035112617,175250.0,3227.0,991.0,2022,acs,acs,acs
49035112617,177313.0,3133.0,981.0,2023,acs,acs,acs
49035112617,195960.0,3086.0,1001.0,2024,acs,acs,acs
49035112618,81528.0,3447.0,1267.0,2019,acs,acs,acs
49035112618,85250.0,3230.0,1216.0,2020,acs,acs,acs
49035112618,91667.0,3463.0,1296.0,2021,acs,acs,acs
49035112618,101694.0,3512.0,1296.0,2022,acs,acs,acs
49035112618,108056.0,3469.0,1308.0,2023,acs,acs,acs
49035112618,131471.0,3417.0,1328.0,2024,acs,acs,acs
49035112619,108438.0,3177.0,1047.0,2019,acs,acs,acs
49035112619,105625.0,3032.0,1027.0,2020,acs,acs,acs
49035112619,109934.0,2917.0,976.0,2021,acs,acs,acs
49035112619,112083.0,2852.0,986.0,2022,acs,acs,acs
49035112619,110875.0,2822.0,951.0,2023,acs,acs,acs
49035112619,94792.0,2740.0,946.0,2024,acs,acs,acs
49035112620,65741.0,3080.0,1052.0,2020,acs,acs,acs
49035112620,70904.0,3007.0,1038.0,2021,acs,acs,acs
49035112620,79643.0,3010.0,1012.0,2022,acs,acs,acs
49035112620,85000.0,2880.0,1012.0,2023,acs,acs,acs
49035112620,99444.0,2958.0,996.0,2024,acs,acs,acs
49035112621,79375.0,5599.0,2354.0,2020,acs,acs,acs
49035112621,82570.0,5840.0,2539.0,2021,acs,acs,acs
49035112621,90894.0,5798.0,2622.0,2022,acs,acs,acs
49035112621,95432.0,5858.0,2708.0,2023,acs,acs,acs
49035112621,79325.0,6181.0,2804.0,2024,acs,acs,acs
49035112700,63929.0,5641.0,1872.0,2019,acs,acs,acs
49035112700,59345.0,5258.0,1737.0,2020,acs,acs,acs
49035112700,58106.0,5303.0,1818.0,2021,acs,acs,acs
49035112700,54279.0,5024.0,1824.0,2022,acs,acs,acs
49035112700,58071.0,5106.0,1877.0,2023,acs,acs,acs
49035112700,61115.0,5257.0,1986.0,2024,acs,acs,acs
49035112804,109406.0,5763.0,1752.0,2019,acs,acs,acs
49035112804,110957.0,5815.0,1710.0,2020,acs,acs,acs
49035112804,112574.0,5692.0,1703.0,2021,acs,acs,acs
49035112804,113469.0,5478.0,1662.0,2022,acs,acs,acs
49035112804,112963.0,5542.0,1684.0,2023,acs,acs,acs
49035112804,117011.0,5354.0,1681.0,2024,acs,acs,acs
49035112805,106397.0,5276.0,1503.0,2019,acs,acs,acs
49035112805,111207.0,5307.0,1494.0,2020,acs,acs,acs
49035112805,122005.0,5393.0,1484.0,2021,acs,acs,acs
49035112805,130820.0,5242.0,1487.0,2022,acs,acs,acs
49035112805,136080.0,5372.0,1540.0,2023,acs,acs,acs
49035112805,139205.0,4939.0,1489.0,2024,acs,acs,acs
49035112810,115918.0,12434.0,3156.0,2019,acs,acs,acs
49035112812,69250.0,5703.0,1864.0,2019,acs,acs,acs
49035112812,77961.0,5559.0,1805.0,2020,acs,acs,acs
49035112812,79861.0,5441.0,1817.0,2021,acs,acs,acs
49035112812,91278.0,5413.0,1892.0,2022,acs,acs,acs
49035112812,100332.0,5458.0,1925.0,2023,acs,acs,acs
49035112812,103733.0,5718.0,1992.0,2024,acs,acs,acs
49035112813,119402.0,5243.0,1621.0,2019,acs,acs,acs
49035112813,128036.0,4965.0,1562.0,2020,acs,acs,acs
49035112813,121811.0,4949.0,1567.0,2021,acs,acs,acs
49035112813,137939.0,4943.0,1585.0,2022,acs,acs,acs
49035112813,136734.0,4934.0,1579.0,2023,acs,acs,acs
49035112813,142198.0,4890.0,1659.0,2024,acs,acs,acs
49035112814,128450.0,4479.0,1435.0,2019,acs,acs,acs
49035112814,169583.0,4667.0,1601.0,2020,acs,acs,acs
49035112814,190521.0,4594.0,1605.0,2021,acs,acs,acs
49035112814,198182.0,4896.0,1648.0,2022,acs,acs,acs
49035112814,207313.0,4896.0,1651.0,2023,acs,acs,acs
49035112814,180903.0,4654.0,1669.0,2024,acs,acs,acs
49035112815,140298.0,5281.0,1553.0,2019,acs,acs,acs
49035112815,162857.0,5114.0,1512.0,2020,acs,acs,acs
49035112815,166597.0,4979.0,1525.0,2021,acs,acs,acs
49035112815,164028.0,4971.0,1553.0,2022,acs,acs,acs
49035112815,200161.0,4893.0,1578.0,2023,acs,acs,acs
49035112815,204286.0,4970.0,1604.0,2024,acs,acs,acs
49035112816,119479.0,5893.0,1681.0,2019,acs,acs,acs
49035112816,117232.0,6009.0,1869.0,2020,acs,acs,acs
49035112816,127375.0,5827.0,1882.0,2021,acs,acs,acs
49035112816,130750.0,6060.0,2023.0,2022,acs,acs,acs
49035112816,139167.0,6008.0,2072.0,2023,acs,acs,acs
49035112816,128997.0,6156.0,2115.0,2024,acs,acs,acs
49035112817,96495.0,9256.0,3182.0,2019,acs,acs,acs
49035112818,,2336.0,,2019,acs,acs,acs
49035112818,,2281.0,,2020,acs,acs,acs
49035112818,,2394.0,,2021,acs,acs,acs
49035112818,,1942.0,,2022,acs,acs,acs
49035112818,,1538.0,,2023,acs,acs,acs
49035112818,,1090.0,,2024,acs,acs,acs
49035112819,112986.0,8245.0,2405.0,2019,acs,acs,acs
49035112820,112150.0,8706.0,2721.0,2019,acs,acs,acs
49035112821,132340.0,6617.0,1888.0,2019,acs,acs,acs
49035112821,135272.0,7010.0,1911.0,2020,acs,acs,acs
49035112821,141033.0,7210.0,1957.0,2021,acs,acs,acs
49035112821,148917.0,7612.0,2075.0,2022,acs,acs,acs
49035112821,154500.0,7452.0,2074.0,2023,acs,acs,acs
49035112821,173984.0,7223.0,2081.0,2024,acs,acs,acs
49035112822,75792.0,5323.0,1784.0,2019,acs,acs,acs
49035112822,87547.0,5485.0,1675.0,2020,acs,acs,acs
49035112822,94649.0,5628.0,1654.0,2021,acs,acs,acs
49035112822,92264.0,5603.0,1755.0,2022,acs,acs,acs
49035112822,96971.0,5563.0,1770.0,2023,acs,acs,acs
49035112822,113558.0,5564.0,1813.0,2024,acs,acs,acs
49035112823,104148.0,5596.0,1941.0,2019,acs,acs,acs
49035112823,95556.0,5438.0,1994.0,2020,acs,acs,acs
49035112823,97353.0,5594.0,2130.0,2021,acs,acs,acs
49035112823,104756.0,5647.0,2252.0,2022,acs,acs,acs
49035112823,97870.0,5293.0,2286.0,2023,acs,acs,acs
49035112823,98533.0,5376.0,2309.0,2024,acs,acs,acs
49035112824,90204.0,4601.0,1948.0,2020,acs,acs,acs
49035112824,84399.0,4782.0,2117.0,2021,acs,acs,acs
49035112824,93070.0,4869.0,2174.0,2022,acs,acs,acs
49035112824,90179.0,5057.0,2251.0,2023,acs,acs,acs
49035112824,94430.0,5300.0,2411.0,2024,acs,acs,acs
49035112825,85732.0,4533.0,1486.0,2020,acs,acs,acs
49035112825,88074.0,5239.0,1701.0,2021,acs,acs,acs
49035112825,93289.0,5639.0,2012.0,2022,acs,acs,acs
49035112825,89470.0,5786.0,2202.0,2023,acs,acs,acs
49035112825,88860.0,6234.0,2511.0,2024,acs,acs,acs
49035112826,138281.0,5651.0,1452.0,2020,acs,acs,acs
49035112826,138286.0,5746.0,1504.0,2021,acs,acs,acs
49035112826,142863.0,5661.0,1567.0,2022,acs,acs,acs
49035112826,147568.0,5771.0,1558.0,2023,acs,acs,acs
49035112826,166250.0,5513.0,1473.0,2024,acs,acs,acs
49035112827,94722.0,8351.0,2300.0,2020,acs,acs,acs
49035112827,86842.0,9627.0,2804.0,2021,acs,acs,acs
49035112827,98992.0,10680.0,3291.0,2022,acs,acs,acs
49035112827,120090.0,11500.0,3673.0,2023,acs,acs,acs
49035112827,123125.0,11981.0,3932.0,2024,acs,acs,acs
49035112828,175242.0,4944.0,1294.0,2020,acs,acs,acs
49035112828,182593.0,5110.0,1296.0,2021,acs,acs,acs
49035112828,188222.0,5101.0,1314.0,2022,acs,acs,acs
49035112828,196014.0,5130.0,1312.0,2023,acs,acs,acs
49035112828,185694.0,4839.0,1313.0,2024,acs,acs,acs
49035112829,63730.0,2932.0,1060.0,2020,acs,acs,acs
49035112829,74755.0,2826.0,1065.0,2021,acs,acs,acs
49035112829,79922.0,2892.0,1133.0,2022,acs,acs,acs
49035112829,90000.0,2973.0,1104.0,2023,acs,acs,acs
49035112829,100556.0,3252.0,1168.0,2024,acs,acs,acs
49035112830,96653.0,5694.0,1869.0,2020,acs,acs,acs
49035112830,88611.0,5193.0,1774.0,2021,acs,acs,acs
49035112830,108704.0,5202.0,1836.0,2022,acs,acs,acs
49035112830,104875.0,4813.0,1846.0,2023,acs,acs,acs
49035112830,113365.0,4853.0,1909.0,2024,acs,acs,acs
49035112831,121179.0,3742.0,1251.0,2020,acs,acs,acs
49035112831,125287.0,4227.0,1380.0,2021,acs,acs,acs
49035112831,134265.0,4091.0,1424.0,2022,acs,acs,acs
49035112831,143425.0,4091.0,1411.0,2023,acs,acs,acs
49035112831,147917.0,4387.0,1464.0,2024,acs,acs,acs
49035112904,72346.0,6850.0,1968.0,2019,acs,acs,acs
49035112904,76511.0,6421.0,1891.0,2020,acs,acs,acs
49035112904,77031.0,6790.0,1997.0,2021,acs,acs,acs
49035112904,88984.0,6566.0,1972.0,2022,acs,acs,acs
49035112904,94830.0,6253.0,1922.0,2023,acs,acs,acs
49035112904,97061.0,6060.0,1840.0,2024,acs,acs,acs
49035112905,103405.0,5714.0,1683.0,2019,acs,acs,acs
49035112905,105000.0,6025.0,1688.0,2020,acs,acs,acs
49035112905,108478.0,5841.0,1698.0,2021,acs,acs,acs
49035112905,113269.0,5498.0,1636.0,2022,acs,acs,acs
49035112905,103375.0,5337.0,1609.0,2023,acs,acs,acs
49035112905,105114.0,5149.0,1575.0,2024,acs,acs,acs
49035112907,76996.0,4861.0,1425.0,2019,acs,acs,acs
49035112907,81047.0,4648.0,1345.0,2020,acs,acs,acs
49035112907,83971.0,4502.0,1336.0,2021,acs,acs,acs
49035112907,80313.0,4436.0,1330.0,2022,acs,acs,acs
49035112907,88859.0,4285.0,1315.0,2023,acs,acs,acs
49035112907,85052.0,4229.0,1331.0,2024,acs,acs,acs
49035112912,84044.0,2611.0,736.0,2019,acs,acs,acs
49035112912,93906.0,2871.0,797.0,2020,acs,acs,acs
49035112912,102813.0,2939.0,810.0,2021,acs,acs,acs
49035112912,106563.0,2857.0,785.0,2022,acs,acs,acs
49035112912,128438.0,2837.0,787.0,2023,acs,acs,acs
49035112912,134542.0,2807.0,769.0,2024,acs,acs,acs
49035112913,87961.0,5258.0,1447.0,2019,acs,acs,acs
49035112913,90536.0,5669.0,1455.0,2020,acs,acs,acs
49035112913,100382.0,5494.0,1483.0,2021,acs,acs,acs
49035112913,107212.0,5256.0,1513.0,2022,acs,acs,acs
49035112913,106875.0,5073.0,1499.0,2023,acs,acs,acs
49035112913,103159.0,4679.0,1531.0,2024,acs,acs,acs
49035112914,75819.0,6414.0,2341.0,2019,acs,acs,acs
49035112914,85226.0,6633.0,2453.0,2020,acs,acs,acs
49035112914,86040.0,6401.0,2537.0,2021,acs,acs,acs
49035112914,86203.0,6314.0,2521.0,2022,acs,acs,acs
49035112914,95307.0,6440.0,2499.0,2023,acs,acs,acs
49035112914,99479.0,6875.0,2456.0,2024,acs,acs,acs
49035112916,66932.0,4904.0,1503.0,2019,acs,acs,acs
49035112916,72959.0,4598.0,1440.0,2020,acs,acs,acs
49035112916,80448.0,4521.0,1449.0,2021,acs,acs,acs
49035112916,86367.0,4323.0,1471.0,2022,acs,acs,acs
49035112916,72446.0,4244.0,1504.0,2023,acs,acs,acs
49035112916,92702.0,4575.0,1532.0,2024,acs,acs,acs
49035112917,74671.0,4063.0,1248.0,2019,acs,acs,acs
49035112917,75855.0,4353.0,1406.0,2020,acs,acs,acs
49035112917,83947.0,4653.0,1450.0,2021,acs,acs,acs
49035112917,99924.0,4800.0,1470.0,2022,acs,acs,acs
49035112917,113750.0,4433.0,1456.0,2023,acs,acs,acs
49035112917,111667.0,4367.0,1424.0,2024,acs,acs,acs
49035112918,62145.0,5520.0,1727.0,2019,acs,acs,acs
49035112918,69583.0,5555.0,1602.0,2020,acs,acs,acs
49035112918,71406.0,5591.0,1644.0,2021,acs,acs,acs
49035112918,82247.0,5555.0,1646.0,2022,acs,acs,acs
49035112918,94434.0,5781.0,1672.0,2023,acs,acs,acs
49035112918,102614.0,5683.0,1679.0,2024,acs,acs,acs
49035112920,64130.0,4546.0,1782.0,2019,acs,acs,acs
49035112920,71338.0,5325.0,2007.0,2020,acs,acs,acs
49035112920,66731.0,5192.0,2010.0,2021,acs,acs,acs
49035112920,66280.0,5135.0,2047.0,2022,acs,acs,acs
49035112920,71869.0,5481.0,2107.0,2023,acs,acs,acs
49035112920,73238.0,5512.0,2144.0,2024,acs,acs,acs
49035112921,76005.0,4131.0,1209.0,2019,acs,acs,acs
49035112921,81317.0,4482.0,1393.0,2020,acs,acs,acs
49035112921,85840.0,4414.0,1405.0,2021,acs,acs,acs
49035112921,91102.0,4409.0,1503.0,2022,acs,acs,acs
49035112921,96800.0,4347.0,1523.0,2023,acs,acs,acs
49035112921,99632.0,4679.0,1715.0,2024,acs,acs,acs
49035113007,100855.0,4973.0,1356.0,2019,acs,acs,acs
49035113007,105323.0,4792.0,1344.0,2020,acs,acs,acs
49035113007,115965.0,4667.0,1366.0,2021,acs,acs,acs
49035113007,125213.0,4647.0,1400.0,2022,acs,acs,acs
49035113007,131066.0,4953.0,1432.0,2023,acs,acs,acs
49035113007,125909.0,5236.0,1446.0,2024,acs,acs,acs
49035113008,129485.0,6555.0,1771.0,2019,acs,acs,acs
49035113008,131313.0,6853.0,1857.0,2020,acs,acs,acs
49035113008,136918.0,7009.0,1865.0,2021,acs,acs,acs
49035113008,150234.0,6507.0,1899.0,2022,acs,acs,acs
49035113008,160577.0,6369.0,1904.0,2023,acs,acs,acs
49035113008,171991.0,6391.0,1895.0,2024,acs,acs,acs
49035113010,97200.0,7345.0,2438.0,2019,acs,acs,acs
49035113010,102250.0,7036.0,2555.0,2020,acs,acs,acs
49035113010,103063.0,7105.0,2581.0,2021,acs,acs,acs
49035113010,103403.0,6901.0,2567.0,2022,acs,acs,acs
49035113010,112049.0,6899.0,2634.0,2023,acs,acs,acs
49035113010,117582.0,6914.0,2528.0,2024,acs,acs,acs
49035113011,100188.0,6109.0,1879.0,2019,acs,acs,acs
49035113011,104331.0,5865.0,1879.0,2020,acs,acs,acs
49035113011,119844.0,6042.0,1946.0,2021,acs,acs,acs
49035113011,125625.0,6426.0,2041.0,2022,acs,acs,acs
49035113011,137366.0,6060.0,2029.0,2023,acs,acs,acs
49035113011,137614.0,6314.0,2117.0,2024,acs,acs,acs
49035113012,128333.0,5849.0,1646.0,2019,acs,acs,acs
49035113012,119309.0,6388.0,1964.0,2020,acs,acs,acs
49035113012,125806.0,6531.0,1980.0,2021,acs,acs,acs
49035113012,137357.0,6704.0,2064.0,2022,acs,acs,acs
49035113012,147567.0,6887.0,2139.0,2023,acs,acs,acs
49035113012,152753.0,6549.0,2048.0,2024,acs,acs,acs
49035113013,121196.0,5186.0,1352.0,2019,acs,acs,acs
49035113013,127794.0,5209.0,1428.0,2020,acs,acs,acs
49035113013,128245.0,5420.0,1479.0,2021,acs,acs,acs
49035113013,138813.0,5258.0,1450.0,2022,acs,acs,acs
49035113013,143750.0,5395.0,1463.0,2023,acs,acs,acs
49035113013,150426.0,5547.0,1533.0,2024,acs,acs,acs
49035113014,89417.0,4770.0,1455.0,2019,acs,acs,acs
49035113014,84518.0,5196.0,1690.0,2020,acs,acs,acs
49035113014,96667.0,5514.0,1770.0,2021,acs,acs,acs
49035113014,103790.0,5515.0,1814.0,2022,acs,acs,acs
49035113014,107330.0,5751.0,1903.0,2023,acs,acs,acs
49035113014,106298.0,5839.0,1863.0,2024,acs,acs,acs
49035113016,119455.0,6772.0,1702.0,2019,acs,acs,acs
49035113016,132315.0,7367.0,1746.0,2020,acs,acs,acs
49035113016,144559.0,7513.0,1846.0,2021,acs,acs,acs
49035113016,160341.0,7298.0,1840.0,2022,acs,acs,acs
49035113016,171267.0,7536.0,1951.0,2023,acs,acs,acs
49035113016,174904.0,8131.0,2181.0,2024,acs,acs,acs
49035113017,86737.0,7026.0,2080.0,2019,acs,acs,acs
49035113017,90069.0,7165.0,2315.0,2020,acs,acs,acs
49035113017,102222.0,7528.0,2442.0,2021,acs,acs,acs
49035113017,99342.0,6718.0,2248.0,2022,acs,acs,acs
49035113017,101342.0,6624.0,2289.0,2023,acs,acs,acs
49035113017,117034.0,6441.0,2319.0,2024,acs,acs,acs
49035113019,100732.0,9725.0,2868.0,2019,acs,acs,acs
49035113020,103274.0,21460.0,5835.0,2019,acs,acs,acs
49035113021,91309.0,5608.0,1699.0,2020,acs,acs,acs
49035113021,99904.0,5989.0,1751.0,2021,acs,acs,acs
49035113021,112240.0,6902.0,1805.0,2022,acs,acs,acs
49035113021,126667.0,6997.0,1858.0,2023,acs,acs,acs
49035113021,138849.0,6345.0,1813.0,2024,acs,acs,acs
49035113022,118098.0,7454.0,1989.0,2020,acs,acs,acs
49035113022,120244.0,7413.0,2112.0,2021,acs,acs,acs
49035113022,115795.0,7818.0,2285.0,2022,acs,acs,acs
49035113022,124435.0,8079.0,2390.0,2023,acs,acs,acs
49035113022,151771.0,7809.0,2465.0,2024,acs,acs,acs
49035113023,104024.0,7493.0,1780.0,2020,acs,acs,acs
49035113023,108131.0,7158.0,1798.0,2021,acs,acs,acs
49035113023,119301.0,7093.0,1831.0,2022,acs,acs,acs
49035113023,125045.0,6642.0,1883.0,2023,acs,acs,acs
49035113023,138198.0,6712.0,1877.0,2024,acs,acs,acs
49035113024,121489.0,4641.0,1187.0,2020,acs,acs,acs
49035113024,126990.0,5112.0,1316.0,2021,acs,acs,acs
49035113024,143043.0,5243.0,1410.0,2022,acs,acs,acs
49035113024,143697.0,5291.0,1526.0,2023,acs,acs,acs
49035113024,159107.0,5257.0,1559.0,2024,acs,acs,acs
49035113025,94725.0,5172.0,1689.0,2020,acs,acs,acs
49035113025,98397.0,4987.0,1694.0,2021,acs,acs,acs
49035113025,110687.0,4829.0,1710.0,2022,acs,acs,acs
49035113025,113493.0,5044.0,1793.0,2023,acs,acs,acs
49035113025,118196.0,5173.0,1808.0,2024,acs,acs,acs
49035113101,81458.0,7238.0,1967.0,2019,acs,acs,acs
49035113101,87957.0,7415.0,2143.0,2020,acs,acs,acs
49035113101,91164.0,7533.0,2164.0,2021,acs,acs,acs
49035113101,104656.0,7325.0,2119.0,2022,acs,acs,acs
49035113101,112222.0,7192.0,2098.0,2023,acs,acs,acs
49035113101,114619.0,7242.0,2098.0,2024,acs,acs,acs
49035113102,93750.0,3946.0,1040.0,2019,acs,acs,acs
49035113102,99583.0,3859.0,1120.0,2020,acs,acs,acs
49035113102,110466.0,3927.0,1169.0,2021,acs,acs,acs
49035113102,111653.0,3655.0,1139.0,2022,acs,acs,acs
49035113102,126563.0,3774.0,1130.0,2023,acs,acs,acs
49035113102,130784.0,3631.0,1140.0,2024,acs,acs,acs
49035113105,99430.0,5973.0,1620.0,2019,acs,acs,acs
49035113105,108073.0,6387.0,1725.0,2020,acs,acs,acs
49035113105,118235.0,7602.0,1984.0,2021,acs,acs,acs
49035113105,125000.0,8044.0,2182.0,2022,acs,acs,acs
49035113105,133971.0,8767.0,2294.0,2023,acs,acs,acs
49035113105,140286.0,9668.0,2420.0,2024,acs,acs,acs
49035113107,95891.0,31161.0,8101.0,2019,acs,acs,acs
49035113108,103000.0,4301.0,1100.0,2019,acs,acs,acs
49035113108,106685.0,4701.0,1123.0,2020,acs,acs,acs
49035113108,115568.0,4453.0,1119.0,2021,acs,acs,acs
49035113108,120705.0,3815.0,1127.0,2022,acs,acs,acs
49035113108,123140.0,4001.0,1148.0,2023,acs,acs,acs
49035113108,126250.0,3996.0,1122.0,2024,acs,acs,acs
49035113109,94078.0,5209.0,1387.0,2020,acs,acs,acs
49035113109,138217.0,5555.0,1523.0,2021,acs,acs,acs
49035113109,114722.0,5339.0,1468.0,2022,acs,acs,acs
49035113109,140887.0,5279.0,1457.0,2023,acs,acs,acs
49035113109,144158.0,4883.0,1355.0,2024,acs,acs,acs
49035113110,96686.0,5785.0,1231.0,2020,acs,acs,acs
49035113110,92763.0,5873.0,1304.0,2021,acs,acs,acs
49035113110,99231.0,5618.0,1278.0,2022,acs,acs,acs
49035113110,69599.0,5323.0,1271.0,2023,acs,acs,acs
49035113110,115562.0,4993.0,1251.0,2024,acs,acs,acs
49035113111,130153.0,4395.0,1062.0,2020,acs,acs,acs
49035113111,81994.0,4321.0,1228.0,2021,acs,acs,acs
49035113111,101810.0,4539.0,1227.0,2022,acs,acs,acs
49035113111,104231.0,4568.0,1258.0,2023,acs,acs,acs
49035113111,105549.0,4669.0,1332.0,2024,acs,acs,acs
49035113112,109691.0,4157.0,1000.0,2020,acs,acs,acs
49035113112,138357.0,4393.0,1117.0,2021,acs,acs,acs
49035113112,151396.0,4570.0,1087.0,2022,acs,acs,acs
49035113112,156884.0,4284.0,1000.0,2023,acs,acs,acs
49035113112,157464.0,4110.0,983.0,2024,acs,acs,acs
49035113113,87754.0,7702.0,2452.0,2020,acs,acs,acs
49035113113,101319.0,9331.0,2844.0,2021,acs,acs,acs
49035113113,105676.0,10837.0,3244.0,2022,acs,acs,acs
49035113113,111268.0,11791.0,3472.0,2023,acs,acs,acs
49035113113,121392.0,10966.0,3287.0,2024,acs,acs,acs
49035113114,78641.0,8471.0,2279.0,2020,acs,acs,acs
49035113114,71607.0,9766.0,2972.0,2021,acs,acs,acs
49035113114,73704.0,9871.0,3064.0,2022,acs,acs,acs
49035113114,94757.0,10093.0,3251.0,2023,acs,acs,acs
49035113114,103173.0,11229.0,3568.0,2024,acs,acs,acs
49035113305,46123.0,8504.0,2759.0,2019,acs,acs,acs
49035113306,42597.0,6011.0,2107.0,2019,acs,acs,acs
49035113307,55875.0,6683.0,1896.0,2019,acs,acs,acs
49035113307,58085.0,6109.0,1821.0,2020,acs,acs,acs
49035113307,62104.0,6631.0,1902.0,2021,acs,acs,acs
49035113307,68111.0,7188.0,1901.0,2022,acs,acs,acs
49035113307,70611.0,7047.0,1863.0,2023,acs,acs,acs
49035113307,74513.0,7076.0,1890.0,2024,acs,acs,acs
49035113308,53949.0,5394.0,1545.0,2019,acs,acs,acs
49035113308,54797.0,5570.0,1514.0,2020,acs,acs,acs
49035113308,56667.0,5977.0,1580.0,2021,acs,acs,acs
49035113308,63696.0,5516.0,1572.0,2022,acs,acs,acs
49035113308,63773.0,5359.0,1587.0,2023,acs,acs,acs
49035113308,63492.0,5093.0,1546.0,2024,acs,acs,acs
49035113309,65300.0,4996.0,1410.0,2019,acs,acs,acs
49035113309,67785.0,4875.0,1505.0,2020,acs,acs,acs
49035113309,70577.0,5498.0,1574.0,2021,acs,acs,acs
49035113309,76308.0,5130.0,1555.0,2022,acs,acs,acs
49035113309,79475.0,5106.0,1525.0,2023,acs,acs,acs
49035113309,79297.0,5039.0,1542.0,2024,acs,acs,acs
49035113310,53295.0,2792.0,1062.0,2019,acs,acs,acs
49035113310,54915.0,2925.0,977.0,2020,acs,acs,acs
49035113310,57944.0,2622.0,1043.0,2021,acs,acs,acs
49035113310,63373.0,2793.0,1057.0,2022,acs,acs,acs
49035113310,73308.0,2890.0,1087.0,2023,acs,acs,acs
49035113310,75128.0,3008.0,1143.0,2024,acs,acs,acs
49035113311,46364.0,4282.0,1438.0,2020,acs,acs,acs
49035113311,49050.0,4065.0,1446.0,2021,acs,acs,acs
49035113311,52775.0,3883.0,1421.0,2022,acs,acs,acs
49035113311,54224.0,3479.0,1406.0,2023,acs,acs,acs
49035113311,72024.0,3584.0,1374.0,2024,acs,acs,acs
49035113312,42755.0,3298.0,1087.0,2020,acs,acs,acs
49035113312,51802.0,3236.0,1099.0,2021,acs,acs,acs
49035113312,60108.0,3224.0,1013.0,2022,acs,acs,acs
49035113312,59818.0,3277.0,976.0,2023,acs,acs,acs
49035113312,66582.0,3285.0,966.0,2024,acs,acs,acs
49035113313,45285.0,4447.0,1181.0,2020,acs,acs,acs
49035113313,50833.0,4627.0,1284.0,2021,acs,acs,acs
49035113313,44682.0,4712.0,1411.0,2022,acs,acs,acs
49035113313,59792.0,5156.0,1583.0,2023,acs,acs,acs
49035113313,62743.0,5218.0,1770.0,2024,acs,acs,acs
49035113314,53510.0,2542.0,881.0,2020,acs,acs,acs
49035113314,45536.0,2054.0,846.0,2021,acs,acs,acs
49035113314,46938.0,2171.0,831.0,2022,acs,acs,acs
49035113314,61141.0,1947.0,805.0,2023,acs,acs,acs
49035113314,65717.0,2253.0,807.0,2024,acs,acs,acs
49035113406,40505.0,6815.0,1824.0,2019,acs,acs,acs
49035113406,41588.0,6090.0,1712.0,2020,acs,acs,acs
49035113406,52198.0,6430.0,1803.0,2021,acs,acs,acs
49035113406,60585.0,6716.0,1821.0,2022,acs,acs,acs
49035113406,66042.0,7101.0,1851.0,2023,acs,acs,acs
49035113406,68906.0,6793.0,1886.0,2024,acs,acs,acs
49035113407,83369.0,9893.0,2827.0,2019,acs,acs,acs
49035113408,69882.0,6501.0,1679.0,2019,acs,acs,acs
49035113408,70485.0,6198.0,1593.0,2020,acs,acs,acs
49035113408,72449.0,6141.0,1715.0,2021,acs,acs,acs
49035113408,87723.0,6358.0,1753.0,2022,acs,acs,acs
49035113408,95685.0,6359.0,1775.0,2023,acs,acs,acs
49035113408,104797.0,6317.0,1824.0,2024,acs,acs,acs
49035113409,74036.0,5043.0,1358.0,2019,acs,acs,acs
49035113409,84787.0,5223.0,1479.0,2020,acs,acs,acs
49035113409,87478.0,5408.0,1531.0,2021,acs,acs,acs
49035113409,102917.0,5367.0,1522.0,2022,acs,acs,acs
49035113409,108750.0,5224.0,1540.0,2023,acs,acs,acs
49035113409,110833.0,5205.0,1504.0,2024,acs,acs,acs
49035113410,68082.0,6821.0,1665.0,2019,acs,acs,acs
49035113410,68682.0,6340.0,1599.0,2020,acs,acs,acs
49035113410,81750.0,6324.0,1702.0,2021,acs,acs,acs
49035113410,93328.0,6349.0,1729.0,2022,acs,acs,acs
49035113410,91107.0,5902.0,1721.0,2023,acs,acs,acs
49035113410,85872.0,5527.0,1768.0,2024,acs,acs,acs
49035113411,83500.0,3045.0,758.0,2019,acs,acs,acs
49035113411,80189.0,3006.0,717.0,2020,acs,acs,acs
49035113411,82788.0,3103.0,755.0,2021,acs,acs,acs
49035113411,93224.0,2947.0,749.0,2022,acs,acs,acs
49035113411,105179.0,2776.0,741.0,2023,acs,acs,acs
49035113411,106413.0,2867.0,752.0,2024,acs,acs,acs
49035113412,84792.0,3126.0,720.0,2019,acs,acs,acs
49035113412,92721.0,2735.0,681.0,2020,acs,acs,acs
49035113412,94712.0,2817.0,717.0,2021,acs,acs,acs
49035113412,104808.0,2772.0,716.0,2022,acs,acs,acs
49035113412,112232.0,2594.0,704.0,2023,acs,acs,acs
49035113412,109773.0,2504.0,712.0,2024,acs,acs,acs
49035113413,68281.0,5652.0,1573.0,2019,acs,acs,acs
49035113413,70586.0,5885.0,1601.0,2020,acs,acs,acs
49035113413,73169.0,5981.0,1659.0,2021,acs,acs,acs
49035113413,90486.0,5842.0,1598.0,2022,acs,acs,acs
49035113413,86042.0,5812.0,1641.0,2023,acs,acs,acs
49035113413,95938.0,6090.0,1731.0,2024,acs,acs,acs
49035113414,91221.0,7238.0,1546.0,2020,acs,acs,acs
49035113414,94588.0,7725.0,1723.0,2021,acs,acs,acs
49035113414,111214.0,7562.0,1767.0,2022,acs,acs,acs
49035113414,120267.0,7991.0,1660.0,2023,acs,acs,acs
49035113414,123016.0,8352.0,1788.0,2024,acs,acs,acs
49035113415,84551.0,5116.0,1463.0,2020,acs,acs,acs
49035113415,86022.0,5358.0,1628.0,2021,acs,acs,acs
49035113415,93390.0,6205.0,1560.0,2022,acs,acs,acs
49035113415,98243.0,6017.0,1534.0,2023,acs,acs,acs
49035113415,99280.0,5636.0,1538.0,2024,acs,acs,acs
49035113505,59472.0,6552.0,1950.0,2019,acs,acs,acs
49035113505,63994.0,6547.0,1840.0,2020,acs,acs,acs
49035113505,75093.0,6754.0,1898.0,2021,acs,acs,acs
49035113505,77258.0,6940.0,1932.0,2022,acs,acs,acs
49035113505,83125.0,6974.0,1883.0,2023,acs,acs,acs
49035113505,95833.0,6877.0,1904.0,2024,acs,acs,acs
49035113509,60063.0,7096.0,2233.0,2019,acs,acs,acs
49035113509,62711.0,6313.0,2108.0,2020,acs,acs,acs
49035113509,62921.0,6627.0,2170.0,2021,acs,acs,acs
49035113509,59572.0,6817.0,2241.0,2022,acs,acs,acs
49035113509,62787.0,7133.0,2272.0,2023,acs,acs,acs
49035113509,63064.0,6393.0,2250.0,2024,acs,acs,acs
49035113510,73625.0,3411.0,1050.0,2019,acs,acs,acs
49035113510,75438.0,3146.0,1037.0,2020,acs,acs,acs
49035113510,79792.0,3254.0,1071.0,2021,acs,acs,acs
49035113510,90739.0,3195.0,1026.0,2022,acs,acs,acs
49035113510,94273.0,3249.0,1052.0,2023,acs,acs,acs
49035113510,88000.0,2994.0,998.0,2024,acs,acs,acs
49035113511,69286.0,3708.0,1210.0,2019,acs,acs,acs
49035113511,60375.0,3708.0,1183.0,2020,acs,acs,acs
49035113511,66250.0,3635.0,1207.0,2021,acs,acs,acs
49035113511,84394.0,3656.0,1194.0,2022,acs,acs,acs
49035113511,82361.0,3562.0,1200.0,2023,acs,acs,acs
49035113511,93111.0,3424.0,1198.0,2024,acs,acs,acs
49035113512,44548.0,3727.0,1754.0,2019,acs,acs,acs
49035113512,47258.0,3829.0,1864.0,2020,acs,acs,acs
49035113512,54625.0,3770.0,1872.0,2021,acs,acs,acs
49035113512,62692.0,3925.0,1852.0,2022,acs,acs,acs
49035113512,68804.0,3748.0,1816.0,2023,acs,acs,acs
49035113512,70462.0,3801.0,1866.0,2024,acs,acs,acs
49035113513,59639.0,6048.0,2021.0,2019,acs,acs,acs
49035113513,63500.0,5891.0,1922.0,2020,acs,acs,acs
49035113513,70739.0,6050.0,1974.0,2021,acs,acs,acs
49035113513,71160.0,6111.0,2015.0,2022,acs,acs,acs
49035113513,67372.0,5900.0,2074.0,2023,acs,acs,acs
49035113513,67480.0,5709.0,1987.0,2024,acs,acs,acs
49035113514,40985.0,6496.0,2547.0,2019,acs,acs,acs
49035113514,47620.0,6199.0,2372.0,2020,acs,acs,acs
49035113514,50105.0,6389.0,2278.0,2021,acs,acs,acs
49035113514,51221.0,6434.0,2297.0,2022,acs,acs,acs
49035113514,54044.0,5866.0,2290.0,2023,acs,acs,acs
49035113514,54509.0,5863.0,2279.0,2024,acs,acs,acs
49035113515,67219.0,6148.0,2187.0,2019,acs,acs,acs
49035113515,68860.0,6738.0,2247.0,2020,acs,acs,acs
49035113515,73509.0,6906.0,2283.0,2021,acs,acs,acs
49035113515,87650.0,6764.0,2291.0,2022,acs,acs,acs
49035113515,101731.0,6688.0,2338.0,2023,acs,acs,acs
49035113515,110732.0,6740.0,2352.0,2024,acs,acs,acs
49035113520,69083.0,4501.0,1351.0,2019,acs,acs,acs
49035113520,71513.0,4618.0,1338.0,2020,acs,acs,acs
49035113520,78274.0,4378.0,1421.0,2021,acs,acs,acs
49035113520,76828.0,4176.0,1432.0,2022,acs,acs,acs
49035113520,79503.0,4110.0,1441.0,2023,acs,acs,acs
49035113520,87125.0,4573.0,1545.0,2024,acs,acs,acs
49035113521,75222.0,6533.0,1856.0,2019,acs,acs,acs
49035113521,70218.0,7385.0,1899.0,2020,acs,acs,acs
49035113521,73904.0,7682.0,1930.0,2021,acs,acs,acs
49035113521,78661.0,7357.0,1912.0,2022,acs,acs,acs
49035113521,83200.0,7760.0,1999.0,2023,acs,acs,acs
49035113521,85743.0,8448.0,2090.0,2024,acs,acs,acs
49035113522,87396.0,3440.0,1071.0,2019,acs,acs,acs
49035113522,85819.0,3340.0,1039.0,2020,acs,acs,acs
49035113522,90094.0,3290.0,1061.0,2021,acs,acs,acs
49035113522,94453.0,3147.0,1030.0,2022,acs,acs,acs
49035113522,101389.0,2878.0,998.0,2023,acs,acs,acs
49035113522,103021.0,2833.0,963.0,2024,acs,acs,acs
49035113523,56587.0,5656.0,1794.0,2019,acs,acs,acs
49035113523,57571.0,5752.0,1814.0,2020,acs,acs,acs
49035113523,71813.0,5880.0,1886.0,2021,acs,acs,acs
49035113523,92688.0,6016.0,1880.0,2022,acs,acs,acs
49035113523,104167.0,5999.0,2014.0,2023,acs,acs,acs
49035113523,106875.0,5838.0,1994.0,2024,acs,acs,acs
49035113525,94779.0,8575.0,1895.0,2019,acs,acs,acs
49035113526,71406.0,5941.0,1403.0,2019,acs,acs,acs
49035113526,78397.0,6038.0,1416.0,2020,acs,acs,acs
49035113526,88856.0,6301.0,1481.0,2021,acs,acs,acs
49035113526,94754.0,6387.0,1464.0,2022,acs,acs,acs
49035113526,108561.0,6138.0,1511.0,2023,acs,acs,acs
49035113526,122870.0,6095.0,1530.0,2024,acs,acs,acs
49035113527,82344.0,4869.0,1297.0,2019,acs,acs,acs
49035113527,76336.0,4465.0,1241.0,2020,acs,acs,acs
49035113527,82216.0,4268.0,1229.0,2021,acs,acs,acs
49035113527,90729.0,4261.0,1244.0,2022,acs,acs,acs
49035113527,95293.0,4067.0,1201.0,2023,acs,acs,acs
49035113527,91958.0,3941.0,1200.0,2024,acs,acs,acs
49035113528,83194.0,5283.0,1457.0,2019,acs,acs,acs
49035113528,86071.0,5168.0,1578.0,2020,acs,acs,acs
49035113528,91382.0,5119.0,1583.0,2021,acs,acs,acs
49035113528,100182.0,5185.0,1594.0,2022,acs,acs,acs
49035113528,99580.0,5047.0,1646.0,2023,acs,acs,acs
49035113528,106322.0,4785.0,1589.0,2024,acs,acs,acs
49035113532,86750.0,3200.0,1015.0,2019,acs,acs,acs
49035113532,93276.0,3147.0,992.0,2020,acs,acs,acs
49035113532,107337.0,3088.0,1005.0,2021,acs,acs,acs
49035113532,117941.0,2937.0,980.0,2022,acs,acs,acs
49035113532,117075.0,2820.0,987.0,2023,acs,acs,acs
49035113532,111136.0,2834.0,970.0,2024,acs,acs,acs
49035113533,92027.0,4577.0,1500.0,2019,acs,acs,acs
49035113533,97518.0,4407.0,1403.0,2020,acs,acs,acs
49035113533,96864.0,4553.0,1440.0,2021,acs,acs,acs
49035113533,114769.0,4688.0,1511.0,2022,acs,acs,acs
49035113533,119440.0,4861.0,1529.0,2023,acs,acs,acs
49035113533,128065.0,4505.0,1488.0,2024,acs,acs,acs
49035113534,94068.0,7777.0,2038.0,2019,acs,acs,acs
49035113535,105475.0,8267.0,2071.0,2019,acs,acs,acs
49035113536,76389.0,4465.0,1084.0,2019,acs,acs,acs
49035113536,72147.0,4251.0,1109.0,2020,acs,acs,acs
49035113536,77083.0,4048.0,1128.0,2021,acs,acs,acs
49035113536,72750.0,3641.0,1094.0,2022,acs,acs,acs
49035113536,73977.0,3721.0,1091.0,2023,acs,acs,acs
49035113536,76915.0,3891.0,1158.0,2024,acs,acs,acs
49035113537,70625.0,3611.0,1002.0,2019,acs,acs,acs
49035113537,85326.0,3771.0,1022.0,2020,acs,acs,acs
49035113537,95714.0,3804.0,1046.0,2021,acs,acs,acs
49035113537,107669.0,3685.0,1048.0,2022,acs,acs,acs
49035113537,113844.0,3754.0,1056.0,2023,acs,acs,acs
49035113537,118409.0,3588.0,1002.0,2024,acs,acs,acs
49035113538,72566.0,3255.0,808.0,2019,acs,acs,acs
49035113538,74938.0,3001.0,735.0,2020,acs,acs,acs
49035113538,77083.0,3096.0,765.0,2021,acs,acs,acs
49035113538,85125.0,2715.0,738.0,2022,acs,acs,acs
49035113538,88750.0,2801.0,745.0,2023,acs,acs,acs
49035113538,88750.0,2896.0,754.0,2024,acs,acs,acs
49035113539,80303.0,4989.0,1232.0,2019,acs,acs,acs
49035113539,84267.0,5227.0,1079.0,2020,acs,acs,acs
49035113539,89813.0,5334.0,1135.0,2021,acs,acs,acs
49035113539,101548.0,5367.0,1142.0,2022,acs,acs,acs
49035113539,118875.0,5479.0,1164.0,2023,acs,acs,acs
49035113539,123000.0,5491.0,1154.0,2024,acs,acs,acs
49035113540,102125.0,5877.0,1581.0,2020,acs,acs,acs
49035113540,108417.0,6296.0,1637.0,2021,acs,acs,acs
49035113540,121338.0,6288.0,1591.0,2022,acs,acs,acs
49035113540,110324.0,6371.0,1602.0,2023,acs,acs,acs
49035113540,115026.0,5855.0,1547.0,2024,acs,acs,acs
49035113541,100179.0,2104.0,569.0,2020,acs,acs,acs
49035113541,113438.0,2479.0,589.0,2021,acs,acs,acs
49035113541,141250.0,2455.0,589.0,2022,acs,acs,acs
49035113541,147941.0,2364.0,592.0,2023,acs,acs,acs
49035113541,141667.0,2498.0,584.0,2024,acs,acs,acs
49035113542,92000.0,3367.0,980.0,2020,acs,acs,acs
49035113542,98639.0,3589.0,1053.0,2021,acs,acs,acs
49035113542,104000.0,3799.0,1140.0,2022,acs,acs,acs
49035113542,110972.0,3917.0,1158.0,2023,acs,acs,acs
49035113542,123500.0,4269.0,1262.0,2024,acs,acs,acs
49035113543,109141.0,4702.0,1202.0,2020,acs,acs,acs
49035113543,114052.0,4502.0,1214.0,2021,acs,acs,acs
49035113543,123368.0,4480.0,1213.0,2022,acs,acs,acs
49035113543,127706.0,4416.0,1209.0,2023,acs,acs,acs
49035113543,134356.0,4108.0,1172.0,2024,acs,acs,acs
49035113544,102043.0,3933.0,1035.0,2020,acs,acs,acs
49035113544,108301.0,4807.0,1245.0,2021,acs,acs,acs
49035113544,118716.0,4432.0,1159.0,2022,acs,acs,acs
49035113544,123553.0,4301.0,1180.0,2023,acs,acs,acs
49035113544,122200.0,4304.0,1180.0,2024,acs,acs,acs
49035113545,105455.0,3633.0,802.0,2020,acs,acs,acs
49035113545,104375.0,3248.0,762.0,2021,acs,acs,acs
49035113545,119107.0,3187.0,811.0,2022,acs,acs,acs
49035113545,115938.0,3010.0,801.0,2023,acs,acs,acs
49035113545,113750.0,3258.0,831.0,2024,acs,acs,acs
49035113600,53194.0,5368.0,1558.0,2019,acs,acs,acs
49035113600,54787.0,5429.0,1652.0,2020,acs,acs,acs
49035113600,57279.0,5306.0,1687.0,2021,acs,acs,acs
49035113600,63732.0,5279.0,1697.0,2022,acs,acs,acs
49035113600,71442.0,5238.0,1713.0,2023,acs,acs,acs
49035113600,73698.0,5644.0,1777.0,2024,acs,acs,acs
49035113701,63750.0,3900.0,1108.0,2019,acs,acs,acs
49035113701,77464.0,3835.0,1143.0,2020,acs,acs,acs
49035113701,76014.0,4063.0,1188.0,2021,acs,acs,acs
49035113701,86250.0,3966.0,1220.0,2022,acs,acs,acs
49035113701,89113.0,4244.0,1250.0,2023,acs,acs,acs
49035113701,91367.0,4402.0,1276.0,2024,acs,acs,acs
49035113702,62000.0,2479.0,774.0,2019,acs,acs,acs
49035113702,61096.0,2462.0,801.0,2020,acs,acs,acs
49035113702,64283.0,2528.0,809.0,2021,acs,acs,acs
49035113702,69281.0,2653.0,812.0,2022,acs,acs,acs
49035113702,72140.0,2814.0,833.0,2023,acs,acs,acs
49035113702,72581.0,3030.0,845.0,2024,acs,acs,acs
49035113801,71711.0,5894.0,1386.0,2019,acs,acs,acs
49035113801,71006.0,6095.0,1555.0,2020,acs,acs,acs
49035113801,71792.0,6176.0,1617.0,2021,acs,acs,acs
49035113801,77744.0,5962.0,1611.0,2022,acs,acs,acs
49035113801,78727.0,6160.0,1639.0,2023,acs,acs,acs
49035113801,83690.0,6362.0,1666.0,2024,acs,acs,acs
49035113802,50337.0,4274.0,1155.0,2019,acs,acs,acs
49035113802,53064.0,3958.0,1169.0,2020,acs,acs,acs
49035113802,55893.0,3894.0,1201.0,2021,acs,acs,acs
49035113802,66429.0,3784.0,1226.0,2022,acs,acs,acs
49035113802,68113.0,3849.0,1291.0,2023,acs,acs,acs
49035113802,73590.0,3796.0,1315.0,2024,acs,acs,acs
49035113803,79886.0,9116.0,2200.0,2019,acs,acs,acs
49035113804,84701.0,4971.0,1404.0,2020,acs,acs,acs
49035113804,95625.0,5231.0,1484.0,2021,acs,acs,acs
49035113804,106321.0,5246.0,1512.0,2022,acs,acs,acs
49035113804,112422.0,5009.0,1581.0,2023,acs,acs,acs
49035113804,123491.0,4883.0,1632.0,2024,acs,acs,acs
49035113805,90845.0,4078.0,1093.0,2020,acs,acs,acs
49035113805,91198.0,4060.0,1137.0,2021,acs,acs,acs
49035113805,97969.0,4191.0,1165.0,2022,acs,acs,acs
49035113805,108875.0,4356.0,1203.0,2023,acs,acs,acs
49035113805,108702.0,4266.0,1195.0,2024,acs,acs,acs
49035113903,69181.0,5018.0,1418.0,2019,acs,acs,acs
49035113903,86232.0,5125.0,1604.0,2020,acs,acs,acs
49035113903,86086.0,5484.0,1737.0,2021,acs,acs,acs
49035113903,89688.0,5693.0,1749.0,2022,acs,acs,acs
49035113903,95747.0,5388.0,1746.0,2023,acs,acs,acs
49035113903,97391.0,6727.0,2056.0,2024,acs,acs,acs
49035113904,64658.0,5328.0,1610.0,2019,acs,acs,acs
49035113904,71737.0,6569.0,1878.0,2020,acs,acs,acs
49035113904,73835.0,7157.0,2044.0,2021,acs,acs,acs
49035113904,81006.0,7409.0,2035.0,2022,acs,acs,acs
49035113904,90196.0,7672.0,2123.0,2023,acs,acs,acs
49035113904,93513.0,6965.0,1975.0,2024,acs,acs,acs
49035113905,68700.0,7475.0,1914.0,2019,acs,acs,acs
49035113905,72898.0,6928.0,1836.0,2020,acs,acs,acs
49035113905,83410.0,7630.0,2029.0,2021,acs,acs,acs
49035113905,78933.0,6869.0,1937.0,2022,acs,acs,acs
49035113905,94386.0,6911.0,1941.0,2023,acs,acs,acs
49035113905,98403.0,5918.0,1905.0,2024,acs,acs,acs
49035113906,49367.0,4117.0,1452.0,2019,acs,acs,acs
49035113906,50709.0,3820.0,1383.0,2020,acs,acs,acs
49035113906,51318.0,4407.0,1535.0,2021,acs,acs,acs
49035113906,66250.0,4926.0,1523.0,2022,acs,acs,acs
49035113906,72800.0,5247.0,1508.0,2023,acs,acs,acs
49035113906,65417.0,5398.0,1436.0,2024,acs,acs,acs
49035113907,78421.0,7985.0,2158.0,2019,acs,acs,acs
49035113908,58345.0,4587.0,1513.0,2020,acs,acs,acs
49035113908,73191.0,4450.0,1561.0,2021,acs,acs,acs
49035113908,79750.0,4378.0,1494.0,2022,acs,acs,acs
49035113908,84063.0,4706.0,1560.0,2023,acs,acs,acs
49035113908,85145.0,5153.0,1601.0,2024,acs,acs,acs
49035113909,107222.0,3791.0,1002.0,2020,acs,acs,acs
49035113909,129591.0,3953.0,1042.0,2021,acs,acs,acs
49035113909,140895.0,4794.0,1229.0,2022,acs,acs,acs
49035113909,142650.0,4677.0,1291.0,2023,acs,acs,acs
49035113909,147321.0,5711.0,1583.0,2024,acs,acs,acs
49035114000,54074.0,2425.0,1640.0,2019,acs,acs,acs
49035114000,61917.0,2677.0,1656.0,2020,acs,acs,acs
49035114000,55329.0,3116.0,1841.0,2021,acs,acs,acs
49035114000,58333.0,3618.0,2052.0,2022,acs,acs,acs
49035114000,80208.0,4428.0,2462.0,2023,acs,acs,acs
49035114000,82281.0,5187.0,3185.0,2024,acs,acs,acs
49035114100,80000.0,2991.0,1326.0,2019,acs,acs,acs
49035114100,83399.0,2999.0,1475.0,2020,acs,acs,acs
49035114100,86028.0,3086.0,1571.0,2021,acs,acs,acs
49035114100,103294.0,3289.0,1694.0,2022,acs,acs,acs
49035114100,104821.0,3586.0,1903.0,2023,acs,acs,acs
49035114100,102600.0,3891.0,2046.0,2024,acs,acs,acs
49035114200,79239.0,5273.0,1700.0,2019,acs,acs,acs
49035114200,101000.0,5453.0,1676.0,2020,acs,acs,acs
49035114200,115596.0,5647.0,1753.0,2021,acs,acs,acs
49035114200,126409.0,5401.0,1772.0,2022,acs,acs,acs
49035114200,123385.0,5401.0,1839.0,2023,acs,acs,acs
49035114200,113958.0,5265.0,1873.0,2024,acs,acs,acs
49035114300,86031.0,20297.0,6394.0,2019,acs,acs,acs
49035114301,51404.0,4790.0,1660.0,2020,acs,acs,acs
49035114301,64577.0,4511.0,1736.0,2021,acs,acs,acs
49035114301,69543.0,4676.0,1684.0,2022,acs,acs,acs
49035114301,76576.0,5033.0,1728.0,2023,acs,acs,acs
49035114301,84412.0,5159.0,1760.0,2024,acs,acs,acs
49035114302,71140.0,1817.0,746.0,2020,acs,acs,acs
49035114302,62857.0,2186.0,866.0,2021,acs,acs,acs
49035114302,88750.0,2414.0,845.0,2022,acs,acs,acs
49035114302,105810.0,2442.0,849.0,2023,acs,acs,acs
49035114302,108344.0,2654.0,898.0,2024,acs,acs,acs
49035114303,117582.0,8993.0,2307.0,2020,acs,acs,acs
49035114303,122857.0,8930.0,2314.0,2021,acs,acs,acs
49035114303,130221.0,9085.0,2539.0,2022,acs,acs,acs
49035114303,144024.0,9567.0,2629.0,2023,acs,acs,acs
49035114303,146936.0,10195.0,2705.0,2024,acs,acs,acs
49035114304,80833.0,5260.0,1802.0,2020,acs,acs,acs
49035114304,94735.0,5645.0,1831.0,2021,acs,acs,acs
49035114304,103225.0,6471.0,1976.0,2022,acs,acs,acs
49035114304,100121.0,6981.0,2135.0,2023,acs,acs,acs
49035114304,105154.0,7206.0,2166.0,2024,acs,acs,acs
49035114500,71583.0,8601.0,2279.0,2019,acs,acs,acs
49035114500,78591.0,8509.0,2285.0,2020,acs,acs,acs
49035114500,80972.0,8808.0,2392.0,2021,acs,acs,acs
49035114500,90933.0,8532.0,2254.0,2022,acs,acs,acs
49035114500,95765.0,7819.0,2106.0,2023,acs,acs,acs
49035114500,99550.0,8052.0,2102.0,2024,acs,acs,acs
49035114600,113942.0,6867.0,2052.0,2019,acs,acs,acs
49035114601,108167.0,5359.0,1574.0,2020,acs,acs,acs
49035114601,100556.0,4950.0,1598.0,2021,acs,acs,acs
49035114601,114779.0,4883.0,1583.0,2022,acs,acs,acs
49035114601,116667.0,5187.0,1700.0,2023,acs,acs,acs
49035114601,117159.0,5217.0,1708.0,2024,acs,acs,acs
49035114602,78389.0,2079.0,782.0,2020,acs,acs,acs
49035114602,84659.0,2428.0,912.0,2021,acs,acs,acs
49035114602,78086.0,2431.0,885.0,2022,acs,acs,acs
49035114602,81847.0,2348.0,917.0,2023,acs,acs,acs
49035114602,84269.0,2399.0,924.0,2024,acs,acs,acs
49035114700,66681.0,4538.0,1487.0,2019,acs,acs,acs
49035114700,64839.0,4385.0,1566.0,2020,acs,acs,acs
49035114700,67349.0,4708.0,1602.0,2021,acs,acs,acs
49035114700,79115.0,4693.0,1582.0,2022,acs,acs,acs
49035114700,78917.0,5070.0,1674.0,2023,acs,acs,acs
49035114700,74539.0,4832.0,1613.0,2024,acs,acs,acs
49035114800,210789.0,3723.0,1232.0,2019,acs,acs,acs
49035114800,250001.0,3932.0,1335.0,2020,acs,acs,acs
49035114800,245500.0,3879.0,1312.0,2021,acs,acs,acs
49035114800,250001.0,3879.0,1339.0,2022,acs,acs,acs
49035114800,250001.0,3727.0,1280.0,2023,acs,acs,acs
49035114800,224167.0,3764.0,1300.0,2024,acs,acs,acs
49035115106,111812.0,17049.0,4264.0,2019,acs,acs,acs
49035115107,141167.0,5950.0,1392.0,2020,acs,acs,acs
49035115107,138884.0,6410.0,1632.0,2021,acs,acs,acs
49035115107,151263.0,6631.0,1642.0,2022,acs,acs,acs
49035115107,157089.0,6294.0,1551.0,2023,acs,acs,acs
49035115107,165536.0,6208.0,1532.0,2024,acs,acs,acs
49035115108,97340.0,7177.0,2243.0,2020,acs,acs,acs
49035115108,105407.0,7322.0,2348.0,2021,acs,acs,acs
49035115108,116516.0,7633.0,2480.0,2022,acs,acs,acs
49035115108,119993.0,7448.0,2505.0,2023,acs,acs,acs
49035115108,133814.0,7775.0,2526.0,2024,acs,acs,acs
49035115109,73056.0,2855.0,1060.0,2020,acs,acs,acs
49035115109,85081.0,5326.0,1870.0,2021,acs,acs,acs
49035115109,94620.0,6762.0,2431.0,2022,acs,acs,acs
49035115109,89309.0,7408.0,2640.0,2023,acs,acs,acs
49035115109,99444.0,9591.0,3320.0,2024,acs,acs,acs
49035115209,98598.0,11186.0,3096.0,2019,acs,acs,acs
49035115210,111512.0,6999.0,2189.0,2020,acs,acs,acs
49035115210,118958.0,8163.0,2543.0,2021,acs,acs,acs
49035115210,131493.0,8793.0,2881.0,2022,acs,acs,acs
49035115210,130000.0,9337.0,3158.0,2023,acs,acs,acs
49035115210,134363.0,9924.0,3374.0,2024,acs,acs,acs
49035115211,93125.0,5902.0,1553.0,2020,acs,acs,acs
49035115211,96949.0,6202.0,1717.0,2021,acs,acs,acs
49035115211,106267.0,7042.0,1963.0,2022,acs,acs,acs
49035115211,112247.0,7799.0,2381.0,2023,acs,acs,acs
49035115211,131141.0,9866.0,3031.0,2024,acs,acs,acs
49035980000,,,,2019,acs,acs,acs
49035980000,,,,2020,acs,acs,acs
49035980000,,,,2021,acs,acs,acs
49035980000,,,,2022,acs,acs,acs
49035980000,,,,2023,acs,acs,acs
49035980000,30125.0,19.0,19.0,2024,acs,acs,acs
49035980100,,,,2020,acs,acs,acs
49035980100,,,,2021,acs,acs,acs
49035980100,,,,2022,acs,acs,acs
49035980100,,,,2023,acs,acs,acs
49035980100,,,,2024,acs,acs,acs
49049000102,74821.0,4067.0,1215.0,2019,acs,acs,acs
49049000102,69161.0,4040.0,1237.0,2020,acs,acs,acs
49049000102,80911.0,4363.0,1339.0,2021,acs,acs,acs
49049000102,77768.0,4459.0,1439.0,2022,acs,acs,acs
49049000102,82949.0,4564.0,1510.0,2023,acs,acs,acs
49049000102,84456.0,4352.0,1387.0,2024,acs,acs,acs
49049000103,77287.0,3973.0,1131.0,2019,acs,acs,acs
49049000103,82833.0,4465.0,1352.0,2020,acs,acs,acs
49049000103,83290.0,4698.0,1421.0,2021,acs,acs,acs
49049000103,77014.0,4684.0,1499.0,2022,acs,acs,acs
49049000103,95978.0,5355.0,1649.0,2023,acs,acs,acs
49049000103,98624.0,5481.0,1654.0,2024,acs,acs,acs
49049000104,85750.0,2962.0,813.0,2019,acs,acs,acs
49049000104,93929.0,2978.0,778.0,2020,acs,acs,acs
49049000104,101250.0,3319.0,803.0,2021,acs,acs,acs
49049000104,111797.0,3298.0,839.0,2022,acs,acs,acs
49049000104,125188.0,3447.0,859.0,2023,acs,acs,acs
49049000104,128343.0,3147.0,833.0,2024,acs,acs,acs
49049000105,85820.0,3767.0,1111.0,2019,acs,acs,acs
49049000105,73900.0,3510.0,1178.0,2020,acs,acs,acs
49049000105,74100.0,3655.0,1244.0,2021,acs,acs,acs
49049000105,83106.0,3724.0,1250.0,2022,acs,acs,acs
49049000105,87163.0,3987.0,1249.0,2023,acs,acs,acs
49049000105,123618.0,4023.0,1257.0,2024,acs,acs,acs
49049000203,55978.0,4380.0,1590.0,2019,acs,acs,acs
49049000203,52847.0,4704.0,1670.0,2020,acs,acs,acs
49049000203,54731.0,4868.0,1707.0,2021,acs,acs,acs
49049000203,61215.0,4882.0,1637.0,2022,acs,acs,acs
49049000203,64659.0,4813.0,1641.0,2023,acs,acs,acs
49049000203,73949.0,4865.0,1659.0,2024,acs,acs,acs
49049000204,70114.0,7035.0,1972.0,2019,acs,acs,acs
49049000205,106976.0,4015.0,953.0,2019,acs,acs,acs
49049000205,130724.0,4593.0,1093.0,2020,acs,acs,acs
49049000205,137321.0,4588.0,1075.0,2021,acs,acs,acs
49049000205,156250.0,4500.0,1074.0,2022,acs,acs,acs
49049000205,164250.0,4382.0,1079.0,2023,acs,acs,acs
49049000205,167750.0,4162.0,1070.0,2024,acs,acs,acs
49049000206,97708.0,3763.0,973.0,2019,acs,acs,acs
49049000206,101833.0,3542.0,880.0,2020,acs,acs,acs
49049000206,113203.0,3513.0,873.0,2021,acs,acs,acs
49049000206,127833.0,3478.0,880.0,2022,acs,acs,acs
49049000206,134514.0,3344.0,885.0,2023,acs,acs,acs
49049000206,131779.0,3248.0,913.0,2024,acs,acs,acs
49049000207,85362.0,2496.0,704.0,2020,acs,acs,acs
49049000207,87623.0,2678.0,750.0,2021,acs,acs,acs
49049000207,95485.0,2846.0,793.0,2022,acs,acs,acs
49049000207,84179.0,3134.0,925.0,2023,acs,acs,acs
49049000207,87143.0,2841.0,920.0,2024,acs,acs,acs
49049000208,75231.0,4689.0,1295.0,2020,acs,acs,acs
49049000208,77500.0,4599.0,1270.0,2021,acs,acs,acs
49049000208,81844.0,4583.0,1282.0,2022,acs,acs,acs
49049000208,86618.0,4418.0,1246.0,2023,acs,acs,acs
49049000208,92350.0,4382.0,1229.0,2024,acs,acs,acs
49049000400,62306.0,4193.0,1346.0,2019,acs,acs,acs
49049000400,63214.0,4377.0,1552.0,2020,acs,acs,acs
49049000400,67159.0,5122.0,1801.0,2021,acs,acs,acs
49049000400,77581.0,6178.0,2113.0,2022,acs,acs,acs
49049000400,78229.0,6873.0,2376.0,2023,acs,acs,acs
49049000400,87532.0,7361.0,2504.0,2024,acs,acs,acs
49049000504,73256.0,4566.0,1348.0,2019,acs,acs,acs
49049000504,73466.0,4319.0,1351.0,2020,acs,acs,acs
49049000504,66645.0,4212.0,1362.0,2021,acs,acs,acs
49049000504,72163.0,4243.0,1353.0,2022,acs,acs,acs
49049000504,80156.0,4353.0,1397.0,2023,acs,acs,acs
49049000504,88214.0,4120.0,1354.0,2024,acs,acs,acs
49049000505,97813.0,3293.0,853.0,2019,acs,acs,acs
49049000505,81761.0,3404.0,1039.0,2020,acs,acs,acs
49049000505,98448.0,3129.0,924.0,2021,acs,acs,acs
49049000505,120536.0,3278.0,920.0,2022,acs,acs,acs
49049000505,125648.0,3352.0,918.0,2023,acs,acs,acs
49049000505,130188.0,3313.0,900.0,2024,acs,acs,acs
49049000506,67011.0,4835.0,1297.0,2019,acs,acs,acs
49049000506,83875.0,3927.0,1170.0,2020,acs,acs,acs
49049000506,92716.0,3913.0,1222.0,2021,acs,acs,acs
49049000506,101481.0,3884.0,1215.0,2022,acs,acs,acs
49049000506,106573.0,4098.0,1281.0,2023,acs,acs,acs
49049000506,124609.0,4039.0,1195.0,2024,acs,acs,acs
49049000507,89598.0,2498.0,633.0,2019,acs,acs,acs
49049000507,88561.0,2442.0,694.0,2020,acs,acs,acs
49049000507,77167.0,2337.0,678.0,2021,acs,acs,acs
49049000507,101429.0,2275.0,666.0,2022,acs,acs,acs
49049000507,108018.0,2166.0,683.0,2023,acs,acs,acs
49049000507,121875.0,2097.0,667.0,2024,acs,acs,acs
49049000508,56535.0,5286.0,1646.0,2019,acs,acs,acs
49049000508,64239.0,5108.0,1580.0,2020,acs,acs,acs
49049000508,74078.0,5331.0,1553.0,2021,acs,acs,acs
49049000508,90546.0,5462.0,1586.0,2022,acs,acs,acs
49049000508,92562.0,5478.0,1612.0,2023,acs,acs,acs
49049000508,95348.0,5400.0,1558.0,2024,acs,acs,acs
49049000509,55588.0,7494.0,3311.0,2019,acs,acs,acs
49049000510,64091.0,4081.0,1688.0,2020,acs,acs,acs
49049000510,67223.0,4354.0,1665.0,2021,acs,acs,acs
49049000510,73961.0,4430.0,1722.0,2022,acs,acs,acs
49049000510,77867.0,4804.0,1835.0,2023,acs,acs,acs
49049000510,83607.0,4744.0,1721.0,2024,acs,acs,acs
49049000511,44145.0,4529.0,1803.0,2020,acs,acs,acs
49049000511,47731.0,4560.0,1842.0,2021,acs,acs,acs
49049000511,57589.0,4431.0,1889.0,2022,acs,acs,acs
49049000511,68908.0,4304.0,1810.0,2023,acs,acs,acs
49049000511,69070.0,5198.0,1862.0,2024,acs,acs,acs
49049000601,73542.0,3580.0,1015.0,2019,acs,acs,acs
49049000601,72148.0,3735.0,1087.0,2020,acs,acs,acs
49049000601,67329.0,3697.0,1152.0,2021,acs,acs,acs
49049000601,73464.0,4011.0,1259.0,2022,acs,acs,acs
49049000601,79625.0,4146.0,1338.0,2023,acs,acs,acs
49049000601,86250.0,4534.0,1401.0,2024,acs,acs,acs
49049000603,82273.0,4253.0,1134.0,2019,acs,acs,acs
49049000603,89243.0,4525.0,1117.0,2020,acs,acs,acs
49049000603,97734.0,4776.0,1137.0,2021,acs,acs,acs
49049000603,102895.0,4638.0,1134.0,2022,acs,acs,acs
49049000603,97112.0,4673.0,1167.0,2023,acs,acs,acs
49049000603,110000.0,4615.0,1202.0,2024,acs,acs,acs
49049000604,138625.0,3157.0,783.0,2019,acs,acs,acs
49049000604,144000.0,2947.0,764.0,2020,acs,acs,acs
49049000604,152083.0,2999.0,780.0,2021,acs,acs,acs
49049000604,157708.0,2922.0,786.0,2022,acs,acs,acs
49049000604,159375.0,2907.0,826.0,2023,acs,acs,acs
49049000604,158000.0,2774.0,826.0,2024,acs,acs,acs
49049000703,55064.0,5826.0,1860.0,2019,acs,acs,acs
49049000703,58286.0,5607.0,1761.0,2020,acs,acs,acs
49049000703,64083.0,5510.0,1787.0,2021,acs,acs,acs
49049000703,69202.0,5533.0,1850.0,2022,acs,acs,acs
49049000703,71234.0,5564.0,1990.0,2023,acs,acs,acs
49049000703,72604.0,4950.0,1839.0,2024,acs,acs,acs
49049000706,65732.0,6271.0,2082.0,2019,acs,acs,acs
49049000706,68079.0,7057.0,2131.0,2020,acs,acs,acs
49049000706,70472.0,7016.0,2172.0,2021,acs,acs,acs
49049000706,81809.0,6890.0,2198.0,2022,acs,acs,acs
49049000706,81851.0,6919.0,2184.0,2023,acs,acs,acs
49049000706,84011.0,6939.0,2246.0,2024,acs,acs,acs
49049000707,82009.0,4009.0,1031.0,2019,acs,acs,acs
49049000707,79570.0,4303.0,1085.0,2020,acs,acs,acs
49049000707,84646.0,4220.0,1071.0,2021,acs,acs,acs
49049000707,91948.0,4256.0,1107.0,2022,acs,acs,acs
49049000707,97402.0,4110.0,1110.0,2023,acs,acs,acs
49049000707,97531.0,4178.0,1129.0,2024,acs,acs,acs
49049000708,96550.0,3213.0,759.0,2019,acs,acs,acs
49049000708,106635.0,3350.0,789.0,2020,acs,acs,acs
49049000708,117610.0,3308.0,779.0,2021,acs,acs,acs
49049000708,114300.0,3116.0,772.0,2022,acs,acs,acs
49049000708,119276.0,3061.0,777.0,2023,acs,acs,acs
49049000708,121230.0,2877.0,771.0,2024,acs,acs,acs
49049000709,90924.0,3373.0,877.0,2019,acs,acs,acs
49049000709,85441.0,3097.0,864.0,2020,acs,acs,acs
49049000709,89643.0,3055.0,922.0,2021,acs,acs,acs
49049000709,94792.0,3027.0,927.0,2022,acs,acs,acs
49049000709,103472.0,2933.0,947.0,2023,acs,acs,acs
49049000709,105556.0,2977.0,952.0,2024,acs,acs,acs
49049000710,118897.0,2810.0,771.0,2019,acs,acs,acs
49049000710,133500.0,2615.0,732.0,2020,acs,acs,acs
49049000710,129063.0,2548.0,709.0,2021,acs,acs,acs
49049000710,140833.0,2648.0,712.0,2022,acs,acs,acs
49049000710,148241.0,2607.0,718.0,2023,acs,acs,acs
49049000710,154632.0,2518.0,705.0,2024,acs,acs,acs
49049000711,119500.0,2379.0,576.0,2019,acs,acs,acs
49049000711,117308.0,2195.0,550.0,2020,acs,acs,acs
49049000711,123875.0,2140.0,539.0,2021,acs,acs,acs
49049000711,130673.0,2161.0,519.0,2022,acs,acs,acs
49049000711,143462.0,2100.0,522.0,2023,acs,acs,acs
49049000711,137014.0,2190.0,559.0,2024,acs,acs,acs
49049000801,52111.0,6308.0,1856.0,2019,acs,acs,acs
49049000801,54654.0,6153.0,1795.0,2020,acs,acs,acs
49049000801,57024.0,5701.0,1692.0,2021,acs,acs,acs
49049000801,62273.0,5583.0,1708.0,2022,acs,acs,acs
49049000801,69423.0,5344.0,1634.0,2023,acs,acs,acs
49049000801,70145.0,5433.0,1671.0,2024,acs,acs,acs
49049000802,51059.0,5970.0,1980.0,2019,acs,acs,acs
49049000803,65233.0,2923.0,850.0,2020,acs,acs,acs
49049000803,70391.0,2862.0,819.0,2021,acs,acs,acs
49049000803,76250.0,2799.0,817.0,2022,acs,acs,acs
49049000803,82875.0,3054.0,812.0,2023,acs,acs,acs
49049000803,86927.0,2877.0,771.0,2024,acs,acs,acs
49049000804,48646.0,3180.0,1188.0,2020,acs,acs,acs
49049000804,52611.0,2930.0,1112.0,2021,acs,acs,acs
49049000804,57375.0,2871.0,1135.0,2022,acs,acs,acs
49049000804,61397.0,2958.0,1118.0,2023,acs,acs,acs
49049000804,64583.0,2850.0,1133.0,2024,acs,acs,acs
49049000901,47349.0,5811.0,1965.0,2019,acs,acs,acs
49049000901,48272.0,5434.0,1961.0,2020,acs,acs,acs
49049000901,56611.0,5218.0,1932.0,2021,acs,acs,acs
49049000901,63607.0,5325.0,1893.0,2022,acs,acs,acs
49049000901,68021.0,5338.0,1866.0,2023,acs,acs,acs
49049000901,71078.0,5373.0,1916.0,2024,acs,acs,acs
49049000903,87981.0,3688.0,979.0,2019,acs,acs,acs
49049000903,78333.0,3483.0,968.0,2020,acs,acs,acs
49049000903,97976.0,3651.0,970.0,2021,acs,acs,acs
49049000903,109375.0,3439.0,965.0,2022,acs,acs,acs
49049000903,111563.0,3433.0,967.0,2023,acs,acs,acs
49049000903,114375.0,3320.0,949.0,2024,acs,acs,acs
49049000904,78542.0,3071.0,931.0,2019,acs,acs,acs
49049000904,79135.0,3342.0,949.0,2020,acs,acs,acs
49049000904,85185.0,3351.0,940.0,2021,acs,acs,acs
49049000904,95809.0,3347.0,953.0,2022,acs,acs,acs
49049000904,106492.0,3317.0,945.0,2023,acs,acs,acs
49049000904,112000.0,3393.0,946.0,2024,acs,acs,acs
49049001001,73523.0,3884.0,1202.0,2019,acs,acs,acs
49049001001,72644.0,3733.0,1163.0,2020,acs,acs,acs
49049001001,79318.0,3525.0,1140.0,2021,acs,acs,acs
49049001001,94132.0,3616.0,1112.0,2022,acs,acs,acs
49049001001,96818.0,3317.0,1088.0,2023,acs,acs,acs
49049001001,100913.0,3344.0,1063.0,2024,acs,acs,acs
49049001002,78375.0,2747.0,845.0,2019,acs,acs,acs
49049001002,85893.0,3091.0,1154.0,2020,acs,acs,acs
49049001002,83542.0,3151.0,1030.0,2021,acs,acs,acs
49049001002,92396.0,3130.0,1043.0,2022,acs,acs,acs
49049001002,95667.0,3099.0,1072.0,2023,acs,acs,acs
49049001002,88508.0,3254.0,1115.0,2024,acs,acs,acs
49049001103,64167.0,2719.0,836.0,2019,acs,acs,acs
49049001103,70735.0,2355.0,714.0,2020,acs,acs,acs
49049001103,77188.0,2263.0,646.0,2021,acs,acs,acs
49049001103,79875.0,2391.0,683.0,2022,acs,acs,acs
49049001103,83214.0,2903.0,850.0,2023,acs,acs,acs
49049001103,75114.0,3074.0,901.0,2024,acs,acs,acs
49049001105,66000.0,3509.0,946.0,2019,acs,acs,acs
49049001105,75982.0,3804.0,922.0,2020,acs,acs,acs
49049001105,87721.0,4270.0,952.0,2021,acs,acs,acs
49049001105,97331.0,4184.0,959.0,2022,acs,acs,acs
49049001105,98713.0,3819.0,973.0,2023,acs,acs,acs
49049001105,100774.0,3896.0,1055.0,2024,acs,acs,acs
49049001106,68947.0,3025.0,966.0,2019,acs,acs,acs
49049001106,67326.0,2927.0,906.0,2020,acs,acs,acs
49049001106,68361.0,2960.0,879.0,2021,acs,acs,acs
49049001106,73859.0,3027.0,875.0,2022,acs,acs,acs
49049001106,83125.0,3045.0,907.0,2023,acs,acs,acs
49049001106,84167.0,3027.0,900.0,2024,acs,acs,acs
49049001107,59543.0,4156.0,1222.0,2019,acs,acs,acs
49049001107,70820.0,4136.0,1179.0,2020,acs,acs,acs
49049001107,76125.0,3944.0,1183.0,2021,acs,acs,acs
49049001107,92663.0,4072.0,1183.0,2022,acs,acs,acs
49049001107,93836.0,3966.0,1229.0,2023,acs,acs,acs
49049001107,103333.0,3963.0,1230.0,2024,acs,acs,acs
49049001108,42994.0,3824.0,1420.0,2019,acs,acs,acs
49049001108,37477.0,3881.0,1639.0,2020,acs,acs,acs
49049001108,43179.0,3888.0,1594.0,2021,acs,acs,acs
49049001108,47333.0,4058.0,1690.0,2022,acs,acs,acs
49049001108,55213.0,4068.0,1667.0,2023,acs,acs,acs
49049001108,53815.0,3911.0,1667.0,2024,acs,acs,acs
49049001201,71281.0,4076.0,1241.0,2019,acs,acs,acs
49049001201,71458.0,5245.0,1690.0,2020,acs,acs,acs
49049001201,70319.0,5555.0,1805.0,2021,acs,acs,acs
49049001201,73730.0,5663.0,1942.0,2022,acs,acs,acs
49049001201,79017.0,5939.0,1997.0,2023,acs,acs,acs
49049001201,80324.0,5945.0,2054.0,2024,acs,acs,acs
49049001202,49360.0,5960.0,1850.0,2019,acs,acs,acs
49049001202,47240.0,5427.0,1805.0,2020,acs,acs,acs
49049001202,57740.0,5564.0,1832.0,2021,acs,acs,acs
49049001202,63266.0,5207.0,1767.0,2022,acs,acs,acs
49049001202,64515.0,5291.0,1791.0,2023,acs,acs,acs
49049001202,75846.0,5028.0,1781.0,2024,acs,acs,acs
49049001300,66797.0,3851.0,1222.0,2019,acs,acs,acs
49049001300,70531.0,4114.0,1349.0,2020,acs,acs,acs
49049001300,69831.0,3805.0,1255.0,2021,acs,acs,acs
49049001300,73670.0,3645.0,1262.0,2022,acs,acs,acs
49049001300,77675.0,3628.0,1266.0,2023,acs,acs,acs
49049001300,63897.0,3542.0,1321.0,2024,acs,acs,acs
49049001401,91797.0,3251.0,861.0,2019,acs,acs,acs
49049001401,86681.0,2937.0,789.0,2020,acs,acs,acs
49049001401,100927.0,2945.0,781.0,2021,acs,acs,acs
49049001401,98125.0,3197.0,849.0,2022,acs,acs,acs
49049001401,103092.0,3317.0,967.0,2023,acs,acs,acs
49049001401,102995.0,3658.0,1085.0,2024,acs,acs,acs
49049001402,51085.0,6832.0,1823.0,2019,acs,acs,acs
49049001403,40871.0,2525.0,594.0,2020,acs,acs,acs
49049001403,43813.0,2419.0,547.0,2021,acs,acs,acs
49049001403,49375.0,2444.0,596.0,2022,acs,acs,acs
49049001403,49803.0,2148.0,597.0,2023,acs,acs,acs
49049001403,52398.0,2301.0,667.0,2024,acs,acs,acs
49049001404,55491.0,4466.0,1279.0,2020,acs,acs,acs
49049001404,53422.0,4206.0,1273.0,2021,acs,acs,acs
49049001404,59418.0,4347.0,1292.0,2022,acs,acs,acs
49049001404,65543.0,4231.0,1322.0,2023,acs,acs,acs
49049001404,67789.0,4083.0,1260.0,2024,acs,acs,acs
49049001501,86250.0,4056.0,1243.0,2019,acs,acs,acs
49049001501,86935.0,3611.0,1247.0,2020,acs,acs,acs
49049001501,90919.0,3735.0,1206.0,2021,acs,acs,acs
49049001501,97894.0,3686.0,1175.0,2022,acs,acs,acs
49049001501,112500.0,3722.0,1172.0,2023,acs,acs,acs
49049001501,122226.0,3777.0,1157.0,2024,acs,acs,acs
49049001503,94760.0,3984.0,1223.0,2019,acs,acs,acs
49049001503,87969.0,4235.0,1292.0,2020,acs,acs,acs
49049001503,90640.0,4001.0,1225.0,2021,acs,acs,acs
49049001503,97569.0,3930.0,1186.0,2022,acs,acs,acs
49049001503,112031.0,3892.0,1169.0,2023,acs,acs,acs
49049001503,104769.0,3662.0,1105.0,2024,acs,acs,acs
49049001504,71094.0,4887.0,1332.0,2019,acs,acs,acs
49049001504,78125.0,4588.0,1217.0,2020,acs,acs,acs
49049001504,87464.0,4245.0,1147.0,2021,acs,acs,acs
49049001504,101250.0,3945.0,1083.0,2022,acs,acs,acs
49049001504,110217.0,3799.0,1078.0,2023,acs,acs,acs
49049001504,129531.0,4311.0,1193.0,2024,acs,acs,acs
49049001601,28125.0,4225.0,832.0,2019,acs,acs,acs
49049001601,26643.0,4509.0,848.0,2020,acs,acs,acs
49049001601,29775.0,4506.0,811.0,2021,acs,acs,acs
49049001601,32903.0,5137.0,947.0,2022,acs,acs,acs
49049001601,34792.0,4960.0,1007.0,2023,acs,acs,acs
49049001601,41225.0,4880.0,1071.0,2024,acs,acs,acs
49049001602,43750.0,2481.0,87.0,2019,acs,acs,acs
49049001602,33056.0,3414.0,230.0,2020,acs,acs,acs
49049001602,38011.0,3172.0,199.0,2021,acs,acs,acs
49049001602,50357.0,3661.0,166.0,2022,acs,acs,acs
49049001602,43641.0,4135.0,163.0,2023,acs,acs,acs
49049001602,43125.0,4824.0,185.0,2024,acs,acs,acs
49049001603,20588.0,3790.0,830.0,2019,acs,acs,acs
49049001701,55729.0,4038.0,1189.0,2019,acs,acs,acs
49049001701,57548.0,4212.0,1299.0,2020,acs,acs,acs
49049001701,55653.0,4005.0,1309.0,2021,acs,acs,acs
49049001701,75338.0,3946.0,1218.0,2022,acs,acs,acs
49049001701,84762.0,3836.0,1196.0,2023,acs,acs,acs
49049001701,85385.0,3661.0,1178.0,2024,acs,acs,acs
49049001702,38750.0,4917.0,1218.0,2019,acs,acs,acs
49049001702,39256.0,4533.0,1099.0,2020,acs,acs,acs
49049001702,45330.0,4318.0,1028.0,2021,acs,acs,acs
49049001702,46546.0,4665.0,1101.0,2022,acs,acs,acs
49049001702,49415.0,4353.0,1072.0,2023,acs,acs,acs
49049001702,68681.0,4274.0,1094.0,2024,acs,acs,acs
49049001801,28429.0,6508.0,1809.0,2019,acs,acs,acs
49049001801,29059.0,7228.0,1930.0,2020,acs,acs,acs
49049001801,31613.0,7042.0,1929.0,2021,acs,acs,acs
49049001801,33891.0,7032.0,2015.0,2022,acs,acs,acs
49049001801,36677.0,6931.0,2051.0,2023,acs,acs,acs
49049001801,39360.0,6873.0,1914.0,2024,acs,acs,acs
49049001802,30150.0,7995.0,2059.0,2019,acs,acs,acs
49049001802,38003.0,8128.0,1967.0,2020,acs,acs,acs
49049001802,41929.0,7852.0,1906.0,2021,acs,acs,acs
49049001802,44120.0,8218.0,1994.0,2022,acs,acs,acs
49049001802,51420.0,7923.0,2036.0,2023,acs,acs,acs
49049001802,45932.0,8076.0,2188.0,2024,acs,acs,acs
49049001803,27330.0,2234.0,866.0,2019,acs,acs,acs
49049001803,31096.0,2007.0,774.0,2020,acs,acs,acs
49049001803,33880.0,1814.0,713.0,2021,acs,acs,acs
49049001803,39965.0,1903.0,759.0,2022,acs,acs,acs
49049001803,40060.0,1912.0,784.0,2023,acs,acs,acs
49049001803,43665.0,1902.0,767.0,2024,acs,acs,acs
49049001900,28739.0,3828.0,1395.0,2019,acs,acs,acs
49049001900,29728.0,3711.0,1425.0,2020,acs,acs,acs
49049001900,30762.0,3636.0,1401.0,2021,acs,acs,acs
49049001900,36831.0,3784.0,1454.0,2022,acs,acs,acs
49049001900,38642.0,3699.0,1499.0,2023,acs,acs,acs
49049001900,40529.0,3840.0,1523.0,2024,acs,acs,acs
49049002000,49325.0,7126.0,2312.0,2019,acs,acs,acs
49049002001,48049.0,4115.0,1286.0,2020,acs,acs,acs
49049002001,38333.0,3568.0,1256.0,2021,acs,acs,acs
49049002001,41370.0,3544.0,1247.0,2022,acs,acs,acs
49049002001,47206.0,3380.0,1266.0,2023,acs,acs,acs
49049002001,50128.0,3245.0,1191.0,2024,acs,acs,acs
49049002002,41697.0,2931.0,997.0,2020,acs,acs,acs
49049002002,54453.0,3021.0,995.0,2021,acs,acs,acs
49049002002,57358.0,2827.0,941.0,2022,acs,acs,acs
49049002002,72886.0,3028.0,933.0,2023,acs,acs,acs
49049002002,65938.0,2968.0,935.0,2024,acs,acs,acs
49049002101,80556.0,3855.0,1238.0,2019,acs,acs,acs
49049002101,81184.0,3796.0,1180.0,2020,acs,acs,acs
49049002101,81321.0,3779.0,1123.0,2021,acs,acs,acs
49049002101,90328.0,3756.0,1105.0,2022,acs,acs,acs
49049002101,93409.0,3791.0,1184.0,2023,acs,acs,acs
49049002101,98500.0,3740.0,1132.0,2024,acs,acs,acs
49049002102,58995.0,2861.0,845.0,2019,acs,acs,acs
49049002102,65486.0,2775.0,817.0,2020,acs,acs,acs
49049002102,77917.0,2914.0,847.0,2021,acs,acs,acs
49049002102,88257.0,3002.0,821.0,2022,acs,acs,acs
49049002102,90459.0,3091.0,878.0,2023,acs,acs,acs
49049002102,86406.0,3041.0,889.0,2024,acs,acs,acs
49049002201,81181.0,13301.0,3633.0,2019,acs,acs,acs
49049002204,76250.0,3692.0,1075.0,2019,acs,acs,acs
49049002204,73281.0,3466.0,1070.0,2020,acs,acs,acs
49049002204,76591.0,3465.0,1076.0,2021,acs,acs,acs
49049002204,90313.0,3600.0,1071.0,2022,acs,acs,acs
49049002204,105260.0,3841.0,1141.0,2023,acs,acs,acs
49049002204,116672.0,4286.0,1179.0,2024,acs,acs,acs
49049002205,61281.0,4345.0,1259.0,2019,acs,acs,acs
49049002205,63043.0,4234.0,1320.0,2020,acs,acs,acs
49049002205,66694.0,4431.0,1258.0,2021,acs,acs,acs
49049002205,69850.0,4200.0,1206.0,2022,acs,acs,acs
49049002205,82586.0,4466.0,1272.0,2023,acs,acs,acs
49049002205,75969.0,4235.0,1219.0,2024,acs,acs,acs
49049002206,69231.0,3430.0,958.0,2019,acs,acs,acs
49049002206,73750.0,3485.0,1044.0,2020,acs,acs,acs
49049002206,70556.0,3425.0,1052.0,2021,acs,acs,acs
49049002206,80625.0,3157.0,1019.0,2022,acs,acs,acs
49049002206,87109.0,3250.0,1051.0,2023,acs,acs,acs
49049002206,97366.0,3140.0,1011.0,2024,acs,acs,acs
49049002207,65581.0,3620.0,894.0,2019,acs,acs,acs
49049002208,95580.0,3281.0,963.0,2020,acs,acs,acs
49049002208,100787.0,4860.0,1407.0,2021,acs,acs,acs
49049002208,109224.0,6137.0,1752.0,2022,acs,acs,acs
49049002208,116780.0,6886.0,2011.0,2023,acs,acs,acs
49049002208,125208.0,7615.0,2225.0,2024,acs,acs,acs
49049002209,55670.0,3540.0,1380.0,2020,acs,acs,acs
49049002209,57357.0,4468.0,1786.0,2021,acs,acs,acs
49049002209,61875.0,4606.0,1875.0,2022,acs,acs,acs
49049002209,59583.0,4649.0,1934.0,2023,acs,acs,acs
49049002209,63933.0,4685.0,2011.0,2024,acs,acs,acs
49049002210,58934.0,1778.0,373.0,2020,acs,acs,acs
49049002210,57361.0,2036.0,531.0,2021,acs,acs,acs
49049002210,62580.0,2295.0,701.0,2022,acs,acs,acs
49049002210,59450.0,2215.0,661.0,2023,acs,acs,acs
49049002210,46473.0,2398.0,878.0,2024,acs,acs,acs
49049002211,42330.0,1561.0,536.0,2020,acs,acs,acs
49049002211,52604.0,1617.0,518.0,2021,acs,acs,acs
49049002211,58781.0,1709.0,533.0,2022,acs,acs,acs
49049002211,62357.0,1957.0,584.0,2023,acs,acs,acs
49049002211,65083.0,2167.0,677.0,2024,acs,acs,acs
49049002212,102868.0,4893.0,1233.0,2020,acs,acs,acs
49049002212,104514.0,4939.0,1255.0,2021,acs,acs,acs
49049002212,115592.0,5049.0,1379.0,2022,acs,acs,acs
49049002212,131429.0,5102.0,1392.0,2023,acs,acs,acs
49049002212,130326.0,5968.0,1572.0,2024,acs,acs,acs
49049002213,72404.0,3640.0,927.0,2020,acs,acs,acs
49049002213,83750.0,3471.0,945.0,2021,acs,acs,acs
49049002213,104554.0,3372.0,951.0,2022,acs,acs,acs
49049002213,108203.0,3644.0,981.0,2023,acs,acs,acs
49049002213,143971.0,3673.0,974.0,2024,acs,acs,acs
49049002300,53819.0,3821.0,1252.0,2019,acs,acs,acs
49049002300,57591.0,3787.0,1295.0,2020,acs,acs,acs
49049002300,64519.0,3618.0,1252.0,2021,acs,acs,acs
49049002300,68424.0,3714.0,1227.0,2022,acs,acs,acs
49049002300,66250.0,3753.0,1271.0,2023,acs,acs,acs
49049002300,65079.0,3813.0,1220.0,2024,acs,acs,acs
49049002400,40052.0,1667.0,688.0,2019,acs,acs,acs
49049002400,36750.0,2072.0,889.0,2020,acs,acs,acs
49049002400,40549.0,2205.0,976.0,2021,acs,acs,acs
49049002400,42862.0,2363.0,1079.0,2022,acs,acs,acs
49049002400,43382.0,2442.0,1152.0,2023,acs,acs,acs
49049002400,42431.0,2177.0,1093.0,2024,acs,acs,acs
49049002500,34051.0,4732.0,1745.0,2019,acs,acs,acs
49049002500,39583.0,4744.0,1764.0,2020,acs,acs,acs
49049002500,52582.0,4620.0,1753.0,2021,acs,acs,acs
49049002500,58410.0,4524.0,1739.0,2022,acs,acs,acs
49049002500,54107.0,4548.0,1804.0,2023,acs,acs,acs
49049002500,54944.0,4120.0,1674.0,2024,acs,acs,acs
49049002701,48869.0,2885.0,797.0,2019,acs,acs,acs
49049002702,76199.0,5408.0,1439.0,2019,acs,acs,acs
49049002702,76000.0,5297.0,1422.0,2020,acs,acs,acs
49049002702,82930.0,5375.0,1469.0,2021,acs,acs,acs
49049002702,91078.0,5271.0,1476.0,2022,acs,acs,acs
49049002702,88056.0,5244.0,1602.0,2023,acs,acs,acs
49049002702,87220.0,5222.0,1541.0,2024,acs,acs,acs
49049002703,55673.0,2643.0,793.0,2020,acs,acs,acs
49049002703,58393.0,2610.0,751.0,2021,acs,acs,acs
49049002703,70417.0,2665.0,804.0,2022,acs,acs,acs
49049002703,75417.0,2646.0,785.0,2023,acs,acs,acs
49049002703,71167.0,2513.0,792.0,2024,acs,acs,acs
49049002801,40380.0,4359.0,1319.0,2019,acs,acs,acs
49049002802,37500.0,1713.0,502.0,2019,acs,acs,acs
49049002901,72300.0,7379.0,1956.0,2019,acs,acs,acs
49049002901,73304.0,7470.0,1975.0,2020,acs,acs,acs
49049002901,78405.0,8042.0,2140.0,2021,acs,acs,acs
49049002901,90839.0,8522.0,2308.0,2022,acs,acs,acs
49049002901,95338.0,8885.0,2454.0,2023,acs,acs,acs
49049002901,95142.0,9492.0,2665.0,2024,acs,acs,acs
49049002902,54145.0,3946.0,1061.0,2019,acs,acs,acs
49049002902,54969.0,3728.0,1023.0,2020,acs,acs,acs
49049002902,50625.0,3619.0,1087.0,2021,acs,acs,acs
49049002902,53040.0,3690.0,1143.0,2022,acs,acs,acs
49049002902,75259.0,3823.0,1190.0,2023,acs,acs,acs
49049002902,70104.0,3932.0,1284.0,2024,acs,acs,acs
49049003001,69925.0,4321.0,1265.0,2019,acs,acs,acs
49049003001,75139.0,4311.0,1279.0,2020,acs,acs,acs
49049003001,79833.0,4449.0,1354.0,2021,acs,acs,acs
49049003001,90625.0,4651.0,1468.0,2022,acs,acs,acs
49049003001,100238.0,4621.0,1408.0,2023,acs,acs,acs
49049003001,104199.0,4653.0,1403.0,2024,acs,acs,acs
49049003002,71652.0,2034.0,611.0,2019,acs,acs,acs
49049003002,75708.0,2048.0,585.0,2020,acs,acs,acs
49049003002,81576.0,2111.0,617.0,2021,acs,acs,acs
49049003002,85536.0,2180.0,659.0,2022,acs,acs,acs
49049003002,90529.0,2323.0,671.0,2023,acs,acs,acs
49049003002,89250.0,2208.0,675.0,2024,acs,acs,acs
49049003103,75868.0,2624.0,743.0,2019,acs,acs,acs
49049003103,58063.0,2936.0,883.0,2020,acs,acs,acs
49049003103,80125.0,3013.0,848.0,2021,acs,acs,acs
49049003103,82500.0,3044.0,890.0,2022,acs,acs,acs
49049003103,87292.0,2971.0,889.0,2023,acs,acs,acs
49049003103,86548.0,3042.0,898.0,2024,acs,acs,acs
49049003104,113781.0,3790.0,949.0,2019,acs,acs,acs
49049003104,113056.0,3608.0,904.0,2020,acs,acs,acs
49049003104,119904.0,3881.0,965.0,2021,acs,acs,acs
49049003104,131313.0,3982.0,1009.0,2022,acs,acs,acs
49049003104,128488.0,3958.0,1046.0,2023,acs,acs,acs
49049003104,123681.0,3890.0,1111.0,2024,acs,acs,acs
49049003105,51292.0,3645.0,1251.0,2019,acs,acs,acs
49049003105,51750.0,3694.0,1147.0,2020,acs,acs,acs
49049003105,61607.0,3643.0,1249.0,2021,acs,acs,acs
49049003105,59732.0,3906.0,1305.0,2022,acs,acs,acs
49049003105,63813.0,3767.0,1353.0,2023,acs,acs,acs
49049003105,66228.0,3935.0,1429.0,2024,acs,acs,acs
49049003106,62639.0,2927.0,793.0,2019,acs,acs,acs
49049003106,68182.0,2578.0,744.0,2020,acs,acs,acs
49049003106,67171.0,2760.0,737.0,2021,acs,acs,acs
49049003106,80250.0,2715.0,747.0,2022,acs,acs,acs
49049003106,76629.0,2786.0,755.0,2023,acs,acs,acs
49049003106,82188.0,2808.0,781.0,2024,acs,acs,acs
49049003201,51797.0,2810.0,818.0,2019,acs,acs,acs
49049003201,57031.0,2592.0,785.0,2020,acs,acs,acs
49049003201,67679.0,2646.0,834.0,2021,acs,acs,acs
49049003201,78013.0,2531.0,890.0,2022,acs,acs,acs
49049003201,73482.0,2229.0,883.0,2023,acs,acs,acs
49049003201,77006.0,2111.0,903.0,2024,acs,acs,acs
49049003203,92500.0,3659.0,1036.0,2019,acs,acs,acs
49049003203,107609.0,3520.0,950.0,2020,acs,acs,acs
49049003203,114792.0,3567.0,1022.0,2021,acs,acs,acs
49049003203,121094.0,3640.0,1047.0,2022,acs,acs,acs
49049003203,135644.0,3707.0,1021.0,2023,acs,acs,acs
49049003203,138906.0,4060.0,1105.0,2024,acs,acs,acs
49049003204,52311.0,2645.0,887.0,2019,acs,acs,acs
49049003204,55227.0,2770.0,870.0,2020,acs,acs,acs
49049003204,59635.0,2787.0,891.0,2021,acs,acs,acs
49049003204,67639.0,2877.0,919.0,2022,acs,acs,acs
49049003204,75669.0,2867.0,902.0,2023,acs,acs,acs
49049003204,86250.0,2944.0,920.0,2024,acs,acs,acs
49049003205,68131.0,4095.0,1061.0,2019,acs,acs,acs
49049003205,69580.0,4360.0,1229.0,2020,acs,acs,acs
49049003205,78625.0,4617.0,1239.0,2021,acs,acs,acs
49049003205,104904.0,4467.0,1212.0,2022,acs,acs,acs
49049003205,108396.0,4359.0,1242.0,2023,acs,acs,acs
49049003205,111410.0,4346.0,1272.0,2024,acs,acs,acs
49049003300,70379.0,6374.0,1842.0,2019,acs,acs,acs
49049003301,71625.0,3789.0,1051.0,2020,acs,acs,acs
49049003301,83520.0,3898.0,1116.0,2021,acs,acs,acs
49049003301,91582.0,3990.0,1146.0,2022,acs,acs,acs
49049003301,98158.0,3884.0,1154.0,2023,acs,acs,acs
49049003301,96823.0,3773.0,1127.0,2024,acs,acs,acs
49049003302,72727.0,2781.0,898.0,2020,acs,acs,acs
49049003302,75938.0,2957.0,970.0,2021,acs,acs,acs
49049003302,81765.0,3187.0,1006.0,2022,acs,acs,acs
49049003302,80543.0,3191.0,1008.0,2023,acs,acs,acs
49049003302,90303.0,3381.0,1050.0,2024,acs,acs,acs
49049003401,58307.0,3943.0,1077.0,2019,acs,acs,acs
49049003401,59106.0,4118.0,1165.0,2020,acs,acs,acs
49049003401,62207.0,4395.0,1244.0,2021,acs,acs,acs
49049003401,67411.0,4400.0,1279.0,2022,acs,acs,acs
49049003401,71298.0,4649.0,1338.0,2023,acs,acs,acs
49049003401,80320.0,5450.0,1588.0,2024,acs,acs,acs
49049003402,76605.0,6809.0,1857.0,2019,acs,acs,acs
49049003403,59787.0,4865.0,1441.0,2019,acs,acs,acs
49049003403,64861.0,4748.0,1465.0,2020,acs,acs,acs
49049003403,64574.0,4853.0,1473.0,2021,acs,acs,acs
49049003403,85458.0,5019.0,1531.0,2022,acs,acs,acs
49049003403,76023.0,4982.0,1675.0,2023,acs,acs,acs
49049003403,93958.0,4647.0,1537.0,2024,acs,acs,acs
49049003404,90028.0,2095.0,617.0,2020,acs,acs,acs
49049003404,94595.0,2343.0,660.0,2021,acs,acs,acs
49049003404,97311.0,2296.0,709.0,2022,acs,acs,acs
49049003404,101250.0,2508.0,792.0,2023,acs,acs,acs
49049003404,105446.0,2075.0,655.0,2024,acs,acs,acs
49049003405,80357.0,4700.0,1138.0,2020,acs,acs,acs
49049003405,88922.0,4521.0,1105.0,2021,acs,acs,acs
49049003405,96556.0,4561.0,1146.0,2022,acs,acs,acs
49049003405,98036.0,4848.0,1287.0,2023,acs,acs,acs
49049003405,102442.0,4721.0,1226.0,2024,acs,acs,acs
49049010103,73014.0,8551.0,2034.0,2019,acs,acs,acs
49049010104,83106.0,10983.0,2407.0,2019,acs,acs,acs
49049010105,87594.0,11689.0,2731.0,2019,acs,acs,acs
49049010106,96490.0,7312.0,1641.0,2019,acs,acs,acs
49049010107,102381.0,3299.0,768.0,2019,acs,acs,acs
49049010107,98527.0,3762.0,877.0,2020,acs,acs,acs
49049010107,110256.0,4758.0,1078.0,2021,acs,acs,acs
49049010107,123654.0,5142.0,1298.0,2022,acs,acs,acs
49049010107,132143.0,5777.0,1426.0,2023,acs,acs,acs
49049010107,129239.0,7439.0,1858.0,2024,acs,acs,acs
49049010108,87163.0,8475.0,2184.0,2019,acs,acs,acs
49049010109,98886.0,11539.0,3103.0,2019,acs,acs,acs
49049010110,102356.0,3153.0,723.0,2019,acs,acs,acs
49049010110,126923.0,3568.0,834.0,2020,acs,acs,acs
49049010110,129451.0,4544.0,1012.0,2021,acs,acs,acs
49049010110,138191.0,5175.0,1169.0,2022,acs,acs,acs
49049010110,145733.0,5495.0,1309.0,2023,acs,acs,acs
49049010110,153281.0,5783.0,1323.0,2024,acs,acs,acs
49049010111,89596.0,9478.0,2277.0,2019,acs,acs,acs
49049010112,93700.0,7668.0,1900.0,2019,acs,acs,acs
49049010113,108344.0,8347.0,1953.0,2019,acs,acs,acs
49049010114,79934.0,5690.0,1432.0,2020,acs,acs,acs
49049010114,86882.0,6527.0,1663.0,2021,acs,acs,acs
49049010114,94743.0,7740.0,1847.0,2022,acs,acs,acs
49049010114,100453.0,8086.0,1957.0,2023,acs,acs,acs
49049010114,105221.0,8743.0,2159.0,2024,acs,acs,acs
49049010115,77235.0,3305.0,878.0,2020,acs,acs,acs
49049010115,80439.0,3879.0,1056.0,2021,acs,acs,acs
49049010115,87952.0,4001.0,1145.0,2022,acs,acs,acs
49049010115,102831.0,3947.0,1101.0,2023,acs,acs,acs
49049010115,108906.0,4676.0,1269.0,2024,acs,acs,acs
49049010116,122047.0,5080.0,1251.0,2020,acs,acs,acs
49049010116,126199.0,6331.0,1520.0,2021,acs,acs,acs
49049010116,128854.0,6972.0,1699.0,2022,acs,acs,acs
49049010116,140466.0,7585.0,1899.0,2023,acs,acs,acs
49049010116,146097.0,7276.0,1912.0,2024,acs,acs,acs
49049010117,104051.0,3879.0,863.0,2020,acs,acs,acs
49049010117,106823.0,4603.0,1014.0,2021,acs,acs,acs
49049010117,118558.0,4468.0,1029.0,2022,acs,acs,acs
49049010117,128879.0,4656.0,1065.0,2023,acs,acs,acs
49049010117,133106.0,4233.0,958.0,2024,acs,acs,acs
49049010118,86660.0,4277.0,1139.0,2020,acs,acs,acs
49049010118,97125.0,5557.0,1442.0,2021,acs,acs,acs
49049010118,113516.0,6120.0,1629.0,2022,acs,acs,acs
49049010118,122361.0,6576.0,1795.0,2023,acs,acs,acs
49049010118,127074.0,6121.0,1683.0,2024,acs,acs,acs
49049010119,76630.0,2645.0,558.0,2020,acs,acs,acs
49049010119,106435.0,3216.0,629.0,2021,acs,acs,acs
49049010119,114837.0,3117.0,637.0,2022,acs,acs,acs
49049010119,86458.0,2972.0,641.0,2023,acs,acs,acs
49049010119,102880.0,2985.0,691.0,2024,acs,acs,acs
49049010120,87605.0,8355.0,1888.0,2020,acs,acs,acs
49049010120,91401.0,10215.0,2337.0,2021,acs,acs,acs
49049010120,102042.0,11078.0,2573.0,2022,acs,acs,acs
49049010120,106088.0,11550.0,2774.0,2023,acs,acs,acs
49049010120,117591.0,12610.0,2968.0,2024,acs,acs,acs
49049010121,105234.0,7439.0,1581.0,2020,acs,acs,acs
49049010121,99458.0,8991.0,2051.0,2021,acs,acs,acs
49049010121,101544.0,10611.0,2447.0,2022,acs,acs,acs
49049010121,105154.0,12466.0,2996.0,2023,acs,acs,acs
49049010121,121528.0,13474.0,3099.0,2024,acs,acs,acs
49049010122,90918.0,6887.0,1350.0,2020,acs,acs,acs
49049010122,96383.0,7989.0,1626.0,2021,acs,acs,acs
49049010122,104827.0,8522.0,1794.0,2022,acs,acs,acs
49049010122,119141.0,9256.0,1945.0,2023,acs,acs,acs
49049010122,128611.0,9847.0,2110.0,2024,acs,acs,acs
49049010123,99103.0,7372.0,1697.0,2020,acs,acs,acs
49049010123,103676.0,8715.0,1978.0,2021,acs,acs,acs
49049010123,116426.0,8957.0,1995.0,2022,acs,acs,acs
49049010123,122250.0,9554.0,2269.0,2023,acs,acs,acs
49049010123,125972.0,9755.0,2408.0,2024,acs,acs,acs
49049010124,134107.0,1484.0,540.0,2020,acs,acs,acs
49049010124,139028.0,2575.0,843.0,2021,acs,acs,acs
49049010124,133051.0,3568.0,1318.0,2022,acs,acs,acs
49049010124,127292.0,4965.0,1720.0,2023,acs,acs,acs
49049010124,123922.0,8295.0,2869.0,2024,acs,acs,acs
49049010125,76452.0,3160.0,838.0,2020,acs,acs,acs
49049010125,83589.0,3713.0,989.0,2021,acs,acs,acs
49049010125,92757.0,3768.0,1035.0,2022,acs,acs,acs
49049010125,96909.0,4010.0,1110.0,2023,acs,acs,acs
49049010125,102481.0,5120.0,1345.0,2024,acs,acs,acs
49049010126,108802.0,2893.0,647.0,2020,acs,acs,acs
49049010126,123906.0,2981.0,654.0,2021,acs,acs,acs
49049010126,136607.0,3001.0,681.0,2022,acs,acs,acs
49049010126,122750.0,2966.0,687.0,2023,acs,acs,acs
49049010126,121006.0,4334.0,1249.0,2024,acs,acs,acs
49049010127,93750.0,6257.0,1616.0,2020,acs,acs,acs
49049010127,103379.0,6677.0,1756.0,2021,acs,acs,acs
49049010127,113097.0,6998.0,1861.0,2022,acs,acs,acs
49049010127,129138.0,7206.0,1974.0,2023,acs,acs,acs
49049010127,128456.0,7260.0,1977.0,2024,acs,acs,acs
49049010128,78824.0,3983.0,1046.0,2020,acs,acs,acs
49049010128,92021.0,4112.0,1112.0,2021,acs,acs,acs
49049010128,107799.0,4157.0,1157.0,2022,acs,acs,acs
49049010128,107000.0,4497.0,1232.0,2023,acs,acs,acs
49049010128,121250.0,4240.0,1121.0,2024,acs,acs,acs
49049010129,101019.0,4318.0,1067.0,2020,acs,acs,acs
49049010129,105721.0,4758.0,1175.0,2021,acs,acs,acs
49049010129,118750.0,5167.0,1342.0,2022,acs,acs,acs
49049010129,132500.0,5257.0,1386.0,2023,acs,acs,acs
49049010129,164191.0,6757.0,1668.0,2024,acs,acs,acs
49049010130,93772.0,3353.0,877.0,2020,acs,acs,acs
49049010130,114091.0,3713.0,916.0,2021,acs,acs,acs
49049010130,134111.0,4131.0,988.0,2022,acs,acs,acs
49049010130,142156.0,4132.0,951.0,2023,acs,acs,acs
49049010130,146250.0,4188.0,938.0,2024,acs,acs,acs
49049010131,105257.0,4427.0,1107.0,2020,acs,acs,acs
49049010131,102939.0,4708.0,1351.0,2021,acs,acs,acs
49049010131,118827.0,5125.0,1584.0,2022,acs,acs,acs
49049010131,124208.0,5810.0,1802.0,2023,acs,acs,acs
49049010131,108015.0,7425.0,2366.0,2024,acs,acs,acs
49049010132,98424.0,3808.0,876.0,2020,acs,acs,acs
49049010132,109438.0,4627.0,1051.0,2021,acs,acs,acs
49049010132,118070.0,4914.0,1170.0,2022,acs,acs,acs
49049010132,142102.0,5395.0,1259.0,2023,acs,acs,acs
49049010132,156754.0,5845.0,1268.0,2024,acs,acs,acs
49049010208,139154.0,4369.0,1056.0,2019,acs,acs,acs
49049010208,143438.0,4028.0,980.0,2020,acs,acs,acs
49049010208,161000.0,3957.0,964.0,2021,acs,acs,acs
49049010208,169338.0,3688.0,899.0,2022,acs,acs,acs
49049010208,176813.0,3807.0,981.0,2023,acs,acs,acs
49049010208,186641.0,3730.0,1035.0,2024,acs,acs,acs
49049010209,137000.0,5856.0,1556.0,2019,acs,acs,acs
49049010209,111484.0,6014.0,1627.0,2020,acs,acs,acs
49049010209,123393.0,5849.0,1609.0,2021,acs,acs,acs
49049010209,140000.0,5819.0,1626.0,2022,acs,acs,acs
49049010209,143946.0,5779.0,1707.0,2023,acs,acs,acs
49049010209,149617.0,5794.0,1799.0,2024,acs,acs,acs
49049010210,117734.0,5674.0,1497.0,2019,acs,acs,acs
49049010210,126944.0,5536.0,1460.0,2020,acs,acs,acs
49049010210,118684.0,5385.0,1412.0,2021,acs,acs,acs
49049010210,136875.0,5400.0,1450.0,2022,acs,acs,acs
49049010210,145833.0,5515.0,1470.0,2023,acs,acs,acs
49049010210,132857.0,5426.0,1524.0,2024,acs,acs,acs
49049010211,116375.0,3949.0,1002.0,2019,acs,acs,acs
49049010211,137900.0,3814.0,968.0,2020,acs,acs,acs
49049010211,147300.0,3839.0,974.0,2021,acs,acs,acs
49049010211,178466.0,4001.0,1033.0,2022,acs,acs,acs
49049010211,162841.0,3993.0,1074.0,2023,acs,acs,acs
49049010211,190385.0,3951.0,1134.0,2024,acs,acs,acs
49049010212,117206.0,8052.0,2148.0,2019,acs,acs,acs
49049010212,116350.0,8894.0,2501.0,2020,acs,acs,acs
49049010212,121833.0,9788.0,2764.0,2021,acs,acs,acs
49049010212,134615.0,10094.0,3036.0,2022,acs,acs,acs
49049010212,141827.0,10683.0,3354.0,2023,acs,acs,acs
49049010212,145170.0,11413.0,3567.0,2024,acs,acs,acs
49049010213,140441.0,3342.0,732.0,2019,acs,acs,acs
49049010213,142708.0,3002.0,679.0,2020,acs,acs,acs
49049010213,131932.0,2821.0,688.0,2021,acs,acs,acs
49049010213,150938.0,2927.0,747.0,2022,acs,acs,acs
49049010213,150208.0,2995.0,793.0,2023,acs,acs,acs
49049010213,153125.0,3088.0,811.0,2024,acs,acs,acs
49049010214,96204.0,8471.0,2158.0,2019,acs,acs,acs
49049010215,106042.0,8012.0,1955.0,2019,acs,acs,acs
49049010216,121397.0,3257.0,805.0,2019,acs,acs,acs
49049010216,127734.0,3773.0,983.0,2020,acs,acs,acs
49049010216,141731.0,3919.0,1054.0,2021,acs,acs,acs
49049010216,148068.0,3883.0,1056.0,2022,acs,acs,acs
49049010216,124896.0,4078.0,1090.0,2023,acs,acs,acs
49049010216,144063.0,3863.0,1044.0,2024,acs,acs,acs
49049010217,147039.0,5622.0,1431.0,2019,acs,acs,acs
49049010217,159410.0,6391.0,1535.0,2020,acs,acs,acs
49049010217,167297.0,7117.0,1606.0,2021,acs,acs,acs
49049010217,182528.0,7683.0,1729.0,2022,acs,acs,acs
49049010217,192875.0,7890.0,1874.0,2023,acs,acs,acs
49049010217,198105.0,8014.0,1961.0,2024,acs,acs,acs
49049010218,146625.0,6460.0,1385.0,2019,acs,acs,acs
49049010219,132946.0,5277.0,1438.0,2019,acs,acs,acs
49049010219,145000.0,5322.0,1550.0,2020,acs,acs,acs
49049010219,153205.0,5154.0,1464.0,2021,acs,acs,acs
49049010219,165587.0,5147.0,1514.0,2022,acs,acs,acs
49049010219,174514.0,5407.0,1528.0,2023,acs,acs,acs
49049010219,184104.0,5633.0,1614.0,2024,acs,acs,acs
49049010220,102250.0,6538.0,1474.0,2019,acs,acs,acs
49049010220,109240.0,6761.0,1563.0,2020,acs,acs,acs
49049010220,120354.0,6695.0,1504.0,2021,acs,acs,acs
49049010220,131185.0,6862.0,1549.0,2022,acs,acs,acs
49049010220,136739.0,6712.0,1546.0,2023,acs,acs,acs
49049010220,141011.0,6734.0,1622.0,2024,acs,acs,acs
49049010221,84327.0,2569.0,677.0,2020,acs,acs,acs
49049010221,94929.0,2687.0,700.0,2021,acs,acs,acs
49049010221,105938.0,2639.0,742.0,2022,acs,acs,acs
49049010221,120109.0,2558.0,800.0,2023,acs,acs,acs
49049010221,129259.0,2539.0,826.0,2024,acs,acs,acs
49049010222,130288.0,7775.0,1741.0,2020,acs,acs,acs
49049010222,152537.0,8301.0,1872.0,2021,acs,acs,acs
49049010222,147083.0,8484.0,1990.0,2022,acs,acs,acs
49049010222,170857.0,8312.0,1918.0,2023,acs,acs,acs
49049010222,163618.0,8626.0,1981.0,2024,acs,acs,acs
49049010223,150469.0,2385.0,501.0,2020,acs,acs,acs
49049010223,151563.0,2203.0,474.0,2021,acs,acs,acs
49049010223,162350.0,2113.0,483.0,2022,acs,acs,acs
49049010223,169550.0,2155.0,513.0,2023,acs,acs,acs
49049010223,174226.0,2100.0,485.0,2024,acs,acs,acs
49049010224,143650.0,3407.0,729.0,2020,acs,acs,acs
49049010224,151488.0,3277.0,748.0,2021,acs,acs,acs
49049010224,164006.0,3300.0,771.0,2022,acs,acs,acs
49049010224,172448.0,3347.0,797.0,2023,acs,acs,acs
49049010224,181827.0,3743.0,859.0,2024,acs,acs,acs
49049010225,108558.0,3758.0,867.0,2020,acs,acs,acs
49049010225,120789.0,3612.0,802.0,2021,acs,acs,acs
49049010225,137863.0,3583.0,811.0,2022,acs,acs,acs
49049010225,165893.0,3647.0,859.0,2023,acs,acs,acs
49049010225,149338.0,3544.0,840.0,2024,acs,acs,acs
49049010226,125313.0,4708.0,1100.0,2020,acs,acs,acs
49049010226,130000.0,4299.0,1036.0,2021,acs,acs,acs
49049010226,135969.0,4165.0,1049.0,2022,acs,acs,acs
49049010226,144070.0,4152.0,1054.0,2023,acs,acs,acs
49049010226,134453.0,3940.0,1017.0,2024,acs,acs,acs
49049010303,110344.0,4975.0,1313.0,2019,acs,acs,acs
49049010303,102984.0,4893.0,1334.0,2020,acs,acs,acs
49049010303,109375.0,5498.0,1460.0,2021,acs,acs,acs
49049010303,133400.0,5086.0,1422.0,2022,acs,acs,acs
49049010303,131582.0,5286.0,1434.0,2023,acs,acs,acs
49049010303,141211.0,5512.0,1477.0,2024,acs,acs,acs
49049010304,89653.0,10667.0,2608.0,2019,acs,acs,acs
49049010305,118409.0,3575.0,894.0,2019,acs,acs,acs
49049010305,121361.0,4035.0,997.0,2020,acs,acs,acs
49049010305,127005.0,4340.0,1105.0,2021,acs,acs,acs
49049010305,123618.0,4430.0,1173.0,2022,acs,acs,acs
49049010305,127893.0,4750.0,1265.0,2023,acs,acs,acs
49049010305,132097.0,4454.0,1172.0,2024,acs,acs,acs
49049010306,60781.0,2343.0,649.0,2020,acs,acs,acs
49049010306,70765.0,2408.0,720.0,2021,acs,acs,acs
49049010306,78750.0,2430.0,769.0,2022,acs,acs,acs
49049010306,84091.0,2581.0,794.0,2023,acs,acs,acs
49049010306,84167.0,2572.0,798.0,2024,acs,acs,acs
49049010307,105170.0,5356.0,1265.0,2020,acs,acs,acs
49049010307,105086.0,5413.0,1418.0,2021,acs,acs,acs
49049010307,123701.0,5808.0,1520.0,2022,acs,acs,acs
49049010307,117368.0,6238.0,1624.0,2023,acs,acs,acs
49049010307,131042.0,6739.0,1633.0,2024,acs,acs,acs
49049010308,105313.0,3967.0,882.0,2020,acs,acs,acs
49049010308,105373.0,4607.0,1031.0,2021,acs,acs,acs
49049010308,112718.0,4927.0,1203.0,2022,acs,acs,acs
49049010308,117923.0,5368.0,1344.0,2023,acs,acs,acs
49049010308,125912.0,6629.0,1812.0,2024,acs,acs,acs
49049010404,104297.0,4786.0,1122.0,2019,acs,acs,acs
49049010404,104600.0,4595.0,1144.0,2020,acs,acs,acs
49049010404,112888.0,5077.0,1193.0,2021,acs,acs,acs
49049010404,121509.0,5089.0,1257.0,2022,acs,acs,acs
49049010404,132188.0,5254.0,1268.0,2023,acs,acs,acs
49049010404,126500.0,4631.0,1222.0,2024,acs,acs,acs
49049010405,85208.0,3738.0,909.0,2019,acs,acs,acs
49049010405,83750.0,4368.0,982.0,2020,acs,acs,acs
49049010405,82731.0,4609.0,1027.0,2021,acs,acs,acs
49049010405,86461.0,4455.0,1017.0,2022,acs,acs,acs
49049010405,89850.0,4441.0,1031.0,2023,acs,acs,acs
49049010405,91695.0,4496.0,1057.0,2024,acs,acs,acs
49049010406,105346.0,3180.0,809.0,2019,acs,acs,acs
49049010406,98833.0,3213.0,790.0,2020,acs,acs,acs
49049010406,108092.0,3495.0,863.0,2021,acs,acs,acs
49049010406,108860.0,3488.0,935.0,2022,acs,acs,acs
49049010406,113245.0,3627.0,996.0,2023,acs,acs,acs
49049010406,125104.0,4306.0,1222.0,2024,acs,acs,acs
49049010407,96173.0,2631.0,688.0,2019,acs,acs,acs
49049010407,93750.0,2818.0,702.0,2020,acs,acs,acs
49049010407,91875.0,2943.0,753.0,2021,acs,acs,acs
49049010407,97650.0,3064.0,788.0,2022,acs,acs,acs
49049010407,101875.0,3106.0,841.0,2023,acs,acs,acs
49049010407,105524.0,3175.0,893.0,2024,acs,acs,acs
49049010408,93991.0,4561.0,1140.0,2019,acs,acs,acs
49049010408,85156.0,4011.0,1070.0,2020,acs,acs,acs
49049010408,94028.0,4239.0,1147.0,2021,acs,acs,acs
49049010408,109911.0,4298.0,1186.0,2022,acs,acs,acs
49049010408,114036.0,4538.0,1288.0,2023,acs,acs,acs
49049010408,113508.0,4602.0,1337.0,2024,acs,acs,acs
49049010409,87132.0,3519.0,801.0,2019,acs,acs,acs
49049010409,95804.0,3491.0,871.0,2020,acs,acs,acs
49049010409,99986.0,3846.0,973.0,2021,acs,acs,acs
49049010409,111202.0,3871.0,992.0,2022,acs,acs,acs
49049010409,111882.0,4211.0,1112.0,2023,acs,acs,acs
49049010409,115861.0,4568.0,1269.0,2024,acs,acs,acs
49049010410,80125.0,3936.0,969.0,2019,acs,acs,acs
49049010410,72120.0,3899.0,979.0,2020,acs,acs,acs
49049010410,77318.0,4025.0,1032.0,2021,acs,acs,acs
49049010410,101500.0,4022.0,1054.0,2022,acs,acs,acs
49049010410,97176.0,4214.0,1158.0,2023,acs,acs,acs
49049010410,96029.0,4580.0,1222.0,2024,acs,acs,acs
49049010411,109583.0,5955.0,1516.0,2019,acs,acs,acs
49049010411,109800.0,6653.0,1694.0,2020,acs,acs,acs
49049010411,113026.0,7618.0,1946.0,2021,acs,acs,acs
49049010411,130324.0,7885.0,2051.0,2022,acs,acs,acs
49049010411,139700.0,8283.0,2184.0,2023,acs,acs,acs
49049010411,154779.0,8794.0,2357.0,2024,acs,acs,acs
49049010503,58670.0,3825.0,1016.0,2019,acs,acs,acs
49049010503,67679.0,4027.0,1038.0,2020,acs,acs,acs
49049010503,73673.0,4030.0,1042.0,2021,acs,acs,acs
49049010503,81400.0,4025.0,1022.0,2022,acs,acs,acs
49049010503,81343.0,3660.0,1057.0,2023,acs,acs,acs
49049010503,81625.0,3572.0,1023.0,2024,acs,acs,acs
49049010504,68750.0,3230.0,937.0,2019,acs,acs,acs
49049010504,70525.0,3181.0,1043.0,2020,acs,acs,acs
49049010504,72365.0,3546.0,1064.0,2021,acs,acs,acs
49049010504,75392.0,3559.0,1110.0,2022,acs,acs,acs
49049010504,73682.0,3680.0,1203.0,2023,acs,acs,acs
49049010504,76100.0,4000.0,1348.0,2024,acs,acs,acs
49049010505,66406.0,4656.0,1225.0,2019,acs,acs,acs
49049010505,64485.0,4812.0,1277.0,2020,acs,acs,acs
49049010505,72642.0,5241.0,1389.0,2021,acs,acs,acs
49049010505,81310.0,5484.0,1405.0,2022,acs,acs,acs
49049010505,90134.0,5403.0,1487.0,2023,acs,acs,acs
49049010505,97889.0,5266.0,1529.0,2024,acs,acs,acs
49049010506,55313.0,1742.0,581.0,2019,acs,acs,acs
49049010506,53333.0,2103.0,654.0,2020,acs,acs,acs
49049010506,70284.0,2370.0,705.0,2021,acs,acs,acs
49049010506,68672.0,2489.0,742.0,2022,acs,acs,acs
49049010506,79779.0,2482.0,825.0,2023,acs,acs,acs
49049010506,90867.0,2998.0,912.0,2024,acs,acs,acs
49049010600,74801.0,4769.0,1213.0,2019,acs,acs,acs
49049010600,91422.0,5055.0,1317.0,2020,acs,acs,acs
49049010600,96071.0,5400.0,1380.0,2021,acs,acs,acs
49049010600,107875.0,6087.0,1497.0,2022,acs,acs,acs
49049010600,114556.0,6904.0,1703.0,2023,acs,acs,acs
49049010600,117857.0,7094.0,1784.0,2024,acs,acs,acs
49049010700,81571.0,5793.0,1615.0,2019,acs,acs,acs
49049010700,77524.0,5709.0,1591.0,2020,acs,acs,acs
49049010700,83341.0,5540.0,1572.0,2021,acs,acs,acs
49049010700,90921.0,5412.0,1500.0,2022,acs,acs,acs
49049010700,93050.0,5225.0,1443.0,2023,acs,acs,acs
49049010700,97200.0,5169.0,1426.0,2024,acs,acs,acs
49049010900,87589.0,1275.0,365.0,2019,acs,acs,acs
49049010900,96912.0,1128.0,340.0,2020,acs,acs,acs
49049010900,102188.0,1108.0,341.0,2021,acs,acs,acs
49049010900,125313.0,1297.0,353.0,2022,acs,acs,acs
49049010900,116806.0,1064.0,347.0,2023,acs,acs,acs
49049010900,133295.0,941.0,311.0,2024,acs,acs,acs
49049980100,,,,2019,acs,acs,acs
49049980100,,,,2020,acs,acs,acs
49049980100,,,,2021,acs,acs,acs
49049980100,,,,2022,acs,acs,acs
49049980100,,,,2023,acs,acs,acs
49049980100,,,,2024,acs,acs,acs
49049980200,22367.0,3516.0,847.0,2020,acs,acs,acs
49049980200,24939.0,3114.0,760.0,2021,acs,acs,acs
49049980200,28000.0,2995.0,774.0,2022,acs,acs,acs
49049980200,29940.0,2703.0,798.0,2023,acs,acs,acs
49049980200,29846.0,2525.0,805.0,2024,acs,acs,acs
49049980300,43194.0,4372.0,1316.0,2020,acs,acs,acs
49049980300,43625.0,4186.0,1370.0,2021,acs,acs,acs
49049980300,42064.0,3720.0,1323.0,2022,acs,acs,acs
49049980300,44485.0,3894.0,1363.0,2023,acs,acs,acs
49049980300,44142.0,3715.0,1348.0,2024,acs,acs,acs
49049980400,,414.0,15.0,2020,acs,acs,acs
49049980400,,391.0,14.0,2021,acs,acs,acs
49049980400,,496.0,83.0,2022,acs,acs,acs
49049980400,,299.0,5.0,2023,acs,acs,acs
49049980400,,240.0,5.0,2024,acs,acs,acs
49049980500,38000.0,1617.0,516.0,2020,acs,acs,acs
49049980500,42250.0,1563.0,524.0,2021,acs,acs,acs
49049980500,45450.0,1546.0,529.0,2022,acs,acs,acs
49049980500,57831.0,1663.0,577.0,2023,acs,acs,acs
49049980500,53542.0,2127.0,683.0,2024,acs,acs,acs
49049980600,,,,2020,acs,acs,acs
49049980600,,,,2021,acs,acs,acs
49049980600,,,,2022,acs,acs,acs
49049980600,,,,2023,acs,acs,acs
49049980600,,,,2024,acs,acs,acs
49057200100,60046.0,4720.0,1495.0,2019,acs,acs,acs
49057200100,65625.0,4472.0,1483.0,2020,acs,acs,acs
49057200100,64158.0,4151.0,1487.0,2021,acs,acs,acs
49057200100,67857.0,4428.0,1554.0,2022,acs,acs,acs
49057200100,66743.0,4427.0,1560.0,2023,acs,acs,acs
49057200100,69464.0,4474.0,1631.0,2024,acs,acs,acs
49057200202,40503.0,3963.0,1539.0,2019,acs,acs,acs
49057200202,50319.0,3971.0,1633.0,2020,acs,acs,acs
49057200202,45679.0,3723.0,1593.0,2021,acs,acs,acs
49057200202,58373.0,3791.0,1660.0,2022,acs,acs,acs
49057200202,61716.0,3964.0,1688.0,2023,acs,acs,acs
49057200202,64972.0,3984.0,1755.0,2024,acs,acs,acs
49057200203,52793.0,5135.0,1655.0,2019,acs,acs,acs
49057200203,57520.0,5429.0,1811.0,2020,acs,acs,acs
49057200203,67953.0,5283.0,1857.0,2021,acs,acs,acs
49057200203,72652.0,5405.0,1869.0,2022,acs,acs,acs
49057200203,75598.0,5371.0,1842.0,2023,acs,acs,acs
49057200203,76964.0,5584.0,1862.0,2024,acs,acs,acs
49057200204,61646.0,4896.0,1636.0,2019,acs,acs,acs
49057200204,76944.0,4988.0,1636.0,2020,acs,acs,acs
49057200204,78429.0,4971.0,1683.0,2021,acs,acs,acs
49057200204,86746.0,5220.0,1769.0,2022,acs,acs,acs
49057200204,90610.0,5239.0,1772.0,2023,acs,acs,acs
49057200204,97673.0,5384.0,1815.0,2024,acs,acs,acs
49057200300,53796.0,8143.0,2486.0,2019,acs,acs,acs
49057200301,52535.0,4557.0,1821.0,2020,acs,acs,acs
49057200301,54095.0,4558.0,1867.0,2021,acs,acs,acs
49057200301,59157.0,4328.0,1837.0,2022,acs,acs,acs
49057200301,65660.0,4275.0,1810.0,2023,acs,acs,acs
49057200301,73032.0,4411.0,1858.0,2024,acs,acs,acs
49057200302,64485.0,3815.0,875.0,2020,acs,acs,acs
49057200302,56549.0,3817.0,949.0,2021,acs,acs,acs
49057200302,58681.0,3999.0,1071.0,2022,acs,acs,acs
49057200302,62273.0,3664.0,1020.0,2023,acs,acs,acs
49057200302,63081.0,3824.0,1145.0,2024,acs,acs,acs
49057200400,33583.0,1989.0,685.0,2019,acs,acs,acs
49057200400,43772.0,1924.0,602.0,2020,acs,acs,acs
49057200400,46179.0,1836.0,606.0,2021,acs,acs,acs
49057200400,61205.0,1882.0,653.0,2022,acs,acs,acs
49057200400,59386.0,1887.0,716.0,2023,acs,acs,acs
49057200400,48446.0,2091.0,754.0,2024,acs,acs,acs
49057200500,42215.0,6472.0,2477.0,2019,acs,acs,acs
49057200500,45073.0,6059.0,2461.0,2020,acs,acs,acs
49057200500,51168.0,5929.0,2488.0,2021,acs,acs,acs
49057200500,59262.0,6097.0,2631.0,2022,acs,acs,acs
49057200500,61900.0,5910.0,2705.0,2023,acs,acs,acs
49057200500,67029.0,6124.0,2624.0,2024,acs,acs,acs
49057200600,63873.0,4449.0,1550.0,2019,acs,acs,acs
49057200600,68164.0,4297.0,1446.0,2020,acs,acs,acs
49057200600,69605.0,4259.0,1488.0,2021,acs,acs,acs
49057200600,70096.0,4393.0,1573.0,2022,acs,acs,acs
49057200600,71106.0,4594.0,1687.0,2023,acs,acs,acs
49057200600,71789.0,4362.0,1701.0,2024,acs,acs,acs
49057200700,62159.0,3101.0,1279.0,2019,acs,acs,acs
49057200700,64826.0,3342.0,1306.0,2020,acs,acs,acs
49057200700,66996.0,3217.0,1290.0,2021,acs,acs,acs
49057200700,71468.0,3599.0,1336.0,2022,acs,acs,acs
49057200700,74468.0,3825.0,1455.0,2023,acs,acs,acs
49057200700,78463.0,3622.0,1365.0,2024,acs,acs,acs
49057200800,40789.0,4722.0,1864.0,2019,acs,acs,acs
49057200800,45256.0,4902.0,1830.0,2020,acs,acs,acs
49057200800,46720.0,4862.0,1851.0,2021,acs,acs,acs
49057200800,54719.0,4684.0,1845.0,2022,acs,acs,acs
49057200800,56667.0,4723.0,1868.0,2023,acs,acs,acs
49057200800,59774.0,4557.0,1795.0,2024,acs,acs,acs
49057200900,27113.0,4354.0,1838.0,2019,acs,acs,acs
49057200900,34572.0,3930.0,1779.0,2020,acs,acs,acs
49057200900,36149.0,4107.0,1895.0,2021,acs,acs,acs
49057200900,39205.0,4056.0,2000.0,2022,acs,acs,acs
49057200900,38937.0,3526.0,1933.0,2023,acs,acs,acs
49057200900,42070.0,3758.0,1989.0,2024,acs,acs,acs
49057201100,32549.0,2508.0,1066.0,2019,acs,acs,acs
49057201100,35074.0,2621.0,1099.0,2020,acs,acs,acs
49057201100,39896.0,2589.0,1131.0,2021,acs,acs,acs
49057201100,48780.0,2684.0,1185.0,2022,acs,acs,acs
49057201100,51136.0,2570.0,1258.0,2023,acs,acs,acs
49057201100,56397.0,2449.0,1354.0,2024,acs,acs,acs
49057201200,33750.0,2195.0,712.0,2019,acs,acs,acs
49057201200,38938.0,2373.0,763.0,2020,acs,acs,acs
49057201200,40625.0,2521.0,779.0,2021,acs,acs,acs
49057201200,47578.0,2632.0,881.0,2022,acs,acs,acs
49057201200,42482.0,2736.0,929.0,2023,acs,acs,acs
49057201200,48882.0,2785.0,941.0,2024,acs,acs,acs
49057201301,45441.0,2482.0,976.0,2019,acs,acs,acs
49057201301,49750.0,2817.0,1113.0,2020,acs,acs,acs
49057201301,51736.0,2878.0,1104.0,2021,acs,acs,acs
49057201301,61935.0,2884.0,1140.0,2022,acs,acs,acs
49057201301,59688.0,3061.0,1253.0,2023,acs,acs,acs
49057201301,59129.0,3020.0,1258.0,2024,acs,acs,acs
49057201302,49875.0,3088.0,1043.0,2019,acs,acs,acs
49057201302,48158.0,2951.0,1000.0,2020,acs,acs,acs
49057201302,46250.0,3024.0,1026.0,2021,acs,acs,acs
49057201302,61174.0,3077.0,1080.0,2022,acs,acs,acs
49057201302,65875.0,3117.0,1139.0,2023,acs,acs,acs
49057201302,73750.0,2921.0,1139.0,2024,acs,acs,acs
49057201400,73548.0,3190.0,1230.0,2019,acs,acs,acs
49057201400,78846.0,3268.0,1300.0,2020,acs,acs,acs
49057201400,92803.0,3246.0,1268.0,2021,acs,acs,acs
49057201400,103333.0,3403.0,1288.0,2022,acs,acs,acs
49057201400,110250.0,3104.0,1228.0,2023,acs,acs,acs
49057201400,119000.0,3200.0,1278.0,2024,acs,acs,acs
49057201500,60417.0,4076.0,1545.0,2019,acs,acs,acs
49057201500,64044.0,4238.0,1559.0,2020,acs,acs,acs
49057201500,68021.0,4338.0,1580.0,2021,acs,acs,acs
49057201500,73529.0,4294.0,1582.0,2022,acs,acs,acs
49057201500,88456.0,4315.0,1596.0,2023,acs,acs,acs
49057201500,105300.0,4423.0,1616.0,2024,acs,acs,acs
49057201600,60506.0,4178.0,1514.0,2019,acs,acs,acs
49057201600,61902.0,4369.0,1476.0,2020,acs,acs,acs
49057201600,62019.0,4019.0,1551.0,2021,acs,acs,acs
49057201600,68750.0,3825.0,1522.0,2022,acs,acs,acs
49057201600,74018.0,3841.0,1496.0,2023,acs,acs,acs
49057201600,72109.0,3991.0,1526.0,2024,acs,acs,acs
49057201700,42279.0,3575.0,1134.0,2019,acs,acs,acs
49057201700,56125.0,3410.0,1299.0,2020,acs,acs,acs
49057201700,55184.0,3201.0,1189.0,2021,acs,acs,acs
49057201700,70500.0,3163.0,1130.0,2022,acs,acs,acs
49057201700,81522.0,3461.0,1104.0,2023,acs,acs,acs
49057201700,90778.0,3433.0,1155.0,2024,acs,acs,acs
49057201800,37473.0,2337.0,751.0,2019,acs,acs,acs
49057201800,42813.0,2316.0,838.0,2020,acs,acs,acs
49057201800,53095.0,2449.0,806.0,2021,acs,acs,acs
49057201800,62813.0,2419.0,795.0,2022,acs,acs,acs
49057201800,70112.0,2502.0,863.0,2023,acs,acs,acs
49057201800,64276.0,2506.0,939.0,2024,acs,acs,acs
49057201900,50806.0,1525.0,408.0,2019,acs,acs,acs
49057201900,55833.0,1598.0,420.0,2020,acs,acs,acs
49057201900,59271.0,1557.0,403.0,2021,acs,acs,acs
49057201900,74375.0,1514.0,401.0,2022,acs,acs,acs
49057201900,60000.0,1370.0,394.0,2023,acs,acs,acs
49057201900,36930.0,1231.0,383.0,2024,acs,acs,acs
49057202000,99792.0,5231.0,1907.0,2019,acs,acs,acs
49057202000,110905.0,5091.0,1889.0,2020,acs,acs,acs
49057202000,133681.0,5224.0,1838.0,2021,acs,acs,acs
49057202000,134545.0,5167.0,1810.0,2022,acs,acs,acs
49057202000,125964.0,5565.0,1917.0,2023,acs,acs,acs
49057202000,130000.0,5706.0,1930.0,2024,acs,acs,acs
49057210100,109026.0,7103.0,2577.0,2019,acs,acs,acs
49057210101,105375.0,3304.0,1144.0,2020,acs,acs,acs
49057210101,124688.0,3569.0,1227.0,2021,acs,acs,acs
49057210101,137547.0,3630.0,1280.0,2022,acs,acs,acs
49057210101,143870.0,3867.0,1339.0,2023,acs,acs,acs
49057210101,146089.0,4036.0,1421.0,2024,acs,acs,acs
49057210102,113381.0,4756.0,1597.0,2020,acs,acs,acs
49057210102,110625.0,5345.0,1836.0,2021,acs,acs,acs
49057210102,113717.0,4656.0,1769.0,2022,acs,acs,acs
49057210102,122750.0,4917.0,1658.0,2023,acs,acs,acs
49057210102,120357.0,4617.0,1600.0,2024,acs,acs,acs
49057210201,97500.0,4518.0,1304.0,2019,acs,acs,acs
49057210201,94500.0,4037.0,1198.0,2020,acs,acs,acs
49057210201,100240.0,4218.0,1249.0,2021,acs,acs,acs
49057210201,115750.0,4288.0,1323.0,2022,acs,acs,acs
49057210201,124303.0,4297.0,1369.0,2023,acs,acs,acs
49057210201,126809.0,4146.0,1296.0,2024,acs,acs,acs
49057210203,79712.0,2914.0,904.0,2019,acs,acs,acs
49057210203,87276.0,3195.0,1001.0,2020,acs,acs,acs
49057210203,98409.0,3499.0,1068.0,2021,acs,acs,acs
49057210203,96094.0,3723.0,1165.0,2022,acs,acs,acs
49057210203,100625.0,3917.0,1245.0,2023,acs,acs,acs
49057210203,116224.0,3650.0,1170.0,2024,acs,acs,acs
49057210204,73979.0,4610.0,1530.0,2019,acs,acs,acs
49057210204,78984.0,4248.0,1323.0,2020,acs,acs,acs
49057210204,85493.0,4227.0,1362.0,2021,acs,acs,acs
49057210204,92734.0,4601.0,1516.0,2022,acs,acs,acs
49057210204,98690.0,4466.0,1581.0,2023,acs,acs,acs
49057210204,103375.0,4252.0,1489.0,2024,acs,acs,acs
49057210302,67173.0,9542.0,3010.0,2019,acs,acs,acs
49057210303,105833.0,7936.0,2162.0,2019,acs,acs,acs
49057210303,108299.0,7467.0,2043.0,2020,acs,acs,acs
49057210303,110531.0,7777.0,2154.0,2021,acs,acs,acs
49057210303,120702.0,7930.0,2208.0,2022,acs,acs,acs
49057210303,128594.0,7955.0,2270.0,2023,acs,acs,acs
49057210303,128875.0,8240.0,2270.0,2024,acs,acs,acs
49057210304,82717.0,4797.0,1358.0,2019,acs,acs,acs
49057210304,84567.0,5431.0,1603.0,2020,acs,acs,acs
49057210304,109844.0,5484.0,1582.0,2021,acs,acs,acs
49057210304,115839.0,5374.0,1633.0,2022,acs,acs,acs
49057210304,119671.0,5659.0,1739.0,2023,acs,acs,acs
49057210304,129565.0,6139.0,1860.0,2024,acs,acs,acs
49057210305,65625.0,4420.0,1515.0,2020,acs,acs,acs
49057210305,67417.0,4795.0,1751.0,2021,acs,acs,acs
49057210305,70315.0,4709.0,1734.0,2022,acs,acs,acs
49057210305,77391.0,5189.0,1808.0,2023,acs,acs,acs
49057210305,82700.0,5287.0,1906.0,2024,acs,acs,acs
49057210306,88330.0,6255.0,1616.0,2020,acs,acs,acs
49057210306,92575.0,6339.0,1721.0,2021,acs,acs,acs
49057210306,100311.0,6079.0,1704.0,2022,acs,acs,acs
49057210306,103076.0,5935.0,1775.0,2023,acs,acs,acs
49057210306,107665.0,6035.0,1870.0,2024,acs,acs,acs
49057210402,98387.0,8351.0,2100.0,2019,acs,acs,acs
49057210403,73054.0,9393.0,2951.0,2019,acs,acs,acs
49057210404,84625.0,2409.0,745.0,2019,acs,acs,acs
49057210404,84167.0,2063.0,670.0,2020,acs,acs,acs
49057210404,86488.0,2082.0,673.0,2021,acs,acs,acs
49057210404,98512.0,1907.0,685.0,2022,acs,acs,acs
49057210404,103698.0,1870.0,677.0,2023,acs,acs,acs
49057210404,103000.0,2015.0,716.0,2024,acs,acs,acs
49057210405,87813.0,3993.0,872.0,2020,acs,acs,acs
49057210405,101188.0,3997.0,917.0,2021,acs,acs,acs
49057210405,109777.0,3891.0,963.0,2022,acs,acs,acs
49057210405,125833.0,3861.0,950.0,2023,acs,acs,acs
49057210405,117321.0,3881.0,949.0,2024,acs,acs,acs
49057210406,101477.0,4937.0,1457.0,2020,acs,acs,acs
49057210406,114375.0,5284.0,1525.0,2021,acs,acs,acs
49057210406,121950.0,5497.0,1631.0,2022,acs,acs,acs
49057210406,127016.0,5572.0,1646.0,2023,acs,acs,acs
49057210406,133452.0,5640.0,1702.0,2024,acs,acs,acs
49057210407,105909.0,6295.0,1936.0,2020,acs,acs,acs
49057210407,103798.0,6696.0,2124.0,2021,acs,acs,acs
49057210407,110349.0,6938.0,2066.0,2022,acs,acs,acs
49057210407,115186.0,7237.0,2155.0,2023,acs,acs,acs
49057210407,128013.0,7558.0,2286.0,2024,acs,acs,acs
49057210408,79625.0,3195.0,1113.0,2020,acs,acs,acs
49057210408,83021.0,3406.0,1165.0,2021,acs,acs,acs
49057210408,96436.0,3532.0,1212.0,2022,acs,acs,acs
49057210408,116002.0,3344.0,1143.0,2023,acs,acs,acs
49057210408,118097.0,3252.0,1155.0,2024,acs,acs,acs
49057210504,100733.0,10085.0,2802.0,2019,acs,acs,acs
49057210505,79897.0,9932.0,3076.0,2019,acs,acs,acs
49057210506,73373.0,11162.0,3570.0,2019,acs,acs,acs
49057210508,86042.0,2509.0,712.0,2019,acs,acs,acs
49057210508,90078.0,2747.0,762.0,2020,acs,acs,acs
49057210508,95349.0,2763.0,760.0,2021,acs,acs,acs
49057210508,100000.0,2532.0,732.0,2022,acs,acs,acs
49057210508,105350.0,2430.0,731.0,2023,acs,acs,acs
49057210508,107857.0,2419.0,742.0,2024,acs,acs,acs
49057210509,80893.0,4413.0,1480.0,2019,acs,acs,acs
49057210509,78170.0,5204.0,1575.0,2020,acs,acs,acs
49057210509,87156.0,5047.0,1529.0,2021,acs,acs,acs
49057210509,99583.0,5523.0,1497.0,2022,acs,acs,acs
49057210509,100037.0,5462.0,1489.0,2023,acs,acs,acs
49057210509,110213.0,5679.0,1492.0,2024,acs,acs,acs
49057210510,81313.0,3732.0,1053.0,2019,acs,acs,acs
49057210510,82145.0,3550.0,1047.0,2020,acs,acs,acs
49057210510,84099.0,3444.0,1055.0,2021,acs,acs,acs
49057210510,91786.0,3380.0,1082.0,2022,acs,acs,acs
49057210510,99219.0,3210.0,1061.0,2023,acs,acs,acs
49057210510,96759.0,3249.0,1142.0,2024,acs,acs,acs
49057210511,63235.0,3975.0,1478.0,2019,acs,acs,acs
49057210511,61250.0,3892.0,1469.0,2020,acs,acs,acs
49057210511,54679.0,3882.0,1442.0,2021,acs,acs,acs
49057210511,72303.0,3914.0,1453.0,2022,acs,acs,acs
49057210511,65956.0,4078.0,1500.0,2023,acs,acs,acs
49057210511,72679.0,3964.0,1437.0,2024,acs,acs,acs
49057210512,53063.0,4777.0,1842.0,2019,acs,acs,acs
49057210512,54297.0,4934.0,1822.0,2020,acs,acs,acs
49057210512,64706.0,5397.0,1860.0,2021,acs,acs,acs
49057210512,75128.0,5399.0,1930.0,2022,acs,acs,acs
49057210512,63344.0,5216.0,2029.0,2023,acs,acs,acs
49057210512,58582.0,5315.0,2022.0,2024,acs,acs,acs
49057210513,73488.0,6123.0,2163.0,2020,acs,acs,acs
49057210513,76648.0,6396.0,2212.0,2021,acs,acs,acs
49057210513,85353.0,6528.0,2338.0,2022,acs,acs,acs
49057210513,90567.0,6616.0,2387.0,2023,acs,acs,acs
49057210513,95536.0,6589.0,2343.0,2024,acs,acs,acs
49057210514,78833.0,4507.0,1378.0,2020,acs,acs,acs
49057210514,90521.0,4908.0,1558.0,2021,acs,acs,acs
49057210514,95208.0,5281.0,1620.0,2022,acs,acs,acs
49057210514,115361.0,5778.0,1877.0,2023,acs,acs,acs
49057210514,92813.0,6071.0,1995.0,2024,acs,acs,acs
49057210515,101026.0,4552.0,1250.0,2020,acs,acs,acs
49057210515,110162.0,4722.0,1313.0,2021,acs,acs,acs
49057210515,117857.0,4798.0,1366.0,2022,acs,acs,acs
49057210515,120391.0,4910.0,1439.0,2023,acs,acs,acs
49057210515,123911.0,4875.0,1445.0,2024,acs,acs,acs
49057210516,98380.0,5401.0,1738.0,2020,acs,acs,acs
49057210516,98250.0,5431.0,1692.0,2021,acs,acs,acs
49057210516,98281.0,5662.0,1676.0,2022,acs,acs,acs
49057210516,113011.0,5949.0,1687.0,2023,acs,acs,acs
49057210516,107417.0,6205.0,1764.0,2024,acs,acs,acs
49057210517,115102.0,4277.0,1146.0,2020,acs,acs,acs
49057210517,116250.0,4207.0,1254.0,2021,acs,acs,acs
49057210517,120921.0,4392.0,1290.0,2022,acs,acs,acs
49057210517,136082.0,5214.0,1551.0,2023,acs,acs,acs
49057210517,125054.0,5535.0,1678.0,2024,acs,acs,acs
49057210518,80523.0,6779.0,2172.0,2020,acs,acs,acs
49057210518,78571.0,7587.0,2414.0,2021,acs,acs,acs
49057210518,87596.0,8673.0,2662.0,2022,acs,acs,acs
49057210518,94748.0,9484.0,3118.0,2023,acs,acs,acs
49057210518,99477.0,10395.0,3378.0,2024,acs,acs,acs
49057210600,62181.0,7670.0,2515.0,2019,acs,acs,acs
49057210600,65994.0,7451.0,2619.0,2020,acs,acs,acs
49057210600,68262.0,7353.0,2682.0,2021,acs,acs,acs
49057210600,72070.0,7045.0,2658.0,2022,acs,acs,acs
49057210600,77389.0,7047.0,2684.0,2023,acs,acs,acs
49057210600,85020.0,6933.0,2721.0,2024,acs,acs,acs
49057210701,59286.0,6306.0,2098.0,2019,acs,acs,acs
49057210701,66059.0,5979.0,1936.0,2020,acs,acs,acs
49057210701,63808.0,5930.0,1911.0,2021,acs,acs,acs
49057210701,72561.0,5809.0,1918.0,2022,acs,acs,acs
49057210701,72358.0,5506.0,1925.0,2023,acs,acs,acs
49057210701,70083.0,5792.0,1999.0,2024,acs,acs,acs
49057210703,70272.0,2734.0,875.0,2019,acs,acs,acs
49057210703,73990.0,2953.0,925.0,2020,acs,acs,acs
49057210703,77713.0,2755.0,948.0,2021,acs,acs,acs
49057210703,85577.0,2842.0,906.0,2022,acs,acs,acs
49057210703,97093.0,2774.0,884.0,2023,acs,acs,acs
49057210703,95625.0,2684.0,848.0,2024,acs,acs,acs
49057210704,66294.0,5770.0,2080.0,2019,acs,acs,acs
49057210704,66651.0,6101.0,2070.0,2020,acs,acs,acs
49057210704,73068.0,6593.0,2142.0,2021,acs,acs,acs
49057210704,85788.0,6552.0,2136.0,2022,acs,acs,acs
49057210704,93789.0,6746.0,2146.0,2023,acs,acs,acs
49057210704,95320.0,6482.0,2078.0,2024,acs,acs,acs
49057210800,50843.0,3412.0,1065.0,2019,acs,acs,acs
49057210800,61034.0,3178.0,1148.0,2020,acs,acs,acs
49057210800,66650.0,3262.0,1271.0,2021,acs,acs,acs
49057210800,70601.0,3173.0,1301.0,2022,acs,acs,acs
49057210800,69643.0,3164.0,1338.0,2023,acs,acs,acs
49057210800,82992.0,3375.0,1365.0,2024,acs,acs,acs
49057210900,85903.0,7172.0,2445.0,2019,acs,acs,acs
49057210900,76496.0,7153.0,2303.0,2020,acs,acs,acs
49057210900,90793.0,6997.0,2440.0,2021,acs,acs,acs
49057210900,99722.0,7079.0,2426.0,2022,acs,acs,acs
49057210900,93242.0,6883.0,2451.0,2023,acs,acs,acs
49057210900,83132.0,6808.0,2411.0,2024,acs,acs,acs
49057211000,67891.0,3291.0,1066.0,2019,acs,acs,acs
49057211000,70375.0,3184.0,1091.0,2020,acs,acs,acs
49057211000,71675.0,3291.0,1043.0,2021,acs,acs,acs
49057211000,73892.0,3331.0,1121.0,2022,acs,acs,acs
49057211000,80698.0,3371.0,1102.0,2023,acs,acs,acs
49057211000,84797.0,3287.0,1105.0,2024,acs,acs,acs
49057211100,60074.0,5526.0,1915.0,2019,acs,acs,acs
49057211100,64490.0,5622.0,2037.0,2020,acs,acs,acs
49057211100,60585.0,5513.0,2033.0,2021,acs,acs,acs
49057211100,74414.0,5506.0,2074.0,2022,acs,acs,acs
49057211100,81282.0,5501.0,2009.0,2023,acs,acs,acs
49057211100,80245.0,5595.0,2115.0,2024,acs,acs,acs
49057211201,70900.0,4600.0,1576.0,2019,acs,acs,acs
49057211201,75588.0,4209.0,1486.0,2020,acs,acs,acs
49057211201,74909.0,4202.0,1550.0,2021,acs,acs,acs
49057211201,87004.0,4509.0,1633.0,2022,acs,acs,acs
49057211201,91444.0,4455.0,1655.0,2023,acs,acs,acs
49057211201,93616.0,4560.0,1770.0,2024,acs,acs,acs
49057211202,68125.0,6530.0,2553.0,2019,acs,acs,acs
49057211202,70865.0,7154.0,2541.0,2020,acs,acs,acs
49057211202,71875.0,7233.0,2610.0,2021,acs,acs,acs
49057211202,81786.0,7333.0,2670.0,2022,acs,acs,acs
49057211202,90139.0,7256.0,2702.0,2023,acs,acs,acs
49057211202,83850.0,7248.0,2772.0,2024,acs,acs,acs
